CustomerID,CustomerName,Gender,Age,City,State,RegionID,CustomerSegment,JoinDate,Email,Phone,Status
1,Aditya Kumar,Male,41,Mumbai,Andhra Pradesh,9,Premium,2020-02-15,aditya.kumar144@gmail.com,9349958098.0,Active
2,Riya Kumar,Male,18,Bengaluru,Delhi,16,Silver,2023-04-21,riya.kumar735@gmail.com,9368971726.0,Active
3,Ishaan Gupta,Male,40,Delhi,Uttar Pradesh,7,Silver,2024-03-03,ishaan.gupta757@gmail.com,9340787435.0,Active
4,Kavya Sharma,Female,51,Kolkata,West Bengal,22,Regular,2021-01-25,kavya.sharma623@gmail.com,9079346752.0,
5,Sneha Patel,Female,45,Bengaluru,Karnataka,27,Gold,2024-06-09,sneha.patel997@gmail.com,9091934109.0,Active
6,Priya Kumar,Male,66,Chennai,Telangana,15,Gold,2021-02-05,priya.kumar95@gmail.com,9165359546.0,Active
7,Rahul Verma,Male,46,Pune,Telangana,1,Gold,2021-12-10,rahul.verma445@gmail.com,9920148782.0,Active
8,Arjun Singh,Male,68,Chennai,Andhra Pradesh,14,Regular,2023-05-26,arjun.singh746@gmail.com,9825530048.0,active
9,Sai Joshi,Female,69,Chennai,Telangana,10,Gold,2021-02-23,sai.joshi864@gmail.com,9640799958.0,Active
10,Ishaan Joshi,Female,57,Hyderabad,Telangana,24,Regular,2023-11-11,ishaan.joshi186@gmail.com,9858178538.0,Active
11,Riya Gupta,Male,19,Kolkata,Kerala,28,Regular,2024-08-04,riya.gupta79@gmail.com,9797604120.0,Active
12,Ishaan Patel,Female,68,Kolkata,Gujarat,5,Gold,2022-10-12,ishaan.patel791@gmail.com,9108429977.0,Active
13,Aisha Reddy,Female,43,Hyderabad,Delhi,14,Regular,2024-09-04,aisha.reddy623@gmail.com,9852300783.0,Active
14,Sneha Singh,Male,56,Kolkata,Telangana,20,Regular,2022-09-27,sneha.singh488@gmail.com,9304675922.0,Active
15,Ishaan Patel,Female,60,Bengaluru,Karnataka,22,Gold,2020-08-11,ishaan.patel323@gmail.com,9247173811.0,active
16,Aisha Reddy,Male,23,Kolkata,Karnataka,3,Regular,2021-09-19,aisha.reddy131@gmail.com,9398828432.0,Active
17,Rahul Sharma,Male,20,Kolkata,Telangana,3,Regular,2024-03-22,rahul.sharma618@gmail.com,9890911176.0,Active
18,Ananya Joshi,Female,46,Hyderabad,Maharashtra,21,Premium,2025-07-27,ananya.joshi784@gmail.com,9448967702.0,Active
19,Arjun Nair,Female,55,Ahmedabad,Maharashtra,4,Regular,2023-09-04,arjun.nair580@gmail.com,9691719554.0,Active
20,Aditya Sharma,Female,34,Chennai,West Bengal,18,Regular,2025-02-09,aditya.sharma70@gmail.com,9263281600.0,Active
21,Sneha Joshi,Male,46,Ahmedabad,Maharashtra,3,Silver,2024-03-21,sneha.joshi504@gmail.com,9588419966.0,Active
22,Vikram Kumar,Female,37,Delhi,Telangana,14,Silver,2025-04-24,vikram.kumar729@gmail.com,9819839342.0,Active
23,Nikhil Joshi,Male,26,Pune,Maharashtra,29,Regular,2022-03-28,nikhil.joshi545@gmail.com,9969856874.0,
24,Kavya Gupta,Female,62,Kolkata,Andhra Pradesh,29,Regular,2022-09-14,kavya.gupta481@gmail.com,9770547001.0,Inactive
25,Meera Nair,Female,65,Ahmedabad,Delhi,24,Regular,2024-06-25,meera.nair378@gmail.com,9274863291.0,Active
26,Vivaan Sharma,Male,27,Chennai,Delhi,4,Regular,2025-08-22,vivaan.sharma408@gmail.com,9448246226.0,Active
27,Vikram Patel,Female,39,Mumbai,West Bengal,12,Regular,2024-05-31,vikram.patel428@gmail.com,9113942097.0,Active
28,Rohan Kumar,Female,60,Delhi,Kerala,22,Premium,2025-10-27,rohan.kumar457@gmail.com,9094268942.0,Active
29,Priya Rao,Male,61,Pune,Karnataka,8,Regular,2025-03-01,priya.rao490@gmail.com,9653830594.0,Active
30,Nikhil Rao,Female,40,Delhi,Telangana,30,Regular,2024-02-19,nikhil.rao567@gmail.com,9991407595.0,ACTIVE
31,Aisha Nair,Female,23,Hyderabad,West Bengal,25,Premium,2025-08-09,aisha.nair285@gmail.com,9707594859.0,Active
32,Nikhil Rao,Female,44,Mumbai,Uttar Pradesh,27,Regular,2024-01-15,nikhil.rao231@gmail.com,9721837343.0,Active
33,Rahul Patel,Female,44,Kolkata,Tamil Nadu,15,Silver,2021-11-01,rahul.patel301@gmail.com,9401111794.0,Active
34,Aisha Gupta,Female,58,Mumbai,Delhi,15,Gold,2025-02-09,aisha.gupta911@gmail.com,9962753788.0,Active
35,Aisha Patel,Female,29,Ahmedabad,Tamil Nadu,18,Regular,2022-06-01,aisha.patel603@gmail.com,9461189193.0,Active
36,Vikram Joshi,Male,34,Delhi,Maharashtra,21,Regular,2025-04-09,vikram.joshi73@gmail.com,9877566135.0,Active
37,Sneha Nair,Male,29,Kolkata,Gujarat,14,Gold,2020-08-18,sneha.nair844@gmail.com,9702526068.0,Active
38,Kiran Patel,Male,62,Hyderabad,Karnataka,25,Gold,2024-10-28,kiran.patel842@gmail.com,9083647673.0,ACTIVE
39,Ananya Kumar,Female,49,Hyderabad,West Bengal,4,Regular,2024-05-10,ananya.kumar833@gmail.com,9657640258.0,Active
40,Meera Nair,Female,50,Ahmedabad,West Bengal,26,Regular,2021-08-27,meera.nair954@gmail.com,9129075482.0,Active
41,Vivaan Nair,Female,46,Bengaluru,Kerala,1,Regular,2023-09-05,vivaan.nair918@gmail.com,9947126802.0,Active
42,Sneha Patel,Male,59,Hyderabad,Telangana,2,Regular,2025-02-11,sneha.patel747@gmail.com,9122327776.0,Active
43,Vivaan Reddy,Male,33,Pune,Karnataka,25,Silver,2024-11-25,vivaan.reddy509@gmail.com,9706855578.0,Active
44,Aisha Nair,Female,70,Hyderabad,Andhra Pradesh,27,Gold,2021-09-25,aisha.nair559@gmail.com,9892783057.0,Active
45,Aisha Reddy,Male,29,Delhi,Telangana,29,Regular,2024-02-12,aisha.reddy881@gmail.com,9056037396.0,
46,Kavya Rao,Male,32,Mumbai,Karnataka,23,Regular,2023-12-27,kavya.rao782@gmail.com,9561610509.0,Active
47,Rohan Nair,Female,51,Bengaluru,West Bengal,5,Premium,2022-03-24,rohan.nair233@gmail.com,9191625938.0,active
48,Rohan Singh,Female,67,Hyderabad,Karnataka,10,Regular,2023-01-22,rohan.singh640@gmail.com,9481248100.0,Inactive
49,Meera Kumar,Male,52,Chennai,Gujarat,25,Gold,2022-06-22,meera.kumar825@gmail.com,9219440044.0,Active
50,Aarav Reddy,Male,48,Delhi,Karnataka,16,Silver,2021-10-06,aarav.reddy436@gmail.com,9134024121.0,Active
51,Kavya Joshi,Female,35,Kolkata,Maharashtra,25,Regular,2022-03-08,kavya.joshi962@gmail.com,9452781848.0,Active
52,Arjun Patel,Male,67,Delhi,Delhi,13,Regular,2023-06-15,arjun.patel741@gmail.com,9852859121.0,Active
53,Diya Reddy,Male,29,Delhi,Karnataka,13,Gold,2024-11-07,diya.reddy309@gmail.com,9276188002.0,ACTIVE
54,Riya Nair,Female,45,Delhi,Maharashtra,14,Premium,2023-01-28,riya.nair110@gmail.com,9417539498.0,active
55,Sneha Kumar,Male,39,Pune,Uttar Pradesh,25,Regular,2020-02-16,sneha.kumar812@gmail.com,9619339324.0,Active
56,Rohan Rao,Male,44,Hyderabad,Tamil Nadu,10,Regular,2024-03-21,rohan.rao90@gmail.com,9305503694.0,Active
57,Arjun Gupta,Female,18,Chennai,Kerala,3,Regular,2025-07-22,arjun.gupta542@gmail.com,9417947148.0,Active
58,Rahul Gupta,Female,53,Pune,Maharashtra,7,Regular,2022-07-12,rahul.gupta764@gmail.com,9668749957.0,Active
59,Riya Gupta,Female,60,Hyderabad,Tamil Nadu,26,Regular,2022-07-14,riya.gupta831@gmail.com,9710949915.0,Active
60,Neha Gupta,Female,54,Chennai,Uttar Pradesh,1,Regular,2022-04-17,neha.gupta500@gmail.com,9300500468.0,Active
61,Sneha Singh,Male,45,Delhi,Tamil Nadu,14,Regular,2022-05-29,sneha.singh282@gmail.com,9596149455.0,Active
62,Sai Reddy,Female,52,Hyderabad,West Bengal,16,Regular,2022-03-10,sai.reddy373@gmail.com,9803936775.0,Active
63,Diya Gupta,Female,56,Kolkata,Kerala,8,Regular,2024-11-10,diya.gupta940@gmail.com,9168048708.0,
64,Rahul Patel,Female,68,Mumbai,Kerala,5,Regular,2024-08-05,rahul.patel802@gmail.com,9632206990.0,Active
65,Neha Rao,Male,60,Kolkata,Andhra Pradesh,15,Silver,2020-06-06,neha.rao962@gmail.com,9928300104.0,Active
66,Vivaan Sharma,Male,21,Bengaluru,Delhi,23,Silver,2020-05-24,vivaan.sharma322@gmail.com,9165764528.0,Active
67,Meera Gupta,Female,63,Mumbai,Gujarat,29,Regular,2023-06-27,meera.gupta302@gmail.com,9726049094.0,Active
68,Sai Gupta,Female,25,Bengaluru,Maharashtra,9,Regular,2023-03-06,sai.gupta468@gmail.com,9609050670.0,Inactive
69,Rahul Kumar,Female,50,Chennai,Karnataka,1,Gold,2021-02-11,rahul.kumar970@gmail.com,9860390090.0,Active
70,Aarav Singh,Female,56,Ahmedabad,Karnataka,5,Regular,2020-01-11,aarav.singh56@gmail.com,9418725173.0,Active
71,Diya Singh,Female,66,Chennai,West Bengal,22,Regular,2025-05-17,diya.singh597@gmail.com,9036185759.0,Active
72,Neha Rao,Female,57,Pune,Andhra Pradesh,25,Premium,2020-03-16,neha.rao515@gmail.com,9769756774.0,Active
73,Aditya Joshi,Male,31,Pune,West Bengal,5,Silver,2020-10-30,aditya.joshi713@gmail.com,9283987539.0,Active
74,Rahul Kumar,Female,28,Hyderabad,Delhi,2,Regular,2024-04-29,rahul.kumar15@gmail.com,9434334125.0,Active
75,Aarav Joshi,Male,61,Pune,Gujarat,26,Regular,2025-04-23,aarav.joshi649@gmail.com,9528726356.0,Active
76,Diya Kumar,Male,34,Ahmedabad,Karnataka,24,Premium,2023-04-30,diya.kumar799@gmail.com,9613009944.0,Active
77,Aisha Rao,Male,66,Chennai,Uttar Pradesh,6,Premium,2020-09-14,aisha.rao836@gmail.com,9349883357.0,Active
78,Neha Rao,Female,22,Delhi,West Bengal,12,Gold,2024-11-17,neha.rao925@gmail.com,9821881370.0,Active
79,Rohan Gupta,Female,20,Hyderabad,Delhi,15,Gold,2020-10-13,rohan.gupta243@gmail.com,9745040217.0,
80,Rohan Kumar,Male,59,Bengaluru,Tamil Nadu,28,Silver,2020-08-24,rohan.kumar955@gmail.com,9504277755.0,Active
81,Vivaan Nair,Male,48,Delhi,Tamil Nadu,11,Gold,2024-01-30,vivaan.nair434@gmail.com,9404798472.0,Active
82,Diya Patel,Female,20,Chennai,Maharashtra,13,Regular,2024-08-19,diya.patel653@gmail.com,9870112998.0,Active
83,Neha Kumar,Male,28,Ahmedabad,Telangana,7,Regular,2025-07-02,neha.kumar499@gmail.com,9180957649.0,Active
84,Nikhil Reddy,Female,58,Chennai,Telangana,1,Silver,2021-10-04,nikhil.reddy582@gmail.com,9065943542.0,Active
85,Vivaan Joshi,Male,52,Hyderabad,Uttar Pradesh,9,Regular,2023-09-04,vivaan.joshi468@gmail.com,9617423239.0,Inactive
86,Aarav Rao,Female,31,Delhi,Uttar Pradesh,25,Regular,2021-10-14,aarav.rao895@gmail.com,9279560191.0,Active
87,Rohan Verma,Male,34,Pune,Delhi,10,Gold,2024-07-23,rohan.verma852@gmail.com,9273492783.0,Active
88,Aarav Singh,Female,42,Bengaluru,Uttar Pradesh,30,Regular,2020-01-30,aarav.singh966@gmail.com,9697266088.0,Active
89,Rohan Singh,Female,57,Kolkata,Karnataka,10,Gold,2022-09-07,rohan.singh824@gmail.com,9651963877.0,Active
90,Diya Verma,Male,65,Mumbai,Uttar Pradesh,13,Gold,2020-06-06,diya.verma95@gmail.com,9263539591.0,ACTIVE
91,Neha Kumar,Male,34,Chennai,Maharashtra,8,Silver,2024-03-02,neha.kumar271@gmail.com,9438333547.0,Active
92,Aarav Patel,Male,48,Kolkata,West Bengal,22,Regular,2024-07-04,aarav.patel93@gmail.com,9077362526.0,
93,Kavya Verma,Male,60,Bengaluru,Tamil Nadu,28,Silver,2021-02-13,kavya.verma577@gmail.com,9386958128.0,Active
94,Ananya Gupta,Male,33,Kolkata,Uttar Pradesh,24,Regular,2020-02-07,ananya.gupta166@gmail.com,9021269367.0,Active
95,Diya Kumar,Female,59,Pune,Tamil Nadu,14,Regular,2022-10-28,diya.kumar371@gmail.com,9019286016.0,Active
96,Priya Verma,Male,41,Kolkata,Uttar Pradesh,17,Silver,2021-07-09,priya.verma723@gmail.com,9457830337.0,Active
97,Vivaan Patel,Male,55,Delhi,Uttar Pradesh,29,Gold,2025-07-09,vivaan.patel38@gmail.com,9743515303.0,Active
98,Ishaan Patel,Female,32,Mumbai,Delhi,4,Premium,2024-03-08,ishaan.patel752@gmail.com,9638736749.0,Inactive
99,Vivaan Sharma,Female,21,Bengaluru,Kerala,15,Gold,2021-07-29,vivaan.sharma724@gmail.com,9694842313.0,Active
100,Priya Joshi,Female,40,Mumbai,Telangana,9,Premium,2022-12-21,priya.joshi969@gmail.com,9614140730.0,Active
101,Ishaan Verma,Male,25,Pune,Uttar Pradesh,18,Regular,2021-03-30,ishaan.verma678@gmail.com,9736125147.0,Active
102,Neha Singh,Male,20,Mumbai,Maharashtra,8,Regular,2021-07-22,neha.singh645@gmail.com,9457043464.0,ACTIVE
103,Arjun Sharma,Female,30,Mumbai,Kerala,12,Gold,2021-06-13,arjun.sharma549@gmail.com,9414438045.0,Active
104,Rohan Joshi,Female,27,Pune,Maharashtra,28,Silver,2024-11-01,rohan.joshi477@gmail.com,9242847873.0,Active
105,Rohan Verma,Male,66,Hyderabad,Karnataka,20,Regular,2024-07-26,rohan.verma265@gmail.com,9033653713.0,Active
106,Ishaan Joshi,Male,18,Chennai,Maharashtra,14,Silver,2021-03-16,ishaan.joshi139@gmail.com,9181737141.0,active
107,Kavya Nair,Female,46,Kolkata,Telangana,27,Regular,2025-08-05,kavya.nair121@gmail.com,9252487478.0,Inactive
108,Rahul Verma,Male,50,Chennai,Andhra Pradesh,6,Regular,2020-06-08,rahul.verma738@gmail.com,9413893011.0,ACTIVE
109,Kiran Rao,Male,52,Hyderabad,Tamil Nadu,13,Regular,2025-07-08,kiran.rao625@gmail.com,9322679089.0,Active
110,Neha Sharma,Female,34,Hyderabad,Tamil Nadu,24,Silver,2020-04-07,neha.sharma935@gmail.com,9327053172.0,Active
111,Sneha Rao,Male,58,Bengaluru,Andhra Pradesh,11,Gold,2024-06-03,sneha.rao315@gmail.com,9429415075.0,Active
112,Neha Nair,Male,51,Pune,Tamil Nadu,7,Regular,2023-02-28,neha.nair336@gmail.com,9043357951.0,Active
113,Aarav Nair,Female,42,Pune,Maharashtra,10,Gold,2020-11-15,aarav.nair350@gmail.com,9897626649.0,Active
114,Vivaan Joshi,Female,37,Pune,Uttar Pradesh,22,Regular,2020-02-10,vivaan.joshi245@gmail.com,9184842910.0,Active
115,Aditya Verma,Male,66,Chennai,Tamil Nadu,7,Regular,2025-03-30,aditya.verma358@gmail.com,9023520287.0,Active
116,Meera Gupta,Male,68,Bengaluru,West Bengal,6,Regular,2023-09-08,meera.gupta244@gmail.com,9979741030.0,Active
117,Aditya Singh,Male,60,Delhi,Andhra Pradesh,7,Premium,2022-06-21,aditya.singh103@gmail.com,9643787342.0,ACTIVE
118,Ananya Reddy,Male,30,Hyderabad,Gujarat,21,Premium,2020-01-05,ananya.reddy590@gmail.com,9126390620.0,Active
119,Ishaan Kumar,Male,39,Kolkata,Gujarat,1,Gold,2021-02-25,ishaan.kumar467@gmail.com,9651918763.0,Active
120,Aisha Kumar,Male,23,Pune,Kerala,2,Silver,2022-02-11,aisha.kumar452@gmail.com,9277934313.0,Active
121,Ananya Nair,Female,47,Mumbai,Tamil Nadu,14,Gold,2025-01-01,ananya.nair54@gmail.com,9406676636.0,Active
122,Aditya Gupta,Female,67,Kolkata,Maharashtra,15,Premium,2024-12-12,aditya.gupta321@gmail.com,9095080188.0,Active
123,Diya Patel,Female,44,Chennai,Delhi,9,Regular,2020-04-02,diya.patel16@gmail.com,9905725747.0,Active
124,Aisha Rao,Female,66,Ahmedabad,Tamil Nadu,18,Gold,2023-04-20,aisha.rao456@gmail.com,9814407296.0,Active
125,Diya Verma,Male,29,Ahmedabad,Karnataka,27,Regular,2023-04-13,diya.verma502@gmail.com,9213098950.0,Active
126,Aditya Kumar,Female,64,Chennai,Tamil Nadu,28,Premium,2024-09-24,aditya.kumar415@gmail.com,9026849064.0,Active
127,Riya Singh,Female,32,Mumbai,Tamil Nadu,5,Regular,2024-11-21,riya.singh695@gmail.com,9375540832.0,Active
128,Kiran Gupta,Female,40,Chennai,Karnataka,9,Gold,2025-04-12,kiran.gupta13@gmail.com,9988312709.0,Active
129,Kiran Rao,Female,31,Bengaluru,Delhi,27,Premium,2021-09-11,kiran.rao749@gmail.com,9101478529.0,Inactive
130,Arjun Reddy,Female,22,Pune,Uttar Pradesh,21,Regular,2022-03-14,arjun.reddy340@gmail.com,9138599454.0,Active
131,Kiran Gupta,Female,45,Delhi,Gujarat,13,Gold,2022-09-15,kiran.gupta940@gmail.com,9141345198.0,Active
132,Nikhil Nair,Female,61,Chennai,Karnataka,5,Gold,2023-01-22,nikhil.nair622@gmail.com,9056690622.0,Active
133,Ishaan Nair,Male,19,Ahmedabad,Andhra Pradesh,22,Gold,2022-12-19,ishaan.nair853@gmail.com,9006804285.0,
134,Aisha Kumar,Female,55,Kolkata,Delhi,19,Silver,2023-04-01,aisha.kumar251@gmail.com,9854164019.0,Active
135,Sai Gupta,Female,68,Ahmedabad,Karnataka,8,Regular,2023-07-09,sai.gupta794@gmail.com,9318331769.0,Active
136,Aditya Verma,Male,18,Bengaluru,West Bengal,5,Regular,2022-05-16,aditya.verma55@gmail.com,9026752769.0,Active
137,Vikram Rao,Female,50,Ahmedabad,Maharashtra,30,Silver,2021-06-20,vikram.rao501@gmail.com,9587612151.0,Active
138,Riya Joshi,Male,63,Bengaluru,Kerala,26,Silver,2022-01-30,riya.joshi331@gmail.com,9740046999.0,Active
139,Ishaan Rao,Male,19,Delhi,Delhi,3,Silver,2020-05-20,ishaan.rao551@gmail.com,9742974887.0,Active
140,Arjun Singh,Female,23,Hyderabad,Delhi,27,Regular,2023-10-02,arjun.singh876@gmail.com,9619847020.0,Active
141,Nikhil Reddy,Female,36,Hyderabad,Andhra Pradesh,23,Regular,2021-10-18,nikhil.reddy459@gmail.com,9268386120.0,Active
142,Aarav Verma,Male,68,Chennai,Uttar Pradesh,23,Gold,2020-08-04,aarav.verma24@gmail.com,9707128145.0,Active
143,Aditya Kumar,Male,59,Kolkata,Andhra Pradesh,9,Regular,2023-06-27,aditya.kumar783@gmail.com,9515219125.0,Active
144,Arjun Joshi,Male,38,Bengaluru,Delhi,29,Regular,2023-07-03,arjun.joshi137@gmail.com,9350517181.0,Inactive
145,Aisha Verma,Female,54,Ahmedabad,Maharashtra,25,Gold,2024-08-05,aisha.verma340@gmail.com,9732059016.0,Inactive
146,Rahul Singh,Male,57,Chennai,Telangana,28,Regular,2025-02-19,rahul.singh614@gmail.com,9860557787.0,
147,Rohan Rao,Male,48,Delhi,West Bengal,30,Premium,2024-07-20,rohan.rao386@gmail.com,9650578648.0,Active
148,Kavya Singh,Female,49,Ahmedabad,Gujarat,27,Silver,2025-11-11,kavya.singh437@gmail.com,9906646403.0,Active
149,Aarav Gupta,Male,57,Hyderabad,Kerala,6,Silver,2021-01-23,aarav.gupta534@gmail.com,9082100615.0,Active
150,Meera Joshi,Male,39,Bengaluru,Maharashtra,14,Regular,2023-09-15,meera.joshi638@gmail.com,9736475396.0,Active
151,Aisha Reddy,Male,63,Delhi,Telangana,4,Regular,2023-03-13,aisha.reddy709@gmail.com,9331102940.0,Active
152,Vivaan Verma,Male,41,Pune,Kerala,7,Silver,2024-06-28,vivaan.verma591@gmail.com,9659429841.0,Active
153,Vikram Singh,Female,69,Pune,Telangana,16,Gold,2020-10-29,vikram.singh58@gmail.com,9268428322.0,active
154,Arjun Verma,Male,70,Chennai,Kerala,12,Gold,2025-02-05,arjun.verma952@gmail.com,9869666615.0,ACTIVE
155,Rahul Gupta,Male,53,Bengaluru,Tamil Nadu,15,Gold,2021-07-28,rahul.gupta634@gmail.com,9365637104.0,Active
156,Sneha Kumar,Female,39,Hyderabad,Telangana,12,Regular,2021-09-10,sneha.kumar284@gmail.com,9098832991.0,active
157,Nikhil Sharma,Female,51,Kolkata,Kerala,10,Gold,2025-09-19,nikhil.sharma954@gmail.com,9074184653.0,Active
158,Meera Verma,Male,36,Delhi,Andhra Pradesh,23,Gold,2020-01-20,meera.verma555@gmail.com,9649357915.0,active
159,Sneha Singh,Male,35,Pune,Andhra Pradesh,19,Silver,2020-12-20,sneha.singh695@gmail.com,9636510087.0,Active
160,Nikhil Rao,Female,47,Pune,Tamil Nadu,8,Regular,2022-08-11,nikhil.rao230@gmail.com,9977795543.0,Active
161,Ananya Joshi,Male,21,Kolkata,Maharashtra,22,Regular,2024-11-05,ananya.joshi134@gmail.com,9276083347.0,Inactive
162,Priya Nair,Male,38,Mumbai,Karnataka,13,Silver,2024-04-03,priya.nair357@gmail.com,9936866850.0,active
163,Aditya Kumar,Male,29,Bengaluru,Kerala,12,Silver,2021-08-06,aditya.kumar945@gmail.com,9137833619.0,Active
164,Rohan Gupta,Female,63,Kolkata,Kerala,14,Silver,2021-09-17,rohan.gupta320@gmail.com,9865885527.0,Active
165,Rahul Verma,Female,34,Kolkata,Tamil Nadu,5,Regular,2023-04-18,rahul.verma737@gmail.com,9176321735.0,
166,Rohan Kumar,Female,31,Ahmedabad,Telangana,27,Regular,2022-06-02,rohan.kumar719@gmail.com,9165145974.0,Active
167,Rohan Patel,Female,33,Bengaluru,Uttar Pradesh,9,Gold,2025-06-19,rohan.patel517@gmail.com,9857412215.0,Active
168,Diya Singh,Male,46,Pune,Karnataka,8,Silver,2020-10-28,diya.singh874@gmail.com,9765605868.0,Active
169,Kavya Patel,Male,68,Hyderabad,Gujarat,20,Regular,2021-03-26,kavya.patel252@gmail.com,9483084367.0,Active
170,Kiran Joshi,Female,44,Mumbai,Maharashtra,27,Silver,2020-02-03,kiran.joshi696@gmail.com,9730179817.0,Active
171,Sneha Kumar,Female,38,Hyderabad,Tamil Nadu,15,Silver,2021-01-04,sneha.kumar921@gmail.com,9326740512.0,ACTIVE
172,Aditya Reddy,Female,56,Chennai,Karnataka,19,Premium,2020-03-07,aditya.reddy572@gmail.com,9878012022.0,ACTIVE
173,Rahul Kumar,Male,41,Mumbai,Delhi,21,Regular,2025-07-19,rahul.kumar573@gmail.com,9443488769.0,Active
174,Aisha Gupta,Female,39,Delhi,Karnataka,29,Silver,2023-03-08,aisha.gupta693@gmail.com,9201355629.0,Active
175,Diya Singh,Female,63,Delhi,Maharashtra,22,Silver,2020-11-09,diya.singh262@gmail.com,9274008989.0,Active
176,Nikhil Rao,Female,26,Delhi,Telangana,5,Silver,2025-07-29,nikhil.rao89@gmail.com,9405586348.0,Active
177,Sneha Sharma,Male,56,Chennai,Maharashtra,16,Gold,2025-02-12,sneha.sharma232@gmail.com,9423771460.0,Active
178,Kavya Joshi,Female,21,Ahmedabad,Andhra Pradesh,13,Regular,2024-12-03,kavya.joshi877@gmail.com,9524515868.0,Active
179,Sneha Rao,Male,45,Pune,Kerala,22,Gold,2024-04-15,sneha.rao900@gmail.com,9315357214.0,Active
180,Aarav Verma,Male,34,Ahmedabad,West Bengal,26,Gold,2023-09-12,aarav.verma226@gmail.com,9241825745.0,Active
181,Sneha Nair,Male,23,Hyderabad,Karnataka,14,Regular,2025-12-13,sneha.nair585@gmail.com,9133362063.0,Active
182,Vivaan Joshi,Male,37,Kolkata,Delhi,12,Regular,2022-09-14,vivaan.joshi50@gmail.com,9613244481.0,Active
183,Aisha Sharma,Male,30,Kolkata,Uttar Pradesh,17,Gold,2020-10-05,aisha.sharma704@gmail.com,9222664861.0,Active
184,Sneha Rao,Female,48,Mumbai,Gujarat,24,Gold,2025-08-16,sneha.rao783@gmail.com,9393261961.0,Active
185,Aarav Reddy,Female,40,Mumbai,Gujarat,10,Regular,2025-06-18,aarav.reddy599@gmail.com,9330113545.0,Active
186,Rahul Gupta,Female,27,Hyderabad,Telangana,17,Regular,2021-06-10,rahul.gupta860@gmail.com,9398212554.0,active
187,Kiran Nair,Male,32,Mumbai,Maharashtra,3,Gold,2020-09-01,kiran.nair761@gmail.com,9787072614.0,Active
188,Riya Patel,Female,46,Hyderabad,Gujarat,30,Regular,2022-04-07,riya.patel555@gmail.com,9302618366.0,Active
189,Aditya Kumar,Male,44,Hyderabad,Kerala,16,Regular,2024-10-14,aditya.kumar235@gmail.com,9259534162.0,Active
190,Nikhil Patel,Female,45,Delhi,Uttar Pradesh,14,Premium,2024-01-03,nikhil.patel280@gmail.com,9031034610.0,Active
191,Priya Sharma,Male,65,Kolkata,Kerala,27,Regular,2021-03-11,priya.sharma296@gmail.com,9047405814.0,Active
192,Kavya Verma,Female,53,Ahmedabad,Kerala,21,Premium,2024-08-13,kavya.verma416@gmail.com,9309067885.0,Active
193,Riya Rao,Male,62,Chennai,Telangana,27,Regular,2022-05-08,riya.rao359@gmail.com,9989717480.0,Active
194,Neha Singh,Female,54,Delhi,Maharashtra,12,Premium,2021-10-28,neha.singh269@gmail.com,9517922555.0,Active
195,Kavya Gupta,Female,50,Hyderabad,Delhi,25,Regular,2022-05-22,kavya.gupta405@gmail.com,9277952788.0,
196,Rohan Kumar,Female,36,Bengaluru,Maharashtra,10,Gold,2020-08-05,rohan.kumar718@gmail.com,9900109369.0,Active
197,Rahul Reddy,Female,20,Chennai,Telangana,2,Silver,2022-02-26,rahul.reddy857@gmail.com,9395514198.0,Active
198,Meera Nair,Male,69,Mumbai,West Bengal,3,Gold,2024-01-28,meera.nair977@gmail.com,9569634558.0,active
199,Vivaan Gupta,Male,60,Delhi,Delhi,12,Silver,2020-12-05,vivaan.gupta533@gmail.com,9484046799.0,Active
200,Diya Gupta,Male,23,Kolkata,Maharashtra,3,Premium,2025-08-02,diya.gupta797@gmail.com,9528568309.0,Active
201,Aarav Verma,Male,23,Chennai,Uttar Pradesh,14,Gold,2024-05-04,aarav.verma736@gmail.com,9819429606.0,Active
202,Aditya Sharma,Male,33,Delhi,Karnataka,18,Silver,2025-11-14,aditya.sharma953@gmail.com,9193604954.0,Inactive
203,Meera Reddy,Male,45,Pune,West Bengal,4,Premium,2022-02-24,meera.reddy817@gmail.com,9585887361.0,Inactive
204,Vikram Verma,Male,45,Kolkata,West Bengal,26,Regular,2022-07-23,vikram.verma232@gmail.com,9238648303.0,active
205,Diya Patel,Male,54,Ahmedabad,Uttar Pradesh,27,Gold,2020-04-02,diya.patel841@gmail.com,9000698561.0,Active
206,Aisha Patel,Female,28,Mumbai,Gujarat,4,Gold,2020-07-09,aisha.patel761@gmail.com,9009999589.0,Active
207,Kavya Patel,Female,35,Delhi,Telangana,20,Gold,2021-08-29,kavya.patel809@gmail.com,9914215171.0,Active
208,Sneha Gupta,Male,22,Ahmedabad,Uttar Pradesh,17,Silver,2025-03-03,sneha.gupta61@gmail.com,9621128890.0,Active
209,Priya Singh,Male,29,Kolkata,Uttar Pradesh,2,Silver,2025-07-08,priya.singh286@gmail.com,9772798934.0,Active
210,Vivaan Verma,Female,19,Hyderabad,Uttar Pradesh,10,Gold,2020-09-18,vivaan.verma505@gmail.com,9892380254.0,Active
211,Ishaan Sharma,Female,45,Bengaluru,West Bengal,7,Gold,2024-11-26,ishaan.sharma673@gmail.com,9014431909.0,Active
212,Ishaan Gupta,Male,59,Hyderabad,West Bengal,14,Regular,2021-11-06,ishaan.gupta183@gmail.com,9001902753.0,Active
213,Riya Gupta,Male,55,Mumbai,West Bengal,24,Premium,2025-06-11,riya.gupta611@gmail.com,9626259712.0,Active
214,Arjun Kumar,Female,43,Ahmedabad,Tamil Nadu,21,Silver,2020-07-10,arjun.kumar50@gmail.com,9461420714.0,Active
215,Sai Patel,Female,69,Kolkata,Kerala,3,Regular,2025-10-14,sai.patel841@gmail.com,9244079528.0,Active
216,Sneha Nair,Female,34,Delhi,Kerala,8,Regular,2021-04-08,sneha.nair335@gmail.com,9323391574.0,Active
217,Arjun Reddy,Male,49,Hyderabad,Andhra Pradesh,27,Regular,2025-02-10,arjun.reddy838@gmail.com,9027961435.0,Active
218,Kiran Nair,Male,20,Chennai,Kerala,21,Regular,2025-03-05,kiran.nair4@gmail.com,9644688901.0,Inactive
219,Sneha Sharma,Female,57,Pune,Maharashtra,29,Regular,2022-04-13,sneha.sharma443@gmail.com,9910213405.0,Active
220,Sai Singh,Male,24,Hyderabad,Kerala,23,Premium,2020-06-26,sai.singh194@gmail.com,9574638328.0,Inactive
221,Arjun Kumar,Male,62,Pune,Telangana,29,Silver,2020-01-09,arjun.kumar309@gmail.com,9843035999.0,Active
222,Meera Reddy,Male,37,Chennai,Gujarat,17,Regular,2024-03-19,meera.reddy390@gmail.com,9329198850.0,Active
223,Vivaan Sharma,Female,42,Mumbai,Delhi,20,Silver,2020-03-22,vivaan.sharma695@gmail.com,9149266205.0,ACTIVE
224,Kiran Nair,Female,67,Bengaluru,Karnataka,19,Regular,2023-06-24,kiran.nair337@gmail.com,9092367820.0,Active
225,Rohan Nair,Female,63,Pune,Gujarat,23,Regular,2023-09-22,rohan.nair645@gmail.com,9100975788.0,Active
226,Rahul Rao,Female,30,Ahmedabad,Kerala,11,Regular,2021-02-11,rahul.rao469@gmail.com,9327905967.0,Active
227,Neha Kumar,Female,64,Pune,Tamil Nadu,10,Regular,2024-04-05,neha.kumar816@gmail.com,9583848697.0,Active
228,Riya Nair,Female,54,Chennai,Telangana,19,Regular,2024-08-06,riya.nair391@gmail.com,9986218204.0,Active
229,Vikram Verma,Female,30,Chennai,Andhra Pradesh,5,Regular,2020-11-15,vikram.verma253@gmail.com,9048054328.0,Active
230,Riya Nair,Male,57,Chennai,West Bengal,9,Regular,2025-11-30,riya.nair385@gmail.com,9542257428.0,Active
231,Kavya Joshi,Female,48,Kolkata,Maharashtra,25,Regular,2020-02-14,kavya.joshi745@gmail.com,9697883308.0,Active
232,Riya Kumar,Female,37,Delhi,Tamil Nadu,15,Regular,2024-06-28,riya.kumar446@gmail.com,9576481386.0,Active
233,Ananya Kumar,Male,61,Mumbai,Andhra Pradesh,1,Premium,2024-01-27,ananya.kumar558@gmail.com,9313716884.0,Active
234,Aditya Patel,Female,58,Kolkata,West Bengal,9,Silver,2023-03-26,aditya.patel779@gmail.com,9693261485.0,Active
235,Neha Verma,Male,47,Chennai,Maharashtra,20,Regular,2021-12-30,neha.verma484@gmail.com,9240570272.0,Active
236,Ishaan Joshi,Female,66,Mumbai,Karnataka,29,Regular,2020-09-12,ishaan.joshi501@gmail.com,9117535324.0,Inactive
237,Vikram Reddy,Female,18,Ahmedabad,Maharashtra,7,Regular,2020-12-23,vikram.reddy124@gmail.com,9229195106.0,Active
238,Rahul Rao,Female,32,Delhi,Uttar Pradesh,10,Premium,2024-03-23,rahul.rao85@gmail.com,9461027284.0,Active
239,Meera Joshi,Female,22,Ahmedabad,Delhi,7,Gold,2024-10-25,meera.joshi450@gmail.com,9799710406.0,Active
240,Priya Gupta,Male,27,Ahmedabad,Delhi,26,Gold,2020-09-21,priya.gupta946@gmail.com,9390213799.0,Active
241,Priya Patel,Female,20,Delhi,West Bengal,17,Silver,2025-08-11,priya.patel932@gmail.com,9316026400.0,Active
242,Neha Kumar,Male,59,Mumbai,Maharashtra,23,Regular,2022-08-03,neha.kumar972@gmail.com,9985374659.0,Active
243,Aditya Verma,Female,28,Pune,Kerala,24,Premium,2024-11-05,aditya.verma954@gmail.com,9619238817.0,Active
244,Aisha Rao,Female,60,Hyderabad,Kerala,8,Premium,2023-11-27,aisha.rao53@gmail.com,9184183553.0,Active
245,Arjun Reddy,Female,70,Hyderabad,Telangana,22,Regular,2022-12-23,arjun.reddy63@gmail.com,9094377933.0,Active
246,Rohan Rao,Male,22,Chennai,Tamil Nadu,4,Silver,2025-09-17,rohan.rao501@gmail.com,9446994011.0,active
247,Kiran Verma,Male,67,Hyderabad,Tamil Nadu,25,Regular,2022-11-25,kiran.verma467@gmail.com,9212232201.0,Active
248,Vivaan Reddy,Female,49,Hyderabad,Gujarat,23,Regular,2025-11-26,vivaan.reddy182@gmail.com,9783532552.0,Active
249,Rahul Rao,Male,36,Ahmedabad,Tamil Nadu,23,Silver,2023-09-20,rahul.rao318@gmail.com,9766209853.0,Active
250,Kavya Gupta,Female,69,Kolkata,Delhi,16,Silver,2020-11-29,kavya.gupta657@gmail.com,9704455771.0,Active
251,Aisha Gupta,Female,24,Delhi,Karnataka,8,Silver,2024-01-21,aisha.gupta664@gmail.com,9325210935.0,Active
252,Aisha Patel,Male,67,Chennai,Gujarat,13,Silver,2020-11-20,aisha.patel424@gmail.com,9511090470.0,Active
253,Priya Singh,Female,38,Pune,Kerala,16,Regular,2021-09-01,priya.singh198@gmail.com,9639643668.0,Active
254,Neha Kumar,Male,49,Delhi,Gujarat,3,Regular,2022-11-10,neha.kumar445@gmail.com,9367092171.0,Active
255,Aisha Kumar,Female,26,Hyderabad,Karnataka,7,Regular,2023-06-27,aisha.kumar576@gmail.com,9360090135.0,Active
256,Nikhil Joshi,Male,66,Mumbai,Karnataka,17,Premium,2024-09-16,nikhil.joshi942@gmail.com,9556908283.0,Active
257,Kiran Sharma,Male,54,Ahmedabad,Uttar Pradesh,25,Premium,2020-03-27,kiran.sharma696@gmail.com,9382929438.0,Active
258,Aisha Joshi,Female,44,Delhi,Telangana,9,Silver,2021-09-07,aisha.joshi410@gmail.com,9902084787.0,Active
259,Aisha Kumar,Male,53,Kolkata,Telangana,13,Silver,2024-10-15,aisha.kumar137@gmail.com,9715460557.0,Active
260,Arjun Nair,Male,62,Bengaluru,Tamil Nadu,19,Gold,2025-07-10,arjun.nair652@gmail.com,9302309655.0,Active
261,Rahul Verma,Female,21,Chennai,Delhi,10,Regular,2021-09-16,rahul.verma859@gmail.com,9960775462.0,active
262,Ananya Kumar,Male,32,Ahmedabad,Karnataka,23,Regular,2021-02-24,ananya.kumar808@gmail.com,9435717522.0,Active
263,Meera Gupta,Female,62,Kolkata,Telangana,15,Regular,2025-08-13,meera.gupta518@gmail.com,9311986013.0,Active
264,Arjun Rao,Male,18,Delhi,Gujarat,13,Gold,2022-09-04,arjun.rao279@gmail.com,9634135455.0,Active
265,Diya Sharma,Female,18,Pune,Tamil Nadu,29,Regular,2025-07-12,diya.sharma557@gmail.com,9883137793.0,Active
266,Priya Joshi,Female,30,Bengaluru,Karnataka,21,Regular,2025-03-30,priya.joshi850@gmail.com,9632403156.0,Active
267,Kavya Joshi,Male,32,Kolkata,West Bengal,25,Regular,2024-07-31,kavya.joshi494@gmail.com,9519411500.0,Active
268,Aisha Sharma,Female,20,Delhi,Telangana,2,Regular,2023-01-29,aisha.sharma788@gmail.com,9060381573.0,Active
269,Sai Reddy,Male,43,Mumbai,Andhra Pradesh,1,Premium,2023-06-12,sai.reddy44@gmail.com,9532470413.0,active
270,Vivaan Gupta,Female,33,Bengaluru,Telangana,24,Regular,2024-06-17,vivaan.gupta965@gmail.com,9207248577.0,Active
271,Sneha Nair,Male,38,Bengaluru,Maharashtra,26,Regular,2024-08-09,sneha.nair369@gmail.com,9754180460.0,Active
272,Diya Singh,Male,62,Mumbai,Kerala,29,Silver,2021-12-22,diya.singh393@gmail.com,9287357219.0,Active
273,Aisha Joshi,Female,46,Pune,Delhi,12,Gold,2025-08-22,aisha.joshi430@gmail.com,9774887415.0,Active
274,Rohan Reddy,Male,68,Mumbai,West Bengal,14,Regular,2024-03-09,rohan.reddy761@gmail.com,9169136486.0,Active
275,Aarav Rao,Female,45,Pune,Karnataka,6,Regular,2023-09-05,aarav.rao167@gmail.com,9283073895.0,Active
276,Vikram Nair,Female,24,Kolkata,Maharashtra,9,Regular,2023-07-10,vikram.nair176@gmail.com,9408200783.0,Active
277,Sneha Singh,Male,32,Kolkata,Karnataka,8,Premium,2025-10-04,sneha.singh187@gmail.com,9992908692.0,ACTIVE
278,Aisha Kumar,Female,54,Kolkata,West Bengal,27,Gold,2023-01-15,aisha.kumar962@gmail.com,9184048489.0,Active
279,Vivaan Verma,Male,52,Bengaluru,Maharashtra,30,Regular,2023-11-02,vivaan.verma2@gmail.com,9867155799.0,
280,Meera Sharma,Female,66,Delhi,Uttar Pradesh,17,Regular,2021-12-12,meera.sharma414@gmail.com,9313098020.0,Active
281,Priya Nair,Male,20,Ahmedabad,Uttar Pradesh,6,Silver,2025-11-12,priya.nair82@gmail.com,9223739056.0,Active
282,Neha Gupta,Female,43,Mumbai,Andhra Pradesh,23,Silver,2023-06-19,neha.gupta613@gmail.com,9728882781.0,Active
283,Vivaan Patel,Male,65,Mumbai,Telangana,18,Gold,2021-01-24,vivaan.patel33@gmail.com,9144495401.0,Active
284,Aarav Nair,Male,18,Delhi,Andhra Pradesh,15,Regular,2021-10-07,aarav.nair521@gmail.com,9658180122.0,Active
285,Aditya Kumar,Female,25,Bengaluru,Kerala,6,Regular,2022-05-23,aditya.kumar475@gmail.com,9509566630.0,Active
286,Ishaan Verma,Female,48,Pune,Uttar Pradesh,12,Silver,2023-02-14,ishaan.verma987@gmail.com,9661138846.0,Active
287,Diya Singh,Female,25,Ahmedabad,Andhra Pradesh,16,Silver,2021-02-20,diya.singh334@gmail.com,9262734292.0,Active
288,Sai Verma,Male,31,Mumbai,Tamil Nadu,20,Silver,2021-09-11,sai.verma335@gmail.com,9865936748.0,Inactive
289,Aarav Sharma,Female,37,Chennai,Andhra Pradesh,22,Silver,2020-12-10,aarav.sharma782@gmail.com,9649391634.0,active
290,Sneha Gupta,Male,28,Bengaluru,Telangana,25,Silver,2021-06-24,sneha.gupta714@gmail.com,9715484109.0,Active
291,Vivaan Nair,Male,52,Ahmedabad,West Bengal,12,Regular,2025-07-11,vivaan.nair988@gmail.com,9582283507.0,Inactive
292,Vikram Gupta,Male,23,Mumbai,Uttar Pradesh,8,Regular,2024-08-01,vikram.gupta199@gmail.com,9550328993.0,Active
293,Rahul Sharma,Male,58,Kolkata,Uttar Pradesh,2,Silver,2024-08-23,rahul.sharma75@gmail.com,9238217661.0,Active
294,Neha Singh,Male,21,Bengaluru,Karnataka,28,Gold,2023-08-02,neha.singh714@gmail.com,9718533966.0,Active
295,Sneha Gupta,Female,33,Pune,Karnataka,3,Gold,2024-06-05,sneha.gupta10@gmail.com,9147021310.0,Active
296,Rohan Nair,Male,61,Bengaluru,West Bengal,1,Silver,2025-12-27,rohan.nair658@gmail.com,9519889210.0,Active
297,Diya Verma,Male,54,Chennai,Maharashtra,17,Gold,2021-01-17,diya.verma618@gmail.com,9623132230.0,active
298,Neha Singh,Female,68,Bengaluru,Gujarat,13,Gold,2022-08-18,neha.singh187@gmail.com,9851558897.0,
299,Sneha Patel,Female,39,Hyderabad,Karnataka,12,Gold,2023-03-02,sneha.patel883@gmail.com,9272264471.0,Active
300,Rahul Verma,Male,20,Kolkata,West Bengal,16,Premium,2021-04-17,rahul.verma682@gmail.com,9021493878.0,Active
301,Vikram Reddy,Female,47,Bengaluru,Uttar Pradesh,20,Premium,2024-09-28,vikram.reddy11@gmail.com,,Active
302,Meera Reddy,Female,68,Delhi,Telangana,26,Silver,2023-06-04,meera.reddy173@gmail.com,,Active
303,Priya Gupta,Female,52,Mumbai,Uttar Pradesh,18,Regular,2023-03-22,priya.gupta42@gmail.com,,active
304,Ananya Reddy,Female,53,Ahmedabad,Telangana,14,Gold,2023-08-25,ananya.reddy831@gmail.com,,Active
305,Nikhil Patel,Male,32,Kolkata,Delhi,30,Gold,2023-12-14,nikhil.patel217@gmail.com,,Active
306,Meera Nair,Male,42,Hyderabad,West Bengal,8,Gold,2020-04-09,meera.nair444@gmail.com,,
307,Priya Singh,Male,52,Chennai,West Bengal,13,Regular,2020-03-14,priya.singh815@gmail.com,,Active
308,Meera Nair,Female,42,Chennai,Delhi,24,Gold,2020-10-12,meera.nair54@gmail.com,,Active
309,Rahul Verma,Male,40,Kolkata,Andhra Pradesh,6,Regular,2025-10-02,rahul.verma88@gmail.com,,Active
310,Rohan Verma,Female,42,Pune,Kerala,29,Silver,2023-01-26,rohan.verma649@gmail.com,,Active
311,Sneha Joshi,Female,70,Delhi,Andhra Pradesh,7,Silver,2022-12-02,sneha.joshi476@gmail.com,,Active
312,Kavya Reddy,Male,32,Delhi,West Bengal,11,Regular,2021-05-17,kavya.reddy79@gmail.com,,Active
313,Vikram Reddy,Male,40,Bengaluru,Gujarat,12,Gold,2020-09-12,vikram.reddy916@gmail.com,,Active
314,Rohan Sharma,Male,68,Delhi,Tamil Nadu,4,Silver,2024-04-16,rohan.sharma253@gmail.com,,Active
315,Aisha Singh,Male,24,Delhi,Karnataka,29,Gold,2022-02-16,aisha.singh196@gmail.com,,ACTIVE
316,Sai Joshi,Male,19,Kolkata,Telangana,16,Premium,2023-06-09,sai.joshi570@gmail.com,,Active
317,Arjun Verma,Male,46,Bengaluru,Telangana,26,Silver,2022-05-08,arjun.verma800@gmail.com,,ACTIVE
318,Meera Kumar,Female,42,Hyderabad,Maharashtra,4,Regular,2025-04-30,meera.kumar133@gmail.com,,Active
319,Ananya Reddy,Male,56,Kolkata,Telangana,24,Regular,2022-09-17,ananya.reddy888@gmail.com,,Active
320,Kiran Reddy,Male,46,Mumbai,Uttar Pradesh,8,Gold,2025-12-30,kiran.reddy50@gmail.com,,Active
321,Sai Rao,Male,53,Delhi,Tamil Nadu,27,Silver,2025-01-24,sai.rao621@gmail.com,,Active
322,Rahul Joshi,Female,55,Kolkata,Maharashtra,15,Silver,2020-03-22,rahul.joshi736@gmail.com,,Active
323,Priya Reddy,Female,51,Ahmedabad,Gujarat,20,Regular,2022-10-04,priya.reddy469@gmail.com,,Active
324,Sai Gupta,Female,57,Ahmedabad,Karnataka,21,Gold,2020-05-23,sai.gupta701@gmail.com,,Active
325,Aditya Verma,Male,53,Bengaluru,Andhra Pradesh,22,Silver,2020-11-24,aditya.verma601@gmail.com,,Active
326,Kavya Reddy,Female,67,Kolkata,Delhi,13,Silver,2025-01-11,kavya.reddy195@gmail.com,,Active
327,Vikram Kumar,Female,33,Hyderabad,Maharashtra,21,Silver,2022-01-15,vikram.kumar6@gmail.com,,Active
328,Aditya Patel,Male,31,Ahmedabad,Andhra Pradesh,25,Gold,2021-01-21,aditya.patel702@gmail.com,,Active
329,Kavya Kumar,Female,68,Pune,Andhra Pradesh,19,Regular,2021-05-17,kavya.kumar989@gmail.com,,Active
330,Ishaan Sharma,Female,27,Pune,Kerala,2,Gold,2024-03-12,ishaan.sharma227@gmail.com,,Active
331,Riya Kumar,Female,26,Mumbai,Maharashtra,28,Premium,2023-06-02,riya.kumar431@gmail.com,,Active
332,Neha Sharma,Female,53,Mumbai,Telangana,17,Silver,2022-09-16,neha.sharma107@gmail.com,,Active
333,Priya Nair,Male,24,Hyderabad,Karnataka,1,Regular,2022-09-29,priya.nair820@gmail.com,,Active
334,Ishaan Nair,Male,34,Bengaluru,Telangana,25,Regular,2020-01-28,ishaan.nair114@gmail.com,,Active
335,Neha Gupta,Female,27,Hyderabad,Karnataka,5,Silver,2022-10-28,neha.gupta370@gmail.com,,Active
336,Neha Sharma,Female,68,Delhi,Karnataka,9,Regular,2022-08-07,neha.sharma116@gmail.com,,Inactive
337,Aditya Reddy,Female,34,Pune,Telangana,13,Gold,2020-03-16,aditya.reddy308@gmail.com,,Active
338,Sai Gupta,Male,40,Mumbai,West Bengal,15,Silver,2023-06-26,sai.gupta308@gmail.com,,Active
339,Sneha Rao,Male,31,Mumbai,Andhra Pradesh,25,Regular,2021-05-26,sneha.rao178@gmail.com,,Active
340,Nikhil Reddy,Female,29,Chennai,Karnataka,13,Regular,2024-01-12,nikhil.reddy255@gmail.com,,Active
341,Sai Joshi,Male,25,Ahmedabad,Telangana,23,Silver,2023-12-17,sai.joshi832@gmail.com,,active
342,Rahul Verma,Female,43,Ahmedabad,West Bengal,28,Regular,2025-12-31,rahul.verma630@gmail.com,,Active
343,Sneha Verma,Male,46,Pune,West Bengal,4,Regular,2022-06-27,sneha.verma617@gmail.com,,
344,Sai Patel,Male,48,Delhi,Telangana,23,Premium,2021-02-14,sai.patel934@gmail.com,,Active
345,Vikram Verma,Female,65,Chennai,Andhra Pradesh,8,Regular,2023-12-01,vikram.verma662@gmail.com,,Inactive
346,Diya Joshi,Male,47,Chennai,Gujarat,13,Gold,2021-11-08,diya.joshi341@gmail.com,,Active
347,Diya Gupta,Male,66,Chennai,Kerala,23,Premium,2021-03-17,diya.gupta938@gmail.com,,Active
348,Riya Reddy,Female,42,Chennai,Uttar Pradesh,26,Regular,2025-01-27,riya.reddy304@gmail.com,,Active
349,Ishaan Joshi,Female,37,Chennai,Telangana,9,Gold,2024-04-07,ishaan.joshi847@gmail.com,,Active
350,Aarav Verma,Male,42,Delhi,Delhi,4,Regular,2025-09-19,aarav.verma500@gmail.com,,Active
351,Ishaan Singh,Male,25,Hyderabad,Andhra Pradesh,30,Silver,2023-04-19,ishaan.singh177@gmail.com,,Active
352,Rohan Verma,Male,56,Bengaluru,Andhra Pradesh,4,Silver,2020-10-13,rohan.verma288@gmail.com,,Active
353,Aarav Singh,Female,54,Mumbai,Maharashtra,21,Silver,2020-09-28,aarav.singh181@gmail.com,,Active
354,Kavya Patel,Female,69,Ahmedabad,Andhra Pradesh,10,Regular,2022-06-18,kavya.patel942@gmail.com,,active
355,Aditya Nair,Female,25,Ahmedabad,Tamil Nadu,25,Regular,2023-09-20,aditya.nair54@gmail.com,,Active
356,Diya Gupta,Male,69,Chennai,Gujarat,24,Gold,2021-07-06,diya.gupta393@gmail.com,,Active
357,Rohan Verma,Female,55,Kolkata,Kerala,3,Regular,2023-11-27,rohan.verma765@gmail.com,,Active
358,Diya Singh,Female,51,Chennai,West Bengal,30,Silver,2024-05-20,diya.singh894@gmail.com,,Active
359,Meera Nair,Male,44,Mumbai,Uttar Pradesh,7,Regular,2020-07-31,meera.nair305@gmail.com,,Active
360,Vivaan Rao,Male,24,Delhi,Andhra Pradesh,16,Silver,2020-11-26,vivaan.rao244@gmail.com,,Active
361,Aarav Nair,Female,53,Delhi,West Bengal,27,Regular,2022-05-30,aarav.nair294@gmail.com,,Active
362,Kavya Patel,Female,20,Pune,Delhi,19,Premium,2023-01-10,kavya.patel683@gmail.com,,Active
363,Rahul Gupta,Female,67,Bengaluru,Gujarat,18,Silver,2021-06-06,rahul.gupta780@gmail.com,,Active
364,Sneha Sharma,Male,32,Kolkata,Tamil Nadu,8,Premium,2024-11-13,sneha.sharma432@gmail.com,,Active
365,Vikram Reddy,Female,22,Kolkata,West Bengal,14,Regular,2021-11-25,vikram.reddy672@gmail.com,,Active
366,Riya Joshi,Female,49,Ahmedabad,West Bengal,25,Premium,2021-08-19,riya.joshi154@gmail.com,,Active
367,Priya Verma,Female,48,Kolkata,Telangana,9,Regular,2021-01-29,priya.verma77@gmail.com,,ACTIVE
368,Rohan Rao,Male,67,Delhi,Tamil Nadu,20,Regular,2020-02-22,rohan.rao414@gmail.com,,
369,Vivaan Sharma,Male,30,Ahmedabad,Kerala,22,Regular,2024-10-25,vivaan.sharma737@gmail.com,,Active
370,Rohan Gupta,Male,30,Ahmedabad,Kerala,6,Gold,2025-05-13,rohan.gupta163@gmail.com,,Active
371,Riya Reddy,Male,59,Mumbai,Kerala,21,Gold,2020-10-31,riya.reddy262@gmail.com,,Active
372,Vikram Rao,Female,54,Pune,Kerala,28,Regular,2021-11-13,vikram.rao887@gmail.com,,Active
373,Riya Sharma,Female,52,Kolkata,Kerala,10,Regular,2020-05-03,riya.sharma66@gmail.com,,Active
374,Sneha Patel,Male,56,Kolkata,Andhra Pradesh,4,Regular,2025-06-29,sneha.patel22@gmail.com,,Active
375,Rohan Joshi,Female,43,Kolkata,Tamil Nadu,16,Regular,2021-07-30,rohan.joshi515@gmail.com,,Active
376,Riya Sharma,Female,59,Mumbai,Telangana,3,Premium,2021-11-29,riya.sharma367@gmail.com,,Active
377,Neha Reddy,Female,41,Mumbai,Andhra Pradesh,3,Regular,2022-01-11,neha.reddy303@gmail.com,,Active
378,Meera Patel,Male,57,Delhi,Delhi,11,Regular,2024-01-09,meera.patel98@gmail.com,,Active
379,Nikhil Kumar,Female,70,Hyderabad,Gujarat,1,Silver,2021-04-07,nikhil.kumar313@gmail.com,,Active
380,Ishaan Joshi,Male,29,Ahmedabad,Andhra Pradesh,14,Regular,2023-10-22,ishaan.joshi965@gmail.com,,
381,Sai Sharma,Female,25,Ahmedabad,Karnataka,29,Silver,2025-01-08,sai.sharma230@gmail.com,,active
382,Vikram Singh,Female,44,Bengaluru,Uttar Pradesh,8,Regular,2025-01-06,vikram.singh307@gmail.com,,Active
383,Kiran Kumar,Male,57,Mumbai,Uttar Pradesh,29,Gold,2022-05-05,kiran.kumar401@gmail.com,,Active
384,Rahul Verma,Male,66,Pune,Maharashtra,22,Regular,2022-10-09,rahul.verma362@gmail.com,,Active
385,Diya Patel,Male,53,Delhi,Gujarat,27,Silver,2020-04-17,diya.patel865@gmail.com,,Active
386,Ishaan Sharma,Female,53,Chennai,Andhra Pradesh,10,Regular,2023-10-24,ishaan.sharma731@gmail.com,,Active
387,Riya Joshi,Female,60,Bengaluru,Tamil Nadu,1,Silver,2023-09-20,riya.joshi350@gmail.com,,Active
388,Aisha Kumar,Female,62,Kolkata,Karnataka,12,Gold,2024-12-03,aisha.kumar991@gmail.com,,Active
389,Kiran Nair,Male,21,Mumbai,Telangana,21,Gold,2021-02-12,kiran.nair746@gmail.com,,Inactive
390,Kiran Nair,Male,68,Kolkata,Karnataka,4,Silver,2021-03-16,kiran.nair34@gmail.com,,Inactive
391,Aarav Singh,Male,43,Hyderabad,Telangana,1,Gold,2020-01-29,aarav.singh498@gmail.com,,ACTIVE
392,Rahul Rao,Female,68,Bengaluru,Gujarat,28,Regular,2026-01-01,rahul.rao906@gmail.com,,Active
393,Arjun Nair,Male,45,Delhi,Telangana,15,Premium,2024-05-18,arjun.nair739@gmail.com,,Active
394,Neha Gupta,Male,43,Chennai,Andhra Pradesh,3,Silver,2025-03-30,neha.gupta207@gmail.com,,Active
395,Kiran Rao,Male,39,Mumbai,West Bengal,3,Premium,2020-12-11,kiran.rao584@gmail.com,,Active
396,Sai Gupta,Male,37,Pune,Karnataka,7,Premium,2021-04-03,sai.gupta700@gmail.com,,Active
397,Nikhil Rao,Female,67,Hyderabad,Gujarat,13,Premium,2022-04-01,nikhil.rao930@gmail.com,,Active
398,Kavya Patel,Female,49,Mumbai,Karnataka,2,Regular,2021-08-10,kavya.patel3@gmail.com,,Active
399,Rahul Rao,Female,19,Mumbai,Andhra Pradesh,17,Premium,2025-02-10,rahul.rao252@gmail.com,,active
400,Aarav Joshi,Male,18,Kolkata,Gujarat,9,Regular,2025-09-21,aarav.joshi839@gmail.com,,Active
401,Aarav Verma,Female,61,Mumbai,Uttar Pradesh,10,Gold,2023-06-29,aarav.verma732@gmail.com,,Active
402,Rohan Rao,Female,63,Ahmedabad,Gujarat,10,Silver,2023-11-01,rohan.rao829@gmail.com,,Active
403,Vikram Rao,Male,39,Bengaluru,Andhra Pradesh,15,Silver,2024-11-26,vikram.rao865@gmail.com,,Active
404,Neha Patel,Male,65,Hyderabad,Maharashtra,18,Silver,2020-08-26,neha.patel782@gmail.com,,Active
405,Neha Rao,Male,24,Pune,West Bengal,18,Gold,2023-05-11,neha.rao365@gmail.com,,Active
406,Meera Joshi,Male,49,Bengaluru,West Bengal,10,Silver,2022-10-16,meera.joshi542@gmail.com,,Active
407,Aisha Gupta,Male,25,Delhi,Telangana,27,Silver,2020-11-07,aisha.gupta83@gmail.com,,Active
408,Kiran Sharma,Female,43,Hyderabad,Uttar Pradesh,2,Regular,2024-01-30,kiran.sharma582@gmail.com,,Active
409,Diya Sharma,Male,57,Mumbai,Tamil Nadu,5,Premium,2025-07-19,diya.sharma377@gmail.com,,Active
410,Kiran Verma,Male,49,Mumbai,Karnataka,7,Gold,2020-06-29,kiran.verma251@gmail.com,,Active
411,Nikhil Singh,Female,67,Bengaluru,Gujarat,6,Silver,2025-10-16,nikhil.singh776@gmail.com,,Active
412,Aisha Verma,Male,64,Hyderabad,West Bengal,1,Regular,2020-07-04,aisha.verma910@gmail.com,,
413,Neha Kumar,Female,70,Bengaluru,Maharashtra,16,Silver,2024-01-30,neha.kumar411@gmail.com,,Active
414,Vivaan Gupta,Male,38,Kolkata,Karnataka,10,Regular,2020-01-12,vivaan.gupta834@gmail.com,,Active
415,Aditya Sharma,Female,34,Hyderabad,Uttar Pradesh,6,Regular,2025-07-29,aditya.sharma167@gmail.com,,Active
416,Ananya Joshi,Female,22,Chennai,Karnataka,24,Gold,2025-02-28,ananya.joshi379@gmail.com,,active
417,Diya Kumar,Male,49,Bengaluru,Maharashtra,19,Silver,2025-11-12,diya.kumar285@gmail.com,,
418,Arjun Patel,Male,52,Ahmedabad,Gujarat,20,Regular,2020-09-12,arjun.patel605@gmail.com,,Active
419,Aditya Rao,Male,34,Mumbai,Uttar Pradesh,22,Regular,2020-05-15,aditya.rao309@gmail.com,,
420,Aditya Patel,Male,42,Kolkata,Uttar Pradesh,16,Silver,2020-01-06,aditya.patel423@gmail.com,,Inactive
421,Kavya Gupta,Male,60,Delhi,West Bengal,14,Gold,2024-08-24,kavya.gupta361@gmail.com,9221081742.0,Active
422,Riya Patel,Female,52,Ahmedabad,Tamil Nadu,20,Regular,2024-04-04,riya.patel232@gmail.com,9865697272.0,Active
423,Rohan Sharma,Male,42,Chennai,Uttar Pradesh,22,Silver,2020-10-01,rohan.sharma970@gmail.com,9156575155.0,Active
424,Arjun Sharma,Male,45,Bengaluru,Kerala,15,Silver,2024-11-12,arjun.sharma99@gmail.com,9032077748.0,Active
425,Sneha Reddy,Male,30,Hyderabad,Karnataka,15,Regular,2024-03-22,sneha.reddy656@gmail.com,9861084035.0,Active
426,Ananya Verma,Male,22,Chennai,Maharashtra,20,Regular,2021-07-11,ananya.verma81@gmail.com,9280047415.0,Active
427,Ananya Rao,Male,68,Delhi,Karnataka,3,Regular,2024-03-23,ananya.rao797@gmail.com,9780461500.0,Active
428,Ananya Sharma,Male,34,Pune,West Bengal,22,Regular,2021-05-05,ananya.sharma675@gmail.com,9208426303.0,Active
429,Meera Singh,Male,69,Chennai,Maharashtra,18,Regular,2020-03-25,meera.singh480@gmail.com,9594445680.0,
430,Kiran Patel,Male,57,Ahmedabad,Kerala,19,Regular,2025-07-09,kiran.patel830@gmail.com,9565682562.0,Active
431,Arjun Singh,Female,19,Hyderabad,Kerala,10,Gold,2022-01-31,arjun.singh612@gmail.com,9213022086.0,ACTIVE
432,Kavya Gupta,Male,31,Pune,Telangana,11,Gold,2020-09-10,kavya.gupta452@gmail.com,9229252070.0,Active
433,Diya Gupta,Male,70,Delhi,Delhi,30,Regular,2023-03-19,diya.gupta293@gmail.com,9901343455.0,
434,Arjun Verma,Female,28,Pune,Gujarat,13,Gold,2021-05-19,arjun.verma178@gmail.com,9201391901.0,Active
435,Priya Singh,Male,63,Kolkata,Delhi,16,Regular,2024-02-09,priya.singh958@gmail.com,9003386614.0,Active
436,Vikram Joshi,Female,62,Mumbai,Gujarat,15,Premium,2022-08-06,vikram.joshi189@gmail.com,9828397454.0,Inactive
437,Nikhil Patel,Female,53,Bengaluru,Telangana,16,Gold,2025-02-22,nikhil.patel150@gmail.com,9089876535.0,active
438,Ishaan Joshi,Female,21,Ahmedabad,West Bengal,27,Regular,2022-09-08,ishaan.joshi913@gmail.com,9740083919.0,Inactive
439,Riya Verma,Male,23,Pune,Telangana,15,Gold,2025-01-26,riya.verma876@gmail.com,9397591738.0,Active
440,Aisha Singh,Female,20,Ahmedabad,Telangana,5,Silver,2022-01-28,aisha.singh90@gmail.com,9603380543.0,Active
441,Kiran Kumar,Male,45,Chennai,Uttar Pradesh,13,Premium,2022-04-22,kiran.kumar820@gmail.com,9425107881.0,Active
442,Sai Patel,Male,49,Kolkata,Delhi,25,Regular,2021-04-16,sai.patel829@gmail.com,9389047229.0,Active
443,Riya Verma,Female,59,Delhi,Uttar Pradesh,17,Gold,2023-11-04,riya.verma253@gmail.com,9698590997.0,Active
444,Neha Verma,Female,52,Kolkata,Gujarat,21,Regular,2024-10-08,neha.verma790@gmail.com,9527787926.0,Active
445,Rohan Reddy,Female,45,Ahmedabad,Kerala,24,Regular,2024-06-13,rohan.reddy866@gmail.com,9987224360.0,Active
446,Priya Reddy,Male,43,Ahmedabad,Gujarat,30,Gold,2020-07-16,priya.reddy711@gmail.com,9575602324.0,Active
447,Nikhil Reddy,Female,48,Mumbai,Andhra Pradesh,7,Regular,2021-10-11,nikhil.reddy695@gmail.com,9991870953.0,Active
448,Rohan Kumar,Male,28,Bengaluru,Karnataka,4,Silver,2023-02-05,rohan.kumar339@gmail.com,9796159264.0,Active
449,Aisha Joshi,Male,53,Delhi,West Bengal,8,Regular,2021-08-05,aisha.joshi883@gmail.com,9366498955.0,Active
450,Vikram Joshi,Female,59,Mumbai,Telangana,30,Regular,2024-05-01,vikram.joshi155@gmail.com,9876543210.0,active
451,Rohan Kumar,Male,38,Ahmedabad,Delhi,1,Gold,2025-10-18,rohan.kumar134@gmail.com,9876543210.0,Active
452,Kavya Kumar,Female,46,Bengaluru,Karnataka,19,Regular,2025-07-30,kavya.kumar970@gmail.com,9388464561.0,Active
453,Ananya Joshi,Male,42,Chennai,West Bengal,29,Gold,2024-04-19,ananya.joshi847@gmail.com,9847822285.0,Active
454,Aisha Kumar,Female,32,Mumbai,Maharashtra,22,Regular,2024-12-28,aisha.kumar225@gmail.com,9329810337.0,Active
455,Kavya Nair,Female,54,Delhi,Gujarat,17,Premium,2021-08-26,kavya.nair855@gmail.com,9596709348.0,Active
456,Diya Verma,Female,35,Hyderabad,Telangana,13,Regular,2021-09-01,diya.verma781@gmail.com,9650544697.0,active
457,Riya Verma,Female,18,Hyderabad,Andhra Pradesh,1,Silver,2025-01-06,riya.verma850@gmail.com,9311678293.0,Active
458,Sneha Sharma,Male,68,Chennai,Delhi,7,Regular,2020-03-23,sneha.sharma529@gmail.com,9374487336.0,Active
459,Rahul Rao,Male,38,Delhi,Kerala,19,Silver,2025-01-18,rahul.rao941@gmail.com,9178992705.0,Active
460,Rohan Rao,Female,62,Ahmedabad,Gujarat,17,Regular,2023-07-14,rohan.rao408@gmail.com,9121646711.0,Active
461,Priya Joshi,Male,20,Kolkata,Karnataka,24,Silver,2023-01-16,priya.joshi432@gmail.com,9915757557.0,Active
462,Ishaan Reddy,Male,43,Bengaluru,Andhra Pradesh,10,Regular,2020-10-10,ishaan.reddy964@gmail.com,9535400610.0,ACTIVE
463,Sai Patel,Female,46,Ahmedabad,Karnataka,23,Regular,2024-05-19,sai.patel27@gmail.com,9478922746.0,Active
464,Ishaan Patel,Male,54,Chennai,West Bengal,26,Regular,2024-12-01,ishaan.patel395@gmail.com,9616599617.0,Active
465,Aditya Verma,Female,70,Chennai,Delhi,19,Gold,2021-06-10,aditya.verma766@gmail.com,9903856324.0,Active
466,Meera Verma,Male,62,Chennai,Maharashtra,7,Gold,2022-09-27,meera.verma769@gmail.com,9614780154.0,Active
467,Vikram Sharma,Female,38,Hyderabad,Telangana,13,Regular,2021-11-12,vikram.sharma921@gmail.com,9791569143.0,Active
468,Vikram Joshi,Male,61,Kolkata,West Bengal,17,Regular,2024-07-06,vikram.joshi854@gmail.com,9944016434.0,Active
469,Sneha Kumar,Female,64,Chennai,Gujarat,10,Premium,2022-08-21,sneha.kumar798@gmail.com,9022766866.0,Active
470,Riya Nair,Female,36,Bengaluru,Kerala,7,Gold,2024-01-20,riya.nair388@gmail.com,9409325733.0,
471,Riya Rao,Female,54,Pune,Gujarat,24,Regular,2022-02-09,riya.rao33@gmail.com,9298972650.0,Active
472,Neha Patel,Female,18,Mumbai,Gujarat,19,Regular,2025-01-26,neha.patel327@gmail.com,9252861621.0,Active
473,Aditya Reddy,Female,19,Ahmedabad,Karnataka,14,Gold,2024-12-19,aditya.reddy729@gmail.com,9364701299.0,Active
474,Ishaan Kumar,Male,33,Delhi,Telangana,8,Silver,2023-05-04,ishaan.kumar761@gmail.com,9755097305.0,Active
475,Riya Singh,Male,30,Hyderabad,Gujarat,24,Silver,2023-07-23,riya.singh677@gmail.com,9550049560.0,Active
476,Ananya Singh,Male,57,Pune,Andhra Pradesh,1,Gold,2024-11-18,ananya.singh351@gmail.com,9941551832.0,Active
477,Ishaan Sharma,Female,68,Chennai,Kerala,19,Gold,2021-04-12,ishaan.sharma161@gmail.com,9831388755.0,Active
478,Aisha Nair,Male,49,Delhi,Kerala,9,Regular,2022-11-28,aisha.nair153@gmail.com,9478443979.0,Active
479,Kavya Gupta,Male,26,Kolkata,Tamil Nadu,5,Regular,2025-04-29,kavya.gupta464@gmail.com,9496814271.0,Active
480,Meera Rao,Male,36,Mumbai,West Bengal,1,Premium,2023-05-15,meera.rao124@gmail.com,9831505297.0,Active
481,Priya Patel,Female,51,Hyderabad,Telangana,26,Regular,2022-09-27,priya.patel388@gmail.com,9240695956.0,
482,Rahul Reddy,Male,53,Pune,West Bengal,27,Silver,2024-06-05,rahul.reddy653@gmail.com,9574069362.0,ACTIVE
483,Sai Nair,Male,67,Hyderabad,West Bengal,11,Regular,2025-02-24,sai.nair704@gmail.com,9741460508.0,Active
484,Kavya Rao,Female,34,Hyderabad,Gujarat,1,Premium,2024-08-26,kavya.rao30@gmail.com,9331720362.0,Active
485,Nikhil Singh,Female,68,Ahmedabad,Gujarat,11,Silver,2024-11-06,nikhil.singh149@gmail.com,9676225837.0,Active
486,Vikram Rao,Female,64,Bengaluru,Maharashtra,25,Silver,2025-07-29,vikram.rao280@gmail.com,9405187121.0,Active
487,Ananya Reddy,Male,65,Ahmedabad,Karnataka,30,Gold,2025-05-24,ananya.reddy712@gmail.com,9159914385.0,Active
488,Sneha Nair,Female,62,Delhi,Telangana,6,Regular,2025-08-21,sneha.nair487@gmail.com,9068501587.0,Active
489,Kiran Patel,Male,54,Pune,Tamil Nadu,1,Silver,2020-12-29,kiran.patel910@gmail.com,9663748498.0,Active
490,Ananya Verma,Male,62,Chennai,Kerala,8,Regular,2024-08-06,ananya.verma620@gmail.com,9678127421.0,Active
491,Aarav Sharma,Male,20,Pune,Tamil Nadu,19,Silver,2021-01-21,aarav.sharma871@gmail.com,9124125078.0,Active
492,Aditya Singh,Female,24,Mumbai,Gujarat,30,Regular,2022-11-30,aditya.singh46@gmail.com,9708287585.0,Active
493,Neha Joshi,Female,34,Mumbai,Uttar Pradesh,10,Gold,2022-05-24,neha.joshi657@gmail.com,9021617620.0,Active
494,Ananya Singh,Female,70,Ahmedabad,Karnataka,17,Regular,2024-05-25,ananya.singh795@gmail.com,9375993147.0,Active
495,Ananya Verma,Female,68,Hyderabad,Gujarat,10,Premium,2022-07-15,ananya.verma58@gmail.com,9144230216.0,Active
496,Kiran Kumar,Male,47,Mumbai,West Bengal,19,Premium,2022-09-06,kiran.kumar459@gmail.com,9755470921.0,Active
497,Ananya Reddy,Female,63,Kolkata,Tamil Nadu,15,Regular,2025-07-20,ananya.reddy88@gmail.com,9433460118.0,Active
498,Ishaan Sharma,Male,53,Ahmedabad,Andhra Pradesh,22,Regular,2021-10-22,ishaan.sharma94@gmail.com,9661162294.0,Active
499,Vikram Singh,Male,26,Chennai,West Bengal,23,Gold,2022-10-05,vikram.singh655@gmail.com,9515895185.0,Active
500,Priya Sharma,Female,46,Pune,Kerala,29,Regular,2025-11-12,priya.sharma502@gmail.com,9685629420.0,Active
501,Aditya Reddy,Male,34,Mumbai,Andhra Pradesh,25,Regular,2020-01-27,aditya.reddy72@gmail.com,9291093214.0,Inactive
502,Aditya Patel,Male,19,Mumbai,Kerala,23,Premium,2025-02-16,aditya.patel376@gmail.com,9116752711.0,Active
503,Ananya Patel,Male,49,Delhi,Kerala,12,Regular,2020-12-22,ananya.patel71@gmail.com,9016274328.0,Active
504,Rahul Reddy,Male,26,Chennai,West Bengal,16,Regular,2025-07-19,rahul.reddy503@gmail.com,9097627137.0,Active
505,Rahul Verma,Male,36,Ahmedabad,Delhi,3,Premium,2023-11-29,rahul.verma644@gmail.com,9534079104.0,Active
506,Rohan Gupta,Female,27,Ahmedabad,Uttar Pradesh,2,Silver,2021-10-10,rohan.gupta238@gmail.com,9012877529.0,active
507,Kiran Reddy,Male,55,Mumbai,West Bengal,7,Regular,2024-01-09,kiran.reddy470@gmail.com,9367430175.0,Active
508,Vikram Singh,Female,39,Pune,Kerala,30,Gold,2020-03-21,vikram.singh43@gmail.com,9559630795.0,Active
509,Arjun Kumar,Male,26,Kolkata,Andhra Pradesh,13,Silver,2023-08-07,arjun.kumar431@gmail.com,9591028294.0,Active
510,Kavya Sharma,Female,51,Mumbai,Tamil Nadu,5,Gold,2024-01-19,kavya.sharma38@gmail.com,9770311089.0,
511,Meera Joshi,Male,36,Chennai,Maharashtra,8,Gold,2023-01-20,meera.joshi760@gmail.com,9185218414.0,Active
512,Rohan Rao,Male,60,Delhi,Gujarat,30,Silver,2021-10-25,rohan.rao837@gmail.com,9052953610.0,Active
513,Aarav Verma,Female,48,Hyderabad,Telangana,6,Premium,2025-03-17,aarav.verma314@gmail.com,9537637781.0,Active
514,Neha Nair,Female,35,Pune,Kerala,18,Regular,2021-10-08,neha.nair402@gmail.com,9339624188.0,ACTIVE
515,Ananya Kumar,Male,61,Ahmedabad,Gujarat,12,Regular,2023-01-23,ananya.kumar603@gmail.com,9883684499.0,Active
516,Arjun Rao,Female,30,Mumbai,Kerala,4,Regular,2025-07-03,arjun.rao76@gmail.com,9215911277.0,active
517,Rohan Singh,Male,53,Bengaluru,Telangana,5,Gold,2021-09-18,rohan.singh704@gmail.com,9581962868.0,Active
518,Rohan Singh,Female,38,Delhi,Tamil Nadu,11,Silver,2022-01-04,rohan.singh510@gmail.com,9015240383.0,Active
519,Riya Rao,Female,49,Hyderabad,Kerala,30,Regular,2021-02-11,riya.rao708@gmail.com,9529092727.0,Active
520,Meera Rao,Male,21,Hyderabad,Tamil Nadu,2,Silver,2022-12-17,meera.rao565@gmail.com,9360268248.0,Active
521,Sneha Rao,Male,50,Ahmedabad,Tamil Nadu,18,Gold,2020-05-25,sneha.rao980@gmail.com,9221944048.0,Active
522,Neha Rao,Female,47,Bengaluru,Kerala,25,Regular,2020-01-23,neha.rao986@gmail.com,9096871898.0,Active
523,Riya Reddy,Female,29,Hyderabad,Karnataka,8,Silver,2024-07-23,riya.reddy399@gmail.com,9065075988.0,Active
524,Aarav Rao,Male,36,Kolkata,Maharashtra,1,Gold,2020-03-02,aarav.rao308@gmail.com,9175209755.0,Active
525,Sneha Rao,Male,32,Mumbai,Karnataka,27,Gold,2025-05-13,sneha.rao810@gmail.com,9010777650.0,Active
526,Kiran Kumar,Female,46,Delhi,Andhra Pradesh,22,Regular,2020-03-07,kiran.kumar806@gmail.com,9145719517.0,Active
527,Sai Sharma,Male,36,Mumbai,Gujarat,4,Regular,2021-03-01,sai.sharma851@gmail.com,9820068133.0,Active
528,Meera Sharma,Male,31,Hyderabad,West Bengal,15,Silver,2022-12-04,meera.sharma51@gmail.com,9462711925.0,Active
529,Neha Singh,Female,53,Chennai,Andhra Pradesh,15,Regular,2021-01-07,neha.singh669@gmail.com,9005201993.0,Active
530,Ananya Kumar,Female,20,Hyderabad,Karnataka,26,Silver,2021-03-25,ananya.kumar229@gmail.com,9873918446.0,Active
531,Neha Joshi,Female,39,Kolkata,Maharashtra,1,Silver,2026-01-04,neha.joshi202@gmail.com,9412791432.0,Active
532,Nikhil Rao,Female,29,Ahmedabad,Uttar Pradesh,9,Regular,2021-10-24,nikhil.rao122@gmail.com,9968249702.0,Active
533,Vivaan Verma,Female,28,Kolkata,Karnataka,22,Regular,2024-09-09,vivaan.verma630@gmail.com,9333700704.0,ACTIVE
534,Sneha Rao,Female,50,Kolkata,Gujarat,13,Gold,2024-05-07,sneha.rao182@gmail.com,9791104332.0,Active
535,Kavya Verma,Female,40,Bengaluru,Andhra Pradesh,5,Silver,2022-09-16,kavya.verma113@gmail.com,9796437071.0,Active
536,Kiran Singh,Male,26,Pune,Gujarat,26,Silver,2022-07-02,kiran.singh216@gmail.com,9697473290.0,active
537,Neha Nair,Female,31,Bengaluru,Maharashtra,25,Regular,2024-12-25,neha.nair147@gmail.com,9395861839.0,Active
538,Meera Patel,Male,50,Delhi,Telangana,28,Silver,2022-07-27,meera.patel796@gmail.com,9918156968.0,Active
539,Sneha Sharma,Male,45,Pune,Kerala,28,Regular,2025-09-30,sneha.sharma626@gmail.com,9231886913.0,Active
540,Neha Patel,Male,41,Bengaluru,West Bengal,2,Premium,2020-01-22,neha.patel186@gmail.com,9704994917.0,Active
541,Aisha Singh,Male,56,Ahmedabad,Gujarat,30,Regular,2026-01-01,aisha.singh379@gmail.com,9360966465.0,Active
542,Arjun Verma,Male,25,Bengaluru,Delhi,20,Gold,2021-09-25,arjun.verma2@gmail.com,9467309761.0,Active
543,Aditya Rao,Male,33,Hyderabad,Andhra Pradesh,22,Gold,2022-06-29,aditya.rao256@gmail.com,9191769180.0,Active
544,Arjun Gupta,Female,27,Mumbai,Maharashtra,28,Regular,2020-07-22,arjun.gupta437@gmail.com,9778858340.0,
545,Meera Verma,Male,56,Pune,Tamil Nadu,29,Regular,2021-07-25,meera.verma131@gmail.com,9760368377.0,Active
546,Diya Kumar,Female,51,Hyderabad,Kerala,5,Regular,2020-10-03,diya.kumar314@gmail.com,9108933820.0,ACTIVE
547,Priya Joshi,Male,67,Hyderabad,Tamil Nadu,7,Gold,2024-07-11,priya.joshi112@gmail.com,9986092183.0,Active
548,Arjun Singh,Male,39,Pune,Uttar Pradesh,16,Premium,2023-10-18,arjun.singh509@gmail.com,9980494814.0,Inactive
549,Aditya Gupta,Male,36,Bengaluru,Gujarat,16,Regular,2023-07-05,aditya.gupta780@gmail.com,9013419185.0,Active
550,Arjun Sharma,Female,55,Hyderabad,Tamil Nadu,6,Gold,2025-11-11,arjun.sharma664@gmail.com,9440884070.0,ACTIVE
551,Kavya Gupta,Male,69,Chennai,Tamil Nadu,18,Regular,2024-04-13,kavya.gupta166@gmail.com,9208795691.0,Active
552,Ananya Gupta,Female,32,Bengaluru,Gujarat,23,Regular,2023-06-16,ananya.gupta17@gmail.com,9000111531.0,Active
553,Sneha Rao,Female,37,Bengaluru,West Bengal,8,Silver,2021-01-07,sneha.rao212@gmail.com,9444492590.0,Active
554,Nikhil Singh,Female,62,Mumbai,Karnataka,30,Regular,2020-11-23,nikhil.singh639@gmail.com,9181970905.0,Active
555,Kiran Nair,Female,69,Ahmedabad,Telangana,2,Silver,2025-01-17,kiran.nair925@gmail.com,9272749022.0,Active
556,Aditya Patel,Male,25,Pune,Tamil Nadu,25,Premium,2021-03-31,aditya.patel102@gmail.com,9847824833.0,Active
557,Vikram Rao,Female,36,Pune,Karnataka,12,Gold,2020-04-28,vikram.rao364@gmail.com,9912525558.0,Active
558,Sai Verma,Female,66,Pune,Kerala,24,Regular,2020-09-19,sai.verma155@gmail.com,9352092104.0,ACTIVE
559,Ishaan Rao,Female,45,Bengaluru,West Bengal,3,Regular,2025-07-01,ishaan.rao775@gmail.com,9769859578.0,Active
560,Meera Nair,Male,53,Delhi,Tamil Nadu,10,Gold,2025-08-25,meera.nair436@gmail.com,9531223103.0,
561,Diya Reddy,Female,18,Pune,West Bengal,9,Gold,2021-11-11,diya.reddy444@gmail.com,9503016979.0,ACTIVE
562,Riya Singh,Female,50,Hyderabad,West Bengal,5,Regular,2023-09-19,riya.singh933@gmail.com,9756451852.0,Active
563,Aditya Singh,Male,36,Ahmedabad,Andhra Pradesh,9,Silver,2022-12-01,aditya.singh876@gmail.com,9765758560.0,Active
564,Kiran Kumar,Female,67,Kolkata,Karnataka,13,Regular,2025-08-27,kiran.kumar530@gmail.com,9820611354.0,Inactive
565,Aditya Nair,Female,18,Bengaluru,West Bengal,8,Gold,2023-05-11,aditya.nair827@gmail.com,9302294022.0,active
566,Kiran Reddy,Female,20,Hyderabad,Kerala,25,Gold,2024-12-16,kiran.reddy100@gmail.com,9242553867.0,Active
567,Ishaan Kumar,Male,70,Pune,Tamil Nadu,6,Gold,2023-09-22,ishaan.kumar515@gmail.com,9336081583.0,Active
568,Sai Singh,Female,63,Pune,Maharashtra,18,Premium,2022-09-07,sai.singh566@gmail.com,9909982295.0,Active
569,Aisha Reddy,Female,67,Ahmedabad,Gujarat,16,Gold,2025-05-31,aisha.reddy893@gmail.com,9846461263.0,Active
570,Aisha Patel,Female,66,Hyderabad,Uttar Pradesh,23,Silver,2021-04-12,aisha.patel994@gmail.com,9966419901.0,Active
571,Ishaan Patel,Female,27,Bengaluru,Gujarat,22,Gold,2020-01-14,ishaan.patel785@gmail.com,9623182878.0,Active
572,Ananya Singh,Male,64,Kolkata,Karnataka,26,Silver,2025-01-24,ananya.singh404@gmail.com,9838129719.0,Active
573,Sneha Rao,Male,18,Hyderabad,Tamil Nadu,16,Silver,2023-11-23,sneha.rao905@gmail.com,9951216113.0,Active
574,Priya Verma,Male,70,Mumbai,Telangana,30,Regular,2022-01-22,priya.verma356@gmail.com,9683144854.0,Active
575,Diya Joshi,Male,69,Bengaluru,Telangana,29,Premium,2024-08-21,diya.joshi508@gmail.com,9849717809.0,Active
576,Vikram Kumar,Male,65,Chennai,Delhi,6,Regular,2021-12-15,vikram.kumar419@gmail.com,9703069432.0,Active
577,Aarav Sharma,Male,46,Pune,West Bengal,1,Regular,2024-11-10,aarav.sharma592@gmail.com,9297494976.0,Active
578,Nikhil Sharma,Male,26,Delhi,Gujarat,20,Gold,2020-07-21,nikhil.sharma156@gmail.com,9451219238.0,Active
579,Neha Joshi,Female,40,Ahmedabad,Telangana,19,Premium,2020-06-12,neha.joshi477@gmail.com,9255898630.0,Active
580,Priya Nair,Female,27,Chennai,Kerala,11,Premium,2020-10-01,priya.nair627@gmail.com,9421989488.0,Active
581,Rohan Reddy,Male,52,Mumbai,Gujarat,1,Regular,2020-12-23,rohan.reddy12@gmail.com,9814071906.0,Active
582,Arjun Rao,Female,20,Ahmedabad,Uttar Pradesh,27,Regular,2025-10-17,arjun.rao746@gmail.com,9532385861.0,Active
583,Nikhil Singh,Female,30,Mumbai,Delhi,2,Regular,2022-04-29,nikhil.singh523@gmail.com,9001135138.0,Active
584,Vikram Gupta,Male,67,Ahmedabad,West Bengal,20,Gold,2024-07-14,vikram.gupta944@gmail.com,9053337167.0,Active
585,Aarav Kumar,Female,46,Kolkata,Delhi,13,Premium,2021-07-24,aarav.kumar189@gmail.com,9887810500.0,Active
586,Rohan Singh,Male,19,Kolkata,Maharashtra,11,Regular,2021-07-10,rohan.singh588@gmail.com,9658452298.0,Active
587,Kavya Singh,Female,26,Hyderabad,Tamil Nadu,23,Silver,2022-03-10,kavya.singh310@gmail.com,9257021642.0,Active
588,Neha Sharma,Female,66,Ahmedabad,Uttar Pradesh,1,Silver,2025-08-05,neha.sharma199@gmail.com,9194939590.0,Active
589,Nikhil Joshi,Male,19,Chennai,Tamil Nadu,24,Silver,2022-12-10,nikhil.joshi601@gmail.com,9536092289.0,Active
590,Meera Verma,Male,39,Delhi,West Bengal,18,Regular,2023-01-30,meera.verma144@gmail.com,9807387331.0,Active
591,Vivaan Patel,Male,19,Ahmedabad,Delhi,6,Silver,2020-08-07,vivaan.patel759@gmail.com,9791912426.0,Active
592,Nikhil Nair,Female,18,Delhi,Maharashtra,22,Regular,2024-12-25,nikhil.nair81@gmail.com,9256353127.0,Active
593,Aisha Rao,Male,50,Bengaluru,Karnataka,15,Silver,2025-02-01,aisha.rao367@gmail.com,9141974954.0,Active
594,Sai Verma,Female,54,Pune,Delhi,22,Premium,2025-05-17,sai.verma27@gmail.com,9330116818.0,Active
595,Ananya Reddy,Female,66,Mumbai,Telangana,17,Regular,2020-11-20,ananya.reddy711@gmail.com,9625569809.0,Active
596,Kiran Gupta,Male,66,Hyderabad,Delhi,23,Regular,2023-08-30,kiran.gupta41@gmail.com,9805472471.0,Active
597,Sneha Rao,Female,63,Kolkata,Karnataka,21,Regular,2024-11-22,sneha.rao360@gmail.com,9112079004.0,Active
598,Aisha Joshi,Male,23,Hyderabad,Uttar Pradesh,19,Regular,2023-04-22,aisha.joshi875@gmail.com,9451678931.0,Active
599,Kavya Joshi,Female,51,Hyderabad,West Bengal,18,Premium,2022-10-29,kavya.joshi72@gmail.com,9112940013.0,Active
600,Aarav Kumar,Female,31,Bengaluru,Uttar Pradesh,14,Gold,2025-11-30,aarav.kumar131@gmail.com,9139933632.0,Active
601,Ananya Sharma,Male,49,Mumbai,Telangana,24,Regular,2022-02-25,ananya.sharma688@gmail.com,9693735416.0,Active
602,Riya Nair,Female,21,Chennai,Karnataka,24,Silver,2021-07-28,riya.nair139@gmail.com,9844239833.0,Active
603,Riya Nair,Female,41,Ahmedabad,Gujarat,27,Premium,2025-07-06,riya.nair288@gmail.com,9514080063.0,Active
604,Rohan Reddy,Female,54,Mumbai,Andhra Pradesh,9,Silver,2023-06-20,rohan.reddy124@gmail.com,9314767288.0,Active
605,Rahul Sharma,Male,21,Mumbai,Karnataka,11,Silver,2025-01-10,rahul.sharma651@gmail.com,9323710461.0,Active
606,Aisha Joshi,Male,25,Ahmedabad,Karnataka,20,Regular,2020-05-10,aisha.joshi277@gmail.com,9273187739.0,Active
607,Kiran Rao,Female,51,Pune,Tamil Nadu,24,Regular,2023-05-29,kiran.rao412@gmail.com,9797228243.0,Active
608,Rohan Gupta,Male,58,Bengaluru,Gujarat,5,Silver,2023-07-22,rohan.gupta490@gmail.com,9075810947.0,Active
609,Vivaan Singh,Male,40,Hyderabad,Kerala,22,Silver,2023-02-28,vivaan.singh877@gmail.com,9668734796.0,Active
610,Sai Patel,Female,65,Pune,Tamil Nadu,26,Regular,2020-01-20,sai.patel744@gmail.com,9252570229.0,Active
611,Aditya Nair,Male,27,Hyderabad,Gujarat,12,Regular,2024-02-04,aditya.nair818@gmail.com,9823735094.0,
612,Vikram Verma,Female,50,Delhi,Maharashtra,7,Regular,2021-05-08,vikram.verma302@gmail.com,9905738952.0,Active
613,Ananya Rao,Male,33,Mumbai,West Bengal,25,Gold,2020-01-07,ananya.rao660@gmail.com,9445838482.0,active
614,Riya Reddy,Male,31,Delhi,West Bengal,13,Silver,2022-10-29,riya.reddy869@gmail.com,9918156740.0,Active
615,Arjun Kumar,Female,39,Pune,Andhra Pradesh,28,Silver,2020-12-17,arjun.kumar490@gmail.com,9652972644.0,Active
616,Kavya Rao,Female,34,Ahmedabad,Karnataka,2,Regular,2025-11-10,kavya.rao178@gmail.com,9552278348.0,Inactive
617,Riya Patel,Female,56,Chennai,Uttar Pradesh,24,Regular,2020-08-01,riya.patel5@gmail.com,9616110306.0,active
618,Kavya Verma,Male,59,Hyderabad,Uttar Pradesh,20,Regular,2024-11-09,kavya.verma654@gmail.com,9967095194.0,Active
619,Aarav Patel,Male,22,Ahmedabad,Karnataka,4,Regular,2020-08-15,aarav.patel889@gmail.com,9389513151.0,Active
620,Meera Kumar,Female,22,Pune,Uttar Pradesh,20,Gold,2023-11-15,meera.kumar843@gmail.com,9839799724.0,Active
621,Nikhil Reddy,Male,59,Bengaluru,Karnataka,12,Gold,2022-09-02,nikhil.reddy137@gmail.com,9260517153.0,
622,Arjun Verma,Male,20,Ahmedabad,Tamil Nadu,26,Gold,2024-10-25,arjun.verma89@gmail.com,9222478485.0,Active
623,Riya Gupta,Male,67,Ahmedabad,Delhi,12,Premium,2023-03-07,riya.gupta528@gmail.com,9060700143.0,Active
624,Ananya Singh,Female,52,Ahmedabad,Tamil Nadu,17,Regular,2021-03-03,ananya.singh917@gmail.com,9697336337.0,Active
625,Aditya Gupta,Male,31,Pune,Tamil Nadu,22,Regular,2021-12-29,aditya.gupta718@gmail.com,9974584259.0,active
626,Vivaan Kumar,Male,51,Kolkata,Telangana,24,Silver,2022-12-17,vivaan.kumar80@gmail.com,9823699423.0,Active
627,Aisha Singh,Female,45,Delhi,Gujarat,7,Silver,2022-08-09,aisha.singh675@gmail.com,9944119788.0,Active
628,Sneha Rao,Male,43,Pune,Delhi,19,Regular,2023-07-06,sneha.rao752@gmail.com,9445046888.0,active
629,Sai Verma,Male,33,Bengaluru,Andhra Pradesh,23,Premium,2020-09-01,sai.verma347@gmail.com,9886966341.0,Active
630,Rahul Singh,Male,24,Mumbai,Tamil Nadu,30,Regular,2023-07-18,rahul.singh427@gmail.com,9685262180.0,Active
631,Priya Reddy,Male,68,Ahmedabad,Telangana,30,Regular,2023-02-05,priya.reddy632@gmail.com,9454857407.0,Active
632,Kavya Singh,Female,69,Bengaluru,Tamil Nadu,9,Regular,2023-10-02,kavya.singh424@gmail.com,9081672463.0,Active
633,Nikhil Gupta,Female,23,Chennai,Uttar Pradesh,23,Regular,2024-05-21,nikhil.gupta209@gmail.com,9716768214.0,Active
634,Aarav Kumar,Female,69,Mumbai,Karnataka,13,Gold,2020-10-21,aarav.kumar885@gmail.com,9695833084.0,Active
635,Meera Patel,Female,35,Ahmedabad,Telangana,18,Gold,2022-04-27,meera.patel246@gmail.com,9091551821.0,Active
636,Ishaan Joshi,Male,35,Ahmedabad,Delhi,5,Silver,2020-08-09,ishaan.joshi2@gmail.com,9528685598.0,Active
637,Riya Gupta,Male,57,Ahmedabad,West Bengal,14,Regular,2025-11-17,riya.gupta94@gmail.com,9011858845.0,ACTIVE
638,Nikhil Joshi,Female,23,Bengaluru,Tamil Nadu,4,Premium,2024-09-16,nikhil.joshi868@gmail.com,9920335457.0,Active
639,Ishaan Kumar,Female,31,Pune,Telangana,24,Gold,2023-02-26,ishaan.kumar673@gmail.com,9475722141.0,Active
640,Vivaan Sharma,Male,65,Chennai,Kerala,30,Regular,2025-11-27,vivaan.sharma670@gmail.com,9138396442.0,Active
641,Rohan Patel,Male,65,Ahmedabad,Karnataka,12,Silver,2020-01-14,rohan.patel564@gmail.com,9605273017.0,Active
642,Arjun Patel,Female,28,Hyderabad,Uttar Pradesh,17,Regular,2021-10-17,arjun.patel364@gmail.com,9116400694.0,active
643,Diya Patel,Female,33,Pune,Delhi,18,Regular,2025-03-22,diya.patel787@gmail.com,9181528632.0,Active
644,Vivaan Kumar,Female,24,Kolkata,Telangana,22,Regular,2024-11-30,vivaan.kumar280@gmail.com,9780097960.0,Active
645,Riya Reddy,Female,53,Pune,Telangana,26,Regular,2023-11-03,riya.reddy646@gmail.com,9164299925.0,Active
646,Vivaan Joshi,Male,39,Ahmedabad,Kerala,28,Silver,2025-01-29,vivaan.joshi309@gmail.com,9607248401.0,ACTIVE
647,Aditya Verma,Female,60,Kolkata,Uttar Pradesh,12,Regular,2025-12-30,aditya.verma706@gmail.com,9884498738.0,Active
648,Diya Verma,Male,59,Hyderabad,Maharashtra,16,Silver,2020-08-29,diya.verma463@gmail.com,9199284196.0,Active
649,Aisha Kumar,Female,62,Pune,Kerala,16,Regular,2023-06-08,aisha.kumar963@gmail.com,9640599729.0,Inactive
650,Nikhil Patel,Female,44,Bengaluru,Maharashtra,27,Regular,2025-07-26,nikhil.patel759@gmail.com,9053040871.0,active
651,Rohan Nair,Female,37,Delhi,Gujarat,18,Regular,2021-04-21,rohan.nair362@gmail.com,9477093557.0,ACTIVE
652,Riya Sharma,Male,40,Chennai,Kerala,27,Premium,2020-08-29,riya.sharma872@gmail.com,9618010995.0,Active
653,Meera Singh,Female,48,Mumbai,Gujarat,22,Regular,2021-10-05,meera.singh830@gmail.com,9870931425.0,Active
654,Sneha Patel,Female,18,Mumbai,Gujarat,17,Regular,2023-05-07,sneha.patel403@gmail.com,9870126285.0,
655,Kavya Nair,Male,46,Chennai,Gujarat,8,Premium,2020-12-17,kavya.nair896@gmail.com,9006728268.0,active
656,Nikhil Patel,Female,27,Kolkata,Kerala,10,Silver,2023-02-14,nikhil.patel628@gmail.com,9914529732.0,Active
657,Kavya Nair,Female,36,Mumbai,Tamil Nadu,12,Silver,2025-01-03,kavya.nair937@gmail.com,9515318951.0,Active
658,Arjun Joshi,Female,25,Kolkata,Tamil Nadu,11,Silver,2025-10-15,arjun.joshi816@gmail.com,9143538476.0,Active
659,Meera Gupta,Female,54,Chennai,Andhra Pradesh,8,Regular,2022-09-17,meera.gupta35@gmail.com,9616008684.0,Active
660,Rohan Kumar,Male,54,Pune,Tamil Nadu,11,Gold,2025-06-26,rohan.kumar79@gmail.com,9215597291.0,Active
661,Aarav Joshi,Male,46,Hyderabad,Karnataka,29,Silver,2020-08-10,aarav.joshi988@gmail.com,9002073323.0,Active
662,Aarav Joshi,Male,58,Ahmedabad,Tamil Nadu,21,Regular,2020-06-20,aarav.joshi47@gmail.com,9433532063.0,Active
663,Kiran Nair,Male,44,Mumbai,Telangana,20,Gold,2022-11-11,kiran.nair557@gmail.com,9939255836.0,Active
664,Neha Rao,Female,38,Bengaluru,West Bengal,3,Silver,2025-02-24,neha.rao504@gmail.com,9866420222.0,
665,Arjun Reddy,Female,54,Hyderabad,Delhi,7,Regular,2024-04-08,arjun.reddy111@gmail.com,9087223342.0,Active
666,Rahul Rao,Male,56,Bengaluru,Maharashtra,28,Regular,2023-02-20,rahul.rao558@gmail.com,9210063793.0,Active
667,Ananya Kumar,Female,61,Kolkata,Delhi,11,Regular,2020-04-14,ananya.kumar546@gmail.com,9557671013.0,ACTIVE
668,Aditya Rao,Female,43,Kolkata,Andhra Pradesh,30,Regular,2021-03-26,aditya.rao385@gmail.com,9521222309.0,Active
669,Diya Sharma,Male,50,Hyderabad,Telangana,19,Gold,2021-04-08,diya.sharma295@gmail.com,9450571984.0,Active
670,Rohan Reddy,Female,58,Chennai,Maharashtra,24,Regular,2021-05-07,rohan.reddy830@gmail.com,9571438275.0,
671,Meera Rao,Male,55,Mumbai,West Bengal,11,Regular,2020-11-09,meera.rao6@gmail.com,9329120080.0,Active
672,Sneha Reddy,Male,61,Bengaluru,Telangana,4,Premium,2025-11-28,sneha.reddy913@gmail.com,9113318117.0,Active
673,Arjun Verma,Male,45,Bengaluru,Kerala,7,Gold,2020-08-09,arjun.verma950@gmail.com,9413540074.0,Active
674,Diya Singh,Male,54,Delhi,West Bengal,16,Regular,2021-06-29,diya.singh909@gmail.com,9396449387.0,Active
675,Vikram Singh,Female,19,Mumbai,Tamil Nadu,3,Regular,2024-03-08,vikram.singh441@gmail.com,9505873624.0,Active
676,Diya Singh,Male,46,Mumbai,Telangana,6,Regular,2022-11-23,diya.singh536@gmail.com,9494014277.0,Active
677,Rohan Patel,Male,48,Bengaluru,Telangana,4,Regular,2024-06-07,rohan.patel878@gmail.com,9790492524.0,Active
678,Diya Patel,Male,35,Hyderabad,Karnataka,9,Regular,2020-09-08,diya.patel651@gmail.com,9272656500.0,Active
679,Rahul Singh,Female,54,Pune,Delhi,5,Gold,2024-08-25,rahul.singh222@gmail.com,9292808049.0,Active
680,Vivaan Kumar,Female,23,Mumbai,Maharashtra,14,Regular,2020-12-13,vivaan.kumar127@gmail.com,9985478614.0,Active
681,Aisha Gupta,Male,18,Bengaluru,Kerala,2,Silver,2021-02-26,aisha.gupta809@gmail.com,9728591463.0,Active
682,Sneha Rao,Female,37,Pune,Gujarat,10,Silver,2020-02-05,sneha.rao486@gmail.com,9970321156.0,Active
683,Aditya Nair,Female,36,Hyderabad,Maharashtra,25,Silver,2023-07-28,aditya.nair419@gmail.com,9222553894.0,Active
684,Nikhil Gupta,Male,67,Kolkata,Delhi,4,Gold,2020-09-23,nikhil.gupta546@gmail.com,9124655797.0,Active
685,Ishaan Reddy,Male,21,Delhi,Karnataka,23,Regular,2024-05-30,ishaan.reddy84@gmail.com,9077775601.0,Active
686,Rahul Rao,Male,27,Pune,Tamil Nadu,4,Regular,2021-01-17,rahul.rao715@gmail.com,9356117016.0,Active
687,Ishaan Nair,Female,34,Mumbai,Tamil Nadu,28,Gold,2021-06-06,ishaan.nair398@gmail.com,9043498687.0,active
688,Vivaan Kumar,Male,66,Pune,Telangana,13,Premium,2021-02-19,vivaan.kumar734@gmail.com,9081760387.0,Active
689,Sai Singh,Male,61,Delhi,Andhra Pradesh,3,Regular,2021-09-19,sai.singh893@gmail.com,9580081184.0,Active
690,Diya Rao,Male,29,Kolkata,Gujarat,13,Gold,2023-05-23,diya.rao667@gmail.com,9433770441.0,Active
691,Aarav Gupta,Female,68,Mumbai,West Bengal,25,Regular,2021-01-21,aarav.gupta773@gmail.com,9930689259.0,Active
692,Sai Patel,Female,32,Ahmedabad,Karnataka,24,Silver,2022-03-25,sai.patel507@gmail.com,9505575995.0,Active
693,Riya Patel,Female,65,Ahmedabad,Tamil Nadu,2,Regular,2024-08-22,riya.patel407@gmail.com,9785217669.0,Active
694,Riya Rao,Male,68,Chennai,Tamil Nadu,23,Regular,2023-10-25,riya.rao951@gmail.com,9693761139.0,Active
695,Rahul Rao,Female,24,Ahmedabad,West Bengal,24,Silver,2022-05-12,rahul.rao75@gmail.com,9512479842.0,Active
696,Aisha Gupta,Female,48,Bengaluru,Karnataka,8,Regular,2025-07-21,aisha.gupta846@gmail.com,9230934942.0,Active
697,Sai Verma,Female,67,Chennai,Kerala,28,Silver,2023-02-17,sai.verma423@gmail.com,9996852533.0,Active
698,Sneha Reddy,Female,35,Delhi,Kerala,9,Regular,2023-05-09,sneha.reddy646@gmail.com,9995829254.0,Active
699,Sai Sharma,Male,33,Ahmedabad,Tamil Nadu,19,Regular,2023-08-24,sai.sharma95@gmail.com,9661551679.0,Active
700,Vikram Kumar,Female,15,Bengaluru,Uttar Pradesh,13,Gold,2020-10-20,vikram.kumar843@gmail.com,9976262872.0,
701,Rohan Joshi,Male,15,Pune,Karnataka,16,Regular,2024-04-26,rohan.joshi580@gmail.com,9229068280.0,Active
702,Aisha Verma,Male,102,Chennai,Karnataka,8,Regular,2021-04-12,aisha.verma100@gmail.com,9227514130.0,Active
703,Sneha Rao,Female,48,Mumbai,West Bengal,15,Gold,2024-10-24,sneha.rao591@gmail.com,9566251024.0,Active
704,Sneha Nair,Male,53,Pune,Andhra Pradesh,8,Regular,2025-06-21,sneha.nair208@gmail.com,9432871595.0,Active
705,Priya Singh,Male,45,Hyderabad,Delhi,18,Gold,2023-06-23,priya.singh57@gmail.com,9717957319.0,Active
706,Priya Nair,Female,35,Hyderabad,Delhi,3,Regular,2020-11-02,priya.nair611@gmail.com,9636859552.0,Active
707,Priya Verma,Female,21,Kolkata,Gujarat,26,Regular,2024-08-23,priya.verma462@gmail.com,9280137437.0,
708,Neha Patel,Male,24,Pune,Maharashtra,18,Regular,2020-01-01,neha.patel204@gmail.com,9300103085.0,Active
709,Vikram Singh,Male,52,Chennai,Andhra Pradesh,16,Silver,2021-08-27,vikram.singh461@gmail.com,9782234147.0,Active
710,Kavya Gupta,Male,49,Kolkata,Delhi,29,Regular,2025-09-21,kavya.gupta890@gmail.com,9849030245.0,Active
711,Arjun Verma,Male,48,Bengaluru,Telangana,2,Regular,2025-08-10,arjun.verma701@gmail.com,9054700436.0,Active
712,Rahul Joshi,Male,25,Ahmedabad,Karnataka,14,Silver,2025-06-07,rahul.joshi447@gmail.com,9669273496.0,Active
713,Aarav Reddy,Male,48,Delhi,Andhra Pradesh,9,Regular,2020-07-07,aarav.reddy588@gmail.com,9180627420.0,Active
714,Ishaan Joshi,Female,45,Bengaluru,Telangana,20,Regular,2020-11-22,ishaan.joshi94@gmail.com,9498881488.0,Active
715,Nikhil Verma,Female,67,Pune,Uttar Pradesh,2,Regular,2021-08-19,nikhil.verma572@gmail.com,9050957268.0,Inactive
716,Sneha Rao,Male,52,Bengaluru,West Bengal,18,Regular,2023-05-02,sneha.rao255@gmail.com,9978687484.0,Inactive
717,Sneha Rao,Male,30,Ahmedabad,Delhi,7,Regular,2021-11-24,sneha.rao462@gmail.com,9421342791.0,active
718,Sneha Joshi,Female,60,Bengaluru,Gujarat,9,Silver,2023-12-19,sneha.joshi110@gmail.com,9756117064.0,Active
719,Meera Verma,Male,34,Mumbai,Uttar Pradesh,26,Gold,2022-08-19,meera.verma887@gmail.com,9446308795.0,Active
720,Aarav Verma,Male,52,Bengaluru,Andhra Pradesh,9,Gold,2021-03-01,aarav.verma836@gmail.com,9343955320.0,Active
721,Aisha Reddy,Female,57,Delhi,Karnataka,1,Gold,2021-07-03,aisha.reddy503@gmail.com,9631028143.0,
722,Kavya Rao,Female,53,Ahmedabad,Uttar Pradesh,19,Premium,2021-03-14,kavya.rao300@gmail.com,9272132699.0,Active
723,Sneha Patel,Female,65,Delhi,Maharashtra,25,Regular,2022-06-17,sneha.patel823@gmail.com,9846385333.0,Active
724,Kiran Sharma,Female,24,Ahmedabad,Delhi,29,Silver,2024-03-23,kiran.sharma733@gmail.com,9811975506.0,ACTIVE
725,Arjun Nair,Male,57,Delhi,Gujarat,11,Regular,2021-09-16,arjun.nair802@gmail.com,9816638708.0,Active
726,Priya Verma,Female,50,Hyderabad,Uttar Pradesh,1,Premium,2023-04-13,priya.verma587@gmail.com,9716925935.0,Active
727,Priya Verma,Female,51,Kolkata,Karnataka,30,Regular,2023-01-30,priya.verma189@gmail.com,9692053322.0,Active
728,Sneha Rao,Female,42,Mumbai,Andhra Pradesh,4,Silver,2022-06-25,sneha.rao832@gmail.com,9821490395.0,Active
729,Neha Gupta,Male,54,Delhi,Telangana,27,Gold,2023-11-20,neha.gupta101@gmail.com,9718694166.0,Active
730,Nikhil Sharma,Female,32,Kolkata,Delhi,17,Regular,2022-10-29,nikhil.sharma348@gmail.com,9459695951.0,Active
731,Sneha Verma,Female,34,Kolkata,Uttar Pradesh,19,Regular,2022-02-01,sneha.verma504@gmail.com,9887994873.0,Active
732,Rohan Patel,Female,22,Bengaluru,Telangana,4,Regular,2022-07-07,rohan.patel689@gmail.com,9788350305.0,Active
733,Arjun Sharma,Male,37,Chennai,Gujarat,7,Gold,2024-05-02,arjun.sharma397@gmail.com,9254167894.0,Active
734,Ishaan Sharma,Female,41,Hyderabad,Gujarat,21,Regular,2021-03-10,ishaan.sharma683@gmail.com,9367431889.0,Active
735,Kiran Gupta,Male,34,Delhi,Telangana,7,Gold,2020-04-11,kiran.gupta733@gmail.com,9374675016.0,Active
736,Rohan Joshi,Female,70,Mumbai,Tamil Nadu,1,Regular,2025-12-05,rohan.joshi23@gmail.com,9703040794.0,Active
737,Meera Verma,Female,43,Chennai,Gujarat,30,Gold,2022-02-13,meera.verma390@gmail.com,9746676762.0,Active
738,Sai Gupta,Male,27,Chennai,Delhi,24,Premium,2020-08-24,sai.gupta854@gmail.com,9323511246.0,Active
739,Neha Verma,Male,66,Pune,Karnataka,19,Gold,2022-03-31,neha.verma272@gmail.com,9660753684.0,Inactive
740,Rohan Verma,Male,60,Ahmedabad,Telangana,20,Silver,2021-08-20,rohan.verma558@gmail.com,9302442581.0,Active
741,Arjun Reddy,Female,29,Ahmedabad,Uttar Pradesh,6,Regular,2022-08-31,arjun.reddy902@gmail.com,9032952156.0,Active
742,Nikhil Patel,Female,33,Bengaluru,Andhra Pradesh,7,Silver,2024-07-07,nikhil.patel372@gmail.com,9652149492.0,Inactive
743,Vivaan Reddy,Male,64,Chennai,Karnataka,10,Silver,2024-08-16,vivaan.reddy91@gmail.com,9737865141.0,Active
744,Nikhil Gupta,Male,50,Chennai,West Bengal,22,Regular,2024-12-12,nikhil.gupta792@gmail.com,9596991989.0,Active
745,Vivaan Gupta,Female,54,Mumbai,West Bengal,19,Regular,2024-12-27,vivaan.gupta446@gmail.com,9457988061.0,Active
746,Neha Rao,Male,54,Hyderabad,Gujarat,1,Premium,2023-03-11,neha.rao56@gmail.com,9111565086.0,Active
747,Kiran Rao,Female,20,Pune,Uttar Pradesh,21,Silver,2021-05-21,kiran.rao460@gmail.com,9832164287.0,ACTIVE
748,Neha Patel,Male,19,Delhi,Uttar Pradesh,27,Regular,2024-01-09,neha.patel838@gmail.com,9482342775.0,Active
749,Priya Nair,Male,39,Delhi,Andhra Pradesh,14,Silver,2024-10-12,priya.nair509@gmail.com,9534002509.0,Active
750,Riya Kumar,Male,41,Chennai,Andhra Pradesh,19,Premium,2022-01-27,riya.kumar133@gmail.com,9645452290.0,Active
751,Vivaan Joshi,Male,29,Pune,Tamil Nadu,26,Regular,2022-03-29,vivaan.joshi66@gmail.com,9798203312.0,Active
752,Rohan Gupta,Female,32,Mumbai,Uttar Pradesh,26,Regular,2022-04-26,rohan.gupta991@gmail.com,9247518854.0,Active
753,Ananya Gupta,Female,50,Pune,Delhi,12,Gold,2025-05-08,ananya.gupta714@gmail.com,9031012307.0,Active
754,Kiran Patel,Male,30,Pune,Karnataka,8,Gold,2025-08-11,kiran.patel985@gmail.com,9608554015.0,Active
755,Nikhil Verma,Female,45,Chennai,Andhra Pradesh,6,Gold,2025-04-08,nikhil.verma505@gmail.com,9516467972.0,Active
756,Riya Rao,Female,47,Delhi,Delhi,23,Gold,2023-05-29,riya.rao180@gmail.com,9135511557.0,Active
757,Arjun Reddy,Female,53,Mumbai,Tamil Nadu,10,Silver,2024-10-03,arjun.reddy221@gmail.com,9521543941.0,active
758,Arjun Joshi,Male,47,Bengaluru,West Bengal,14,Premium,2022-10-26,arjun.joshi34@gmail.com,9802537462.0,Active
759,Vikram Rao,Male,64,Ahmedabad,Delhi,17,Silver,2020-02-18,vikram.rao99@gmail.com,9209445383.0,Active
760,Priya Joshi,Female,28,Pune,Kerala,27,Regular,2021-10-19,priya.joshi256@gmail.com,9443187942.0,Active
761,Ishaan Rao,Female,21,Pune,Telangana,7,Silver,2024-06-01,ishaan.rao384@gmail.com,9065413299.0,Active
762,Sneha Rao,Female,62,Hyderabad,Kerala,29,Silver,2023-08-11,sneha.rao454@gmail.com,9616680792.0,Active
763,Neha Kumar,Male,19,Delhi,Delhi,8,Premium,2020-01-28,neha.kumar540@gmail.com,9874060208.0,Active
764,Ishaan Joshi,Male,19,Bengaluru,Tamil Nadu,4,Regular,2020-08-09,ishaan.joshi572@gmail.com,9163480753.0,Inactive
765,Aarav Verma,Female,35,Hyderabad,Kerala,19,Premium,2021-10-20,aarav.verma828@gmail.com,9007557530.0,
766,Arjun Joshi,Male,59,Mumbai,Telangana,18,Silver,2022-08-25,arjun.joshi963@gmail.com,9773726571.0,Active
767,Vivaan Reddy,Female,20,Ahmedabad,Gujarat,18,Regular,2025-08-26,vivaan.reddy854@gmail.com,9321242480.0,Inactive
768,Nikhil Nair,Male,46,Hyderabad,Kerala,22,Premium,2025-03-17,nikhil.nair560@gmail.com,9010311781.0,Active
769,Rohan Sharma,Female,35,Mumbai,Karnataka,26,Silver,2024-05-18,rohan.sharma373@gmail.com,9064280655.0,Active
770,Vivaan Singh,Male,33,Ahmedabad,Andhra Pradesh,28,Premium,2024-04-15,vivaan.singh255@gmail.com,9937343119.0,Active
771,Diya Reddy,Female,55,Bengaluru,Maharashtra,3,Premium,2024-05-26,diya.reddy892@gmail.com,9948113943.0,Active
772,Nikhil Gupta,Female,67,Delhi,Telangana,28,Silver,2024-01-16,nikhil.gupta984@gmail.com,9150892504.0,Active
773,Nikhil Singh,Male,41,Chennai,Delhi,14,Regular,2021-04-08,nikhil.singh873@gmail.com,9945226312.0,Inactive
774,Sneha Rao,Male,70,Pune,Kerala,6,Gold,2021-07-04,sneha.rao632@gmail.com,9171902659.0,Active
775,Vivaan Singh,Female,45,Kolkata,Maharashtra,11,Gold,2023-05-22,vivaan.singh419@gmail.com,9910619627.0,Active
776,Aarav Joshi,Male,66,Pune,Karnataka,26,Regular,2021-05-13,aarav.joshi583@gmail.com,9392277480.0,Active
777,Meera Sharma,Male,58,Bengaluru,Tamil Nadu,24,Premium,2020-02-04,meera.sharma508@gmail.com,9488915269.0,Active
778,Priya Sharma,Female,52,Bengaluru,Tamil Nadu,7,Regular,2021-05-25,priya.sharma584@gmail.com,9101299470.0,active
779,Diya Sharma,Female,63,Kolkata,Karnataka,24,Regular,2023-11-12,diya.sharma421@gmail.com,9765222948.0,active
780,Kavya Sharma,Male,59,Hyderabad,Delhi,24,Regular,2024-05-30,kavya.sharma613@gmail.com,9455815024.0,Active
781,Aisha Gupta,Male,50,Bengaluru,Maharashtra,27,Silver,2022-05-02,aisha.gupta226@gmail.com,9020269585.0,Active
782,Kavya Gupta,Female,23,Pune,Andhra Pradesh,11,Gold,2021-11-25,kavya.gupta105@gmail.com,9260197093.0,Active
783,Aarav Joshi,Male,31,Hyderabad,Uttar Pradesh,8,Gold,2020-07-28,aarav.joshi789@gmail.com,9624929675.0,ACTIVE
784,Arjun Reddy,Male,34,Mumbai,Delhi,18,Silver,2022-09-09,arjun.reddy845@gmail.com,9675185833.0,Active
785,Sneha Nair,Female,22,Hyderabad,Delhi,9,Gold,2025-08-24,sneha.nair901@gmail.com,9539427243.0,Active
786,Vikram Singh,Male,27,Ahmedabad,Uttar Pradesh,22,Gold,2024-02-06,vikram.singh156@gmail.com,9533952730.0,Active
787,Diya Reddy,Male,50,Bengaluru,Delhi,26,Regular,2023-01-09,diya.reddy849@gmail.com,9681202139.0,Active
788,Sneha Verma,Female,51,Hyderabad,Telangana,20,Silver,2021-01-15,sneha.verma578@gmail.com,9769145936.0,Active
789,Nikhil Patel,Male,37,Ahmedabad,West Bengal,12,Silver,2024-01-14,nikhil.patel269@gmail.com,9666398462.0,Active
790,Aarav Patel,Female,21,Bengaluru,Telangana,24,Regular,2020-07-21,aarav.patel40@gmail.com,9901222824.0,Active
791,Ananya Rao,Female,40,Pune,Tamil Nadu,4,Gold,2023-08-05,ananya.rao501@gmail.com,9594427082.0,
792,Vivaan Joshi,Male,31,Pune,Uttar Pradesh,2,Gold,2020-03-08,vivaan.joshi104@gmail.com,9760895443.0,Active
793,Aditya Gupta,Female,58,Bengaluru,Tamil Nadu,24,Gold,2020-01-08,aditya.gupta95@gmail.com,9972958545.0,Active
794,Sneha Patel,Female,45,Chennai,Telangana,26,Gold,2024-01-30,sneha.patel55@gmail.com,9899530133.0,Active
795,Kiran Rao,Male,59,Kolkata,Karnataka,23,Regular,2025-06-25,kiran.rao228@gmail.com,9092597723.0,
796,Rohan Patel,Female,25,Delhi,Kerala,6,Regular,2025-10-23,rohan.patel663@gmail.com,9246638204.0,Active
797,Sai Sharma,Male,61,Hyderabad,Gujarat,25,Regular,2024-08-17,sai.sharma177@gmail.com,9051280039.0,Active
798,Rohan Nair,Female,24,Mumbai,West Bengal,12,Regular,2022-10-02,rohan.nair109@gmail.com,9606544052.0,Active
799,Sai Verma,Female,27,Hyderabad,Gujarat,7,Regular,2023-11-09,sai.verma569@gmail.com,9550749813.0,Active
800,Aarav Joshi,Male,50,Kolkata,Karnataka,6,Regular,2024-04-13,aarav.joshi914@gmail.com,9782679366.0,Active
801,Nikhil Gupta,Male,54,Chennai,Karnataka,16,Regular,2023-10-08,nikhil.gupta44@gmail.com,9316341432.0,
802,Kavya Reddy,Male,22,Delhi,Tamil Nadu,16,Regular,2020-01-06,kavya.reddy79@gmail.com,9701061572.0,Active
803,Rohan Rao,Male,61,Chennai,Uttar Pradesh,16,Regular,2024-09-02,rohan.rao760@gmail.com,9602689070.0,Active
804,Arjun Gupta,Male,23,Mumbai,Tamil Nadu,25,Regular,2021-03-17,arjun.gupta384@gmail.com,9696777900.0,Active
805,Sai Verma,Female,53,Mumbai,Maharashtra,20,Silver,2021-04-26,sai.verma627@gmail.com,9818797875.0,ACTIVE
806,Vikram Reddy,Male,63,Chennai,Delhi,17,Premium,2020-07-20,vikram.reddy722@gmail.com,9207429529.0,Active
807,Ishaan Joshi,Male,52,Delhi,Gujarat,11,Gold,2025-12-07,ishaan.joshi191@gmail.com,9848323476.0,Active
808,Nikhil Verma,Female,41,Chennai,Uttar Pradesh,15,Silver,2025-12-04,nikhil.verma890@gmail.com,9535334972.0,Active
809,Rohan Reddy,Male,44,Pune,Karnataka,24,Regular,2020-11-13,rohan.reddy219@gmail.com,9682869481.0,Active
810,Ishaan Rao,Female,43,Mumbai,Tamil Nadu,9,Silver,2020-05-09,ishaan.rao456@gmail.com,9355796422.0,Active
811,Rahul Nair,Male,61,Chennai,Gujarat,17,Regular,2020-07-28,rahul.nair457@gmail.com,9091587935.0,Active
812,Aditya Joshi,Male,55,Pune,Gujarat,16,Regular,2020-05-18,aditya.joshi62@gmail.com,9914339609.0,active
813,Rohan Nair,Male,62,Chennai,Uttar Pradesh,14,Regular,2025-02-17,rohan.nair818@gmail.com,9220413907.0,Active
814,Rohan Gupta,Male,31,Delhi,Gujarat,22,Gold,2023-01-24,rohan.gupta353@gmail.com,9086516473.0,Active
815,Diya Singh,Female,42,Pune,Andhra Pradesh,22,Gold,2025-12-16,diya.singh940@gmail.com,9372949303.0,Active
816,Aisha Nair,Female,50,Delhi,Kerala,18,Silver,2025-09-18,aisha.nair850@gmail.com,9556026318.0,Active
817,Sai Verma,Female,48,Pune,Uttar Pradesh,9,Silver,2023-11-23,sai.verma786@gmail.com,9277133717.0,Active
818,Ananya Nair,Male,26,Hyderabad,Delhi,10,Premium,2023-07-04,ananya.nair756@gmail.com,9044597157.0,Inactive
819,Sai Rao,Female,58,Delhi,Kerala,26,Regular,2024-03-11,sai.rao230@gmail.com,9142584606.0,Active
820,Vikram Sharma,Female,22,Bengaluru,West Bengal,3,Gold,2022-02-12,vikram.sharma560@gmail.com,9633918295.0,Active
821,Priya Kumar,Female,61,Hyderabad,Delhi,29,Regular,2022-11-25,priya.kumar380@gmail.com,9051965899.0,active
822,Meera Patel,Female,58,Hyderabad,Telangana,30,Premium,2023-11-26,meera.patel792@gmail.com,9066653728.0,Active
823,Neha Patel,Male,62,Pune,West Bengal,13,Premium,2024-01-31,neha.patel480@gmail.com,9847277648.0,Active
824,Rohan Gupta,Female,28,Bengaluru,Telangana,11,Regular,2021-10-30,rohan.gupta384@gmail.com,9758763391.0,Active
825,Ananya Gupta,Female,52,Kolkata,Karnataka,8,Regular,2025-05-14,ananya.gupta488@gmail.com,9590735634.0,Active
826,Riya Joshi,Female,30,Bengaluru,West Bengal,7,Regular,2021-12-29,riya.joshi957@gmail.com,9245418559.0,ACTIVE
827,Aditya Kumar,Female,24,Bengaluru,Delhi,14,Regular,2020-04-26,aditya.kumar484@gmail.com,9047973708.0,Active
828,Arjun Patel,Male,67,Mumbai,Andhra Pradesh,19,Gold,2025-09-16,arjun.patel995@gmail.com,9338411975.0,Active
829,Priya Sharma,Male,62,Ahmedabad,West Bengal,10,Regular,2025-08-23,priya.sharma736@gmail.com,9539951263.0,Active
830,Aisha Singh,Male,30,Delhi,Maharashtra,5,Gold,2020-06-15,aisha.singh573@gmail.com,9814961961.0,Active
831,Sai Joshi,Male,46,Kolkata,Gujarat,7,Regular,2024-10-29,sai.joshi173@gmail.com,9973039473.0,Active
832,Aarav Gupta,Female,48,Pune,Delhi,26,Regular,2024-02-06,aarav.gupta512@gmail.com,9199223735.0,Active
833,Vikram Verma,Male,49,Hyderabad,Karnataka,23,Gold,2024-09-02,vikram.verma798@gmail.com,9926000152.0,Active
834,Riya Nair,Female,23,Delhi,Gujarat,13,Regular,2025-04-15,riya.nair63@gmail.com,9535770283.0,Active
835,Aisha Sharma,Female,62,Pune,Kerala,17,Regular,2025-07-23,aisha.sharma76@gmail.com,9203150702.0,Active
836,Aditya Rao,Female,22,Ahmedabad,West Bengal,23,Silver,2020-05-29,aditya.rao818@gmail.com,9623442303.0,Active
837,Neha Joshi,Female,60,Kolkata,Delhi,2,Regular,2021-11-22,neha.joshi506@gmail.com,9566682138.0,Active
838,Riya Joshi,Female,36,Pune,Uttar Pradesh,14,Silver,2022-03-28,riya.joshi203@gmail.com,9351994943.0,Inactive
839,Ishaan Sharma,Female,31,Kolkata,Tamil Nadu,29,Regular,2023-06-19,ishaan.sharma872@gmail.com,9325929854.0,Active
840,Sneha Singh,Female,32,Delhi,Tamil Nadu,1,Regular,2023-03-11,sneha.singh163@gmail.com,9726363711.0,Active
841,Rahul Sharma,Female,31,Bengaluru,Karnataka,9,Silver,2021-03-01,rahul.sharma85@gmail.com,9026372718.0,Active
842,Aisha Sharma,Male,26,Bengaluru,Andhra Pradesh,2,Regular,2022-12-29,aisha.sharma13@gmail.com,9895849438.0,Active
843,Rahul Singh,Male,30,Bengaluru,Kerala,24,Gold,2024-11-19,rahul.singh479@gmail.com,9295803250.0,Active
844,Arjun Verma,Female,54,Pune,Karnataka,30,Regular,2022-10-02,arjun.verma473@gmail.com,9814083581.0,Active
845,Aarav Nair,Male,70,Mumbai,Karnataka,28,Silver,2022-01-11,aarav.nair317@gmail.com,9672744184.0,
846,Rohan Gupta,Female,31,Bengaluru,Kerala,28,Regular,2020-05-24,rohan.gupta620@gmail.com,9104408499.0,Active
847,Neha Sharma,Female,34,Mumbai,Kerala,30,Silver,2024-12-06,neha.sharma279@gmail.com,9463924323.0,Active
848,Arjun Verma,Male,39,Chennai,Tamil Nadu,6,Silver,2025-09-02,arjun.verma437@gmail.com,9048308390.0,Active
849,Ananya Joshi,Female,33,Kolkata,Tamil Nadu,2,Regular,2021-03-30,ananya.joshi373@gmail.com,9479617560.0,Active
850,Neha Joshi,Female,25,Delhi,Uttar Pradesh,26,Gold,2024-03-29,neha.joshi397@gmail.com,9761999669.0,ACTIVE
851,Kavya Patel,Male,29,Chennai,West Bengal,3,Regular,2023-10-11,kavya.patel286@gmail.com,9559840956.0,Active
852,Aisha Verma,Female,63,Bengaluru,Kerala,24,Gold,2020-05-05,aisha.verma290@gmail.com,9139151061.0,Active
853,Kiran Gupta,Female,29,Chennai,Gujarat,19,Gold,2023-02-18,kiran.gupta185@gmail.com,9941893622.0,Active
854,Sai Verma,Female,48,Ahmedabad,West Bengal,4,Regular,2025-04-01,sai.verma754@gmail.com,9806176225.0,Active
855,Nikhil Singh,Female,29,Kolkata,Telangana,24,Regular,2022-09-10,nikhil.singh335@gmail.com,9807039562.0,Active
856,Arjun Joshi,Male,53,Bengaluru,Andhra Pradesh,28,Regular,2024-06-03,arjun.joshi535@gmail.com,9848399312.0,Active
857,Rohan Verma,Female,37,Chennai,Delhi,28,Silver,2020-09-04,rohan.verma754@gmail.com,9741107037.0,Active
858,Meera Sharma,Male,35,Hyderabad,Delhi,2,Regular,2025-04-28,meera.sharma194@gmail.com,9206235899.0,Active
859,Kavya Verma,Male,55,Mumbai,Kerala,18,Gold,2022-05-26,kavya.verma967@gmail.com,9892934063.0,Active
860,Aarav Verma,Male,68,Ahmedabad,Kerala,10,Regular,2025-08-25,aarav.verma86@gmail.com,9347507579.0,Active
861,Kavya Joshi,Male,26,Mumbai,Karnataka,13,Premium,2025-06-02,kavya.joshi550@gmail.com,9015361318.0,Active
862,Meera Singh,Male,35,Pune,Andhra Pradesh,28,Silver,2023-01-26,meera.singh977@gmail.com,9232472450.0,Active
863,Aditya Patel,Male,65,Ahmedabad,Telangana,29,Regular,2021-10-21,aditya.patel168@gmail.com,9649694788.0,Active
864,Arjun Verma,Female,69,Bengaluru,Andhra Pradesh,18,Premium,2021-12-14,arjun.verma681@gmail.com,9741438372.0,Active
865,Kavya Joshi,Male,55,Chennai,Maharashtra,15,Silver,2024-10-26,kavya.joshi900@gmail.com,9191872582.0,Active
866,Vikram Kumar,Male,28,Chennai,Uttar Pradesh,30,Gold,2023-07-28,vikram.kumar27@gmail.com,9672060681.0,Active
867,Kiran Nair,Male,63,Delhi,Gujarat,5,Gold,2022-05-08,kiran.nair165@gmail.com,9981447817.0,Inactive
868,Neha Verma,Male,52,Pune,West Bengal,29,Regular,2021-08-17,neha.verma623@gmail.com,9020515223.0,Active
869,Kavya Sharma,Male,47,Pune,Delhi,15,Regular,2022-03-22,kavya.sharma222@gmail.com,9511430536.0,Active
870,Nikhil Nair,Female,19,Hyderabad,Andhra Pradesh,7,Regular,2023-03-16,nikhil.nair846@gmail.com,9007851074.0,Active
871,Aisha Patel,Female,29,Ahmedabad,Telangana,6,Gold,2023-07-24,aisha.patel99@gmail.com,9683739469.0,Active
872,Neha Reddy,Female,38,Bengaluru,West Bengal,27,Regular,2022-10-10,neha.reddy157@gmail.com,9283717959.0,Active
873,Meera Gupta,Male,33,Bengaluru,Delhi,2,Gold,2024-10-23,meera.gupta439@gmail.com,9640597171.0,Active
874,Kavya Patel,Male,56,Hyderabad,Gujarat,5,Gold,2022-10-23,kavya.patel303@gmail.com,9819395070.0,
875,Kavya Verma,Male,32,Ahmedabad,Kerala,19,Silver,2025-01-29,kavya.verma317@gmail.com,9441936478.0,
876,Vikram Reddy,Male,31,Kolkata,Gujarat,4,Regular,2021-09-23,vikram.reddy838@gmail.com,9726729715.0,active
877,Ishaan Patel,Female,61,Kolkata,Tamil Nadu,4,Premium,2025-07-06,ishaan.patel149@gmail.com,9191467216.0,Active
878,Sai Patel,Female,51,Kolkata,Delhi,18,Regular,2020-12-09,sai.patel499@gmail.com,9919533923.0,Active
879,Arjun Rao,Male,25,Bengaluru,Maharashtra,3,Gold,2024-04-17,arjun.rao210@gmail.com,9087962554.0,ACTIVE
880,Diya Patel,Female,24,Mumbai,Telangana,1,Silver,2025-04-01,diya.patel125@gmail.com,9353718670.0,Active
881,Priya Reddy,Female,23,Hyderabad,Tamil Nadu,9,Gold,2020-09-20,priya.reddy62@gmail.com,9206291410.0,Active
882,Aisha Gupta,Male,66,Delhi,Uttar Pradesh,16,Silver,2025-07-28,aisha.gupta110@gmail.com,9933831988.0,Active
883,Diya Sharma,Male,64,Kolkata,Gujarat,28,Regular,2024-05-29,diya.sharma530@gmail.com,9543734517.0,Active
884,Diya Joshi,Male,58,Ahmedabad,Delhi,1,Regular,2024-01-11,diya.joshi791@gmail.com,9592675470.0,Active
885,Rohan Sharma,Female,22,Chennai,Tamil Nadu,16,Regular,2023-05-01,rohan.sharma331@gmail.com,9574170941.0,Active
886,Sneha Singh,Male,56,Kolkata,Karnataka,21,Gold,2021-10-07,sneha.singh338@gmail.com,9093987504.0,Active
887,Rahul Rao,Female,19,Chennai,Delhi,26,Regular,2021-12-12,rahul.rao443@gmail.com,9279284425.0,Active
888,Aditya Joshi,Male,31,Bengaluru,Maharashtra,6,Regular,2020-12-14,aditya.joshi642@gmail.com,9344075409.0,Active
889,Riya Patel,Male,48,Delhi,Karnataka,18,Premium,2020-06-22,riya.patel845@gmail.com,9801571788.0,Active
890,Vikram Kumar,Female,52,Pune,Karnataka,3,Regular,2024-02-05,vikram.kumar485@gmail.com,9556613197.0,Active
891,Neha Joshi,Male,36,Pune,Karnataka,8,Silver,2025-10-18,neha.joshi323@gmail.com,9092012701.0,Active
892,Riya Kumar,Male,41,Ahmedabad,Karnataka,9,Regular,2022-08-29,riya.kumar250@gmail.com,9627436263.0,Active
893,Rahul Patel,Female,28,Hyderabad,Andhra Pradesh,30,Gold,2025-03-20,rahul.patel946@gmail.com,9160704110.0,Active
894,Priya Patel,Female,68,Bengaluru,Andhra Pradesh,11,Regular,2020-09-11,priya.patel101@gmail.com,9610626088.0,Active
895,Arjun Rao,Male,44,Bengaluru,Uttar Pradesh,12,Silver,2025-04-02,arjun.rao931@gmail.com,9874891185.0,Active
896,Neha Nair,Male,28,Mumbai,Telangana,30,Regular,2025-11-12,neha.nair853@gmail.com,9549277125.0,Active
897,Aditya Gupta,Male,18,Ahmedabad,Andhra Pradesh,10,Regular,2024-12-26,aditya.gupta42@gmail.com,9818159427.0,Active
898,Meera Rao,Male,34,Kolkata,Gujarat,1,Regular,2024-09-09,meera.rao671@gmail.com,9792008443.0,ACTIVE
899,Aditya Nair,Female,65,Delhi,Andhra Pradesh,10,Gold,2025-07-18,aditya.nair105@gmail.com,9607831467.0,Active
900,Aditya Patel,M,44,Delhi,Tamil Nadu,25,Silver,2020-03-25,aditya.patel487@gmail.com,9177000762.0,Active
901,Neha Singh,M,21,Mumbai,Andhra Pradesh,9,Regular,2024-10-04,neha.singh130@gmail.com,9585700839.0,Active
902,Neha Rao,F,25,Mumbai,Delhi,13,Regular,2023-01-22,neha.rao446@gmail.com,9784359302.0,Inactive
903,Rohan Joshi,Male,51,Bengaluru,Gujarat,11,Silver,2024-07-03,rohan.joshi426@gmail.com,9540840354.0,Inactive
904,Rahul Nair,Female,30,Kolkata,Telangana,17,Silver,2021-07-19,rahul.nair883@gmail.com,9654239862.0,active
905,Sai Kumar,Female,59,Bengaluru,Gujarat,1,Silver,2025-09-17,sai.kumar483@gmail.com,9994393925.0,Active
906,Vivaan Reddy,Female,34,Delhi,Telangana,12,Regular,2023-02-19,vivaan.reddy922@gmail.com,9625551697.0,Active
907,Ananya Singh,Male,30,Hyderabad,Telangana,4,Premium,2024-10-02,ananya.singh93@gmail.com,9072211373.0,Active
908,Ishaan Sharma,Male,66,Mumbai,Karnataka,20,Regular,2021-02-04,ishaan.sharma587@gmail.com,9187403748.0,Active
909,Kavya Joshi,Female,34,Mumbai,Telangana,26,Gold,2024-10-06,kavya.joshi704@gmail.com,9841616560.0,Active
910,Rohan Reddy,Female,63,Chennai,West Bengal,30,Gold,2023-05-27,rohan.reddy824@gmail.com,9852182244.0,Active
911,Ananya Reddy,Female,39,Mumbai,Andhra Pradesh,1,Gold,2024-09-21,ananya.reddy419@gmail.com,9203480341.0,Active
912,Nikhil Sharma,Male,33,Kolkata,West Bengal,27,Premium,2021-04-07,nikhil.sharma429@gmail.com,9290245143.0,Active
913,Rahul Nair,Female,20,Delhi,Telangana,24,Gold,2020-04-25,rahul.nair157@gmail.com,9004278125.0,Active
914,Rohan Reddy,Female,60,Delhi,Gujarat,1,Premium,2023-10-14,rohan.reddy196@gmail.com,9804646565.0,Active
915,Rahul Singh,Male,55,Ahmedabad,Maharashtra,24,Regular,2024-09-23,rahul.singh577@gmail.com,9327480321.0,Active
916,Vivaan Kumar,Female,22,Hyderabad,Delhi,6,Regular,2022-09-02,vivaan.kumar294@gmail.com,9933102134.0,Active
917,Rohan Nair,Female,54,Ahmedabad,Tamil Nadu,9,Regular,2024-12-28,rohan.nair717@gmail.com,9625092382.0,
918,Ananya Sharma,Female,61,Bengaluru,Uttar Pradesh,11,Regular,2023-11-08,ananya.sharma734@gmail.com,9893976596.0,Active
919,Riya Rao,Male,68,Ahmedabad,West Bengal,23,Gold,2024-03-10,riya.rao513@gmail.com,9542604304.0,Active
920,Vikram Nair,Male,68,Kolkata,Maharashtra,25,Gold,2024-01-17,vikram.nair451@gmail.com,9602221301.0,Active
921,Aarav Patel,Female,58,Delhi,Delhi,5,Premium,2021-06-12,aarav.patel437@gmail.com,9967419004.0,Active
922,Nikhil Reddy,Male,31,Chennai,Maharashtra,20,Gold,2023-05-17,nikhil.reddy214@gmail.com,9233349438.0,Active
923,Vivaan Joshi,Female,36,Ahmedabad,Delhi,4,Premium,2023-09-22,vivaan.joshi584@gmail.com,9693706572.0,Active
924,Rohan Verma,Male,39,Delhi,Karnataka,29,Regular,2021-08-08,rohan.verma966@gmail.com,9269637627.0,Active
925,Nikhil Reddy,Male,26,Chennai,Kerala,22,Silver,2021-07-24,nikhil.reddy260@gmail.com,9567317596.0,Active
926,Diya Nair,Female,35,Bengaluru,Delhi,11,Gold,2023-11-18,diya.nair34@gmail.com,9208318017.0,
927,Ananya Gupta,Female,53,Bengaluru,Karnataka,7,Premium,2021-08-13,ananya.gupta880@gmail.com,9891032289.0,ACTIVE
928,Vivaan Verma,Male,69,Mumbai,Tamil Nadu,22,Regular,2023-06-01,vivaan.verma995@gmail.com,9202636456.0,Active
929,Vikram Patel,Male,58,Chennai,Maharashtra,2,Regular,2022-11-29,vikram.patel887@gmail.com,9086537181.0,
930,Sai Kumar,Female,47,Bengaluru,Karnataka,21,Silver,2023-03-10,sai.kumar310@gmail.com,9411710174.0,Active
931,Sneha Gupta,Male,65,Chennai,Kerala,14,Gold,2020-03-18,sneha.gupta701@gmail.com,9394034634.0,Active
932,Riya Gupta,Male,49,Delhi,Gujarat,22,Gold,2020-01-12,riya.gupta392@gmail.com,9238829918.0,Active
933,Vikram Rao,Female,18,Kolkata,Uttar Pradesh,23,Gold,2021-05-25,vikram.rao418@gmail.com,9423059217.0,Active
934,Kiran Verma,Female,37,Delhi,Uttar Pradesh,21,Regular,2020-08-15,kiran.verma823@gmail.com,9904489166.0,Active
935,Diya Joshi,Male,41,Delhi,Uttar Pradesh,15,Regular,2022-07-01,diya.joshi492@gmail.com,9467734165.0,Active
936,Ishaan Verma,Female,43,Delhi,Maharashtra,8,Silver,2021-10-16,ishaan.verma72@gmail.com,9660288516.0,Active
937,Ananya Joshi,Male,30,Mumbai,Delhi,8,Silver,2025-06-23,ananya.joshi719@gmail.com,9937196508.0,Active
938,Priya Rao,Female,32,Ahmedabad,West Bengal,8,Regular,2023-11-25,priya.rao627@gmail.com,9654945287.0,Active
939,Neha Nair,Male,37,Bengaluru,Andhra Pradesh,24,Silver,2025-10-22,neha.nair457@gmail.com,9247519956.0,Active
940,Rohan Joshi,Male,68,Ahmedabad,Andhra Pradesh,9,Gold,2025-02-12,rohan.joshi754@gmail.com,9953181576.0,Active
941,Sai Patel,Female,39,Kolkata,Tamil Nadu,24,Regular,2024-12-07,sai.patel826@gmail.com,9222821525.0,Active
942,Sai Reddy,Male,38,Ahmedabad,Delhi,19,Regular,2022-12-01,sai.reddy469@gmail.com,9496518871.0,
943,Kiran Nair,Female,45,Chennai,Uttar Pradesh,14,Regular,2022-01-14,kiran.nair463@gmail.com,9856961798.0,Active
944,Riya Sharma,Female,21,Delhi,Karnataka,29,Regular,2021-08-06,riya.sharma123@gmail.com,9883046454.0,active
945,Vivaan Singh,Male,22,Bengaluru,Kerala,10,Silver,2025-07-26,vivaan.singh778@gmail.com,9389974873.0,Active
946,Riya Verma,Male,25,Kolkata,Uttar Pradesh,8,Regular,2025-11-20,riya.verma985@gmail.com,9495704176.0,Active
947,Aditya Rao,Male,53,Chennai,Uttar Pradesh,9,Regular,2020-05-12,aditya.rao776@gmail.com,9179081695.0,Active
948,Diya Gupta,Male,29,Hyderabad,Tamil Nadu,29,Regular,2025-08-01,diya.gupta816@gmail.com,9439956810.0,Active
949,Rahul Nair,Female,55,Mumbai,Gujarat,29,Regular,2024-12-24,rahul.nair184@gmail.com,9932878415.0,Active
950,Arjun Sharma,Male,38,Mumbai,Gujarat,7,Silver,2020-07-30,arjun.sharma513@gmail.com,9034006761.0,Active
951,Aditya Gupta,Female,51,Hyderabad,Gujarat,28,Premium,2020-01-14,aditya.gupta74@gmail.com,9677120735.0,Active
952,Aditya Joshi,Female,51,Kolkata,Andhra Pradesh,22,Gold,2022-09-07,aditya.joshi386@gmail.com,9323131736.0,Active
953,Riya Patel,Female,56,Pune,Andhra Pradesh,30,Regular,2020-10-31,riya.patel155@gmail.com,9824235722.0,Active
954,Sai Singh,Male,52,Bengaluru,Maharashtra,5,Regular,2021-10-14,sai.singh243@gmail.com,9376221713.0,Active
955,Nikhil Sharma,Male,31,Kolkata,Delhi,27,Regular,2024-11-08,nikhil.sharma474@gmail.com,9122294176.0,Active
956,Kiran Gupta,Female,47,Delhi,Andhra Pradesh,25,Silver,2024-02-03,kiran.gupta279@gmail.com,9647710768.0,Active
957,Arjun Kumar,Female,25,Hyderabad,Delhi,20,Regular,2020-09-07,arjun.kumar767@gmail.com,9976986428.0,Active
958,Kiran Nair,Female,37,Ahmedabad,Gujarat,18,Gold,2021-06-08,kiran.nair61@gmail.com,9973079178.0,Active
959,Priya Rao,Female,63,Chennai,Delhi,30,Regular,2020-02-17,priya.rao923@gmail.com,9486034406.0,Active
960,Diya Singh,Male,37,Kolkata,Gujarat,29,Gold,2021-03-28,diya.singh919@gmail.com,9060433078.0,Active
961,Kiran Kumar,Male,62,Mumbai,Kerala,23,Regular,2021-07-05,kiran.kumar198@gmail.com,9373009835.0,Active
962,Sai Gupta,Female,39,Delhi,Karnataka,8,Regular,2021-02-11,sai.gupta475@gmail.com,9654679915.0,Active
963,Ishaan Reddy,Male,53,Chennai,Maharashtra,28,Silver,2020-10-12,ishaan.reddy550@gmail.com,9864476184.0,Active
964,Aditya Gupta,Male,34,Delhi,Telangana,16,Regular,2021-06-14,aditya.gupta215@gmail.com,9187049321.0,Active
965,Vikram Joshi,Female,64,Hyderabad,Maharashtra,2,Silver,2022-06-20,vikram.joshi809@gmail.com,9099368505.0,Active
966,Arjun Joshi,Male,38,Pune,Kerala,6,Silver,2025-05-10,arjun.joshi512@gmail.com,9964401875.0,Active
967,Neha Rao,Female,55,Chennai,Maharashtra,5,Premium,2020-03-07,neha.rao279@gmail.com,9957401714.0,ACTIVE
968,Ananya Singh,Female,24,Ahmedabad,Gujarat,3,Silver,2024-05-29,ananya.singh611@gmail.com,9264174266.0,Active
969,Sneha Kumar,Female,18,Chennai,Andhra Pradesh,6,Regular,2024-06-28,sneha.kumar754@gmail.com,9477770457.0,Active
970,Ananya Sharma,Male,36,Bengaluru,Maharashtra,21,Regular,2026-01-06,ananya.sharma961@gmail.com,9587901670.0,Active
971,Neha Gupta,Male,21,Kolkata,Maharashtra,11,Premium,2020-02-12,neha.gupta526@gmail.com,9272980926.0,Active
972,Aisha Reddy,Female,29,Kolkata,Tamil Nadu,21,Gold,2023-04-02,aisha.reddy584@gmail.com,9600030874.0,Active
973,Neha Singh,Female,55,Pune,Andhra Pradesh,5,Silver,2024-12-25,neha.singh731@gmail.com,9398379146.0,Active
974,Diya Patel,Male,45,Chennai,Uttar Pradesh,9,Regular,2020-02-19,diya.patel85@gmail.com,9446746541.0,Active
975,Kiran Joshi,Female,28,Kolkata,Delhi,24,Regular,2023-11-06,kiran.joshi601@gmail.com,9861494884.0,Active
976,Priya Patel,Female,59,Chennai,West Bengal,26,Silver,2021-08-01,priya.patel199@gmail.com,9642141938.0,Active
977,Aisha Reddy,Male,54,Ahmedabad,Andhra Pradesh,25,Regular,2022-02-11,aisha.reddy196@gmail.com,9159576996.0,Active
978,Aisha Kumar,Male,29,Chennai,Maharashtra,11,Regular,2023-07-03,aisha.kumar909@gmail.com,9827985548.0,Active
979,Rahul Kumar,Female,58,Chennai,Delhi,19,Premium,2023-04-05,rahul.kumar717@gmail.com,9221268756.0,Active
980,Sai Reddy,Male,69,Pune,Delhi,14,Silver,2023-09-21,sai.reddy862@gmail.com,9703048534.0,Active
981,Nikhil Joshi,Female,26,Ahmedabad,Telangana,6,Silver,2023-03-09,nikhil.joshi162@gmail.com,9672827073.0,Active
982,Neha Verma,Male,33,Bengaluru,Gujarat,22,Premium,2024-12-21,neha.verma239@gmail.com,9229352730.0,Active
983,Kiran Nair,Female,34,Chennai,Karnataka,19,Silver,2024-10-05,kiran.nair71@gmail.com,9668226194.0,ACTIVE
984,Rahul Gupta,Male,61,Delhi,Uttar Pradesh,19,Regular,2021-12-10,rahul.gupta879@gmail.com,9636886437.0,Active
985,Sneha Patel,Male,44,Pune,Karnataka,16,Silver,2020-12-11,sneha.patel135@gmail.com,9203229928.0,
986,Sai Singh,Male,67,Delhi,Gujarat,28,Regular,2024-01-19,sai.singh876@gmail.com,9579192917.0,Active
987,Arjun Reddy,Female,23,Chennai,Kerala,4,Regular,2023-01-28,arjun.reddy87@gmail.com,9717218281.0,Active
988,Rohan Kumar,Female,46,Kolkata,Kerala,28,Premium,2022-10-15,rohan.kumar361@gmail.com,9697402139.0,Active
989,Vivaan Reddy,Female,61,Chennai,Delhi,27,Regular,2025-01-06,vivaan.reddy997@gmail.com,9311172648.0,Active
990,Aditya Reddy,Female,49,Kolkata,Tamil Nadu,15,Regular,2021-02-05,aditya.reddy43@gmail.com,9582663681.0,Active
991,Riya Nair,Male,57,Mumbai,Gujarat,11,Regular,2021-07-28,riya.nair879@gmail.com,9477266903.0,Active
992,Kiran Gupta,Male,23,Pune,Gujarat,6,Gold,2023-10-14,kiran.gupta97@gmail.com,9165484933.0,Active
993,Meera Singh,Male,62,Pune,Delhi,17,Regular,2020-11-04,meera.singh550@gmail.com,9648594407.0,Active
994,Nikhil Verma,Female,22,Delhi,Telangana,2,Premium,2024-02-28,nikhil.verma342@gmail.com,9214662990.0,Active
995,Aditya Reddy,Female,27,Hyderabad,Kerala,5,Regular,2022-01-05,aditya.reddy612@gmail.com,9051473331.0,Active
996,Neha Verma,Male,60,Mumbai,Uttar Pradesh,7,Gold,2020-07-18,neha.verma371@gmail.com,9269985253.0,Active
997,Diya Rao,Female,69,Bengaluru,Gujarat,27,Regular,2022-08-16,diya.rao86@gmail.com,9530588732.0,Active
998,Meera Patel,Female,63,Chennai,West Bengal,12,Regular,2020-06-04,meera.patel725@gmail.com,9970369275.0,Active
999,Kiran Kumar,Male,68,Chennai,Delhi,1,Gold,2023-01-19,kiran.kumar826@gmail.com,9625591835.0,active
1000,Rahul Sharma,Female,48,Chennai,Andhra Pradesh,6,Gold,2028-01-15,rahul.sharma709@gmail.com,9099753591.0,Active
1001,Kiran Joshi,Male,40,Pune,Tamil Nadu,2,Gold,2028-01-15,kiran.joshi599@gmail.com,9459469207.0,Active
1002,Aarav Kumar,Male,40,Ahmedabad,Andhra Pradesh,11,Regular,2020-03-13,aarav.kumar687@gmail.com,9850964508.0,Active
1003,Arjun Verma,Male,37,Mumbai,Maharashtra,8,Silver,2020-12-31,arjun.verma684@gmail.com,9062573600.0,Active
1004,Kavya Verma,Male,49,Ahmedabad,Andhra Pradesh,16,Regular,2021-08-23,kavya.verma685@gmail.com,9008599944.0,
1005,Sneha Nair,Male,43,Delhi,Andhra Pradesh,10,Regular,2020-11-16,sneha.nair171@gmail.com,9423613983.0,Inactive
1006,Aisha Singh,Male,60,Kolkata,Maharashtra,25,Regular,2023-12-08,aisha.singh816@gmail.com,9246487411.0,Active
1007,Aarav Singh,Male,27,Pune,Uttar Pradesh,28,Regular,2021-10-02,aarav.singh585@gmail.com,9328133179.0,Active
1008,Vivaan Nair,Female,61,Hyderabad,Tamil Nadu,22,Regular,2021-03-08,vivaan.nair745@gmail.com,9442501322.0,Active
1009,Aarav Sharma,Male,68,Chennai,Kerala,16,Silver,2024-06-30,aarav.sharma348@gmail.com,9628453923.0,Active
1010,Riya Reddy,Female,49,Mumbai,Andhra Pradesh,18,Gold,2022-05-13,riya.reddy797@gmail.com,9948622149.0,
1011,Diya Joshi,Male,70,Delhi,Delhi,15,Regular,2023-05-19,diya.joshi475@gmail.com,9659704127.0,Active
1012,Ishaan Rao,Female,23,Mumbai,Tamil Nadu,11,Gold,2025-03-07,ishaan.rao37@gmail.com,9771378538.0,Active
1013,Sneha Patel,Female,46,Chennai,Delhi,13,Regular,2023-10-21,sneha.patel8@gmail.com,9762123182.0,Active
1014,Riya Joshi,Female,18,Kolkata,West Bengal,4,Regular,2023-10-03,riya.joshi967@gmail.com,9593281529.0,Active
1015,Kavya Joshi,Female,24,Hyderabad,Kerala,17,Silver,2025-03-02,kavya.joshi960@gmail.com,9902138052.0,Active
1016,Diya Verma,Female,24,Pune,Karnataka,3,Regular,2020-11-19,diya.verma952@gmail.com,9853968493.0,active
1017,Ishaan Kumar,Female,24,Mumbai,Uttar Pradesh,26,Regular,2024-08-07,ishaan.kumar335@gmail.com,9870178573.0,Active
1018,Meera Rao,Female,30,Chennai,Telangana,28,Gold,2024-12-13,meera.rao150@gmail.com,9761417934.0,Active
1019,Sneha Singh,Female,55,Bengaluru,Telangana,11,Gold,2024-11-11,sneha.singh778@gmail.com,9285980400.0,Active
1020,Kavya Sharma,Male,66,Bengaluru,Delhi,12,Regular,2023-03-26,kavya.sharma900@gmail.com,9579978052.0,Active
1021,Rohan Sharma,Male,20,Hyderabad,Tamil Nadu,6,Premium,2023-05-01,rohan.sharma323@gmail.com,9370670385.0,Active
1022,Riya Patel,Male,58,Chennai,Kerala,7,Regular,2022-07-02,riya.patel785@gmail.com,9086137416.0,Active
1023,Sneha Kumar,Male,32,Bengaluru,Tamil Nadu,4,Regular,2020-11-10,sneha.kumar489@gmail.com,9527629957.0,Active
1024,Aditya Patel,Female,20,Chennai,Uttar Pradesh,4,Regular,2021-10-28,aditya.patel189@gmail.com,9405773564.0,Active
1025,Priya Singh,Male,46,Kolkata,Kerala,11,Silver,2022-03-19,priya.singh341@gmail.com,9873381458.0,
1026,Diya Joshi,Male,22,Mumbai,Gujarat,12,Silver,2023-12-23,diya.joshi415@gmail.com,9479611925.0,Active
1027,Rohan Joshi,Male,22,Pune,Kerala,6,Regular,2020-04-29,rohan.joshi139@gmail.com,9656478717.0,Active
1028,Diya Verma,Female,43,Mumbai,Andhra Pradesh,2,Regular,2022-01-06,diya.verma475@gmail.com,9986482461.0,Active
1029,Rohan Verma,Female,46,Mumbai,Delhi,14,Regular,2023-09-21,rohan.verma814@gmail.com,9887259335.0,Active
1030,Ishaan Nair,Female,29,Delhi,Andhra Pradesh,7,Gold,2022-12-25,ishaan.nair349@gmail.com,9932292511.0,Active
1031,Aisha Joshi,Male,41,Mumbai,Maharashtra,8,Regular,2021-05-12,aisha.joshi803@gmail.com,9572535597.0,Active
1032,Sai Sharma,Male,66,Delhi,Maharashtra,3,Premium,2025-11-29,sai.sharma336@gmail.com,9661742351.0,Active
1033,Aarav Nair,Female,60,Chennai,Tamil Nadu,25,Silver,2024-10-29,aarav.nair47@gmail.com,9700274242.0,Active
1034,Vivaan Gupta,Female,30,Hyderabad,Uttar Pradesh,12,Regular,2022-11-13,vivaan.gupta303@gmail.com,9327215744.0,Active
1035,Ananya Gupta,Male,20,Chennai,Uttar Pradesh,9,Silver,2020-04-04,ananya.gupta92@gmail.com,9106272738.0,Active
1036,Rohan Patel,Female,20,Pune,West Bengal,21,Regular,2024-11-09,rohan.patel551@gmail.com,9517727427.0,Active
1037,Kavya Patel,Male,33,Mumbai,Kerala,8,Regular,2023-10-18,kavya.patel743@gmail.com,9688897962.0,Active
1038,Diya Singh,Male,54,Bengaluru,Maharashtra,13,Regular,2021-08-07,diya.singh718@gmail.com,9791198526.0,Active
1039,Riya Singh,Male,45,Delhi,Telangana,16,Silver,2024-02-04,riya.singh415@gmail.com,9080722525.0,Active
1040,Kavya Nair,Male,46,Ahmedabad,Uttar Pradesh,11,Regular,2020-05-22,kavya.nair201@gmail.com,9218449873.0,Active
1041,Vikram Singh,Male,20,Chennai,Andhra Pradesh,29,Gold,2025-02-06,vikram.singh975@gmail.com,9208626992.0,Active
1042,Aarav Joshi,Female,25,Ahmedabad,West Bengal,14,Regular,2024-05-28,aarav.joshi624@gmail.com,9544596667.0,active
1043,Diya Kumar,Male,36,Bengaluru,Kerala,19,Premium,2025-04-20,diya.kumar458@gmail.com,9840633374.0,Active
1044,Sai Verma,Female,20,Ahmedabad,Delhi,18,Regular,2022-12-21,sai.verma964@gmail.com,9837652009.0,Active
1045,Sneha Singh,Male,62,Hyderabad,West Bengal,5,Regular,2021-09-26,sneha.singh289@gmail.com,9579330097.0,
1046,Aditya Kumar,Male,27,Ahmedabad,Telangana,9,Silver,2020-10-07,aditya.kumar670@gmail.com,9479380973.0,Active
1047,Meera Rao,Female,57,Pune,Karnataka,15,Gold,2024-07-11,meera.rao218@gmail.com,9468228156.0,Active
1048,Kiran Gupta,Female,18,Ahmedabad,Gujarat,9,Premium,2023-04-25,kiran.gupta620@gmail.com,9675520966.0,ACTIVE
1049,Vikram Gupta,Female,18,Ahmedabad,Kerala,2,Silver,2023-09-07,vikram.gupta755@gmail.com,9533161520.0,Active
1050,Aditya Gupta,Female,50,Mumbai,Andhra Pradesh,28,Regular,2023-02-03,aditya.gupta327@gmail.com,9933709630.0,active
1051,Aditya Rao,Male,69,Mumbai,Andhra Pradesh,30,Premium,2022-09-23,aditya.rao643@gmail.com,9726129862.0,Active
1052,Rohan Reddy,Male,47,Ahmedabad,Kerala,9,Regular,2021-09-18,rohan.reddy339@gmail.com,9564997594.0,Active
1053,Sai Reddy,Male,51,Pune,Kerala,1,Silver,2025-02-13,sai.reddy705@gmail.com,9782851563.0,Active
1054,Arjun Rao,Female,54,Delhi,Tamil Nadu,2,Gold,2025-08-24,arjun.rao709@gmail.com,9106794069.0,
1055,Meera Reddy,Male,33,Pune,Gujarat,12,Silver,2020-06-20,meera.reddy210@gmail.com,9820302203.0,Active
1056,Rohan Nair,Female,31,Hyderabad,Kerala,29,Gold,2024-10-14,rohan.nair117@gmail.com,9929389782.0,Active
1057,Priya Patel,Male,30,Hyderabad,Maharashtra,12,Silver,2022-01-29,priya.patel687@gmail.com,9448045271.0,Active
1058,Kiran Verma,Female,51,Mumbai,Delhi,11,Regular,2021-04-01,kiran.verma985@gmail.com,9740395184.0,Active
1059,Neha Singh,Female,31,Mumbai,Kerala,30,Regular,2025-09-21,neha.singh268@gmail.com,9518950893.0,Active
1060,Kavya Verma,Male,59,Kolkata,Telangana,10,Gold,2025-07-13,kavya.verma908@gmail.com,9019147592.0,Active
1061,Ishaan Sharma,Male,29,Mumbai,Delhi,23,Regular,2024-12-10,ishaan.sharma831@gmail.com,9939179143.0,active
1062,Aditya Gupta,Female,65,Delhi,Uttar Pradesh,22,Silver,2021-10-13,aditya.gupta530@gmail.com,9161010477.0,Active
1063,Kavya Joshi,Male,28,Hyderabad,West Bengal,3,Regular,2021-07-04,kavya.joshi858@gmail.com,9076295721.0,Active
1064,Sai Kumar,Male,18,Delhi,Andhra Pradesh,9,Premium,2023-08-21,sai.kumar789@gmail.com,9633540419.0,Inactive
1065,Neha Kumar,Female,46,Mumbai,Tamil Nadu,29,Gold,2021-05-19,neha.kumar376@gmail.com,9262861354.0,
1066,Neha Rao,Male,42,Bengaluru,Tamil Nadu,19,Regular,2020-02-24,neha.rao847@gmail.com,9884121567.0,Active
1067,Rohan Joshi,Female,46,Ahmedabad,West Bengal,6,Gold,2024-12-25,rohan.joshi111@gmail.com,9039264243.0,Active
1068,Kavya Rao,Female,32,Bengaluru,Tamil Nadu,4,Regular,2020-08-30,kavya.rao653@gmail.com,9410649608.0,Active
1069,Arjun Reddy,Female,56,Ahmedabad,Karnataka,26,Gold,2025-02-03,arjun.reddy2@gmail.com,9953624155.0,Active
1070,Meera Gupta,Male,44,Bengaluru,Tamil Nadu,16,Silver,2021-11-14,meera.gupta19@gmail.com,9033522065.0,Active
1071,Ishaan Singh,Female,20,Delhi,Kerala,26,Regular,2021-06-01,ishaan.singh538@gmail.com,9136723348.0,Active
1072,Ananya Nair,Female,22,Hyderabad,Karnataka,7,Silver,2024-07-24,ananya.nair986@gmail.com,9979759604.0,Active
1073,Kiran Patel,Male,30,Mumbai,Delhi,2,Gold,2025-04-16,kiran.patel390@gmail.com,9963952354.0,
1074,Sai Gupta,Male,62,Chennai,Tamil Nadu,29,Premium,2025-12-17,sai.gupta881@gmail.com,9384508147.0,Active
1075,Ananya Reddy,Female,20,Hyderabad,Kerala,19,Regular,2024-07-27,ananya.reddy519@gmail.com,9275095944.0,Active
1076,Aditya Rao,Female,60,Kolkata,Uttar Pradesh,26,Regular,2025-04-13,aditya.rao277@gmail.com,9354649118.0,Active
1077,Sai Gupta,Female,43,Ahmedabad,Karnataka,20,Regular,2023-09-04,sai.gupta725@gmail.com,9190451465.0,Active
1078,Neha Singh,Female,45,Mumbai,Karnataka,19,Silver,2024-12-29,neha.singh885@gmail.com,9776704481.0,Active
1079,Riya Verma,Male,39,Kolkata,Delhi,14,Silver,2020-11-24,riya.verma95@gmail.com,9389122903.0,Active
1080,Vikram Sharma,Female,30,Delhi,Telangana,8,Regular,2024-04-27,vikram.sharma30@gmail.com,9057749857.0,Active
1081,Nikhil Gupta,Female,63,Delhi,Maharashtra,8,Regular,2020-03-11,nikhil.gupta212@gmail.com,9746690925.0,Active
1082,Meera Rao,Male,58,Ahmedabad,Gujarat,15,Regular,2021-11-23,meera.rao981@gmail.com,9675181712.0,Active
1083,Kiran Nair,Male,50,Ahmedabad,West Bengal,16,Silver,2023-04-21,kiran.nair627@gmail.com,9767632616.0,Active
1084,Ananya Reddy,Male,44,Pune,Tamil Nadu,16,Silver,2020-09-28,ananya.reddy988@gmail.com,9067573453.0,Active
1085,Meera Reddy,Female,29,Kolkata,Kerala,25,Silver,2022-10-20,meera.reddy834@gmail.com,9049997994.0,Active
1086,Rahul Nair,Female,37,Kolkata,Gujarat,14,Regular,2023-09-30,rahul.nair466@gmail.com,9044707935.0,Active
1087,Arjun Joshi,Male,45,Bengaluru,Tamil Nadu,21,Silver,2020-08-24,arjun.joshi197@gmail.com,9965494414.0,Active
1088,Priya Nair,Female,48,Mumbai,Gujarat,26,Gold,2024-12-02,priya.nair763@gmail.com,9156493874.0,Active
1089,Sneha Verma,Female,50,Chennai,Kerala,4,Silver,2023-11-12,sneha.verma21@gmail.com,9001270570.0,Active
1090,Arjun Patel,Male,63,Hyderabad,Andhra Pradesh,21,Regular,2021-11-29,arjun.patel337@gmail.com,9595975875.0,Active
1091,Aisha Singh,Female,36,Bengaluru,Delhi,5,Regular,2022-12-17,aisha.singh360@gmail.com,9040516181.0,ACTIVE
1092,Kiran Sharma,Male,66,Ahmedabad,Andhra Pradesh,21,Gold,2022-02-18,kiran.sharma752@gmail.com,9798912371.0,Active
1093,Vivaan Joshi,Male,23,Hyderabad,Karnataka,2,Regular,2020-03-04,vivaan.joshi228@gmail.com,9984334611.0,Active
1094,Kavya Nair,Male,45,Kolkata,Kerala,8,Gold,2024-11-25,kavya.nair894@gmail.com,9466238752.0,Active
1095,Diya Reddy,Female,37,Pune,Kerala,10,Regular,2021-06-24,diya.reddy132@gmail.com,9184724160.0,Inactive
1096,Meera Sharma,Female,36,Kolkata,West Bengal,4,Regular,2022-10-04,meera.sharma743@gmail.com,9827750818.0,Active
1097,Rohan Kumar,Female,31,Chennai,Telangana,22,Gold,2025-05-16,rohan.kumar437@gmail.com,9131088851.0,Active
1098,Ishaan Kumar,Female,46,Pune,Maharashtra,29,Regular,2020-10-08,ishaan.kumar422@gmail.com,9365403912.0,Active
1099,Kiran Reddy,Female,61,Kolkata,Kerala,22,Regular,2022-04-29,kiran.reddy152@gmail.com,9868201016.0,Active
1100,Aisha Sharma,Female,39,Pune,West Bengal,17,Gold,2024-09-25,aisha.sharma122@gmail.com,9439626038.0,Active
1101,Nikhil Kumar,Male,27,Ahmedabad,Kerala,29,Premium,2021-01-15,nikhil.kumar850@gmail.com,9653311875.0,Active
1102,Priya Rao,Female,30,Hyderabad,Tamil Nadu,21,Silver,2023-02-17,priya.rao216@gmail.com,9341135353.0,active
1103,Riya Reddy,Male,70,Pune,Kerala,16,Regular,2020-05-31,riya.reddy915@gmail.com,9417686887.0,Active
1104,Kavya Rao,Male,29,Kolkata,Delhi,29,Regular,2025-11-29,kavya.rao816@gmail.com,9020558199.0,Active
1105,Aarav Sharma,Female,67,Mumbai,Tamil Nadu,20,Silver,2025-08-18,aarav.sharma748@gmail.com,9355637051.0,Active
1106,Kiran Verma,Female,21,Chennai,West Bengal,22,Silver,2022-08-06,kiran.verma719@gmail.com,9559717816.0,Active
1107,Aditya Kumar,Male,37,Chennai,Telangana,23,Gold,2025-08-15,aditya.kumar264@gmail.com,9440200662.0,Active
1108,Priya Reddy,Female,24,Hyderabad,Karnataka,5,Regular,2022-02-24,priya.reddy100@gmail.com,9740174132.0,Active
1109,Aisha Rao,Female,47,Mumbai,Andhra Pradesh,7,Regular,2021-08-22,aisha.rao511@gmail.com,9389448181.0,Active
1110,Sai Patel,Female,48,Pune,Uttar Pradesh,1,Regular,2025-11-13,sai.patel644@gmail.com,9062461933.0,ACTIVE
1111,Vivaan Reddy,Male,63,Ahmedabad,Maharashtra,19,Regular,2023-04-28,vivaan.reddy513@gmail.com,9777768315.0,Active
1112,Arjun Sharma,Male,50,Mumbai,Tamil Nadu,7,Gold,2022-07-15,arjun.sharma880@gmail.com,9737881275.0,Active
1113,Ananya Patel,Female,37,Ahmedabad,Uttar Pradesh,9,Regular,2022-11-18,ananya.patel719@gmail.com,9397732813.0,Active
1114,Nikhil Verma,Male,51,Hyderabad,Delhi,30,Silver,2021-02-20,nikhil.verma86@gmail.com,9735135519.0,Active
1115,Sai Reddy,Male,49,Ahmedabad,Gujarat,18,Silver,2020-05-30,sai.reddy318@gmail.com,9533497222.0,Active
1116,Sneha Reddy,Female,29,Bengaluru,Delhi,6,Regular,2025-07-20,sneha.reddy490@gmail.com,9038669154.0,Active
1117,Nikhil Verma,Female,68,Pune,Andhra Pradesh,19,Silver,2023-01-23,nikhil.verma177@gmail.com,9838440382.0,Active
1118,Kiran Singh,Female,28,Mumbai,West Bengal,17,Silver,2024-01-21,kiran.singh562@gmail.com,9149904901.0,Active
1119,Rahul Sharma,Male,43,Delhi,Telangana,17,Silver,2023-02-26,rahul.sharma65@gmail.com,9444293365.0,Active
1120,Riya Singh,Male,49,Delhi,Telangana,25,Regular,2020-01-21,riya.singh969@gmail.com,9497345799.0,Active
1121,Riya Patel,Female,57,Hyderabad,Tamil Nadu,7,Premium,2024-11-02,riya.patel362@gmail.com,9975550097.0,Active
1122,Nikhil Sharma,Male,68,Delhi,Karnataka,9,Gold,2021-11-04,nikhil.sharma206@gmail.com,9340266518.0,active
1123,Riya Patel,Male,42,Chennai,Delhi,26,Regular,2024-06-05,riya.patel756@gmail.com,9720068910.0,Active
1124,Kavya Sharma,Male,47,Hyderabad,West Bengal,2,Premium,2022-05-31,kavya.sharma25@gmail.com,9890334847.0,Inactive
1125,Ishaan Rao,Female,26,Bengaluru,Karnataka,6,Regular,2022-01-17,ishaan.rao792@gmail.com,9367550084.0,Active
1126,Vivaan Sharma,Female,18,Delhi,Karnataka,17,Premium,2024-01-27,vivaan.sharma322@gmail.com,9279264911.0,Active
1127,Aisha Gupta,Male,38,Hyderabad,Telangana,15,Regular,2021-03-09,aisha.gupta701@gmail.com,9831772123.0,Active
1128,Aarav Reddy,Male,56,Pune,Gujarat,3,Regular,2024-07-03,aarav.reddy720@gmail.com,9899879313.0,Active
1129,Rohan Sharma,Female,34,Ahmedabad,Karnataka,15,Regular,2024-07-21,rohan.sharma237@gmail.com,9659412216.0,Active
1130,Sai Joshi,Female,34,Delhi,Gujarat,8,Regular,2025-10-14,sai.joshi453@gmail.com,9373917118.0,Active
1131,Rahul Rao,Female,51,Hyderabad,Kerala,1,Silver,2023-07-24,rahul.rao297@gmail.com,9916308270.0,Active
1132,Sneha Sharma,Female,18,Hyderabad,Gujarat,22,Silver,2021-07-21,sneha.sharma742@gmail.com,9562613606.0,Active
1133,Aarav Singh,Male,21,Hyderabad,Gujarat,10,Regular,2023-03-06,aarav.singh441@gmail.com,9298596575.0,
1134,Vivaan Gupta,Male,58,Hyderabad,Maharashtra,8,Silver,2020-12-05,vivaan.gupta882@gmail.com,9467592251.0,Active
1135,Aarav Nair,Female,42,Kolkata,Kerala,25,Silver,2025-11-06,aarav.nair244@gmail.com,9195275135.0,Active
1136,Meera Kumar,Female,61,Mumbai,Maharashtra,13,Gold,2020-10-08,meera.kumar512@gmail.com,9297433508.0,Active
1137,Nikhil Gupta,Male,35,Pune,Karnataka,27,Regular,2023-02-09,nikhil.gupta768@gmail.com,9983800827.0,Active
1138,Riya Sharma,Male,35,Pune,Uttar Pradesh,14,Silver,2024-02-08,riya.sharma64@gmail.com,9112245614.0,
1139,Priya Reddy,Male,40,Chennai,Delhi,24,Gold,2025-10-29,priya.reddy21@gmail.com,9961772231.0,Active
1140,Aditya Sharma,Female,37,Mumbai,Tamil Nadu,27,Regular,2024-08-22,aditya.sharma729@gmail.com,9883981727.0,Active
1141,Kiran Sharma,Female,33,Chennai,West Bengal,14,Premium,2024-05-01,kiran.sharma695@gmail.com,9459521229.0,Active
1142,Vivaan Kumar,Female,46,Kolkata,West Bengal,30,Gold,2020-08-19,vivaan.kumar82@gmail.com,9070459355.0,Active
1143,Sneha Nair,Female,56,Chennai,Telangana,16,Gold,2025-09-01,sneha.nair390@gmail.com,9677627454.0,Active
1144,Aditya Nair,Female,45,Bengaluru,Gujarat,13,Silver,2025-05-10,aditya.nair849@gmail.com,9328469125.0,Active
1145,Rahul Verma,Male,20,Ahmedabad,West Bengal,29,Silver,2023-01-28,rahul.verma786@gmail.com,9491500685.0,Active
1146,Priya Patel,Female,45,Mumbai,West Bengal,30,Regular,2021-12-04,priya.patel295@gmail.com,9021832770.0,Active
1147,Vikram Patel,Female,23,Kolkata,Delhi,12,Regular,2022-01-06,vikram.patel677@gmail.com,9605786205.0,Active
1148,Arjun Rao,Female,65,Delhi,Telangana,20,Silver,2021-10-29,arjun.rao91@gmail.com,9171892569.0,Active
1149,Arjun Patel,Male,69,Mumbai,West Bengal,10,Silver,2023-09-22,arjun.patel667@gmail.com,9829374852.0,Active
1150,Vikram Patel,Male,32,Bengaluru,Telangana,13,Silver,2023-11-11,vikram.patel728@gmail.com,9703376455.0,Active
1151,Aisha Kumar,Female,51,Mumbai,Tamil Nadu,24,Premium,2024-06-13,aisha.kumar8@gmail.com,9026111818.0,Active
1152,Neha Kumar,Female,52,Kolkata,Maharashtra,8,Regular,2023-04-05,neha.kumar617@gmail.com,9747319304.0,Active
1153,Vikram Kumar,Male,30,Kolkata,Tamil Nadu,11,Premium,2024-05-11,vikram.kumar968@gmail.com,9629543166.0,Active
1154,Ananya Kumar,Female,34,Kolkata,Kerala,24,Gold,2021-06-10,ananya.kumar379@gmail.com,9528371081.0,Active
1155,Aisha Rao,Male,41,Hyderabad,Telangana,30,Gold,2021-03-30,aisha.rao69@gmail.com,9948634008.0,Active
1156,Diya Patel,Male,50,Kolkata,West Bengal,30,Premium,2022-07-30,diya.patel863@gmail.com,9019817258.0,Active
1157,Meera Reddy,Male,35,Mumbai,West Bengal,28,Gold,2023-04-08,meera.reddy35@gmail.com,9777714361.0,Active
1158,Priya Nair,Male,30,Ahmedabad,Andhra Pradesh,1,Silver,2020-03-19,priya.nair938@gmail.com,9143477842.0,Inactive
1159,Diya Verma,Male,54,Delhi,Gujarat,8,Regular,2020-09-19,diya.verma396@gmail.com,9943008644.0,Active
1160,Arjun Gupta,Male,26,Ahmedabad,Karnataka,11,Regular,2024-10-04,arjun.gupta623@gmail.com,9105428802.0,Active
1161,Ananya Joshi,Male,56,Kolkata,Kerala,17,Silver,2025-09-23,ananya.joshi187@gmail.com,9210122584.0,Active
1162,Aisha Gupta,Male,68,Delhi,Gujarat,14,Gold,2021-04-11,aisha.gupta961@gmail.com,9405934908.0,Active
1163,Aditya Verma,Male,55,Chennai,Kerala,1,Premium,2020-01-13,aditya.verma963@gmail.com,9189884805.0,Active
1164,Meera Rao,Female,57,Hyderabad,Delhi,23,Regular,2023-11-06,meera.rao637@gmail.com,9357586437.0,Active
1165,Nikhil Kumar,Male,40,Chennai,Delhi,19,Gold,2022-12-26,nikhil.kumar978@gmail.com,9240857735.0,Active
1166,Rohan Patel,Male,27,Delhi,Uttar Pradesh,20,Regular,2025-07-21,rohan.patel56@gmail.com,9927083033.0,Active
1167,Kavya Patel,Male,69,Mumbai,West Bengal,10,Regular,2022-09-20,kavya.patel955@gmail.com,9432009371.0,Active
1168,Priya Joshi,Male,39,Ahmedabad,Delhi,9,Regular,2022-05-25,priya.joshi641@gmail.com,9299709289.0,Active
1169,Ananya Rao,Female,44,Mumbai,Kerala,26,Regular,2022-07-07,ananya.rao268@gmail.com,9197793510.0,Active
1170,Diya Singh,Female,50,Chennai,West Bengal,20,Regular,2021-09-16,diya.singh620@gmail.com,9885871054.0,Active
1171,Priya Verma,Male,18,Hyderabad,Uttar Pradesh,9,Regular,2024-08-04,priya.verma253@gmail.com,9856920721.0,Active
1172,Arjun Reddy,Female,28,Bengaluru,Delhi,8,Gold,2022-08-19,arjun.reddy299@gmail.com,9857585660.0,Active
1173,Diya Gupta,Female,25,Hyderabad,Uttar Pradesh,22,Gold,2022-02-02,diya.gupta646@gmail.com,9272319977.0,Active
1174,Nikhil Verma,Female,63,Chennai,West Bengal,25,Regular,2025-12-07,nikhil.verma699@gmail.com,9619358723.0,Active
1175,Nikhil Nair,Female,65,Delhi,Telangana,30,Silver,2025-07-12,nikhil.nair391@gmail.com,9025832117.0,Active
1176,Meera Patel,Female,37,Bengaluru,Gujarat,29,Regular,2021-08-24,meera.patel987@gmail.com,9730879997.0,Active
1177,Riya Sharma,Male,23,Mumbai,West Bengal,1,Gold,2021-05-28,riya.sharma89@gmail.com,9490652325.0,Active
1178,Priya Singh,Female,70,Bengaluru,Telangana,19,Regular,2020-08-02,priya.singh900@gmail.com,9617583610.0,Active
1179,Rahul Kumar,Female,58,Hyderabad,Kerala,5,Gold,2025-07-27,rahul.kumar603@gmail.com,9080792074.0,
1180,Riya Singh,Female,69,Delhi,Tamil Nadu,18,Regular,2021-11-20,riya.singh934@gmail.com,9591895569.0,Active
1181,Meera Reddy,Female,43,Chennai,Kerala,29,Gold,2024-12-23,meera.reddy328@gmail.com,9029281100.0,Active
1182,Aditya Singh,Female,57,Chennai,Telangana,19,Gold,2021-10-08,aditya.singh808@gmail.com,9662447438.0,Active
1183,Aarav Singh,Female,46,Bengaluru,Andhra Pradesh,13,Regular,2020-07-03,aarav.singh922@gmail.com,9476084811.0,Active
1184,Nikhil Joshi,Female,46,Ahmedabad,Delhi,14,Regular,2020-01-05,nikhil.joshi212@gmail.com,9736319747.0,Active
1185,Riya Reddy,Male,40,Hyderabad,Delhi,9,Regular,2021-06-12,riya.reddy494@gmail.com,9950886919.0,Active
1186,Meera Kumar,Female,60,Bengaluru,Kerala,8,Gold,2021-04-08,meera.kumar408@gmail.com,9650641976.0,Active
1187,Meera Sharma,Male,41,Bengaluru,Kerala,22,Silver,2020-10-08,meera.sharma950@gmail.com,9933482441.0,Active
1188,Kavya Rao,Male,58,Hyderabad,Delhi,13,Regular,2022-01-16,kavya.rao417@gmail.com,9377885341.0,active
1189,Nikhil Verma,Female,22,Mumbai,Delhi,25,Regular,2023-05-04,nikhil.verma954@gmail.com,9449463937.0,Active
1190,Vivaan Verma,Female,67,Mumbai,Andhra Pradesh,20,Silver,2022-08-08,vivaan.verma262@gmail.com,9406601029.0,Active
1191,Meera Kumar,Female,28,Chennai,Maharashtra,7,Silver,2023-06-01,meera.kumar306@gmail.com,9290257570.0,Active
1192,Kiran Joshi,Male,64,Delhi,Gujarat,25,Gold,2023-09-03,kiran.joshi649@gmail.com,9452767104.0,Inactive
1193,Arjun Gupta,Male,23,Pune,Telangana,22,Silver,2021-02-16,arjun.gupta19@gmail.com,9000871602.0,
1194,Ananya Verma,Male,36,Mumbai,Karnataka,5,Silver,2025-01-25,ananya.verma224@gmail.com,9989954196.0,Active
1195,Rohan Singh,Female,35,Hyderabad,Gujarat,3,Premium,2025-06-22,rohan.singh859@gmail.com,9152307842.0,Active
1196,Ananya Nair,Male,23,Chennai,Tamil Nadu,11,Regular,2023-06-15,ananya.nair393@gmail.com,9889299118.0,Active
1197,Aditya Reddy,Male,35,Chennai,Gujarat,26,Regular,2023-01-27,aditya.reddy214@gmail.com,9110303031.0,Active
1198,Diya Sharma,Female,61,Pune,Tamil Nadu,2,Gold,2024-03-28,diya.sharma69@gmail.com,9322509791.0,Active
1199,Rahul Joshi,Female,65,Mumbai,Maharashtra,1,Silver,2020-01-12,rahul.joshi914@gmail.com,9583597079.0,Active
1200,Ishaan Patel,Male,69,Kolkata,Tamil Nadu,11,Regular,2022-06-19,ishaan.patel254@gmail.com,9393949918.0,Active
1201,Arjun Sharma,Female,60,Chennai,Tamil Nadu,3,Silver,2021-05-05,arjun.sharma949@gmail.com,9954317542.0,Active
1202,Priya Nair,Male,62,Delhi,Karnataka,22,Silver,2024-03-16,priya.nair733@gmail.com,9407592681.0,Active
1203,Aisha Rao,Male,62,Mumbai,Uttar Pradesh,20,Regular,2020-12-23,aisha.rao985@gmail.com,9099897011.0,Active
1204,Arjun Nair,Female,62,Delhi,Delhi,7,Premium,2024-05-10,arjun.nair258@gmail.com,9909375871.0,Active
1205,Kiran Joshi,Male,37,Bengaluru,Kerala,25,Regular,2022-01-04,kiran.joshi456@gmail.com,9496724536.0,Active
1206,Diya Singh,Female,37,Kolkata,Tamil Nadu,4,Silver,2021-01-28,diya.singh841@gmail.com,9724897190.0,Active
1207,Ishaan Gupta,Female,62,Delhi,Karnataka,20,Regular,2021-07-07,ishaan.gupta898@gmail.com,9460797557.0,Active
1208,Aditya Verma,Female,32,Bengaluru,Telangana,28,Gold,2020-03-24,aditya.verma646@gmail.com,9048221582.0,Active
1209,Arjun Rao,Male,27,Ahmedabad,Maharashtra,25,Regular,2023-08-24,arjun.rao999@gmail.com,9845120518.0,Active
1210,Kiran Sharma,Female,46,Pune,Maharashtra,15,Regular,2024-05-16,kiran.sharma813@gmail.com,9316505624.0,Active
1211,Diya Rao,Male,42,Ahmedabad,Uttar Pradesh,30,Gold,2025-03-17,diya.rao321@gmail.com,9192386050.0,Active
1212,Sai Nair,Female,30,Pune,Kerala,16,Gold,2023-06-12,sai.nair854@gmail.com,9417410623.0,Active
1213,Riya Nair,Male,35,Kolkata,West Bengal,10,Silver,2021-12-19,riya.nair112@gmail.com,9887141110.0,Active
1214,Vikram Verma,Male,38,Hyderabad,Uttar Pradesh,7,Premium,2022-06-22,vikram.verma809@gmail.com,9587449841.0,Active
1215,Priya Sharma,Male,42,Chennai,Telangana,22,Regular,2025-03-06,priya.sharma135@gmail.com,9752645877.0,Active
1216,Nikhil Rao,Male,50,Delhi,Andhra Pradesh,28,Silver,2025-01-07,nikhil.rao85@gmail.com,9930387179.0,Active
1217,Nikhil Nair,Male,70,Ahmedabad,Telangana,7,Regular,2026-01-08,nikhil.nair952@gmail.com,9175353478.0,Active
1218,Kiran Kumar,Male,51,Mumbai,Andhra Pradesh,1,Gold,2024-03-23,kiran.kumar111@gmail.com,9426822081.0,Active
1219,Meera Verma,Male,25,Ahmedabad,Karnataka,25,Regular,2021-12-17,meera.verma439@gmail.com,9502446589.0,Active
1220,Vivaan Sharma,Female,21,Bengaluru,Delhi,18,Regular,2021-10-13,vivaan.sharma995@gmail.com,9926645307.0,Active
1221,Meera Kumar,Male,32,Mumbai,Tamil Nadu,21,Regular,2024-04-04,meera.kumar261@gmail.com,9542176225.0,Active
1222,Aditya Reddy,Female,36,Ahmedabad,Maharashtra,26,Premium,2023-02-19,aditya.reddy775@gmail.com,9206956081.0,Active
1223,Ishaan Gupta,Male,56,Bengaluru,Karnataka,12,Regular,2020-09-24,ishaan.gupta122@gmail.com,9916653036.0,Active
1224,Vivaan Verma,Female,36,Kolkata,Uttar Pradesh,4,Silver,2025-12-30,vivaan.verma52@gmail.com,9022234151.0,Active
1225,Kiran Sharma,Female,25,Chennai,West Bengal,11,Silver,2020-12-13,kiran.sharma151@gmail.com,9498160948.0,Active
1226,Ananya Reddy,Female,26,Bengaluru,West Bengal,13,Silver,2024-12-22,ananya.reddy960@gmail.com,9144362597.0,Active
1227,Neha Verma,Male,70,Hyderabad,Uttar Pradesh,11,Regular,2023-02-28,neha.verma597@gmail.com,9034553299.0,Active
1228,Vivaan Sharma,Female,21,Kolkata,Maharashtra,26,Regular,2022-03-14,vivaan.sharma976@gmail.com,9481271710.0,active
1229,Kavya Rao,Male,44,Bengaluru,Gujarat,6,Regular,2024-09-23,kavya.rao512@gmail.com,9247953969.0,Active
1230,Aarav Gupta,Male,42,Ahmedabad,Delhi,13,Gold,2025-02-26,aarav.gupta574@gmail.com,9300201956.0,Active
1231,Aisha Gupta,Female,26,Bengaluru,Delhi,29,Gold,2024-09-04,aisha.gupta311@gmail.com,9711622168.0,Active
1232,Vivaan Gupta,Male,36,Chennai,Tamil Nadu,14,Regular,2022-09-17,vivaan.gupta83@gmail.com,9504902535.0,Active
1233,Priya Verma,Female,21,Chennai,Telangana,22,Regular,2022-07-06,priya.verma888@gmail.com,9326011657.0,Active
1234,Aditya Gupta,Female,30,Pune,Tamil Nadu,7,Silver,2023-08-23,aditya.gupta266@gmail.com,9463031617.0,Active
1235,Neha Reddy,Female,54,Ahmedabad,Kerala,14,Regular,2025-05-03,neha.reddy677@gmail.com,9661756957.0,Active
1236,Neha Verma,Female,67,Ahmedabad,West Bengal,18,Regular,2025-08-30,neha.verma499@gmail.com,9309957487.0,Active
1237,Vikram Joshi,Male,51,Chennai,Delhi,21,Silver,2022-12-05,vikram.joshi124@gmail.com,9436266782.0,Active
1238,Priya Singh,Female,23,Ahmedabad,Gujarat,4,Silver,2020-11-09,priya.singh932@gmail.com,9748208949.0,Active
1239,Nikhil Sharma,Male,54,Mumbai,Delhi,24,Premium,2024-12-02,nikhil.sharma353@gmail.com,9156118269.0,Inactive
1240,Vivaan Nair,Female,58,Bengaluru,West Bengal,6,Regular,2023-12-24,vivaan.nair559@gmail.com,9224724125.0,Active
1241,Sai Nair,Female,28,Bengaluru,Kerala,11,Premium,2025-10-15,sai.nair746@gmail.com,9317154801.0,Active
1242,Aarav Gupta,Male,67,Bengaluru,Gujarat,20,Gold,2025-05-16,aarav.gupta282@gmail.com,9871824937.0,Active
1243,Rahul Rao,Female,50,Kolkata,Maharashtra,15,Gold,2023-12-11,rahul.rao265@gmail.com,9483953875.0,Active
1244,Priya Rao,Female,27,Ahmedabad,Kerala,29,Regular,2023-06-15,priya.rao436@gmail.com,9678850655.0,Inactive
1245,Meera Verma,Female,32,Kolkata,Maharashtra,27,Premium,2024-12-17,meera.verma140@gmail.com,9401148598.0,Active
1246,Ishaan Kumar,Male,37,Bengaluru,Uttar Pradesh,21,Regular,2023-12-26,ishaan.kumar488@gmail.com,9838072645.0,ACTIVE
1247,Meera Joshi,Male,26,Kolkata,Uttar Pradesh,22,Regular,2025-11-04,meera.joshi496@gmail.com,9258476649.0,Active
1248,Sai Gupta,Male,66,Bengaluru,Delhi,29,Regular,2022-08-05,sai.gupta110@gmail.com,9198066379.0,Active
1249,Sai Gupta,Male,40,Pune,West Bengal,27,Silver,2022-03-04,sai.gupta241@gmail.com,9326101635.0,Active
1250,Kavya Joshi,Female,48,Kolkata,Gujarat,25,Regular,2025-02-14,kavya.joshi880@gmail.com,9750789521.0,Active
1251,Rohan Singh,Male,31,Mumbai,Andhra Pradesh,27,Silver,2020-07-02,rohan.singh251@gmail.com,9220520674.0,Active
1252,Aisha Nair,Female,39,Pune,Uttar Pradesh,25,Regular,2022-11-23,aisha.nair189@gmail.com,9635469452.0,Active
1253,Vivaan Joshi,Male,67,Pune,Gujarat,10,Regular,2025-09-05,vivaan.joshi452@gmail.com,9579536114.0,Active
1254,Vivaan Kumar,Male,26,Ahmedabad,West Bengal,14,Regular,2024-04-02,vivaan.kumar661@gmail.com,9925558020.0,Active
1255,Neha Joshi,Male,49,Ahmedabad,Telangana,7,Regular,2024-02-18,neha.joshi57@gmail.com,9531376325.0,Active
1256,Diya Sharma,Female,51,Kolkata,Uttar Pradesh,3,Silver,2023-02-21,diya.sharma835@gmail.com,9115998297.0,Active
1257,Sneha Verma,Male,34,Delhi,Andhra Pradesh,11,Silver,2021-09-01,sneha.verma860@gmail.com,9572288388.0,Active
1258,Riya Kumar,Female,37,Kolkata,West Bengal,26,Silver,2024-04-15,riya.kumar37@gmail.com,9135615890.0,Active
1259,Vivaan Sharma,Female,54,Kolkata,West Bengal,5,Regular,2023-11-07,vivaan.sharma380@gmail.com,9076396785.0,Active
1260,Vikram Nair,Male,61,Kolkata,Karnataka,23,Gold,2023-09-20,vikram.nair375@gmail.com,9614896726.0,Active
1261,Kiran Kumar,Male,42,Kolkata,West Bengal,9,Regular,2025-09-14,kiran.kumar227@gmail.com,9369208972.0,Active
1262,Nikhil Singh,Female,41,Delhi,West Bengal,16,Silver,2021-01-21,nikhil.singh831@gmail.com,9749120672.0,Active
1263,Rahul Nair,Male,29,Pune,Karnataka,17,Regular,2024-07-01,rahul.nair309@gmail.com,9627524414.0,Active
1264,Vivaan Verma,Female,27,Ahmedabad,West Bengal,24,Regular,2020-01-10,vivaan.verma61@gmail.com,9882705872.0,Active
1265,Priya Gupta,Female,69,Mumbai,Andhra Pradesh,13,Silver,2024-03-15,priya.gupta381@gmail.com,9375111029.0,Active
1266,Kiran Joshi,Male,36,Kolkata,Maharashtra,30,Gold,2022-07-27,kiran.joshi241@gmail.com,9333831703.0,Active
1267,Vivaan Singh,Female,21,Pune,Uttar Pradesh,26,Silver,2021-10-17,vivaan.singh481@gmail.com,9350447077.0,Active
1268,Rahul Rao,Female,32,Pune,West Bengal,11,Silver,2022-12-16,rahul.rao217@gmail.com,9701275644.0,Active
1269,Vivaan Sharma,Male,55,Mumbai,West Bengal,8,Regular,2025-05-14,vivaan.sharma797@gmail.com,9920685976.0,Inactive
1270,Aarav Nair,Female,24,Delhi,Andhra Pradesh,25,Premium,2023-11-02,aarav.nair696@gmail.com,9045650298.0,Active
1271,Sai Reddy,Male,53,Bengaluru,West Bengal,26,Gold,2024-08-21,sai.reddy651@gmail.com,9570243175.0,Active
1272,Aarav Verma,Female,66,Ahmedabad,Tamil Nadu,3,Regular,2021-05-13,aarav.verma238@gmail.com,9142682313.0,Active
1273,Priya Patel,Female,23,Delhi,Kerala,14,Gold,2022-10-25,priya.patel935@gmail.com,9137242310.0,Active
1274,Meera Sharma,Male,23,Chennai,Delhi,15,Regular,2020-11-12,meera.sharma151@gmail.com,9038976779.0,Active
1275,Ishaan Gupta,Male,28,Hyderabad,West Bengal,16,Silver,2023-12-20,ishaan.gupta570@gmail.com,9830280312.0,ACTIVE
1276,Arjun Patel,Female,60,Delhi,Delhi,2,Regular,2023-10-22,arjun.patel304@gmail.com,9274947057.0,Active
1277,Aarav Reddy,Male,36,Mumbai,Andhra Pradesh,2,Gold,2023-01-25,aarav.reddy843@gmail.com,9458863785.0,Active
1278,Rohan Patel,Male,25,Pune,Telangana,24,Silver,2022-10-28,rohan.patel171@gmail.com,9129706663.0,Active
1279,Ananya Patel,Female,61,Hyderabad,Delhi,29,Gold,2020-12-13,ananya.patel643@gmail.com,9124814541.0,Active
1280,Meera Reddy,Female,63,Ahmedabad,Andhra Pradesh,15,Silver,2020-07-13,meera.reddy256@gmail.com,9323282170.0,Active
1281,Priya Verma,Male,21,Chennai,Kerala,21,Silver,2024-09-02,priya.verma63@gmail.com,9376471339.0,ACTIVE
1282,Priya Rao,Female,42,Hyderabad,Karnataka,4,Regular,2025-12-21,priya.rao564@gmail.com,9053912027.0,Active
1283,Meera Verma,Male,56,Chennai,Gujarat,22,Silver,2023-10-22,meera.verma574@gmail.com,9597483245.0,Active
1284,Neha Nair,Female,19,Mumbai,Maharashtra,28,Gold,2021-11-11,neha.nair799@gmail.com,9118760812.0,Active
1285,Vikram Patel,Female,43,Mumbai,West Bengal,26,Silver,2023-08-21,vikram.patel540@gmail.com,9665186599.0,Active
1286,Diya Rao,Female,54,Chennai,Karnataka,18,Regular,2023-01-02,diya.rao970@gmail.com,9281840172.0,Active
1287,Rahul Kumar,Male,28,Bengaluru,Andhra Pradesh,9,Gold,2021-07-16,rahul.kumar425@gmail.com,9162515635.0,Active
1288,Aisha Nair,Male,64,Chennai,Gujarat,7,Premium,2020-08-12,aisha.nair584@gmail.com,9335315363.0,Active
1289,Vikram Gupta,Female,64,Kolkata,Maharashtra,12,Gold,2022-07-04,vikram.gupta32@gmail.com,9189487444.0,Active
1290,Kavya Kumar,Female,35,Hyderabad,West Bengal,1,Regular,2020-03-23,kavya.kumar546@gmail.com,9117823484.0,Active
1291,Vivaan Nair,Female,57,Hyderabad,Andhra Pradesh,30,Regular,2020-07-07,vivaan.nair688@gmail.com,9389336450.0,Active
1292,Aarav Reddy,Male,67,Chennai,Karnataka,11,Gold,2025-12-21,aarav.reddy837@gmail.com,9896058767.0,Active
1293,Neha Sharma,Male,23,Delhi,Delhi,26,Silver,2024-12-14,neha.sharma166@gmail.com,9740039095.0,Active
1294,Riya Sharma,Male,53,Ahmedabad,Delhi,15,Silver,2022-02-01,riya.sharma184@gmail.com,9273001808.0,ACTIVE
1295,Kiran Gupta,Female,46,Mumbai,Maharashtra,4,Gold,2023-05-31,kiran.gupta110@gmail.com,9591410367.0,Active
1296,Aarav Singh,Male,54,Pune,Gujarat,12,Regular,2024-09-24,aarav.singh602@gmail.com,9298812092.0,Active
1297,Neha Reddy,Male,54,Bengaluru,Kerala,22,Gold,2021-01-16,neha.reddy694@gmail.com,9826897690.0,active
1298,Vivaan Joshi,Female,61,Ahmedabad,Gujarat,27,Silver,2021-07-21,vivaan.joshi650@gmail.com,9551346705.0,Active
1299,Neha Patel,Male,19,Hyderabad,Gujarat,16,Silver,2023-12-14,neha.patel378@gmail.com,9313751144.0,Active
1300,Vivaan Verma,Female,53,Mumbai,West Bengal,18,Gold,2022-02-02,vivaan.verma633@gmail.com,9275657332.0,Active
1301,Sai Reddy,Female,22,Chennai,Delhi,3,Regular,2020-06-11,sai.reddy674@gmail.com,9842486129.0,active
1302,Aisha Gupta,Male,21,Ahmedabad,Uttar Pradesh,13,Regular,2024-08-24,aisha.gupta297@gmail.com,9240593504.0,Active
1303,Aisha Kumar,Male,60,Delhi,Karnataka,14,Silver,2021-11-25,aisha.kumar921@gmail.com,9484619934.0,Active
1304,Arjun Rao,Female,23,Ahmedabad,Gujarat,30,Regular,2026-01-08,arjun.rao582@gmail.com,9073094208.0,Active
1305,Rohan Singh,Male,70,Mumbai,Tamil Nadu,18,Regular,2021-02-19,rohan.singh859@gmail.com,9895578643.0,Active
1306,Nikhil Singh,Male,22,Hyderabad,Kerala,30,Gold,2025-05-27,nikhil.singh960@gmail.com,9612309261.0,Active
1307,Kavya Gupta,Female,51,Mumbai,Andhra Pradesh,21,Regular,2024-05-12,kavya.gupta348@gmail.com,9651952980.0,Active
1308,Aarav Nair,Female,23,Chennai,Maharashtra,22,Regular,2021-10-01,aarav.nair905@gmail.com,9607228976.0,Active
1309,Priya Kumar,Female,52,Pune,Uttar Pradesh,22,Premium,2021-11-13,priya.kumar546@gmail.com,9882344531.0,Active
1310,Sneha Reddy,Male,28,Hyderabad,Telangana,9,Gold,2021-08-09,sneha.reddy857@gmail.com,9239730112.0,Active
1311,Vivaan Sharma,Female,48,Hyderabad,Andhra Pradesh,30,Regular,2024-01-02,vivaan.sharma433@gmail.com,9196675912.0,Active
1312,Sai Nair,Female,58,Bengaluru,Delhi,2,Regular,2025-04-17,sai.nair290@gmail.com,9262935024.0,Active
1313,Priya Joshi,Male,67,Delhi,Kerala,11,Regular,2024-07-09,priya.joshi909@gmail.com,9809208287.0,Active
1314,Rahul Verma,Female,18,Pune,Telangana,30,Silver,2022-06-21,rahul.verma939@gmail.com,9605774317.0,Active
1315,Ananya Singh,Female,19,Ahmedabad,Andhra Pradesh,6,Silver,2021-11-13,ananya.singh792@gmail.com,9494930142.0,Inactive
1316,Rohan Reddy,Male,63,Kolkata,Andhra Pradesh,12,Regular,2024-08-09,rohan.reddy560@gmail.com,9760165658.0,Active
1317,Priya Sharma,Female,46,Mumbai,Maharashtra,25,Gold,2023-03-06,priya.sharma854@gmail.com,9460161250.0,Active
1318,Neha Nair,Female,47,Delhi,Kerala,26,Regular,2023-10-14,neha.nair858@gmail.com,9179465756.0,Active
1319,Aisha Singh,Male,58,Chennai,Tamil Nadu,19,Silver,2023-09-29,aisha.singh594@gmail.com,9460728111.0,Active
1320,Aisha Gupta,Male,24,Chennai,Delhi,18,Regular,2021-04-18,aisha.gupta711@gmail.com,9107462648.0,Active
1321,Diya Joshi,Male,61,Chennai,Tamil Nadu,11,Regular,2021-08-21,diya.joshi587@gmail.com,9768562212.0,Active
1322,Nikhil Singh,Female,34,Pune,West Bengal,11,Regular,2025-02-01,nikhil.singh365@gmail.com,9004084569.0,
1323,Aisha Kumar,Male,37,Hyderabad,Maharashtra,22,Regular,2022-11-16,aisha.kumar540@gmail.com,9030673808.0,Active
1324,Vikram Singh,Female,47,Mumbai,Andhra Pradesh,5,Regular,2024-12-13,vikram.singh219@gmail.com,9661873563.0,Active
1325,Diya Singh,Female,47,Ahmedabad,Telangana,1,Silver,2023-07-03,diya.singh569@gmail.com,9760156760.0,Active
1326,Priya Singh,Female,37,Chennai,Maharashtra,17,Silver,2021-09-10,priya.singh598@gmail.com,9181748915.0,Active
1327,Aarav Sharma,Female,54,Kolkata,Delhi,9,Regular,2025-03-08,aarav.sharma58@gmail.com,9279653002.0,Active
1328,Rahul Kumar,Female,55,Bengaluru,Kerala,8,Silver,2021-01-22,rahul.kumar716@gmail.com,9701946014.0,ACTIVE
1329,Kiran Verma,Female,45,Kolkata,Maharashtra,1,Premium,2022-05-21,kiran.verma144@gmail.com,9840413461.0,
1330,Sneha Gupta,Male,33,Bengaluru,West Bengal,28,Regular,2020-07-08,sneha.gupta269@gmail.com,9346139943.0,Active
1331,Rahul Patel,Female,43,Kolkata,Maharashtra,15,Regular,2024-05-03,rahul.patel11@gmail.com,9380312448.0,Active
1332,Vivaan Singh,Male,24,Pune,Delhi,14,Regular,2022-06-02,vivaan.singh789@gmail.com,9616876811.0,Active
1333,Sneha Kumar,Female,25,Delhi,West Bengal,8,Silver,2021-12-09,sneha.kumar363@gmail.com,9191102094.0,Active
1334,Priya Kumar,Male,41,Pune,Delhi,8,Silver,2021-12-21,priya.kumar520@gmail.com,9149394881.0,Active
1335,Kavya Joshi,Female,18,Chennai,Delhi,18,Regular,2021-03-21,kavya.joshi915@gmail.com,9178256924.0,Active
1336,Vikram Reddy,Female,35,Bengaluru,Tamil Nadu,14,Regular,2021-12-31,vikram.reddy444@gmail.com,9921090573.0,Active
1337,Aisha Nair,Male,68,Ahmedabad,Gujarat,16,Silver,2024-12-01,aisha.nair860@gmail.com,9452380988.0,Active
1338,Meera Joshi,Male,19,Hyderabad,Andhra Pradesh,23,Regular,2021-08-13,meera.joshi412@gmail.com,9717671138.0,Active
1339,Nikhil Reddy,Male,59,Chennai,Delhi,16,Regular,2022-08-21,nikhil.reddy853@gmail.com,9172473805.0,Active
1340,Vikram Patel,Male,41,Delhi,Telangana,19,Silver,2025-03-04,vikram.patel35@gmail.com,9466854165.0,
1341,Rohan Sharma,Female,19,Bengaluru,Telangana,9,Regular,2022-12-30,rohan.sharma466@gmail.com,9974010963.0,Active
1342,Diya Joshi,Male,43,Pune,Tamil Nadu,18,Silver,2020-02-23,diya.joshi554@gmail.com,9565111894.0,Active
1343,Riya Nair,Male,37,Ahmedabad,Andhra Pradesh,8,Premium,2021-08-04,riya.nair90@gmail.com,9209084931.0,Active
1344,Diya Patel,Female,41,Chennai,West Bengal,18,Gold,2024-08-27,diya.patel128@gmail.com,9194929924.0,
1345,Neha Joshi,Female,55,Pune,Delhi,21,Premium,2020-06-25,neha.joshi612@gmail.com,9081051862.0,Active
1346,Diya Reddy,Female,52,Hyderabad,Uttar Pradesh,28,Regular,2020-02-26,diya.reddy640@gmail.com,9980565792.0,Active
1347,Vikram Joshi,Male,52,Hyderabad,Gujarat,26,Regular,2023-11-13,vikram.joshi911@gmail.com,9968592929.0,Active
1348,Neha Singh,Male,37,Ahmedabad,Delhi,12,Silver,2024-05-03,neha.singh874@gmail.com,9513501727.0,Active
1349,Vivaan Gupta,Male,50,Mumbai,West Bengal,20,Regular,2021-12-04,vivaan.gupta520@gmail.com,9647199164.0,Active
1350,Riya Patel,Male,24,Mumbai,Kerala,10,Regular,2023-04-16,riya.patel811@gmail.com,9652481663.0,Active
1351,Priya Gupta,Female,44,Chennai,West Bengal,13,Regular,2025-03-17,priya.gupta877@gmail.com,9992863835.0,Active
1352,Diya Gupta,Male,26,Hyderabad,Karnataka,15,Regular,2023-06-30,diya.gupta423@gmail.com,9704862320.0,Active
1353,Rohan Sharma,Female,33,Chennai,Uttar Pradesh,28,Silver,2023-04-07,rohan.sharma443@gmail.com,9408691839.0,active
1354,Neha Patel,Female,55,Mumbai,Gujarat,21,Gold,2020-10-13,neha.patel202@gmail.com,9246815888.0,Active
1355,Meera Nair,Male,57,Delhi,Uttar Pradesh,14,Regular,2023-03-06,meera.nair948@gmail.com,9803754306.0,Active
1356,Arjun Joshi,Female,61,Chennai,Maharashtra,11,Regular,2023-08-31,arjun.joshi113@gmail.com,9670620655.0,Inactive
1357,Meera Sharma,Female,61,Hyderabad,Karnataka,25,Regular,2021-09-19,meera.sharma311@gmail.com,9379199544.0,Active
1358,Ishaan Rao,Male,33,Hyderabad,Uttar Pradesh,2,Regular,2020-05-06,ishaan.rao759@gmail.com,9108001106.0,ACTIVE
1359,Sai Joshi,Male,20,Ahmedabad,Telangana,28,Regular,2025-11-16,sai.joshi922@gmail.com,9814824457.0,Active
1360,Meera Kumar,Female,64,Chennai,Uttar Pradesh,25,Regular,2024-01-18,meera.kumar558@gmail.com,9532960326.0,active
1361,Sai Patel,Male,43,Bengaluru,Karnataka,21,Gold,2021-10-16,sai.patel406@gmail.com,9989188941.0,Active
1362,Riya Sharma,Female,68,Delhi,Karnataka,23,Regular,2021-05-25,riya.sharma841@gmail.com,9781010802.0,Active
1363,Ananya Kumar,Male,40,Hyderabad,Karnataka,23,Gold,2023-02-23,ananya.kumar144@gmail.com,9224135766.0,ACTIVE
1364,Arjun Kumar,Male,41,Delhi,Andhra Pradesh,4,Silver,2024-07-24,arjun.kumar746@gmail.com,9278262856.0,Active
1365,Vikram Nair,Female,36,Chennai,Andhra Pradesh,24,Regular,2022-05-11,vikram.nair60@gmail.com,9689726885.0,Active
1366,Ananya Nair,Male,37,Chennai,Telangana,23,Regular,2025-12-17,ananya.nair590@gmail.com,9740449426.0,Active
1367,Vivaan Reddy,Female,55,Mumbai,Gujarat,15,Silver,2022-01-17,vivaan.reddy721@gmail.com,9327713772.0,Active
1368,Kiran Patel,Male,41,Chennai,West Bengal,6,Regular,2021-02-10,kiran.patel465@gmail.com,9307192562.0,Active
1369,Rahul Kumar,Female,69,Bengaluru,Delhi,17,Regular,2025-05-06,rahul.kumar880@gmail.com,9577797669.0,Active
1370,Nikhil Rao,Male,57,Bengaluru,Tamil Nadu,30,Regular,2024-06-24,nikhil.rao578@gmail.com,9776387574.0,Active
1371,Ishaan Patel,Female,38,Delhi,Telangana,2,Regular,2023-01-02,ishaan.patel103@gmail.com,9265279607.0,Active
1372,Nikhil Sharma,Female,32,Chennai,Andhra Pradesh,17,Regular,2023-09-14,nikhil.sharma532@gmail.com,9373700868.0,Active
1373,Vikram Reddy,Male,50,Mumbai,West Bengal,27,Regular,2021-05-01,vikram.reddy930@gmail.com,9635846881.0,Active
1374,Sai Singh,Male,28,Mumbai,Gujarat,6,Regular,2025-09-11,sai.singh963@gmail.com,9117598003.0,Active
1375,Aisha Patel,Male,26,Ahmedabad,Uttar Pradesh,22,Silver,2023-11-06,aisha.patel917@gmail.com,9064250203.0,Active
1376,Diya Reddy,Female,70,Kolkata,Andhra Pradesh,9,Gold,2022-05-24,diya.reddy97@gmail.com,9962516774.0,Active
1377,Aarav Singh,Male,65,Pune,Maharashtra,19,Regular,2023-01-20,aarav.singh630@gmail.com,9346475961.0,ACTIVE
1378,Rahul Kumar,Male,52,Kolkata,Kerala,20,Regular,2024-03-23,rahul.kumar233@gmail.com,9655201581.0,Inactive
1379,Aarav Verma,Female,44,Ahmedabad,Delhi,18,Regular,2023-12-12,aarav.verma442@gmail.com,9126074836.0,Active
1380,Kavya Nair,Female,41,Hyderabad,Delhi,18,Silver,2022-10-17,kavya.nair199@gmail.com,9939942441.0,Active
1381,Sai Singh,Female,32,Chennai,Telangana,4,Silver,2025-02-19,sai.singh391@gmail.com,9930266633.0,Active
1382,Ishaan Verma,Female,24,Ahmedabad,Gujarat,26,Regular,2021-01-09,ishaan.verma133@gmail.com,9913856844.0,Active
1383,Rahul Singh,Female,28,Ahmedabad,Gujarat,28,Regular,2024-07-04,rahul.singh437@gmail.com,9501745403.0,Active
1384,Aditya Gupta,Female,19,Mumbai,Maharashtra,5,Regular,2021-03-03,aditya.gupta478@gmail.com,9221963394.0,Active
1385,Sneha Singh,Female,60,Chennai,West Bengal,19,Regular,2022-09-24,sneha.singh455@gmail.com,9830413950.0,Active
1386,Kiran Nair,Male,19,Mumbai,Kerala,10,Regular,2025-02-19,kiran.nair999@gmail.com,9393216801.0,Active
1387,Arjun Singh,Male,57,Pune,Karnataka,8,Regular,2024-10-06,arjun.singh857@gmail.com,9024595943.0,Active
1388,Ananya Patel,Female,35,Bengaluru,Maharashtra,16,Premium,2021-07-22,ananya.patel705@gmail.com,9689858738.0,Active
1389,Sai Sharma,Female,39,Bengaluru,Kerala,5,Silver,2020-03-28,sai.sharma895@gmail.com,9590758602.0,Active
1390,Riya Nair,Male,64,Ahmedabad,Tamil Nadu,20,Regular,2020-04-07,riya.nair874@gmail.com,9737929416.0,Active
1391,Kavya Singh,Female,35,Kolkata,Maharashtra,15,Regular,2023-01-14,kavya.singh912@gmail.com,9978484406.0,Active
1392,Rahul Rao,Male,37,Bengaluru,Uttar Pradesh,12,Gold,2025-11-07,rahul.rao227@gmail.com,9501372558.0,Active
1393,Riya Gupta,Female,41,Kolkata,Uttar Pradesh,29,Regular,2023-10-04,riya.gupta989@gmail.com,9207629712.0,Active
1394,Ananya Singh,Male,60,Bengaluru,Andhra Pradesh,7,Silver,2022-10-28,ananya.singh531@gmail.com,9448822658.0,Active
1395,Kiran Rao,Male,55,Ahmedabad,Kerala,23,Gold,2020-12-27,kiran.rao242@gmail.com,9857755066.0,Active
1396,Ishaan Sharma,Female,31,Ahmedabad,Karnataka,17,Regular,2020-08-12,ishaan.sharma667@gmail.com,9280118926.0,Active
1397,Priya Rao,Male,56,Chennai,Maharashtra,15,Regular,2023-03-03,priya.rao444@gmail.com,9040512063.0,Active
1398,Nikhil Verma,Male,51,Chennai,Andhra Pradesh,15,Silver,2023-05-23,nikhil.verma405@gmail.com,9276889486.0,Active
1399,Diya Kumar,Female,41,Kolkata,Uttar Pradesh,16,Silver,2025-11-15,diya.kumar469@gmail.com,9619213231.0,Active
1400,Riya Patel,Male,22,Kolkata,West Bengal,17,Premium,2020-12-21,riya.patel63@gmail.com,9730397344.0,ACTIVE
1401,Diya Rao,Female,55,Bengaluru,Kerala,17,Premium,2025-11-07,diya.rao147@gmail.com,9347307252.0,Active
1402,Arjun Joshi,Female,20,Delhi,Maharashtra,9,Regular,2023-03-07,arjun.joshi572@gmail.com,9363425523.0,Active
1403,Meera Singh,Male,47,Delhi,Tamil Nadu,11,Regular,2022-09-28,meera.singh889@gmail.com,9758486137.0,Active
1404,Rohan Joshi,Female,33,Hyderabad,Uttar Pradesh,13,Silver,2021-05-18,rohan.joshi683@gmail.com,9517742103.0,Inactive
1405,Rohan Verma,Female,50,Kolkata,Gujarat,28,Gold,2023-12-09,rohan.verma896@gmail.com,9959269610.0,Active
1406,Ishaan Verma,Female,45,Chennai,Telangana,19,Silver,2023-03-12,ishaan.verma12@gmail.com,9869217032.0,Active
1407,Vivaan Rao,Female,63,Ahmedabad,Tamil Nadu,24,Regular,2020-06-18,vivaan.rao74@gmail.com,9313198755.0,Inactive
1408,Kavya Joshi,Male,58,Hyderabad,Maharashtra,12,Regular,2024-12-19,kavya.joshi498@gmail.com,9398758121.0,Active
1409,Sai Verma,Female,67,Kolkata,West Bengal,9,Silver,2024-12-01,sai.verma698@gmail.com,9451106586.0,Active
1410,Aarav Nair,Male,47,Bengaluru,Maharashtra,16,Regular,2021-08-15,aarav.nair741@gmail.com,9865479836.0,Active
1411,Kavya Sharma,Male,66,Mumbai,Delhi,2,Silver,2024-05-10,kavya.sharma174@gmail.com,9319302270.0,Active
1412,Aarav Gupta,Female,29,Bengaluru,Delhi,4,Regular,2025-08-25,aarav.gupta981@gmail.com,9412027375.0,Active
1413,Priya Joshi,Female,58,Mumbai,Andhra Pradesh,24,Regular,2020-02-25,priya.joshi80@gmail.com,9691118344.0,ACTIVE
1414,Vivaan Gupta,Female,68,Delhi,Tamil Nadu,3,Silver,2024-08-25,vivaan.gupta90@gmail.com,9237616252.0,Active
1415,Aisha Rao,Female,48,Mumbai,West Bengal,28,Regular,2024-08-23,aisha.rao75@gmail.com,9749432757.0,Active
1416,Sai Singh,Male,43,Mumbai,Telangana,19,Gold,2024-10-18,sai.singh689@gmail.com,9106852468.0,Active
1417,Ananya Rao,Female,29,Hyderabad,Maharashtra,29,Gold,2020-12-14,ananya.rao798@gmail.com,9615631176.0,Active
1418,Ananya Rao,Female,54,Pune,Andhra Pradesh,22,Regular,2023-08-28,ananya.rao751@gmail.com,9067311670.0,Active
1419,Meera Verma,Male,70,Kolkata,Telangana,15,Regular,2025-12-07,meera.verma276@gmail.com,9611290567.0,Active
1420,Rahul Joshi,Male,53,Chennai,Andhra Pradesh,7,Silver,2025-05-22,rahul.joshi189@gmail.com,9453531695.0,Active
1421,Riya Reddy,Male,63,Kolkata,Gujarat,4,Regular,2020-06-03,riya.reddy721@gmail.com,9557911941.0,Active
1422,Sneha Rao,Male,44,Bengaluru,Kerala,23,Silver,2024-06-29,sneha.rao480@gmail.com,9481884822.0,Active
1423,Riya Joshi,Female,44,Mumbai,Maharashtra,22,Silver,2020-12-31,riya.joshi296@gmail.com,9500635282.0,Active
1424,Priya Joshi,Female,38,Pune,Kerala,3,Silver,2025-04-07,priya.joshi482@gmail.com,9818237072.0,Active
1425,Sneha Kumar,Male,32,Pune,Tamil Nadu,26,Regular,2023-10-11,sneha.kumar107@gmail.com,9395095825.0,Active
1426,Aditya Patel,Female,20,Kolkata,Kerala,10,Gold,2020-04-08,aditya.patel771@gmail.com,9362149955.0,active
1427,Sneha Patel,Male,68,Bengaluru,Telangana,17,Regular,2025-06-02,sneha.patel938@gmail.com,9005893267.0,Active
1428,Ananya Gupta,Male,37,Hyderabad,Delhi,10,Regular,2020-12-09,ananya.gupta257@gmail.com,9542557265.0,Active
1429,Riya Reddy,Male,24,Hyderabad,Maharashtra,26,Premium,2025-01-02,riya.reddy931@gmail.com,9625582553.0,Active
1430,Sai Sharma,Male,35,Delhi,West Bengal,12,Regular,2025-07-28,sai.sharma123@gmail.com,9093309464.0,Active
1431,Neha Sharma,Male,65,Pune,West Bengal,22,Regular,2021-03-11,neha.sharma808@gmail.com,9530699018.0,Active
1432,Meera Nair,Female,64,Kolkata,Karnataka,7,Regular,2021-11-01,meera.nair632@gmail.com,9634604564.0,Active
1433,Aditya Joshi,Male,59,Delhi,West Bengal,24,Regular,2021-12-26,aditya.joshi491@gmail.com,9567774236.0,Active
1434,Vikram Patel,Female,20,Hyderabad,Delhi,19,Regular,2022-09-20,vikram.patel722@gmail.com,9843311040.0,Active
1435,Kavya Verma,Male,58,Ahmedabad,Karnataka,18,Gold,2025-07-23,kavya.verma902@gmail.com,9585922926.0,Active
1436,Meera Kumar,Female,37,Ahmedabad,Telangana,25,Regular,2022-05-10,meera.kumar267@gmail.com,9452900202.0,Active
1437,Sneha Rao,Female,41,Hyderabad,Delhi,20,Silver,2023-01-04,sneha.rao163@gmail.com,9374560481.0,Active
1438,Arjun Singh,Female,64,Pune,West Bengal,11,Premium,2021-08-14,arjun.singh266@gmail.com,9728080857.0,Active
1439,Aarav Singh,Female,44,Delhi,Uttar Pradesh,2,Regular,2020-10-30,aarav.singh339@gmail.com,9849817654.0,Active
1440,Diya Rao,Female,37,Hyderabad,Maharashtra,13,Silver,2020-04-06,diya.rao394@gmail.com,9827111372.0,ACTIVE
1441,Neha Sharma,Male,37,Delhi,Maharashtra,15,Regular,2024-03-09,neha.sharma772@gmail.com,9859778469.0,Active
1442,Rohan Patel,Female,59,Delhi,Telangana,3,Regular,2020-09-19,rohan.patel937@gmail.com,9097548148.0,Active
1443,Arjun Nair,Male,65,Delhi,Uttar Pradesh,15,Regular,2021-07-18,arjun.nair710@gmail.com,9054607221.0,active
1444,Ishaan Rao,Female,19,Hyderabad,Gujarat,27,Silver,2024-05-26,ishaan.rao87@gmail.com,9988882347.0,Active
1445,Diya Rao,Female,20,Pune,Kerala,25,Silver,2024-09-08,diya.rao925@gmail.com,9180265095.0,Active
1446,Meera Joshi,Female,22,Ahmedabad,Delhi,11,Gold,2020-04-11,meera.joshi128@gmail.com,9507331301.0,active
1447,Vivaan Kumar,Female,51,Mumbai,Tamil Nadu,7,Regular,2022-09-01,vivaan.kumar582@gmail.com,9343673835.0,Inactive
1448,Ishaan Joshi,Female,26,Mumbai,West Bengal,9,Silver,2022-02-19,ishaan.joshi763@gmail.com,9381441491.0,Active
1449,Priya Patel,Female,43,Ahmedabad,Telangana,29,Premium,2022-06-25,priya.patel408@gmail.com,9610307884.0,Active
1450,Aarav Sharma,Female,64,Mumbai,West Bengal,22,Regular,2022-08-04,aarav.sharma819@gmail.com,9000667736.0,Active
1451,Aditya Joshi,Female,44,Hyderabad,West Bengal,21,Regular,2021-01-15,aditya.joshi578@gmail.com,9744504998.0,Active
1452,Sai Verma,Male,27,Ahmedabad,Gujarat,5,Regular,2024-07-30,sai.verma934@gmail.com,9537382510.0,Active
1453,Ishaan Sharma,Male,31,Kolkata,Telangana,29,Gold,2021-10-20,ishaan.sharma451@gmail.com,9866356057.0,Active
1454,Sai Sharma,Male,32,Kolkata,Kerala,28,Silver,2025-07-05,sai.sharma817@gmail.com,9420283085.0,Active
1455,Meera Joshi,Male,36,Mumbai,Maharashtra,4,Premium,2024-08-08,meera.joshi132@gmail.com,9740765181.0,Active
1456,Vikram Nair,Female,34,Hyderabad,Uttar Pradesh,2,Gold,2020-05-25,vikram.nair887@gmail.com,9000972756.0,Inactive
1457,Sneha Rao,Female,65,Pune,Kerala,8,Regular,2024-11-01,sneha.rao229@gmail.com,9582937495.0,Active
1458,Aditya Patel,Female,43,Delhi,Kerala,16,Regular,2025-11-26,aditya.patel385@gmail.com,9253730712.0,Active
1459,Kavya Reddy,Male,57,Bengaluru,Kerala,24,Regular,2020-08-09,kavya.reddy153@gmail.com,9318896276.0,Active
1460,Neha Patel,Female,56,Bengaluru,Maharashtra,20,Regular,2022-07-07,neha.patel477@gmail.com,9796328441.0,Active
1461,Meera Kumar,Male,47,Delhi,West Bengal,29,Gold,2024-03-07,meera.kumar327@gmail.com,9383054518.0,Active
1462,Rohan Singh,Female,37,Pune,Andhra Pradesh,4,Regular,2024-01-19,rohan.singh880@gmail.com,9130315736.0,active
1463,Vivaan Kumar,Male,19,Mumbai,Kerala,29,Gold,2025-02-25,vivaan.kumar492@gmail.com,9464422673.0,Active
1464,Priya Gupta,Female,38,Bengaluru,Telangana,2,Regular,2021-11-19,priya.gupta205@gmail.com,9287475388.0,Active
1465,Vikram Rao,Male,22,Bengaluru,Tamil Nadu,24,Regular,2024-03-05,vikram.rao27@gmail.com,9348165992.0,ACTIVE
1466,Arjun Verma,Female,66,Pune,Uttar Pradesh,28,Premium,2021-05-04,arjun.verma65@gmail.com,9787512908.0,Active
1467,Kavya Patel,Male,62,Pune,Gujarat,2,Premium,2022-04-21,kavya.patel227@gmail.com,9626624660.0,Active
1468,Neha Nair,Male,34,Chennai,Kerala,25,Premium,2023-03-05,neha.nair927@gmail.com,9961281959.0,Active
1469,Priya Rao,Male,30,Ahmedabad,Telangana,28,Gold,2022-05-31,priya.rao732@gmail.com,9085513919.0,Inactive
1470,Rahul Reddy,Male,55,Kolkata,Delhi,17,Regular,2024-12-15,rahul.reddy371@gmail.com,9728609994.0,Active
1471,Sai Nair,Female,34,Kolkata,Maharashtra,10,Silver,2021-07-11,sai.nair532@gmail.com,9634549826.0,Active
1472,Neha Gupta,Male,65,Delhi,Delhi,11,Regular,2025-11-05,neha.gupta851@gmail.com,9145399728.0,Active
1473,Priya Nair,Male,49,Delhi,West Bengal,27,Silver,2024-11-17,priya.nair363@gmail.com,9331333848.0,Active
1474,Sai Nair,Female,52,Ahmedabad,West Bengal,14,Silver,2021-08-23,sai.nair441@gmail.com,9158913638.0,active
1475,Ananya Patel,Male,37,Delhi,Maharashtra,12,Silver,2022-06-09,ananya.patel777@gmail.com,9933361110.0,Active
1476,Ananya Singh,Male,56,Kolkata,West Bengal,30,Regular,2020-08-02,ananya.singh341@gmail.com,9941573373.0,Active
1477,Arjun Joshi,Male,68,Pune,Delhi,23,Silver,2023-01-29,arjun.joshi247@gmail.com,9391012835.0,Active
1478,Nikhil Rao,Male,36,Pune,West Bengal,13,Silver,2025-07-15,nikhil.rao491@gmail.com,9876339669.0,Active
1479,Diya Kumar,Male,69,Kolkata,Gujarat,21,Regular,2025-06-13,diya.kumar819@gmail.com,9042856481.0,Active
1480,Sneha Rao,Male,29,Chennai,Maharashtra,20,Silver,2021-08-21,sneha.rao369@gmail.com,9909766085.0,Active
1481,Neha Verma,Male,65,Mumbai,Gujarat,24,Silver,2024-02-14,neha.verma88@gmail.com,9787909880.0,Active
1482,Vikram Joshi,Female,31,Chennai,West Bengal,23,Regular,2022-02-19,vikram.joshi985@gmail.com,9531903374.0,Active
1483,Rahul Sharma,Male,39,Hyderabad,Uttar Pradesh,3,Gold,2025-07-02,rahul.sharma351@gmail.com,9997375253.0,Active
1484,Sneha Patel,Male,34,Kolkata,Karnataka,12,Premium,2024-02-29,sneha.patel273@gmail.com,9989873953.0,Active
1485,Neha Sharma,Male,32,Chennai,Karnataka,16,Regular,2020-01-05,neha.sharma849@gmail.com,9263379346.0,Active
1486,Sai Gupta,Male,24,Delhi,Andhra Pradesh,9,Gold,2021-08-10,sai.gupta977@gmail.com,9311498040.0,active
1487,Sneha Verma,Male,19,Ahmedabad,Telangana,16,Premium,2023-11-19,sneha.verma505@gmail.com,9999873353.0,Active
1488,Meera Rao,Male,43,Hyderabad,Karnataka,27,Regular,2023-02-14,meera.rao400@gmail.com,9561283327.0,Active
1489,Neha Patel,Male,49,Bengaluru,Tamil Nadu,28,Premium,2020-05-09,neha.patel198@gmail.com,9626585919.0,Active
1490,Neha Singh,Male,32,Mumbai,Gujarat,20,Regular,2020-07-09,neha.singh659@gmail.com,9501495534.0,Active
1491,Riya Joshi,Female,29,Pune,Andhra Pradesh,13,Gold,2025-02-02,riya.joshi339@gmail.com,9148693881.0,Active
1492,Aisha Singh,Male,66,Mumbai,Gujarat,25,Silver,2022-06-26,aisha.singh126@gmail.com,9449833081.0,Active
1493,Diya Kumar,Male,29,Delhi,Andhra Pradesh,10,Silver,2023-11-11,diya.kumar866@gmail.com,9508765219.0,Active
1494,Vikram Sharma,Male,20,Pune,Uttar Pradesh,15,Regular,2020-05-03,vikram.sharma860@gmail.com,9644848043.0,Active
1495,Aarav Sharma,Male,63,Delhi,Gujarat,6,Gold,2025-05-14,aarav.sharma176@gmail.com,9380326266.0,Active
1496,Neha Patel,Female,18,Hyderabad,Tamil Nadu,23,Gold,2024-12-17,neha.patel32@gmail.com,9026963438.0,Active
1497,Diya Gupta,Female,52,Chennai,Telangana,10,Regular,2025-04-27,diya.gupta95@gmail.com,9660964229.0,
1498,Sai Verma,Male,52,Pune,Karnataka,1,Regular,2023-09-03,sai.verma685@gmail.com,9017438923.0,Active
1499,Kavya Kumar,Female,22,Kolkata,Andhra Pradesh,15,Gold,2024-10-19,kavya.kumar459@gmail.com,9922751658.0,Active
1500,Neha Gupta,Female,43,Hyderabad,Maharashtra,23,Silver,2020-06-26,neha.gupta41@gmail.com,9028014705.0,Active
1501,Ananya Reddy,Male,56,Pune,Telangana,28,Regular,2024-01-23,ananya.reddy313@gmail.com,9488895478.0,Active
1502,Kavya Singh,Female,57,Delhi,Andhra Pradesh,12,Silver,2020-08-25,kavya.singh37@gmail.com,9090360116.0,Active
1503,Aarav Joshi,Male,63,Mumbai,Karnataka,10,Gold,2023-01-22,aarav.joshi516@gmail.com,9617013904.0,Active
1504,Arjun Kumar,Female,53,Pune,Gujarat,8,Regular,2022-04-06,arjun.kumar224@gmail.com,9711331668.0,Active
1505,Diya Singh,Female,55,Bengaluru,West Bengal,16,Gold,2021-12-21,diya.singh19@gmail.com,9307864469.0,Active
1506,Ananya Joshi,Female,46,Hyderabad,Delhi,25,Regular,2023-08-16,ananya.joshi249@gmail.com,9407947199.0,Active
1507,Ananya Reddy,Female,49,Ahmedabad,Delhi,8,Regular,2022-04-23,ananya.reddy32@gmail.com,9512701090.0,Active
1508,Vivaan Verma,Female,48,Mumbai,Karnataka,19,Silver,2023-01-20,vivaan.verma236@gmail.com,9482716016.0,Active
1509,Riya Nair,Female,62,Chennai,Andhra Pradesh,25,Regular,2021-12-20,riya.nair950@gmail.com,9836458469.0,Active
1510,Sneha Singh,Female,40,Hyderabad,Uttar Pradesh,29,Regular,2023-02-03,sneha.singh273@gmail.com,9280405629.0,Active
1511,Kavya Reddy,Female,54,Delhi,Tamil Nadu,11,Regular,2020-04-20,kavya.reddy606@gmail.com,9010594168.0,Active
1512,Vikram Reddy,Male,51,Bengaluru,Uttar Pradesh,28,Regular,2023-02-10,vikram.reddy444@gmail.com,9138420361.0,Active
1513,Ananya Reddy,Male,63,Delhi,West Bengal,18,Regular,2020-11-10,ananya.reddy91@gmail.com,9553394131.0,Active
1514,Arjun Nair,Male,49,Pune,Karnataka,25,Gold,2022-10-26,arjun.nair331@gmail.com,9996327262.0,Active
1515,Ananya Singh,Female,18,Kolkata,Maharashtra,17,Silver,2025-11-08,ananya.singh711@gmail.com,9611607303.0,Active
1516,Diya Singh,Male,47,Pune,Maharashtra,24,Premium,2022-07-24,diya.singh971@gmail.com,9923161966.0,Active
1517,Kavya Nair,Female,38,Bengaluru,West Bengal,8,Gold,2025-12-21,kavya.nair241@gmail.com,9789480045.0,Active
1518,Kavya Joshi,Male,60,Mumbai,Maharashtra,21,Gold,2021-07-25,kavya.joshi870@gmail.com,9683735819.0,Active
1519,Priya Rao,Male,36,Mumbai,Telangana,11,Silver,2025-11-20,priya.rao261@gmail.com,9572544361.0,Active
1520,Vikram Sharma,Male,52,Hyderabad,Kerala,19,Regular,2023-01-31,vikram.sharma612@gmail.com,9117388209.0,Active
1521,Diya Kumar,Male,56,Pune,Gujarat,27,Silver,2025-09-28,diya.kumar21@gmail.com,9529423682.0,Active
1522,Kiran Joshi,Male,43,Bengaluru,Gujarat,6,Regular,2022-02-02,kiran.joshi782@gmail.com,9151943860.0,ACTIVE
1523,Meera Singh,Female,21,Kolkata,Delhi,16,Gold,2022-02-20,meera.singh267@gmail.com,9628396304.0,Active
1524,Rohan Kumar,Female,40,Delhi,Delhi,16,Premium,2021-04-26,rohan.kumar173@gmail.com,9016372936.0,Active
1525,Meera Rao,Female,56,Mumbai,Kerala,9,Regular,2023-12-19,meera.rao807@gmail.com,9938416357.0,Active
1526,Priya Reddy,Female,61,Hyderabad,Gujarat,30,Regular,2023-12-06,priya.reddy735@gmail.com,9522193551.0,Active
1527,Kavya Reddy,Male,54,Mumbai,Tamil Nadu,5,Regular,2024-02-06,kavya.reddy690@gmail.com,9784662067.0,Active
1528,Rahul Patel,Male,58,Mumbai,Andhra Pradesh,4,Regular,2024-10-12,rahul.patel663@gmail.com,9597794111.0,Active
1529,Aarav Kumar,Male,66,Delhi,Telangana,28,Gold,2024-05-22,aarav.kumar933@gmail.com,9352305852.0,Active
1530,Ishaan Sharma,Male,65,Pune,Tamil Nadu,18,Gold,2020-01-07,ishaan.sharma929@gmail.com,9534795561.0,Active
1531,Vikram Nair,Male,53,Kolkata,Andhra Pradesh,20,Silver,2021-02-17,vikram.nair340@gmail.com,9024972689.0,Active
1532,Priya Singh,Female,43,Kolkata,Uttar Pradesh,19,Regular,2026-01-08,priya.singh380@gmail.com,9665790806.0,Active
1533,Kiran Verma,Male,25,Delhi,Gujarat,29,Regular,2023-06-13,kiran.verma168@gmail.com,9171266320.0,Active
1534,Nikhil Sharma,Male,54,Delhi,Gujarat,4,Gold,2023-09-15,nikhil.sharma434@gmail.com,9933943002.0,Active
1535,Ishaan Nair,Male,41,Ahmedabad,Gujarat,8,Premium,2021-11-23,ishaan.nair321@gmail.com,9567971137.0,Active
1536,Sai Gupta,Male,34,Hyderabad,Tamil Nadu,1,Regular,2021-07-16,sai.gupta964@gmail.com,9621347742.0,Active
1537,Kavya Patel,Male,38,Mumbai,Tamil Nadu,7,Regular,2023-02-20,kavya.patel580@gmail.com,9689276474.0,active
1538,Rahul Reddy,Male,65,Chennai,Gujarat,18,Silver,2025-05-14,rahul.reddy75@gmail.com,9501758799.0,Active
1539,Meera Singh,Female,37,Bengaluru,Kerala,25,Regular,2025-03-16,meera.singh724@gmail.com,9996165920.0,Active
1540,Aarav Joshi,Female,54,Pune,Karnataka,13,Silver,2024-05-05,aarav.joshi609@gmail.com,9818440492.0,Active
1541,Vivaan Singh,Female,68,Kolkata,Maharashtra,2,Regular,2023-03-12,vivaan.singh389@gmail.com,9847422121.0,Active
1542,Priya Reddy,Male,70,Mumbai,West Bengal,7,Regular,2023-04-21,priya.reddy845@gmail.com,9176814948.0,Active
1543,Rohan Patel,Female,66,Ahmedabad,Kerala,6,Silver,2021-03-08,rohan.patel689@gmail.com,9743447797.0,Active
1544,Rahul Reddy,Female,35,Pune,Uttar Pradesh,3,Premium,2024-05-01,rahul.reddy740@gmail.com,9805018818.0,ACTIVE
1545,Arjun Rao,Male,53,Chennai,Tamil Nadu,14,Silver,2021-07-31,arjun.rao237@gmail.com,9989630354.0,Active
1546,Ishaan Joshi,Female,43,Ahmedabad,Kerala,13,Regular,2024-05-13,ishaan.joshi205@gmail.com,9191956899.0,Active
1547,Vikram Kumar,Male,61,Delhi,Uttar Pradesh,16,Silver,2024-07-21,vikram.kumar623@gmail.com,9546055228.0,Active
1548,Nikhil Rao,Male,46,Pune,Maharashtra,15,Regular,2024-01-10,nikhil.rao662@gmail.com,9387830465.0,Active
1549,Ananya Singh,Male,43,Hyderabad,Karnataka,9,Regular,2022-04-24,ananya.singh215@gmail.com,9479007429.0,active
1550,Vikram Verma,Female,30,Chennai,Tamil Nadu,23,Gold,2022-02-27,vikram.verma367@gmail.com,9210236862.0,Active
1551,Rohan Reddy,Male,42,Hyderabad,Andhra Pradesh,16,Regular,2024-04-04,rohan.reddy268@gmail.com,9944360113.0,Inactive
1552,Riya Sharma,Female,56,Hyderabad,Karnataka,9,Regular,2023-10-04,riya.sharma574@gmail.com,9783580194.0,Active
1553,Vivaan Joshi,Female,49,Bengaluru,Uttar Pradesh,28,Gold,2022-07-18,vivaan.joshi695@gmail.com,9805251150.0,Active
1554,Nikhil Nair,Female,25,Bengaluru,Maharashtra,4,Regular,2022-12-14,nikhil.nair186@gmail.com,9075715641.0,Active
1555,Nikhil Rao,Male,21,Delhi,Delhi,20,Silver,2024-12-05,nikhil.rao685@gmail.com,9173768978.0,Active
1556,Aarav Gupta,Female,19,Chennai,Uttar Pradesh,15,Regular,2022-05-18,aarav.gupta852@gmail.com,9067351259.0,active
1557,Kavya Rao,Female,63,Ahmedabad,Maharashtra,3,Silver,2023-10-09,kavya.rao487@gmail.com,9237916072.0,Active
1558,Kiran Reddy,Female,62,Mumbai,Tamil Nadu,14,Gold,2025-09-28,kiran.reddy61@gmail.com,9110541800.0,Active
1559,Ishaan Patel,Female,56,Hyderabad,Uttar Pradesh,23,Gold,2021-08-10,ishaan.patel367@gmail.com,9047381161.0,Active
1560,Aditya Rao,Female,59,Mumbai,Maharashtra,2,Premium,2025-06-12,aditya.rao105@gmail.com,9003600505.0,Active
1561,Sai Sharma,Female,40,Mumbai,Maharashtra,26,Regular,2023-06-21,sai.sharma925@gmail.com,9230468674.0,Active
1562,Sneha Verma,Male,44,Ahmedabad,Tamil Nadu,28,Gold,2021-04-18,sneha.verma687@gmail.com,9355263786.0,Active
1563,Kiran Joshi,Male,19,Hyderabad,Delhi,26,Silver,2024-08-01,kiran.joshi44@gmail.com,9974763357.0,Active
1564,Aarav Patel,Female,53,Ahmedabad,Andhra Pradesh,20,Gold,2020-05-07,aarav.patel549@gmail.com,9457000959.0,
1565,Neha Joshi,Female,33,Bengaluru,Maharashtra,20,Silver,2023-01-21,neha.joshi964@gmail.com,9385937800.0,Active
1566,Kiran Rao,Male,67,Mumbai,Tamil Nadu,5,Gold,2022-04-16,kiran.rao298@gmail.com,9620357329.0,Active
1567,Rahul Nair,Female,45,Pune,West Bengal,11,Gold,2025-11-10,rahul.nair804@gmail.com,9668785189.0,ACTIVE
1568,Sneha Sharma,Female,48,Kolkata,West Bengal,16,Regular,2021-11-09,sneha.sharma443@gmail.com,9472645206.0,Active
1569,Rahul Verma,Male,70,Hyderabad,Delhi,13,Regular,2022-12-24,rahul.verma470@gmail.com,9542859458.0,Active
1570,Arjun Reddy,Female,26,Delhi,Kerala,23,Gold,2021-08-01,arjun.reddy861@gmail.com,9203956524.0,Active
1571,Ishaan Joshi,Male,37,Ahmedabad,Tamil Nadu,4,Regular,2024-05-06,ishaan.joshi736@gmail.com,9568635892.0,Active
1572,Ishaan Kumar,Female,59,Mumbai,Andhra Pradesh,1,Gold,2025-07-07,ishaan.kumar136@gmail.com,9322849034.0,Active
1573,Aarav Rao,Male,21,Bengaluru,Maharashtra,17,Silver,2023-08-15,aarav.rao994@gmail.com,9491621250.0,Active
1574,Diya Kumar,Female,61,Delhi,Telangana,17,Regular,2025-08-30,diya.kumar191@gmail.com,9450060189.0,Active
1575,Ananya Verma,Male,53,Kolkata,Karnataka,10,Regular,2022-10-07,ananya.verma456@gmail.com,9658779735.0,Inactive
1576,Aarav Patel,Female,53,Hyderabad,West Bengal,11,Silver,2021-10-28,aarav.patel474@gmail.com,9351232463.0,Active
1577,Sai Kumar,Female,61,Bengaluru,Gujarat,5,Gold,2025-07-04,sai.kumar595@gmail.com,9927742246.0,Active
1578,Neha Sharma,Male,46,Chennai,Andhra Pradesh,29,Regular,2024-08-21,neha.sharma76@gmail.com,9160885732.0,Active
1579,Nikhil Verma,Male,55,Hyderabad,Uttar Pradesh,2,Regular,2022-06-19,nikhil.verma780@gmail.com,9941019970.0,Active
1580,Riya Joshi,Male,52,Ahmedabad,Maharashtra,22,Regular,2022-01-29,riya.joshi74@gmail.com,9135724729.0,Active
1581,Vivaan Joshi,Male,66,Delhi,Telangana,20,Gold,2023-03-21,vivaan.joshi675@gmail.com,9450955254.0,
1582,Aditya Reddy,Male,43,Ahmedabad,West Bengal,2,Gold,2022-07-19,aditya.reddy552@gmail.com,9949115481.0,Active
1583,Sai Patel,Female,61,Hyderabad,Uttar Pradesh,17,Regular,2021-08-09,sai.patel455@gmail.com,9142704080.0,ACTIVE
1584,Priya Nair,Female,23,Delhi,Tamil Nadu,27,Silver,2023-09-14,priya.nair634@gmail.com,9683332358.0,Active
1585,Arjun Joshi,Female,59,Delhi,Gujarat,13,Regular,2022-01-28,arjun.joshi7@gmail.com,9459046198.0,Active
1586,Ananya Joshi,Male,57,Ahmedabad,Uttar Pradesh,13,Regular,2021-09-27,ananya.joshi882@gmail.com,9406785142.0,Active
1587,Kiran Sharma,Female,43,Delhi,Tamil Nadu,27,Silver,2023-08-12,kiran.sharma87@gmail.com,9208988745.0,Active
1588,Sai Rao,Female,53,Delhi,Tamil Nadu,7,Silver,2023-07-17,sai.rao505@gmail.com,9681962914.0,Active
1589,Kiran Rao,Female,46,Mumbai,Telangana,7,Silver,2022-01-04,kiran.rao81@gmail.com,9734480701.0,Active
1590,Ananya Patel,Female,20,Hyderabad,Delhi,22,Gold,2021-03-04,ananya.patel731@gmail.com,9586104438.0,Active
1591,Diya Patel,Male,39,Delhi,Kerala,6,Silver,2021-07-27,diya.patel208@gmail.com,9474483771.0,Active
1592,Nikhil Singh,Female,23,Chennai,Maharashtra,21,Silver,2021-01-08,nikhil.singh489@gmail.com,9092691433.0,Active
1593,Ishaan Joshi,Male,20,Pune,Uttar Pradesh,25,Silver,2023-07-06,ishaan.joshi731@gmail.com,9660113923.0,Active
1594,Neha Nair,Male,40,Hyderabad,Andhra Pradesh,25,Silver,2022-07-23,neha.nair713@gmail.com,9178645715.0,Active
1595,Vivaan Nair,Female,39,Mumbai,Tamil Nadu,10,Regular,2023-02-14,vivaan.nair26@gmail.com,9646614354.0,Active
1596,Vikram Verma,Female,54,Delhi,Andhra Pradesh,21,Silver,2022-11-10,vikram.verma416@gmail.com,9945515866.0,
1597,Ishaan Gupta,Male,55,Delhi,Delhi,24,Regular,2022-04-07,ishaan.gupta756@gmail.com,9055483551.0,Active
1598,Kavya Verma,Male,26,Delhi,Kerala,7,Silver,2022-12-29,kavya.verma400@gmail.com,9896947612.0,Active
1599,Sneha Kumar,Male,45,Chennai,Delhi,18,Regular,2023-04-12,sneha.kumar886@gmail.com,9098922980.0,Active
1600,Diya Patel,Male,65,Bengaluru,Kerala,1,Silver,2024-02-06,diya.patel927@gmail.com,9293852258.0,Active
1601,Diya Gupta,Female,70,Pune,West Bengal,28,Regular,2022-04-25,diya.gupta622@gmail.com,9947854204.0,active
1602,Nikhil Sharma,Female,19,Hyderabad,Maharashtra,13,Silver,2024-03-17,nikhil.sharma866@gmail.com,9675542148.0,Active
1603,Diya Sharma,Male,50,Kolkata,Maharashtra,27,Gold,2022-11-29,diya.sharma179@gmail.com,9695999040.0,Active
1604,Nikhil Nair,Female,36,Kolkata,Kerala,11,Regular,2024-07-22,nikhil.nair982@gmail.com,9561024201.0,Active
1605,Rahul Verma,Male,46,Kolkata,Telangana,28,Regular,2022-08-15,rahul.verma654@gmail.com,9773596672.0,Active
1606,Vivaan Sharma,Male,21,Chennai,Telangana,22,Regular,2025-06-16,vivaan.sharma255@gmail.com,9228166238.0,Active
1607,Ananya Reddy,Male,54,Ahmedabad,Andhra Pradesh,24,Regular,2024-01-27,ananya.reddy541@gmail.com,9209557428.0,Active
1608,Priya Verma,Female,47,Ahmedabad,Maharashtra,23,Regular,2025-05-09,priya.verma216@gmail.com,9634869905.0,Active
1609,Aditya Kumar,Male,62,Kolkata,Uttar Pradesh,1,Regular,2025-05-22,aditya.kumar767@gmail.com,9319428050.0,ACTIVE
1610,Vikram Singh,Male,54,Bengaluru,Andhra Pradesh,11,Regular,2021-05-25,vikram.singh951@gmail.com,9701614491.0,Active
1611,Riya Kumar,Male,19,Chennai,Andhra Pradesh,20,Silver,2020-07-29,riya.kumar214@gmail.com,9387337686.0,Active
1612,Sneha Gupta,Female,48,Pune,Karnataka,24,Premium,2020-07-01,sneha.gupta441@gmail.com,9719756142.0,Active
1613,Meera Reddy,Female,67,Kolkata,Telangana,22,Regular,2023-09-01,meera.reddy608@gmail.com,9460188744.0,Inactive
1614,Arjun Reddy,Male,36,Kolkata,Maharashtra,29,Gold,2023-03-20,arjun.reddy191@gmail.com,9232265479.0,Active
1615,Nikhil Singh,Female,57,Chennai,Gujarat,24,Gold,2025-10-11,nikhil.singh315@gmail.com,9702633713.0,Active
1616,Ananya Patel,Female,39,Bengaluru,Telangana,1,Regular,2024-08-24,ananya.patel970@gmail.com,9366331461.0,Active
1617,Aisha Reddy,Female,62,Pune,Tamil Nadu,16,Regular,2024-06-13,aisha.reddy829@gmail.com,9222211658.0,Active
1618,Neha Verma,Female,19,Hyderabad,West Bengal,22,Regular,2025-09-10,neha.verma794@gmail.com,9532860294.0,active
1619,Sneha Joshi,Male,51,Pune,Maharashtra,30,Regular,2022-03-09,sneha.joshi927@gmail.com,9605122629.0,Active
1620,Ishaan Joshi,Female,60,Kolkata,Andhra Pradesh,1,Regular,2021-02-25,ishaan.joshi244@gmail.com,9104400886.0,Active
1621,Meera Verma,Female,27,Kolkata,West Bengal,13,Gold,2021-10-18,meera.verma405@gmail.com,9516319065.0,Active
1622,Priya Rao,Male,38,Ahmedabad,Telangana,20,Gold,2020-09-27,priya.rao212@gmail.com,9475689557.0,Active
1623,Neha Singh,Female,66,Kolkata,Andhra Pradesh,19,Gold,2024-07-19,neha.singh449@gmail.com,9818395001.0,Active
1624,Vivaan Singh,Female,34,Ahmedabad,Maharashtra,10,Regular,2020-12-17,vivaan.singh72@gmail.com,9117054830.0,active
1625,Arjun Singh,Male,47,Delhi,Telangana,3,Regular,2020-05-28,arjun.singh172@gmail.com,9872993464.0,Active
1626,Vikram Rao,Male,18,Kolkata,Maharashtra,28,Silver,2024-09-04,vikram.rao194@gmail.com,9078139931.0,active
1627,Rahul Reddy,Female,63,Chennai,Maharashtra,3,Premium,2025-09-27,rahul.reddy469@gmail.com,9789057908.0,ACTIVE
1628,Vivaan Reddy,Male,32,Chennai,Karnataka,13,Gold,2020-07-02,vivaan.reddy719@gmail.com,9508317474.0,Active
1629,Priya Reddy,Male,31,Delhi,West Bengal,8,Regular,2024-12-01,priya.reddy269@gmail.com,9158307046.0,Active
1630,Aditya Kumar,Female,50,Bengaluru,Karnataka,29,Regular,2024-10-11,aditya.kumar335@gmail.com,9946498287.0,Active
1631,Ananya Joshi,Male,62,Kolkata,Kerala,4,Regular,2022-04-17,ananya.joshi738@gmail.com,9005628408.0,Active
1632,Rohan Joshi,Male,50,Hyderabad,Kerala,19,Regular,2021-06-26,rohan.joshi733@gmail.com,9062490572.0,Active
1633,Kiran Joshi,Male,32,Delhi,Uttar Pradesh,21,Gold,2025-08-18,kiran.joshi621@gmail.com,9199273997.0,Active
1634,Nikhil Verma,Female,21,Pune,West Bengal,12,Premium,2020-03-14,nikhil.verma625@gmail.com,9784203020.0,
1635,Arjun Rao,Male,33,Bengaluru,Gujarat,29,Silver,2024-07-27,arjun.rao434@gmail.com,9511210159.0,Active
1636,Ishaan Kumar,Male,51,Ahmedabad,Uttar Pradesh,7,Regular,2021-08-29,ishaan.kumar540@gmail.com,9388061607.0,Active
1637,Vivaan Verma,Male,61,Hyderabad,Maharashtra,25,Gold,2025-10-09,vivaan.verma804@gmail.com,9804771473.0,Active
1638,Kavya Kumar,Female,23,Hyderabad,Tamil Nadu,27,Silver,2021-03-02,kavya.kumar360@gmail.com,9408356377.0,Active
1639,Kavya Kumar,Female,48,Ahmedabad,Tamil Nadu,13,Regular,2025-12-09,kavya.kumar140@gmail.com,9399283268.0,Active
1640,Sai Gupta,Male,65,Kolkata,Andhra Pradesh,29,Regular,2022-06-29,sai.gupta456@gmail.com,9782037299.0,active
1641,Kiran Reddy,Female,25,Hyderabad,West Bengal,10,Regular,2024-09-06,kiran.reddy412@gmail.com,9291839455.0,Active
1642,Sai Sharma,Female,44,Kolkata,Uttar Pradesh,20,Premium,2024-09-05,sai.sharma524@gmail.com,9147056025.0,Active
1643,Sai Singh,Male,40,Chennai,Maharashtra,20,Regular,2020-05-16,sai.singh541@gmail.com,9791052252.0,Inactive
1644,Meera Rao,Female,51,Hyderabad,Delhi,8,Premium,2023-07-15,meera.rao869@gmail.com,9475404346.0,Active
1645,Ishaan Kumar,Female,24,Bengaluru,Maharashtra,23,Regular,2022-05-02,ishaan.kumar885@gmail.com,9763402843.0,Active
1646,Nikhil Sharma,Female,37,Mumbai,Andhra Pradesh,12,Gold,2022-11-30,nikhil.sharma665@gmail.com,9369904473.0,Active
1647,Ishaan Kumar,Male,54,Bengaluru,Gujarat,4,Regular,2024-03-07,ishaan.kumar277@gmail.com,9092328640.0,Active
1648,Priya Kumar,Male,46,Mumbai,Maharashtra,6,Gold,2024-02-25,priya.kumar805@gmail.com,9444482428.0,Active
1649,Sneha Reddy,Female,57,Ahmedabad,Telangana,13,Gold,2024-01-05,sneha.reddy90@gmail.com,9973501785.0,Active
1650,Rahul Kumar,Female,54,Delhi,Kerala,29,Regular,2025-02-17,rahul.kumar310@gmail.com,9771455885.0,Active
1651,Vikram Rao,Male,70,Mumbai,Telangana,27,Gold,2024-01-02,vikram.rao536@gmail.com,9475056152.0,Active
1652,Riya Gupta,Female,35,Pune,Tamil Nadu,5,Regular,2025-05-17,riya.gupta701@gmail.com,9536132747.0,Active
1653,Meera Kumar,Male,68,Bengaluru,Karnataka,13,Regular,2020-11-13,meera.kumar943@gmail.com,9921197040.0,Active
1654,Sneha Joshi,Female,68,Bengaluru,Andhra Pradesh,8,Regular,2023-07-20,sneha.joshi364@gmail.com,9991504657.0,Active
1655,Ananya Nair,Female,28,Ahmedabad,Uttar Pradesh,19,Regular,2023-09-05,ananya.nair440@gmail.com,9150756366.0,Active
1656,Nikhil Gupta,Female,22,Delhi,Telangana,25,Silver,2024-11-19,nikhil.gupta566@gmail.com,9511225327.0,Inactive
1657,Ananya Patel,Female,32,Mumbai,Maharashtra,27,Premium,2021-07-04,ananya.patel827@gmail.com,9142865242.0,Active
1658,Kavya Reddy,Male,54,Hyderabad,Gujarat,19,Gold,2022-01-25,kavya.reddy731@gmail.com,9055267717.0,Active
1659,Aditya Reddy,Female,42,Chennai,Uttar Pradesh,13,Regular,2023-05-20,aditya.reddy15@gmail.com,9859222535.0,Active
1660,Aarav Gupta,Female,30,Kolkata,Delhi,5,Premium,2020-09-08,aarav.gupta218@gmail.com,9233596659.0,Active
1661,Priya Rao,Female,37,Chennai,Delhi,3,Gold,2023-06-26,priya.rao69@gmail.com,9866587028.0,Active
1662,Nikhil Verma,Male,32,Kolkata,Andhra Pradesh,22,Silver,2023-03-20,nikhil.verma790@gmail.com,9413155626.0,Active
1663,Priya Rao,Male,35,Pune,Andhra Pradesh,21,Regular,2024-04-10,priya.rao608@gmail.com,9364513862.0,active
1664,Arjun Verma,Female,33,Delhi,Tamil Nadu,15,Regular,2023-04-09,arjun.verma17@gmail.com,9877130554.0,Inactive
1665,Kiran Kumar,Male,26,Hyderabad,Uttar Pradesh,26,Regular,2024-12-06,kiran.kumar477@gmail.com,9646322445.0,Active
1666,Aarav Reddy,Male,20,Delhi,Gujarat,7,Gold,2023-01-07,aarav.reddy551@gmail.com,9208714333.0,Active
1667,Nikhil Verma,Female,67,Delhi,Karnataka,20,Premium,2024-01-22,nikhil.verma289@gmail.com,9399811206.0,Active
1668,Riya Sharma,Male,43,Ahmedabad,Andhra Pradesh,25,Regular,2025-08-13,riya.sharma878@gmail.com,9039046865.0,Active
1669,Kiran Patel,Male,33,Bengaluru,Kerala,1,Gold,2025-06-02,kiran.patel175@gmail.com,9196837861.0,Active
1670,Riya Gupta,Male,22,Bengaluru,Gujarat,15,Regular,2024-07-05,riya.gupta959@gmail.com,9521615454.0,Active
1671,Aarav Kumar,Male,50,Chennai,Telangana,25,Silver,2022-03-08,aarav.kumar686@gmail.com,9379333688.0,Active
1672,Diya Joshi,Male,25,Delhi,Uttar Pradesh,27,Gold,2024-06-19,diya.joshi900@gmail.com,9121498223.0,
1673,Meera Rao,Female,32,Delhi,Tamil Nadu,4,Regular,2021-12-29,meera.rao821@gmail.com,9511667309.0,active
1674,Meera Gupta,Male,51,Chennai,West Bengal,1,Regular,2025-12-28,meera.gupta339@gmail.com,9614445885.0,active
1675,Arjun Reddy,Male,55,Ahmedabad,Karnataka,7,Regular,2020-10-17,arjun.reddy739@gmail.com,9307460820.0,Active
1676,Neha Patel,Male,30,Hyderabad,Uttar Pradesh,24,Silver,2022-11-12,neha.patel294@gmail.com,9258951479.0,ACTIVE
1677,Meera Gupta,Female,57,Chennai,Delhi,4,Gold,2022-02-09,meera.gupta550@gmail.com,9685244375.0,Active
1678,Meera Joshi,Female,30,Mumbai,Karnataka,30,Gold,2024-01-04,meera.joshi186@gmail.com,9077511212.0,Active
1679,Aarav Reddy,Male,29,Ahmedabad,Telangana,23,Gold,2021-05-22,aarav.reddy552@gmail.com,9917621531.0,Active
1680,Priya Verma,Female,62,Delhi,Andhra Pradesh,15,Silver,2024-01-23,priya.verma571@gmail.com,9094821677.0,active
1681,Ishaan Verma,Female,48,Pune,West Bengal,1,Regular,2025-01-13,ishaan.verma690@gmail.com,9105790563.0,Active
1682,Aditya Joshi,Female,30,Delhi,Telangana,26,Regular,2020-08-01,aditya.joshi516@gmail.com,9155714590.0,Active
1683,Rahul Reddy,Male,54,Kolkata,Kerala,26,Silver,2020-09-21,rahul.reddy686@gmail.com,9772992322.0,Active
1684,Aarav Joshi,Female,50,Bengaluru,Andhra Pradesh,24,Silver,2025-03-24,aarav.joshi684@gmail.com,9609490627.0,Active
1685,Vikram Gupta,Female,19,Delhi,Kerala,30,Silver,2025-08-14,vikram.gupta311@gmail.com,9765504710.0,Inactive
1686,Sneha Gupta,Female,19,Hyderabad,West Bengal,30,Regular,2024-10-15,sneha.gupta574@gmail.com,9075012059.0,Active
1687,Rahul Reddy,Male,40,Chennai,Andhra Pradesh,15,Silver,2020-10-23,rahul.reddy682@gmail.com,9603853694.0,Active
1688,Priya Patel,Male,22,Kolkata,Karnataka,22,Premium,2023-07-30,priya.patel339@gmail.com,9385625942.0,Active
1689,Ishaan Reddy,Female,22,Delhi,Kerala,5,Regular,2024-04-27,ishaan.reddy631@gmail.com,9190362949.0,Active
1690,Sneha Kumar,Male,30,Chennai,Karnataka,20,Regular,2022-10-01,sneha.kumar968@gmail.com,9485047680.0,Active
1691,Vikram Rao,Female,41,Mumbai,West Bengal,19,Regular,2023-10-27,vikram.rao685@gmail.com,9135245009.0,Active
1692,Rohan Joshi,Female,69,Hyderabad,Telangana,10,Silver,2021-12-11,rohan.joshi712@gmail.com,9725883782.0,Active
1693,Kavya Patel,Female,59,Mumbai,Telangana,16,Premium,2023-06-01,kavya.patel187@gmail.com,9677894787.0,Active
1694,Diya Verma,Male,70,Mumbai,Gujarat,4,Regular,2025-09-27,diya.verma387@gmail.com,9374610838.0,Active
1695,Priya Singh,Male,46,Kolkata,Tamil Nadu,13,Regular,2024-02-29,priya.singh831@gmail.com,9752425195.0,Active
1696,Priya Rao,Male,22,Ahmedabad,Andhra Pradesh,29,Regular,2020-05-13,priya.rao36@gmail.com,9272611903.0,Active
1697,Meera Sharma,Female,46,Mumbai,Kerala,9,Regular,2021-06-25,meera.sharma352@gmail.com,9998625644.0,Active
1698,Ishaan Kumar,Female,39,Ahmedabad,West Bengal,24,Gold,2022-12-19,ishaan.kumar297@gmail.com,9878519421.0,active
1699,Riya Singh,Female,65,Ahmedabad,Karnataka,2,Silver,2020-07-05,riya.singh629@gmail.com,9179370312.0,Active
1700,Priya Sharma,Female,68,Ahmedabad,Karnataka,7,Gold,2021-05-08,priya.sharma168@gmail.com,9780502867.0,Active
1701,Priya Joshi,Female,28,Chennai,Tamil Nadu,11,Silver,2022-10-13,priya.joshi822@gmail.com,9686151297.0,Active
1702,Ananya Singh,Male,41,Pune,Maharashtra,27,Regular,2023-03-02,ananya.singh903@gmail.com,9910458504.0,Active
1703,Ishaan Gupta,Male,46,Mumbai,Uttar Pradesh,1,Regular,2024-09-29,ishaan.gupta290@gmail.com,9077201704.0,Active
1704,Vikram Joshi,Male,57,Mumbai,Telangana,3,Regular,2023-06-12,vikram.joshi535@gmail.com,9927635638.0,
1705,Priya Verma,Male,65,Mumbai,Uttar Pradesh,10,Regular,2021-06-17,priya.verma815@gmail.com,9955822189.0,Active
1706,Kavya Rao,Male,60,Mumbai,Tamil Nadu,23,Regular,2021-01-30,kavya.rao57@gmail.com,9477882865.0,Active
1707,Sai Reddy,Female,37,Ahmedabad,Karnataka,23,Silver,2025-11-10,sai.reddy896@gmail.com,9112639687.0,Active
1708,Priya Reddy,Female,56,Ahmedabad,Maharashtra,22,Regular,2021-12-01,priya.reddy432@gmail.com,9077933160.0,Active
1709,Kavya Verma,Female,67,Bengaluru,Gujarat,7,Regular,2026-01-02,kavya.verma7@gmail.com,9961522707.0,Active
1710,Diya Joshi,Male,62,Kolkata,Karnataka,12,Silver,2025-02-14,diya.joshi318@gmail.com,9154074900.0,Active
1711,Ananya Sharma,Female,65,Ahmedabad,Kerala,16,Regular,2024-05-21,ananya.sharma295@gmail.com,9651971058.0,Active
1712,Ananya Patel,Male,68,Chennai,Kerala,11,Regular,2025-10-31,ananya.patel917@gmail.com,9933705176.0,Active
1713,Arjun Sharma,Female,48,Kolkata,Maharashtra,7,Regular,2023-08-05,arjun.sharma994@gmail.com,9580279625.0,Active
1714,Aditya Reddy,Female,37,Ahmedabad,Tamil Nadu,20,Regular,2024-05-20,aditya.reddy83@gmail.com,9884892983.0,Active
1715,Sai Kumar,Male,65,Kolkata,Kerala,18,Gold,2022-05-27,sai.kumar519@gmail.com,9817116045.0,Active
1716,Vikram Sharma,Male,38,Bengaluru,Karnataka,24,Silver,2023-05-03,vikram.sharma192@gmail.com,9898748783.0,Active
1717,Priya Sharma,Female,52,Chennai,Uttar Pradesh,4,Silver,2022-11-29,priya.sharma150@gmail.com,9983802161.0,Active
1718,Aisha Sharma,Male,20,Kolkata,Kerala,30,Silver,2023-04-20,aisha.sharma203@gmail.com,9223404327.0,Active
1719,Vikram Rao,Male,39,Pune,Kerala,29,Silver,2020-10-10,vikram.rao948@gmail.com,9871606518.0,Active
1720,Rohan Patel,Female,36,Mumbai,Telangana,14,Regular,2024-05-31,rohan.patel366@gmail.com,9947859523.0,Active
1721,Rahul Reddy,Female,28,Ahmedabad,Delhi,27,Regular,2021-10-16,rahul.reddy592@gmail.com,9549154256.0,Active
1722,Vikram Verma,Female,27,Pune,Karnataka,14,Silver,2021-12-13,vikram.verma413@gmail.com,9173105246.0,Active
1723,Rohan Gupta,Female,22,Hyderabad,Maharashtra,22,Regular,2025-09-20,rohan.gupta613@gmail.com,9390303524.0,Active
1724,Ishaan Verma,Male,27,Chennai,Gujarat,9,Silver,2024-05-16,ishaan.verma106@gmail.com,9605438534.0,Active
1725,Rahul Singh,Male,18,Pune,Karnataka,14,Silver,2020-02-09,rahul.singh157@gmail.com,9480200748.0,Active
1726,Sneha Patel,Male,34,Ahmedabad,Karnataka,20,Silver,2024-04-08,sneha.patel687@gmail.com,9067324865.0,Active
1727,Vikram Gupta,Female,48,Delhi,Telangana,28,Regular,2024-06-19,vikram.gupta864@gmail.com,9733662925.0,Active
1728,Sai Verma,Male,60,Bengaluru,Gujarat,3,Silver,2024-05-14,sai.verma164@gmail.com,9589059307.0,Active
1729,Kiran Reddy,Male,63,Kolkata,West Bengal,7,Regular,2024-04-02,kiran.reddy328@gmail.com,9240912171.0,Active
1730,Sai Joshi,Female,32,Mumbai,Andhra Pradesh,10,Silver,2023-03-08,sai.joshi186@gmail.com,9668775636.0,Active
1731,Priya Sharma,Male,30,Delhi,Andhra Pradesh,2,Regular,2020-07-22,priya.sharma880@gmail.com,9390660474.0,Active
1732,Vivaan Singh,Female,38,Delhi,Maharashtra,16,Silver,2021-10-06,vivaan.singh958@gmail.com,9398748412.0,Active
1733,Rohan Kumar,Female,21,Kolkata,Andhra Pradesh,7,Regular,2021-11-04,rohan.kumar713@gmail.com,9540254981.0,active
1734,Rahul Patel,Male,40,Bengaluru,Andhra Pradesh,4,Premium,2023-05-25,rahul.patel488@gmail.com,9715801214.0,Active
1735,Diya Patel,Male,48,Ahmedabad,Andhra Pradesh,19,Silver,2020-01-22,diya.patel943@gmail.com,9750875196.0,Active
1736,Arjun Sharma,Male,44,Hyderabad,Andhra Pradesh,2,Silver,2025-10-04,arjun.sharma625@gmail.com,9180514753.0,Active
1737,Rohan Patel,Male,69,Pune,Andhra Pradesh,21,Regular,2021-03-20,rohan.patel619@gmail.com,9484069778.0,Active
1738,Nikhil Rao,Male,52,Bengaluru,Telangana,29,Regular,2024-11-15,nikhil.rao493@gmail.com,9229352047.0,Active
1739,Nikhil Sharma,Female,39,Pune,Gujarat,28,Silver,2020-04-13,nikhil.sharma212@gmail.com,9039215937.0,Active
1740,Sai Singh,Female,45,Kolkata,Telangana,13,Regular,2025-02-01,sai.singh747@gmail.com,9514182637.0,Active
1741,Ishaan Verma,Female,41,Kolkata,Uttar Pradesh,9,Premium,2023-07-16,ishaan.verma799@gmail.com,9197139952.0,
1742,Ishaan Reddy,Male,47,Ahmedabad,West Bengal,24,Regular,2025-12-28,ishaan.reddy201@gmail.com,9107875446.0,
1743,Ananya Joshi,Male,23,Kolkata,Uttar Pradesh,12,Regular,2022-10-28,ananya.joshi376@gmail.com,9565730734.0,Inactive
1744,Nikhil Joshi,Male,57,Pune,Telangana,12,Silver,2020-02-03,nikhil.joshi115@gmail.com,9381366386.0,ACTIVE
1745,Priya Patel,Female,34,Ahmedabad,Andhra Pradesh,11,Regular,2021-05-05,priya.patel672@gmail.com,9699240984.0,Active
1746,Aisha Singh,Female,63,Chennai,Uttar Pradesh,17,Regular,2022-06-25,aisha.singh361@gmail.com,9968543745.0,Active
1747,Sai Reddy,Male,65,Hyderabad,Maharashtra,6,Silver,2023-04-18,sai.reddy887@gmail.com,9002400696.0,Active
1748,Rahul Sharma,Female,39,Bengaluru,Karnataka,22,Regular,2022-09-26,rahul.sharma881@gmail.com,9473159501.0,Inactive
1749,Priya Sharma,Female,45,Bengaluru,West Bengal,17,Premium,2021-05-22,priya.sharma513@gmail.com,9511437125.0,Active
1750,Nikhil Gupta,Male,58,Ahmedabad,West Bengal,10,Premium,2020-07-23,nikhil.gupta769@gmail.com,9745168040.0,Active
1751,Rohan Gupta,Male,58,Kolkata,Telangana,19,Regular,2022-07-08,rohan.gupta249@gmail.com,9062591796.0,Active
1752,Neha Nair,Female,47,Chennai,West Bengal,24,Regular,2022-12-19,neha.nair286@gmail.com,9360338460.0,active
1753,Aarav Rao,Male,19,Hyderabad,Maharashtra,29,Regular,2021-04-02,aarav.rao441@gmail.com,9609242015.0,Active
1754,Priya Patel,Female,48,Pune,Gujarat,30,Silver,2025-01-06,priya.patel460@gmail.com,9643262538.0,Active
1755,Priya Reddy,Female,62,Ahmedabad,Andhra Pradesh,3,Regular,2023-11-26,priya.reddy215@gmail.com,9892504247.0,Active
1756,Aarav Kumar,Female,29,Kolkata,Kerala,3,Regular,2022-10-22,aarav.kumar500@gmail.com,9769995390.0,Active
1757,Nikhil Patel,Female,45,Kolkata,Tamil Nadu,21,Regular,2021-02-22,nikhil.patel728@gmail.com,9007026784.0,Active
1758,Riya Reddy,Male,39,Bengaluru,Uttar Pradesh,13,Premium,2025-01-07,riya.reddy20@gmail.com,9807984067.0,Active
1759,Priya Rao,Male,25,Hyderabad,Delhi,13,Silver,2020-06-18,priya.rao842@gmail.com,9696939108.0,active
1760,Sai Reddy,Male,66,Chennai,West Bengal,19,Regular,2025-09-25,sai.reddy610@gmail.com,9336661810.0,ACTIVE
1761,Kavya Reddy,Female,47,Hyderabad,Uttar Pradesh,4,Regular,2023-12-18,kavya.reddy961@gmail.com,9790772658.0,Active
1762,Nikhil Sharma,Male,28,Delhi,Tamil Nadu,1,Gold,2024-03-28,nikhil.sharma65@gmail.com,9726453270.0,Active
1763,Vikram Reddy,Female,30,Chennai,Gujarat,3,Regular,2023-12-15,vikram.reddy707@gmail.com,9563966682.0,Active
1764,Aisha Singh,Male,39,Pune,Maharashtra,12,Regular,2023-10-31,aisha.singh76@gmail.com,9804085753.0,Active
1765,Sai Patel,Female,26,Chennai,Telangana,12,Gold,2021-02-20,sai.patel727@gmail.com,9473888697.0,Active
1766,Diya Kumar,Male,33,Bengaluru,Delhi,13,Premium,2021-02-20,diya.kumar8@gmail.com,9645580502.0,Active
1767,Kavya Kumar,Male,68,Hyderabad,Uttar Pradesh,12,Premium,2020-03-03,kavya.kumar849@gmail.com,9031153377.0,ACTIVE
1768,Aisha Reddy,Female,39,Ahmedabad,Karnataka,18,Gold,2025-05-29,aisha.reddy988@gmail.com,9637161834.0,Active
1769,Diya Verma,Female,54,Chennai,Telangana,1,Regular,2022-10-31,diya.verma918@gmail.com,9018971151.0,Inactive
1770,Rahul Sharma,Male,33,Pune,Uttar Pradesh,20,Silver,2020-10-03,rahul.sharma816@gmail.com,9290371572.0,Active
1771,Vikram Kumar,Male,70,Pune,Gujarat,30,Premium,2020-04-08,vikram.kumar196@gmail.com,9340633480.0,Active
1772,Kiran Joshi,Female,18,Hyderabad,Delhi,19,Premium,2020-07-06,kiran.joshi490@gmail.com,9958438533.0,active
1773,Aditya Verma,Female,36,Pune,Tamil Nadu,24,Gold,2024-04-24,aditya.verma238@gmail.com,9713797743.0,Active
1774,Ishaan Kumar,Female,64,Chennai,West Bengal,7,Premium,2020-06-27,ishaan.kumar343@gmail.com,9645658807.0,Active
1775,Riya Sharma,Female,54,Kolkata,Maharashtra,24,Regular,2020-04-03,riya.sharma330@gmail.com,9094756843.0,Active
1776,Riya Gupta,Female,35,Delhi,Uttar Pradesh,16,Gold,2020-01-06,riya.gupta572@gmail.com,9755098041.0,Active
1777,Kavya Sharma,Female,52,Bengaluru,Andhra Pradesh,12,Silver,2021-03-04,kavya.sharma964@gmail.com,9150957892.0,Active
1778,Kavya Joshi,Female,42,Delhi,Telangana,19,Regular,2023-12-03,kavya.joshi408@gmail.com,9423056206.0,Active
1779,Diya Rao,Female,53,Delhi,Maharashtra,27,Gold,2021-08-24,diya.rao8@gmail.com,9395382372.0,Active
1780,Sneha Singh,Male,31,Bengaluru,Delhi,27,Silver,2023-11-01,sneha.singh619@gmail.com,9178259196.0,Active
1781,Aditya Reddy,Female,34,Bengaluru,Uttar Pradesh,17,Silver,2020-10-24,aditya.reddy198@gmail.com,9803122439.0,Active
1782,Ishaan Reddy,Male,42,Delhi,Kerala,8,Silver,2023-10-07,ishaan.reddy916@gmail.com,9389874657.0,Active
1783,Vivaan Sharma,Male,20,Hyderabad,Tamil Nadu,15,Premium,2022-07-05,vivaan.sharma157@gmail.com,9372043992.0,Active
1784,Ishaan Sharma,Male,61,Kolkata,Uttar Pradesh,5,Gold,2022-04-22,ishaan.sharma138@gmail.com,9491837030.0,Active
1785,Arjun Gupta,Male,70,Pune,Delhi,19,Gold,2022-11-15,arjun.gupta778@gmail.com,9040580462.0,Active
1786,Neha Nair,Male,23,Mumbai,Maharashtra,28,Regular,2024-08-22,neha.nair303@gmail.com,9918533437.0,Active
1787,Vikram Nair,Male,27,Ahmedabad,Kerala,9,Gold,2025-11-21,vikram.nair895@gmail.com,9624975272.0,Active
1788,Kavya Kumar,Male,33,Pune,Maharashtra,23,Gold,2025-03-27,kavya.kumar994@gmail.com,9456894085.0,active
1789,Rohan Kumar,Male,64,Hyderabad,Kerala,18,Regular,2023-11-21,rohan.kumar30@gmail.com,9214811089.0,Active
1790,Kiran Singh,Male,24,Hyderabad,West Bengal,4,Premium,2021-10-04,kiran.singh16@gmail.com,9152411873.0,Active
1791,Ananya Verma,Female,28,Chennai,Delhi,29,Silver,2023-03-08,ananya.verma850@gmail.com,9880437865.0,Active
1792,Ananya Sharma,Male,61,Hyderabad,Andhra Pradesh,7,Premium,2021-03-23,ananya.sharma176@gmail.com,9114127634.0,active
1793,Vivaan Kumar,Female,35,Bengaluru,West Bengal,20,Gold,2021-08-23,vivaan.kumar993@gmail.com,9226648153.0,Inactive
1794,Sai Singh,Female,46,Delhi,West Bengal,23,Premium,2025-04-24,sai.singh22@gmail.com,9459015270.0,Active
1795,Aditya Verma,Male,46,Ahmedabad,Delhi,16,Regular,2023-06-15,aditya.verma100@gmail.com,9907439093.0,
1796,Nikhil Reddy,Male,48,Ahmedabad,Karnataka,30,Silver,2024-04-07,nikhil.reddy721@gmail.com,9325383128.0,Active
1797,Nikhil Rao,Female,53,Delhi,Kerala,23,Regular,2022-01-20,nikhil.rao514@gmail.com,9216371753.0,Active
1798,Rahul Patel,Male,58,Kolkata,Maharashtra,17,Silver,2025-09-01,rahul.patel801@gmail.com,9922469136.0,Active
1799,Aarav Gupta,Male,24,Mumbai,West Bengal,7,Regular,2023-11-16,aarav.gupta240@gmail.com,9245317631.0,Active
1800,Vivaan Singh,Female,40,Ahmedabad,West Bengal,12,Regular,2025-02-22,vivaan.singh964@gmail.com,9106305144.0,Active
1801,Sai Sharma,Female,46,Pune,Karnataka,7,Regular,2022-03-14,sai.sharma811@gmail.com,9687425167.0,Inactive
1802,Neha Sharma,Male,63,Kolkata,Andhra Pradesh,17,Regular,2021-06-03,neha.sharma243@gmail.com,9313136589.0,Active
1803,Diya Kumar,Female,56,Ahmedabad,Karnataka,12,Regular,2022-01-09,diya.kumar182@gmail.com,9573875410.0,Active
1804,Ishaan Rao,Male,23,Mumbai,Delhi,2,Regular,2025-05-10,ishaan.rao926@gmail.com,9107859566.0,Active
1805,Aisha Rao,Male,20,Bengaluru,Maharashtra,7,Gold,2021-06-04,aisha.rao861@gmail.com,9656751588.0,
1806,Arjun Gupta,Male,37,Hyderabad,West Bengal,29,Gold,2021-09-23,arjun.gupta863@gmail.com,9357483993.0,Active
1807,Neha Reddy,Male,24,Ahmedabad,Karnataka,3,Regular,2025-12-25,neha.reddy698@gmail.com,9708900365.0,active
1808,Rohan Nair,Male,24,Chennai,Maharashtra,14,Gold,2022-12-02,rohan.nair278@gmail.com,9696116519.0,Active
1809,Sneha Rao,Female,26,Hyderabad,Kerala,20,Silver,2023-04-22,sneha.rao138@gmail.com,9391136422.0,ACTIVE
1810,Rahul Kumar,Male,57,Ahmedabad,Tamil Nadu,19,Regular,2020-10-29,rahul.kumar495@gmail.com,9567422059.0,ACTIVE
1811,Diya Rao,Male,61,Mumbai,Delhi,21,Silver,2020-06-24,diya.rao768@gmail.com,9235898023.0,Active
1812,Meera Singh,Female,24,Bengaluru,Gujarat,8,Regular,2025-11-03,meera.singh752@gmail.com,9481321033.0,
1813,Rahul Verma,Male,50,Bengaluru,Telangana,13,Regular,2020-01-13,rahul.verma821@gmail.com,9021273549.0,Active
1814,Kavya Singh,Female,32,Hyderabad,Telangana,16,Silver,2020-05-25,kavya.singh366@gmail.com,9493693821.0,Active
1815,Aisha Patel,Female,22,Pune,Kerala,29,Regular,2024-06-09,aisha.patel336@gmail.com,9143575875.0,Active
1816,Vikram Reddy,Male,46,Hyderabad,Maharashtra,15,Regular,2024-02-16,vikram.reddy853@gmail.com,9865168569.0,Active
1817,Ishaan Nair,Male,19,Pune,Maharashtra,25,Regular,2021-11-08,ishaan.nair612@gmail.com,9258212007.0,Active
1818,Meera Gupta,Female,59,Bengaluru,Uttar Pradesh,22,Silver,2025-09-24,meera.gupta181@gmail.com,9271481712.0,Active
1819,Sneha Kumar,Male,44,Hyderabad,Kerala,21,Silver,2021-11-24,sneha.kumar506@gmail.com,9391826406.0,Active
1820,Kavya Singh,Female,51,Pune,Uttar Pradesh,14,Regular,2023-01-20,kavya.singh745@gmail.com,9620051148.0,Active
1821,Ananya Joshi,Female,24,Bengaluru,Karnataka,16,Gold,2024-11-09,ananya.joshi643@gmail.com,9703339346.0,Active
1822,Neha Singh,Female,59,Pune,Maharashtra,13,Premium,2021-11-02,neha.singh129@gmail.com,9399509767.0,Active
1823,Ananya Gupta,Female,33,Kolkata,Uttar Pradesh,27,Gold,2025-08-04,ananya.gupta415@gmail.com,9911721724.0,Active
1824,Ishaan Sharma,Female,52,Kolkata,Gujarat,27,Silver,2021-11-03,ishaan.sharma89@gmail.com,9371318951.0,Active
1825,Ishaan Sharma,Male,51,Bengaluru,Gujarat,30,Premium,2021-04-11,ishaan.sharma33@gmail.com,9702101710.0,ACTIVE
1826,Neha Reddy,Male,48,Mumbai,Kerala,13,Regular,2020-03-11,neha.reddy664@gmail.com,9665576503.0,active
1827,Sneha Joshi,Female,52,Chennai,Tamil Nadu,8,Regular,2022-03-25,sneha.joshi939@gmail.com,9909797398.0,Active
1828,Diya Gupta,Female,49,Kolkata,Kerala,16,Regular,2021-11-02,diya.gupta475@gmail.com,9965048120.0,Active
1829,Rohan Singh,Female,51,Mumbai,West Bengal,12,Regular,2023-08-21,rohan.singh954@gmail.com,9695887528.0,Active
1830,Vikram Rao,Female,36,Ahmedabad,West Bengal,5,Regular,2023-05-29,vikram.rao391@gmail.com,9040198695.0,Active
1831,Aisha Reddy,Male,30,Mumbai,Andhra Pradesh,23,Silver,2022-05-04,aisha.reddy971@gmail.com,9247335507.0,Active
1832,Nikhil Kumar,Female,61,Chennai,Gujarat,24,Silver,2023-06-26,nikhil.kumar916@gmail.com,9359930283.0,Active
1833,Sneha Nair,Female,30,Kolkata,Telangana,20,Gold,2020-03-05,sneha.nair183@gmail.com,9761567247.0,Active
1834,Sneha Gupta,Female,50,Bengaluru,Tamil Nadu,15,Gold,2022-06-10,sneha.gupta665@gmail.com,9400535691.0,Active
1835,Sneha Rao,Female,26,Ahmedabad,Uttar Pradesh,21,Regular,2024-07-04,sneha.rao368@gmail.com,9285887393.0,Active
1836,Ishaan Gupta,Male,59,Mumbai,Gujarat,17,Silver,2025-05-23,ishaan.gupta162@gmail.com,9471507695.0,Inactive
1837,Priya Rao,Male,28,Pune,Gujarat,28,Premium,2020-05-02,priya.rao952@gmail.com,9137430419.0,active
1838,Meera Patel,Male,27,Hyderabad,Uttar Pradesh,12,Regular,2020-01-02,meera.patel838@gmail.com,9044445157.0,Active
1839,Aditya Rao,Female,32,Delhi,Tamil Nadu,13,Gold,2025-04-24,aditya.rao70@gmail.com,9407632920.0,Active
1840,Riya Verma,Female,19,Mumbai,Uttar Pradesh,2,Premium,2024-06-16,riya.verma101@gmail.com,9445451132.0,Active
1841,Aditya Rao,Female,64,Hyderabad,Uttar Pradesh,28,Silver,2023-12-19,aditya.rao770@gmail.com,9996208441.0,Active
1842,Neha Patel,Male,32,Ahmedabad,Kerala,19,Silver,2025-06-18,neha.patel901@gmail.com,9640148219.0,Active
1843,Sneha Singh,Female,70,Ahmedabad,Andhra Pradesh,16,Silver,2021-08-03,sneha.singh682@gmail.com,9932224817.0,Active
1844,Arjun Reddy,Female,36,Delhi,Karnataka,13,Gold,2020-03-18,arjun.reddy249@gmail.com,9187946140.0,Active
1845,Diya Singh,Female,38,Ahmedabad,Uttar Pradesh,13,Regular,2022-01-23,diya.singh629@gmail.com,9712452725.0,ACTIVE
1846,Sneha Reddy,Male,55,Kolkata,Maharashtra,28,Gold,2024-10-24,sneha.reddy94@gmail.com,9417351343.0,Active
1847,Nikhil Nair,Male,65,Bengaluru,Andhra Pradesh,8,Gold,2024-08-23,nikhil.nair250@gmail.com,9957582780.0,Active
1848,Diya Verma,Male,40,Mumbai,Tamil Nadu,29,Silver,2020-08-24,diya.verma298@gmail.com,9528486581.0,Active
1849,Arjun Nair,Female,64,Kolkata,Andhra Pradesh,9,Regular,2022-08-15,arjun.nair84@gmail.com,9605524142.0,Active
1850,Aditya Sharma,Female,44,Ahmedabad,Tamil Nadu,26,Regular,2023-06-20,aditya.sharma992@gmail.com,9064227415.0,Active
1851,Arjun Nair,Male,54,Bengaluru,Tamil Nadu,1,Regular,2020-04-30,arjun.nair705@gmail.com,9265986819.0,active
1852,Ishaan Verma,Female,57,Kolkata,West Bengal,24,Regular,2022-08-05,ishaan.verma184@gmail.com,9205126438.0,Active
1853,Kavya Patel,Female,31,Pune,Tamil Nadu,9,Regular,2024-10-07,kavya.patel651@gmail.com,9267829479.0,Active
1854,Aditya Singh,Female,55,Pune,Gujarat,17,Silver,2024-12-30,aditya.singh197@gmail.com,9561703830.0,Active
1855,Ishaan Kumar,Female,49,Mumbai,Telangana,25,Silver,2020-01-30,ishaan.kumar247@gmail.com,9380161462.0,Active
1856,Arjun Joshi,Female,62,Kolkata,Tamil Nadu,22,Regular,2023-10-03,arjun.joshi504@gmail.com,9969325192.0,Active
1857,Neha Joshi,Male,69,Kolkata,Gujarat,9,Regular,2020-10-18,neha.joshi541@gmail.com,9992407166.0,Active
1858,Rahul Joshi,Male,57,Hyderabad,Telangana,24,Gold,2021-07-05,rahul.joshi285@gmail.com,9967037571.0,Active
1859,Kavya Joshi,Male,58,Mumbai,Gujarat,24,Regular,2025-11-15,kavya.joshi49@gmail.com,9804161024.0,Active
1860,Ishaan Singh,Male,64,Bengaluru,Andhra Pradesh,14,Premium,2020-07-31,ishaan.singh784@gmail.com,9463161817.0,Active
1861,Priya Singh,Male,33,Hyderabad,Gujarat,11,Regular,2023-09-30,priya.singh940@gmail.com,9223343073.0,Active
1862,Aisha Rao,Male,48,Mumbai,Delhi,11,Regular,2025-06-04,aisha.rao379@gmail.com,9736604880.0,Active
1863,Diya Kumar,Male,41,Chennai,Tamil Nadu,22,Regular,2021-05-30,diya.kumar838@gmail.com,9341866903.0,Active
1864,Sneha Joshi,Female,24,Hyderabad,Delhi,13,Regular,2021-11-30,sneha.joshi657@gmail.com,9090037197.0,Active
1865,Aisha Rao,Female,38,Ahmedabad,Andhra Pradesh,9,Regular,2024-03-13,aisha.rao459@gmail.com,9651949842.0,Active
1866,Priya Kumar,Female,20,Ahmedabad,Uttar Pradesh,4,Gold,2025-10-27,priya.kumar151@gmail.com,9200575050.0,Active
1867,Diya Verma,Female,23,Hyderabad,West Bengal,11,Silver,2022-03-02,diya.verma680@gmail.com,9835879524.0,Active
1868,Arjun Kumar,Female,33,Hyderabad,Gujarat,3,Regular,2021-11-22,arjun.kumar953@gmail.com,9433422230.0,Active
1869,Kiran Gupta,Male,66,Bengaluru,Andhra Pradesh,24,Regular,2022-12-30,kiran.gupta851@gmail.com,9549446761.0,Active
1870,Arjun Singh,Male,58,Ahmedabad,Karnataka,16,Regular,2023-02-26,arjun.singh763@gmail.com,9915234150.0,Active
1871,Ishaan Joshi,Male,25,Delhi,Maharashtra,11,Gold,2020-10-07,ishaan.joshi23@gmail.com,9843068062.0,Active
1872,Aarav Joshi,Female,61,Mumbai,Delhi,3,Gold,2020-07-31,aarav.joshi442@gmail.com,9381124458.0,Active
1873,Priya Kumar,Male,54,Pune,West Bengal,8,Regular,2023-03-16,priya.kumar757@gmail.com,9628295814.0,Active
1874,Sneha Patel,Female,55,Mumbai,Tamil Nadu,21,Regular,2025-02-21,sneha.patel401@gmail.com,9114405180.0,
1875,Priya Patel,Male,46,Kolkata,Telangana,30,Regular,2025-11-30,priya.patel26@gmail.com,9031898611.0,Active
1876,Priya Verma,Male,45,Mumbai,Telangana,26,Regular,2022-05-19,priya.verma174@gmail.com,9633476173.0,Active
1877,Diya Reddy,Female,50,Hyderabad,Andhra Pradesh,6,Premium,2025-06-04,diya.reddy974@gmail.com,9329648973.0,ACTIVE
1878,Sai Nair,Male,48,Mumbai,Andhra Pradesh,5,Gold,2021-10-21,sai.nair958@gmail.com,9261305194.0,Inactive
1879,Aditya Singh,Female,43,Hyderabad,West Bengal,1,Regular,2020-05-19,aditya.singh246@gmail.com,9494466897.0,Inactive
1880,Vivaan Reddy,Female,64,Chennai,Delhi,5,Regular,2021-09-25,vivaan.reddy127@gmail.com,9354237370.0,Active
1881,Riya Sharma,Male,51,Delhi,Uttar Pradesh,28,Gold,2025-08-04,riya.sharma363@gmail.com,9668768427.0,Active
1882,Diya Kumar,Female,20,Pune,Karnataka,11,Gold,2021-11-19,diya.kumar345@gmail.com,9670214786.0,Active
1883,Priya Kumar,Male,42,Pune,Andhra Pradesh,11,Silver,2022-01-04,priya.kumar218@gmail.com,9922020952.0,Active
1884,Rahul Rao,Male,55,Mumbai,Kerala,2,Regular,2020-01-21,rahul.rao796@gmail.com,9748065115.0,active
1885,Rahul Joshi,Male,45,Bengaluru,Maharashtra,13,Gold,2020-07-14,rahul.joshi938@gmail.com,9170313280.0,Active
1886,Kiran Joshi,Female,68,Bengaluru,Delhi,14,Premium,2021-12-08,kiran.joshi259@gmail.com,9282319387.0,Active
1887,Diya Singh,Male,70,Hyderabad,Gujarat,6,Regular,2025-08-03,diya.singh478@gmail.com,9601320511.0,ACTIVE
1888,Aarav Sharma,Male,51,Chennai,Andhra Pradesh,8,Gold,2022-09-07,aarav.sharma6@gmail.com,9016016823.0,Active
1889,Aisha Kumar,Female,65,Hyderabad,West Bengal,30,Regular,2021-01-24,aisha.kumar860@gmail.com,9357763471.0,Active
1890,Vikram Nair,Female,23,Hyderabad,Telangana,15,Silver,2020-06-18,vikram.nair282@gmail.com,9724016186.0,Active
1891,Aditya Nair,Female,61,Bengaluru,Delhi,27,Gold,2020-08-24,aditya.nair517@gmail.com,9853701056.0,Active
1892,Aditya Verma,Female,35,Bengaluru,Delhi,13,Gold,2025-10-11,aditya.verma385@gmail.com,9135476909.0,Active
1893,Rahul Joshi,Male,29,Kolkata,West Bengal,19,Premium,2020-06-16,rahul.joshi325@gmail.com,9182759141.0,Active
1894,Arjun Sharma,Male,56,Bengaluru,Maharashtra,6,Premium,2022-04-18,arjun.sharma821@gmail.com,9225911562.0,active
1895,Kiran Patel,Male,27,Hyderabad,Maharashtra,12,Regular,2023-09-05,kiran.patel783@gmail.com,9386094372.0,Active
1896,Arjun Joshi,Female,47,Bengaluru,Uttar Pradesh,18,Silver,2022-03-25,arjun.joshi474@gmail.com,9473354136.0,Active
1897,Sai Gupta,Male,25,Hyderabad,Delhi,14,Silver,2023-05-25,sai.gupta995@gmail.com,9196900688.0,Active
1898,Vivaan Reddy,Female,52,Chennai,Telangana,20,Silver,2023-05-17,vivaan.reddy281@gmail.com,9595816872.0,Active
1899,Kiran Patel,Male,64,Hyderabad,Kerala,5,Silver,2024-01-13,kiran.patel282@gmail.com,9623300755.0,Inactive
1900,Ishaan Joshi,Female,31,Hyderabad,Kerala,12,Gold,2024-08-29,ishaan.joshi868@gmail.com,9221671957.0,Inactive
1901,Sai Verma,Female,53,Bengaluru,Andhra Pradesh,2,Regular,2025-01-30,sai.verma599@gmail.com,9187344215.0,Active
1902,Neha Singh,Male,24,Mumbai,Maharashtra,2,Regular,2022-04-26,neha.singh886@gmail.com,9073244657.0,Active
1903,Diya Rao,Female,66,Ahmedabad,West Bengal,19,Regular,2023-06-09,diya.rao323@gmail.com,9674713704.0,Active
1904,Aarav Sharma,Male,35,Ahmedabad,Gujarat,6,Regular,2022-08-28,aarav.sharma159@gmail.com,9446466735.0,Active
1905,Priya Reddy,Male,28,Pune,West Bengal,15,Silver,2021-04-20,priya.reddy350@gmail.com,9025370278.0,Active
1906,Vikram Nair,Male,70,Hyderabad,Delhi,2,Regular,2024-01-14,vikram.nair935@gmail.com,9802955965.0,Active
1907,Arjun Joshi,Female,18,Ahmedabad,Uttar Pradesh,28,Regular,2025-12-28,arjun.joshi933@gmail.com,9960592555.0,Active
1908,Arjun Singh,Male,32,Delhi,Uttar Pradesh,13,Silver,2022-03-04,arjun.singh575@gmail.com,9102538802.0,
1909,Arjun Rao,Female,47,Bengaluru,Maharashtra,20,Silver,2023-03-17,arjun.rao139@gmail.com,9727055765.0,Inactive
1910,Ananya Patel,Male,28,Ahmedabad,Uttar Pradesh,14,Premium,2020-09-30,ananya.patel410@gmail.com,9863545286.0,
1911,Aditya Sharma,Female,44,Kolkata,Andhra Pradesh,27,Gold,2020-08-17,aditya.sharma842@gmail.com,9725435062.0,Active
1912,Rahul Reddy,Male,26,Delhi,Andhra Pradesh,24,Gold,2021-03-01,rahul.reddy276@gmail.com,9203348043.0,Active
1913,Rahul Patel,Male,45,Mumbai,Uttar Pradesh,5,Regular,2025-05-31,rahul.patel266@gmail.com,9688636521.0,
1914,Sai Singh,Male,37,Ahmedabad,Gujarat,16,Regular,2023-06-22,sai.singh401@gmail.com,9767877285.0,Active
1915,Sneha Reddy,Male,61,Hyderabad,Maharashtra,5,Premium,2023-01-10,sneha.reddy216@gmail.com,9693707503.0,Active
1916,Kiran Reddy,Male,48,Ahmedabad,Andhra Pradesh,26,Regular,2021-02-24,kiran.reddy937@gmail.com,9194888619.0,Active
1917,Aisha Sharma,Female,40,Hyderabad,Karnataka,18,Regular,2024-06-05,aisha.sharma560@gmail.com,9430534188.0,Active
1918,Neha Sharma,Male,40,Hyderabad,Tamil Nadu,30,Gold,2024-12-05,neha.sharma584@gmail.com,9918652422.0,ACTIVE
1919,Rohan Kumar,Male,24,Kolkata,Kerala,12,Silver,2025-09-02,rohan.kumar550@gmail.com,9988917302.0,Active
1920,Sneha Sharma,Female,52,Chennai,Maharashtra,27,Gold,2022-06-26,sneha.sharma686@gmail.com,9805992593.0,
1921,Sneha Rao,Female,50,Chennai,Tamil Nadu,4,Regular,2020-08-20,sneha.rao927@gmail.com,9155184104.0,Active
1922,Diya Rao,Female,63,Pune,Uttar Pradesh,8,Silver,2023-09-01,diya.rao398@gmail.com,9221241751.0,Active
1923,Ananya Rao,Female,40,Mumbai,Karnataka,10,Premium,2023-10-29,ananya.rao496@gmail.com,9151011185.0,Active
1924,Ishaan Gupta,Female,28,Bengaluru,West Bengal,22,Gold,2021-11-07,ishaan.gupta140@gmail.com,9097842698.0,Active
1925,Meera Patel,Female,50,Mumbai,Kerala,20,Regular,2023-11-23,meera.patel960@gmail.com,9595127431.0,Inactive
1926,Aisha Patel,Male,50,Chennai,Karnataka,13,Silver,2025-09-24,aisha.patel978@gmail.com,9001764984.0,Active
1927,Riya Joshi,Female,57,Mumbai,Gujarat,20,Silver,2023-04-08,riya.joshi68@gmail.com,9472750905.0,Active
1928,Vikram Patel,Female,46,Delhi,Andhra Pradesh,14,Silver,2023-03-22,vikram.patel287@gmail.com,9964276772.0,Active
1929,Diya Nair,Female,41,Pune,Kerala,18,Regular,2023-02-12,diya.nair602@gmail.com,9091708060.0,Active
1930,Vikram Nair,Female,62,Kolkata,Telangana,1,Premium,2022-05-20,vikram.nair816@gmail.com,9561482744.0,Active
1931,Neha Gupta,Female,64,Bengaluru,Telangana,22,Gold,2021-02-10,neha.gupta753@gmail.com,9893294831.0,Active
1932,Aditya Kumar,Female,44,Delhi,Karnataka,12,Regular,2022-04-04,aditya.kumar871@gmail.com,9776078077.0,Active
1933,Vivaan Rao,Female,35,Pune,Uttar Pradesh,25,Regular,2022-07-04,vivaan.rao132@gmail.com,9604227501.0,Active
1934,Kiran Nair,Male,58,Mumbai,Telangana,13,Silver,2022-01-31,kiran.nair926@gmail.com,9057701183.0,Active
1935,Kavya Verma,Male,40,Hyderabad,Andhra Pradesh,13,Silver,2021-09-06,kavya.verma289@gmail.com,9741890230.0,Active
1936,Neha Reddy,Male,36,Delhi,Telangana,22,Regular,2023-10-22,neha.reddy382@gmail.com,9537050765.0,Active
1937,Ishaan Patel,Male,58,Bengaluru,Tamil Nadu,24,Silver,2021-02-14,ishaan.patel158@gmail.com,9524785781.0,Active
1938,Kiran Kumar,Male,42,Kolkata,Delhi,3,Regular,2024-07-28,kiran.kumar165@gmail.com,9808295179.0,Active
1939,Vivaan Kumar,Female,29,Mumbai,West Bengal,24,Silver,2020-02-07,vivaan.kumar54@gmail.com,9199735066.0,Active
1940,Nikhil Joshi,Male,64,Hyderabad,Gujarat,6,Premium,2022-11-06,nikhil.joshi488@gmail.com,9669387382.0,Active
1941,Kavya Joshi,Female,21,Bengaluru,Karnataka,26,Regular,2020-01-22,kavya.joshi742@gmail.com,9128695673.0,Active
1942,Sai Patel,Male,49,Chennai,Delhi,20,Gold,2024-09-16,sai.patel55@gmail.com,9242277431.0,Active
1943,Vivaan Sharma,Female,44,Mumbai,Kerala,2,Silver,2024-06-09,vivaan.sharma944@gmail.com,9285948329.0,Active
1944,Priya Rao,Male,35,Ahmedabad,West Bengal,10,Premium,2024-06-19,priya.rao503@gmail.com,9608114477.0,Active
1945,Aditya Patel,Female,50,Mumbai,Gujarat,14,Gold,2025-07-02,aditya.patel974@gmail.com,9688091547.0,Active
1946,Meera Gupta,Male,50,Kolkata,Tamil Nadu,13,Regular,2020-12-30,meera.gupta848@gmail.com,9193081585.0,Active
1947,Vivaan Reddy,Female,43,Pune,Karnataka,9,Premium,2022-07-21,vivaan.reddy972@gmail.com,9758981207.0,Active
1948,Ishaan Verma,Female,61,Chennai,Andhra Pradesh,1,Premium,2020-12-05,ishaan.verma888@gmail.com,9583096158.0,Active
1949,Ananya Verma,Female,45,Bengaluru,Kerala,12,Silver,2025-04-24,ananya.verma734@gmail.com,9441997025.0,Inactive
1950,Priya Gupta,Female,58,Delhi,Andhra Pradesh,2,Gold,2025-09-18,priya.gupta957@gmail.com,9405152717.0,Active
1951,Ananya Sharma,Female,46,Mumbai,Tamil Nadu,26,Regular,2023-03-04,ananya.sharma769@gmail.com,9763365971.0,Active
1952,Arjun Patel,Male,58,Mumbai,Tamil Nadu,13,Silver,2020-09-26,arjun.patel462@gmail.com,9620865536.0,Active
1953,Nikhil Gupta,Female,50,Ahmedabad,Andhra Pradesh,3,Regular,2022-09-17,nikhil.gupta893@gmail.com,9920506095.0,Active
1954,Sai Patel,Male,65,Kolkata,Uttar Pradesh,16,Silver,2021-11-12,sai.patel668@gmail.com,9772180197.0,Active
1955,Aarav Rao,Female,59,Chennai,Tamil Nadu,6,Regular,2022-01-30,aarav.rao863@gmail.com,9656173899.0,Active
1956,Priya Patel,Male,32,Kolkata,Karnataka,23,Silver,2024-01-24,priya.patel863@gmail.com,9227131839.0,Active
1957,Rohan Reddy,Male,69,Ahmedabad,Telangana,13,Gold,2025-08-08,rohan.reddy707@gmail.com,9417188898.0,Active
1958,Sneha Patel,Female,53,Chennai,Tamil Nadu,8,Regular,2025-02-15,sneha.patel329@gmail.com,9618925986.0,Active
1959,Diya Patel,Female,24,Bengaluru,Gujarat,3,Silver,2023-02-01,diya.patel446@gmail.com,9117295251.0,Active
1960,Meera Singh,Female,46,Mumbai,Uttar Pradesh,18,Regular,2022-01-23,meera.singh557@gmail.com,9341946290.0,Active
1961,Aisha Rao,Male,34,Bengaluru,Karnataka,12,Regular,2025-02-06,aisha.rao999@gmail.com,9775600868.0,Inactive
1962,Kavya Joshi,Female,61,Bengaluru,Maharashtra,10,Premium,2020-12-27,kavya.joshi477@gmail.com,9506030492.0,Active
1963,Sai Sharma,Female,45,Kolkata,Maharashtra,7,Regular,2020-10-28,sai.sharma256@gmail.com,9295374015.0,Active
1964,Meera Rao,Female,18,Chennai,Delhi,9,Silver,2023-04-09,meera.rao581@gmail.com,9470376702.0,
1965,Vikram Singh,Male,23,Pune,Telangana,17,Premium,2024-03-17,vikram.singh507@gmail.com,9104200553.0,Active
1966,Ananya Sharma,Female,36,Hyderabad,Tamil Nadu,8,Regular,2024-07-15,ananya.sharma809@gmail.com,9545640382.0,ACTIVE
1967,Vivaan Sharma,Female,55,Hyderabad,Uttar Pradesh,20,Premium,2020-10-13,vivaan.sharma51@gmail.com,9087336762.0,Active
1968,Diya Patel,Female,45,Chennai,Uttar Pradesh,16,Premium,2025-09-22,diya.patel21@gmail.com,9871440303.0,Active
1969,Vikram Reddy,Male,20,Hyderabad,Uttar Pradesh,26,Gold,2023-02-08,vikram.reddy438@gmail.com,9752149507.0,Active
1970,Vikram Rao,Male,52,Chennai,Maharashtra,3,Silver,2020-06-06,vikram.rao438@gmail.com,9481422683.0,Inactive
1971,Sai Singh,Male,59,Mumbai,Delhi,20,Premium,2023-08-21,sai.singh206@gmail.com,9137777286.0,Active
1972,Vikram Reddy,Female,42,Mumbai,Andhra Pradesh,22,Regular,2024-07-31,vikram.reddy691@gmail.com,9171940225.0,Active
1973,Diya Sharma,Female,19,Chennai,Andhra Pradesh,12,Regular,2024-06-10,diya.sharma234@gmail.com,9593829614.0,Active
1974,Sneha Kumar,Female,35,Pune,Uttar Pradesh,2,Silver,2024-08-25,sneha.kumar592@gmail.com,9862979639.0,Active
1975,Vivaan Singh,Female,31,Pune,Gujarat,1,Regular,2023-03-11,vivaan.singh96@gmail.com,9715127874.0,Active
1976,Neha Nair,Male,23,Chennai,Maharashtra,29,Regular,2024-10-05,neha.nair102@gmail.com,9462104868.0,Active
1977,Neha Singh,Male,59,Pune,West Bengal,28,Silver,2021-02-19,neha.singh300@gmail.com,9021986129.0,ACTIVE
1978,Kiran Joshi,Male,34,Delhi,Uttar Pradesh,23,Regular,2025-03-06,kiran.joshi654@gmail.com,9573825193.0,Active
1979,Aisha Verma,Female,39,Bengaluru,Gujarat,11,Silver,2021-08-27,aisha.verma147@gmail.com,9759521448.0,Active
1980,Aditya Verma,Male,26,Chennai,Karnataka,5,Regular,2021-12-12,aditya.verma296@gmail.com,9598194855.0,Active
1981,Neha Joshi,Male,56,Delhi,West Bengal,19,Silver,2025-07-08,neha.joshi521@gmail.com,9798860375.0,Active
1982,Ananya Reddy,Female,33,Chennai,Andhra Pradesh,11,Regular,2024-04-01,ananya.reddy456@gmail.com,9517920787.0,Active
1983,Arjun Rao,Female,55,Delhi,Karnataka,7,Regular,2021-05-13,arjun.rao934@gmail.com,9439334343.0,Active
1984,Aarav Nair,Male,23,Ahmedabad,Gujarat,21,Regular,2023-08-07,aarav.nair307@gmail.com,9523338395.0,Active
1985,Kavya Rao,Male,43,Delhi,Gujarat,15,Silver,2023-04-30,kavya.rao255@gmail.com,9672695960.0,Active
1986,Aditya Joshi,Female,28,Hyderabad,Uttar Pradesh,1,Silver,2021-02-17,aditya.joshi609@gmail.com,9995182529.0,Active
1987,Riya Nair,Male,60,Bengaluru,Tamil Nadu,20,Regular,2025-07-25,riya.nair317@gmail.com,9682567710.0,Active
1988,Priya Rao,Female,69,Chennai,Gujarat,4,Silver,2021-02-10,priya.rao160@gmail.com,9391408605.0,Inactive
1989,Arjun Singh,Male,44,Chennai,Karnataka,7,Premium,2021-11-07,arjun.singh23@gmail.com,9508743574.0,
1990,Kiran Joshi,Male,46,Delhi,Kerala,24,Regular,2020-11-14,kiran.joshi815@gmail.com,9855295233.0,ACTIVE
1991,Neha Rao,Female,19,Chennai,West Bengal,5,Gold,2022-06-06,neha.rao541@gmail.com,9462695931.0,active
1992,Ananya Gupta,Male,59,Ahmedabad,Kerala,17,Silver,2025-10-21,ananya.gupta188@gmail.com,9981340637.0,Active
1993,Riya Verma,Female,43,Chennai,Tamil Nadu,22,Gold,2025-02-05,riya.verma147@gmail.com,9348703733.0,Active
1994,Ishaan Nair,Female,70,Chennai,Karnataka,30,Regular,2021-10-24,ishaan.nair527@gmail.com,9557352982.0,Active
1995,Sai Singh,Female,60,Kolkata,Andhra Pradesh,29,Regular,2020-07-20,sai.singh440@gmail.com,9435260937.0,Active
1996,Aisha Gupta,Male,24,Bengaluru,Gujarat,9,Silver,2021-07-11,aisha.gupta200@gmail.com,9009903603.0,Active
1997,Diya Reddy,Female,30,Bengaluru,West Bengal,26,Regular,2023-05-03,diya.reddy573@gmail.com,9270151704.0,Active
1998,Vivaan Rao,Female,70,Chennai,Kerala,24,Silver,2020-03-11,vivaan.rao276@gmail.com,9667103121.0,Active
1999,Riya Patel,Male,32,Hyderabad,Andhra Pradesh,12,Regular,2020-07-13,riya.patel230@gmail.com,9713710179.0,Active
2000,Meera Sharma,Male,37,Hyderabad,Tamil Nadu,14,Silver,2020-07-08,meera.sharma886@gmail.com,9927801784.0,Active
2001,Kavya Patel,Male,55,Bengaluru,Uttar Pradesh,24,Regular,2023-06-03,kavya.patel619@gmail.com,9152248127.0,Active
2002,Rahul Verma,Female,58,Kolkata,Kerala,15,Regular,2025-10-24,rahul.verma195@gmail.com,9290247153.0,ACTIVE
2003,Kiran Verma,Female,36,Delhi,West Bengal,17,Gold,2023-10-03,kiran.verma183@gmail.com,9413048177.0,Active
2004,Meera Rao,Female,26,Chennai,Uttar Pradesh,25,Regular,2022-03-30,meera.rao876@gmail.com,9133944537.0,Active
2005,Riya Sharma,Female,42,Ahmedabad,Tamil Nadu,7,Regular,2022-01-10,riya.sharma44@gmail.com,9830375606.0,Inactive
2006,Riya Reddy,Male,21,Delhi,Karnataka,4,Regular,2020-07-22,riya.reddy130@gmail.com,9864120268.0,Active
2007,Kiran Reddy,Female,30,Kolkata,Tamil Nadu,22,Regular,2022-11-20,kiran.reddy857@gmail.com,9732931963.0,
2008,Sai Kumar,Female,25,Ahmedabad,West Bengal,23,Regular,2023-09-12,sai.kumar630@gmail.com,9067058625.0,Active
2009,Aisha Nair,Male,29,Hyderabad,Karnataka,3,Regular,2025-02-21,aisha.nair943@gmail.com,9678401712.0,Active
2010,Sai Kumar,Male,30,Kolkata,Andhra Pradesh,19,Regular,2022-07-31,sai.kumar689@gmail.com,9881666078.0,Active
2011,Priya Sharma,Female,58,Pune,Telangana,7,Silver,2021-11-27,priya.sharma365@gmail.com,9508533519.0,Active
2012,Vivaan Verma,Female,65,Chennai,Kerala,22,Regular,2020-09-29,vivaan.verma647@gmail.com,9026590074.0,Active
2013,Riya Singh,Male,23,Mumbai,West Bengal,21,Regular,2021-01-18,riya.singh487@gmail.com,9738134643.0,Active
2014,Aditya Patel,Male,33,Bengaluru,Gujarat,1,Gold,2022-03-03,aditya.patel892@gmail.com,9283418034.0,Inactive
2015,Neha Patel,Male,59,Bengaluru,West Bengal,8,Premium,2020-11-14,neha.patel715@gmail.com,9965405278.0,Active
2016,Rohan Gupta,Female,34,Mumbai,Uttar Pradesh,13,Premium,2021-12-28,rohan.gupta549@gmail.com,9647763896.0,Active
2017,Neha Joshi,Female,33,Mumbai,Tamil Nadu,13,Gold,2022-04-17,neha.joshi335@gmail.com,9027766474.0,Active
2018,Aisha Nair,Female,31,Pune,Kerala,28,Regular,2025-05-31,aisha.nair287@gmail.com,9074004205.0,Active
2019,Meera Nair,Female,41,Hyderabad,Maharashtra,16,Gold,2021-10-23,meera.nair307@gmail.com,9934104015.0,Active
2020,Priya Sharma,Female,45,Bengaluru,West Bengal,14,Regular,2024-07-12,priya.sharma786@gmail.com,9109795659.0,Active
2021,Ishaan Nair,Female,51,Delhi,Telangana,13,Premium,2021-01-29,ishaan.nair907@gmail.com,9275368297.0,Active
2022,Ishaan Reddy,Female,55,Kolkata,Andhra Pradesh,17,Silver,2025-06-27,ishaan.reddy308@gmail.com,9045796799.0,Active
2023,Neha Kumar,Male,64,Bengaluru,Tamil Nadu,29,Silver,2021-01-10,neha.kumar936@gmail.com,9138605933.0,Active
2024,Vivaan Sharma,Male,40,Kolkata,Kerala,25,Gold,2022-05-05,vivaan.sharma737@gmail.com,9911781923.0,Active
2025,Arjun Verma,Female,23,Ahmedabad,West Bengal,4,Regular,2024-11-15,arjun.verma748@gmail.com,9625517267.0,Active
2026,Rohan Nair,Male,65,Delhi,Karnataka,15,Premium,2021-09-14,rohan.nair519@gmail.com,9945941427.0,Active
2027,Aisha Nair,Male,46,Delhi,West Bengal,28,Premium,2023-10-05,aisha.nair987@gmail.com,9588705612.0,Active
2028,Vivaan Kumar,Female,52,Chennai,West Bengal,22,Regular,2020-06-14,vivaan.kumar970@gmail.com,9258574282.0,Active
2029,Riya Reddy,Female,57,Delhi,Gujarat,9,Premium,2022-02-26,riya.reddy643@gmail.com,9711505366.0,Active
2030,Arjun Patel,Female,19,Chennai,Uttar Pradesh,6,Regular,2024-04-28,arjun.patel392@gmail.com,9846138949.0,ACTIVE
2031,Sneha Joshi,Female,45,Bengaluru,Uttar Pradesh,24,Gold,2020-11-21,sneha.joshi554@gmail.com,9245108488.0,Active
2032,Rohan Nair,Female,44,Chennai,Gujarat,2,Gold,2021-12-24,rohan.nair198@gmail.com,9037138561.0,Active
2033,Meera Singh,Male,35,Kolkata,Tamil Nadu,30,Regular,2024-06-06,meera.singh256@gmail.com,9107894722.0,ACTIVE
2034,Aisha Nair,Female,53,Delhi,Maharashtra,21,Premium,2023-10-05,aisha.nair545@gmail.com,9980261445.0,Inactive
2035,Kavya Nair,Female,42,Ahmedabad,Maharashtra,15,Premium,2023-08-15,kavya.nair653@gmail.com,9772955353.0,Active
2036,Vikram Kumar,Male,57,Delhi,Uttar Pradesh,7,Regular,2020-12-30,vikram.kumar775@gmail.com,9308822477.0,Active
2037,Aditya Nair,Female,36,Mumbai,Delhi,6,Silver,2020-10-03,aditya.nair996@gmail.com,9020910738.0,Active
2038,Vivaan Reddy,Male,62,Pune,Delhi,21,Regular,2025-10-04,vivaan.reddy332@gmail.com,9734338699.0,
2039,Priya Patel,Female,67,Chennai,Delhi,13,Regular,2024-08-11,priya.patel164@gmail.com,9437998999.0,Active
2040,Kiran Gupta,Female,56,Pune,Andhra Pradesh,6,Gold,2020-10-18,kiran.gupta127@gmail.com,9880300920.0,Active
2041,Rahul Joshi,Male,70,Pune,Maharashtra,1,Gold,2023-10-08,rahul.joshi758@gmail.com,9838128612.0,Active
2042,Kavya Verma,Female,20,Mumbai,Kerala,22,Regular,2023-07-02,kavya.verma591@gmail.com,9250674059.0,Active
2043,Ananya Nair,Female,49,Bengaluru,Andhra Pradesh,25,Gold,2023-03-11,ananya.nair352@gmail.com,9958379350.0,Active
2044,Vivaan Verma,Male,36,Bengaluru,Delhi,2,Regular,2021-07-29,vivaan.verma584@gmail.com,9789555861.0,Active
2045,Diya Gupta,Female,68,Kolkata,Tamil Nadu,20,Premium,2022-06-13,diya.gupta627@gmail.com,9826937804.0,Active
2046,Arjun Patel,Female,53,Bengaluru,Gujarat,29,Regular,2024-01-28,arjun.patel3@gmail.com,9907278004.0,Active
2047,Vikram Kumar,Female,19,Pune,Uttar Pradesh,15,Premium,2020-11-17,vikram.kumar227@gmail.com,9214348931.0,Inactive
2048,Ananya Kumar,Male,51,Chennai,Kerala,15,Silver,2023-08-27,ananya.kumar504@gmail.com,9390709579.0,
2049,Aisha Joshi,Female,55,Pune,Telangana,18,Gold,2020-01-15,aisha.joshi748@gmail.com,9631895142.0,ACTIVE
2050,Rahul Sharma,Female,42,Pune,Karnataka,3,Gold,2023-12-09,rahul.sharma394@gmail.com,9898599516.0,Inactive
2051,Aisha Kumar,Male,63,Mumbai,Telangana,25,Silver,2023-09-13,aisha.kumar490@gmail.com,9279089247.0,active
2052,Ananya Gupta,Male,20,Delhi,Karnataka,16,Regular,2020-11-22,ananya.gupta30@gmail.com,9564989456.0,Active
2053,Sneha Gupta,Male,45,Ahmedabad,Delhi,27,Gold,2024-08-05,sneha.gupta209@gmail.com,9758122231.0,active
2054,Vikram Verma,Male,46,Pune,Tamil Nadu,25,Regular,2021-10-24,vikram.verma652@gmail.com,9175661933.0,Active
2055,Kiran Sharma,Male,19,Bengaluru,Karnataka,9,Silver,2022-10-01,kiran.sharma350@gmail.com,9006395704.0,Active
2056,Ishaan Reddy,Male,33,Chennai,Tamil Nadu,3,Silver,2020-10-05,ishaan.reddy941@gmail.com,9131433334.0,Active
2057,Kavya Kumar,Male,31,Bengaluru,Andhra Pradesh,20,Gold,2020-08-21,kavya.kumar529@gmail.com,9527793720.0,Active
2058,Neha Patel,Female,63,Chennai,Tamil Nadu,23,Silver,2024-09-25,neha.patel409@gmail.com,9359381797.0,Active
2059,Aditya Kumar,Female,42,Delhi,Maharashtra,18,Premium,2023-04-11,aditya.kumar592@gmail.com,9139624897.0,Active
2060,Aisha Kumar,Female,66,Delhi,Kerala,13,Regular,2023-06-04,aisha.kumar851@gmail.com,9478286541.0,Inactive
2061,Nikhil Verma,Male,30,Pune,Maharashtra,3,Regular,2020-12-10,nikhil.verma131@gmail.com,9310762325.0,Active
2062,Aditya Kumar,Male,62,Bengaluru,Karnataka,30,Regular,2021-11-04,aditya.kumar859@gmail.com,9431765831.0,Active
2063,Vivaan Sharma,Male,22,Mumbai,Karnataka,4,Gold,2023-05-23,vivaan.sharma851@gmail.com,9412285608.0,
2064,Vikram Singh,Female,18,Hyderabad,Karnataka,29,Silver,2025-01-28,vikram.singh747@gmail.com,9992305944.0,Active
2065,Diya Nair,Male,20,Kolkata,Gujarat,13,Regular,2021-08-28,diya.nair616@gmail.com,9360015991.0,Active
2066,Sai Verma,Male,50,Hyderabad,Andhra Pradesh,28,Gold,2026-01-01,sai.verma540@gmail.com,9728620772.0,Active
2067,Neha Kumar,Female,34,Pune,West Bengal,21,Regular,2020-10-01,neha.kumar956@gmail.com,9353284840.0,Active
2068,Arjun Verma,Female,38,Kolkata,Uttar Pradesh,22,Regular,2020-02-17,arjun.verma582@gmail.com,9302156330.0,Active
2069,Aditya Rao,Male,44,Ahmedabad,Kerala,5,Silver,2021-11-12,aditya.rao757@gmail.com,9051073931.0,Active
2070,Diya Verma,Male,38,Bengaluru,West Bengal,20,Regular,2024-02-08,diya.verma833@gmail.com,9849676626.0,Active
2071,Diya Verma,Female,37,Hyderabad,Maharashtra,23,Premium,2020-06-14,diya.verma133@gmail.com,9225695488.0,Active
2072,Rahul Nair,Female,35,Ahmedabad,Andhra Pradesh,12,Silver,2021-09-05,rahul.nair559@gmail.com,9361192576.0,Active
2073,Arjun Joshi,Female,29,Kolkata,Karnataka,19,Regular,2022-06-15,arjun.joshi607@gmail.com,9200393285.0,Active
2074,Riya Reddy,Female,67,Chennai,West Bengal,28,Premium,2021-04-28,riya.reddy247@gmail.com,9172866117.0,Active
2075,Sneha Singh,Female,70,Delhi,Gujarat,1,Regular,2021-10-20,sneha.singh891@gmail.com,9600560236.0,Active
2076,Ishaan Sharma,Female,48,Pune,Delhi,15,Regular,2024-12-05,ishaan.sharma147@gmail.com,9573888558.0,Active
2077,Neha Rao,Male,31,Ahmedabad,Andhra Pradesh,26,Regular,2023-12-09,neha.rao505@gmail.com,9821210596.0,Active
2078,Riya Joshi,Female,69,Kolkata,Maharashtra,16,Regular,2025-02-21,riya.joshi540@gmail.com,9234837171.0,Active
2079,Nikhil Verma,Male,42,Bengaluru,Gujarat,5,Silver,2023-01-23,nikhil.verma862@gmail.com,9192464490.0,Active
2080,Priya Gupta,Female,36,Hyderabad,Telangana,1,Gold,2025-07-20,priya.gupta837@gmail.com,9030623408.0,Active
2081,Rohan Kumar,Female,69,Delhi,West Bengal,3,Silver,2020-08-30,rohan.kumar847@gmail.com,9644827271.0,Active
2082,Riya Patel,Female,60,Ahmedabad,Telangana,18,Silver,2020-06-10,riya.patel65@gmail.com,9507542476.0,Active
2083,Ananya Reddy,Female,26,Mumbai,Tamil Nadu,17,Silver,2025-08-28,ananya.reddy112@gmail.com,9322207013.0,Active
2084,Aarav Verma,Female,40,Ahmedabad,Gujarat,11,Regular,2024-01-31,aarav.verma586@gmail.com,9177428331.0,Active
2085,Rohan Verma,Female,24,Bengaluru,West Bengal,6,Regular,2025-10-25,rohan.verma66@gmail.com,9455571086.0,Active
2086,Aditya Singh,Male,50,Ahmedabad,Maharashtra,8,Regular,2025-06-08,aditya.singh463@gmail.com,9445226794.0,Active
2087,Neha Sharma,Female,20,Mumbai,Tamil Nadu,10,Gold,2023-02-18,neha.sharma529@gmail.com,9072195426.0,
2088,Arjun Patel,Male,36,Pune,West Bengal,21,Premium,2023-11-04,arjun.patel701@gmail.com,9153598608.0,Active
2089,Ishaan Reddy,Female,52,Pune,Delhi,5,Regular,2021-08-01,ishaan.reddy454@gmail.com,9491868145.0,Active
2090,Priya Kumar,Male,64,Chennai,Kerala,2,Regular,2021-01-05,priya.kumar472@gmail.com,9184936883.0,active
2091,Arjun Gupta,Female,54,Mumbai,West Bengal,6,Silver,2022-11-05,arjun.gupta779@gmail.com,9007662827.0,Active
2092,Rahul Joshi,Male,27,Hyderabad,Telangana,21,Regular,2025-12-30,rahul.joshi506@gmail.com,9890275287.0,Active
2093,Aarav Reddy,Male,52,Ahmedabad,Uttar Pradesh,29,Premium,2023-10-09,aarav.reddy864@gmail.com,9193759898.0,ACTIVE
2094,Ishaan Patel,Male,34,Mumbai,Maharashtra,2,Silver,2021-07-22,ishaan.patel79@gmail.com,9811383540.0,Active
2095,Nikhil Patel,Female,51,Hyderabad,Delhi,13,Premium,2022-07-28,nikhil.patel447@gmail.com,9918297077.0,Active
2096,Diya Joshi,Female,33,Pune,Maharashtra,22,Premium,2020-09-21,diya.joshi537@gmail.com,9546579490.0,Active
2097,Riya Rao,Male,60,Mumbai,Uttar Pradesh,12,Regular,2025-07-10,riya.rao695@gmail.com,9709660812.0,Active
2098,Rohan Reddy,Male,66,Bengaluru,Gujarat,29,Silver,2022-01-26,rohan.reddy45@gmail.com,9702627055.0,Active
2099,Kiran Reddy,Male,19,Ahmedabad,Telangana,22,Regular,2023-12-08,kiran.reddy754@gmail.com,9353655862.0,Active
2100,Sai Reddy,Male,66,Delhi,Tamil Nadu,17,Regular,2020-07-06,sai.reddy345@gmail.com,9688775517.0,Active
2101,Sai Nair,Female,37,Chennai,Andhra Pradesh,14,Silver,2021-08-24,sai.nair870@gmail.com,9199443194.0,Active
2102,Rohan Joshi,Female,22,Mumbai,Karnataka,24,Silver,2025-02-26,rohan.joshi526@gmail.com,9637564426.0,Active
2103,Aarav Singh,Female,55,Chennai,Uttar Pradesh,13,Silver,2022-11-25,aarav.singh512@gmail.com,9443199264.0,Active
2104,Aarav Joshi,Male,51,Mumbai,Andhra Pradesh,28,Silver,2022-05-17,aarav.joshi297@gmail.com,9329673132.0,Active
2105,Sai Sharma,Male,53,Hyderabad,Tamil Nadu,21,Silver,2025-01-07,sai.sharma93@gmail.com,9312946860.0,Active
2106,Kavya Singh,Male,64,Chennai,Gujarat,14,Gold,2025-03-22,kavya.singh667@gmail.com,9028650064.0,Active
2107,Ananya Nair,Female,37,Chennai,Telangana,13,Silver,2022-08-09,ananya.nair186@gmail.com,9713653610.0,Inactive
2108,Vivaan Kumar,Female,63,Hyderabad,Uttar Pradesh,28,Gold,2024-03-04,vivaan.kumar271@gmail.com,9399262528.0,Active
2109,Vikram Sharma,Female,70,Hyderabad,Gujarat,14,Regular,2021-07-21,vikram.sharma433@gmail.com,9107082420.0,Active
2110,Nikhil Joshi,Male,25,Chennai,Karnataka,5,Gold,2024-04-21,nikhil.joshi250@gmail.com,9837758053.0,Inactive
2111,Ananya Singh,Male,30,Hyderabad,Maharashtra,14,Silver,2024-03-12,ananya.singh333@gmail.com,9478958542.0,Active
2112,Kavya Sharma,Female,26,Delhi,West Bengal,15,Regular,2020-11-24,kavya.sharma837@gmail.com,9907694242.0,Active
2113,Rahul Gupta,Male,28,Chennai,Andhra Pradesh,20,Silver,2020-07-06,rahul.gupta838@gmail.com,9154354212.0,Active
2114,Ananya Verma,Male,68,Pune,Uttar Pradesh,6,Regular,2020-04-08,ananya.verma867@gmail.com,9394253774.0,Active
2115,Aisha Reddy,Male,36,Ahmedabad,Telangana,1,Silver,2021-06-15,aisha.reddy19@gmail.com,9505925228.0,Active
2116,Aditya Patel,Female,40,Ahmedabad,Kerala,7,Premium,2022-02-13,aditya.patel544@gmail.com,9154750181.0,ACTIVE
2117,Sneha Nair,Male,55,Delhi,West Bengal,12,Gold,2021-10-23,sneha.nair95@gmail.com,9524392608.0,Active
2118,Kiran Nair,Male,56,Chennai,Uttar Pradesh,8,Gold,2022-06-18,kiran.nair281@gmail.com,9869217549.0,Active
2119,Nikhil Rao,Female,26,Hyderabad,Telangana,11,Regular,2022-06-29,nikhil.rao875@gmail.com,9197394722.0,Active
2120,Rohan Reddy,Female,24,Delhi,Andhra Pradesh,9,Regular,2023-11-19,rohan.reddy505@gmail.com,9349540905.0,Active
2121,Kavya Sharma,Female,38,Ahmedabad,Uttar Pradesh,2,Regular,2025-02-19,kavya.sharma573@gmail.com,9282454543.0,Active
2122,Vivaan Nair,Female,34,Hyderabad,Tamil Nadu,11,Gold,2023-07-02,vivaan.nair418@gmail.com,9729533563.0,Active
2123,Aditya Gupta,Male,32,Ahmedabad,Delhi,15,Silver,2021-03-29,aditya.gupta427@gmail.com,9548855485.0,Active
2124,Kiran Sharma,Male,66,Ahmedabad,Kerala,17,Regular,2024-04-30,kiran.sharma700@gmail.com,9388700864.0,Active
2125,Sai Patel,Female,70,Ahmedabad,Telangana,9,Regular,2020-05-09,sai.patel975@gmail.com,9537892189.0,
2126,Meera Rao,Male,23,Ahmedabad,Kerala,1,Premium,2021-04-02,meera.rao510@gmail.com,9640671679.0,Active
2127,Sai Rao,Male,22,Delhi,Delhi,27,Regular,2021-07-24,sai.rao163@gmail.com,9999908223.0,Active
2128,Aarav Gupta,Male,62,Chennai,Gujarat,11,Regular,2021-06-11,aarav.gupta299@gmail.com,9313753187.0,Active
2129,Ishaan Patel,Male,35,Ahmedabad,Delhi,29,Regular,2025-01-17,ishaan.patel186@gmail.com,9274138904.0,Active
2130,Kavya Gupta,Male,55,Mumbai,Kerala,24,Silver,2025-03-01,kavya.gupta19@gmail.com,9897793683.0,Active
2131,Diya Kumar,Male,23,Ahmedabad,Kerala,20,Regular,2021-03-29,diya.kumar676@gmail.com,9711415894.0,Active
2132,Riya Gupta,Male,32,Hyderabad,Telangana,11,Gold,2021-08-23,riya.gupta361@gmail.com,9532931603.0,Inactive
2133,Sai Sharma,Male,29,Chennai,Maharashtra,19,Regular,2021-02-10,sai.sharma777@gmail.com,9258555816.0,Active
2134,Aisha Reddy,Female,49,Delhi,Karnataka,25,Gold,2022-02-15,aisha.reddy556@gmail.com,9037712912.0,Active
2135,Kiran Verma,Female,41,Chennai,Maharashtra,24,Silver,2020-10-26,kiran.verma304@gmail.com,9722537004.0,Active
2136,Diya Patel,Female,64,Pune,Delhi,7,Silver,2025-05-14,diya.patel266@gmail.com,9683573082.0,Inactive
2137,Sneha Patel,Female,21,Delhi,Maharashtra,16,Regular,2020-02-02,sneha.patel268@gmail.com,9885267776.0,Active
2138,Sai Patel,Female,39,Bengaluru,Telangana,16,Regular,2020-12-28,sai.patel655@gmail.com,9265819110.0,Inactive
2139,Riya Singh,Male,30,Delhi,Delhi,28,Silver,2025-03-08,riya.singh863@gmail.com,9289513585.0,Active
2140,Priya Gupta,Male,24,Pune,Delhi,22,Gold,2020-02-12,priya.gupta433@gmail.com,9116944967.0,Active
2141,Kiran Nair,Male,48,Kolkata,Karnataka,21,Regular,2022-01-08,kiran.nair641@gmail.com,9847217579.0,Active
2142,Aisha Verma,Female,20,Kolkata,Uttar Pradesh,17,Regular,2024-11-21,aisha.verma805@gmail.com,9463415896.0,Active
2143,Diya Joshi,Male,59,Chennai,Uttar Pradesh,5,Regular,2020-03-05,diya.joshi632@gmail.com,9569698551.0,Active
2144,Aditya Patel,Female,20,Chennai,West Bengal,10,Regular,2025-06-21,aditya.patel645@gmail.com,9141771640.0,Active
2145,Vikram Nair,Female,40,Delhi,Telangana,14,Regular,2020-09-06,vikram.nair322@gmail.com,9973285080.0,Active
2146,Nikhil Nair,Female,67,Kolkata,Kerala,26,Premium,2022-07-04,nikhil.nair318@gmail.com,9294900349.0,Active
2147,Vikram Gupta,Female,30,Pune,Tamil Nadu,4,Silver,2023-12-13,vikram.gupta13@gmail.com,9672958650.0,Active
2148,Riya Joshi,Female,20,Pune,Delhi,30,Gold,2025-03-10,riya.joshi558@gmail.com,9022477442.0,Active
2149,Sai Gupta,Female,51,Delhi,Karnataka,17,Regular,2022-02-14,sai.gupta657@gmail.com,9344628418.0,Active
2150,Nikhil Rao,Male,54,Hyderabad,Andhra Pradesh,5,Silver,2024-12-05,nikhil.rao122@gmail.com,9976019394.0,Active
2151,Rahul Verma,Male,68,Ahmedabad,Uttar Pradesh,14,Silver,2024-11-02,rahul.verma431@gmail.com,9759160940.0,Active
2152,Aarav Patel,Female,35,Ahmedabad,Delhi,15,Regular,2024-01-19,aarav.patel64@gmail.com,9466874157.0,Active
2153,Aditya Gupta,Male,38,Kolkata,Maharashtra,1,Gold,2021-08-27,aditya.gupta558@gmail.com,9685983290.0,Active
2154,Arjun Nair,Male,51,Chennai,West Bengal,21,Silver,2021-01-08,arjun.nair579@gmail.com,9514265849.0,Active
2155,Meera Joshi,Female,53,Chennai,Delhi,28,Regular,2023-02-19,meera.joshi945@gmail.com,9217975285.0,Active
2156,Rahul Joshi,Male,61,Pune,Tamil Nadu,13,Regular,2024-12-08,rahul.joshi107@gmail.com,9010529802.0,Active
2157,Kavya Verma,Female,69,Delhi,Maharashtra,21,Regular,2020-02-11,kavya.verma738@gmail.com,9965512415.0,Active
2158,Sneha Patel,Male,53,Chennai,Gujarat,19,Regular,2020-07-10,sneha.patel661@gmail.com,9758053250.0,Active
2159,Ananya Patel,Male,21,Hyderabad,Tamil Nadu,2,Regular,2023-08-18,ananya.patel300@gmail.com,9981007621.0,
2160,Aditya Joshi,Female,66,Chennai,Kerala,23,Regular,2023-07-28,aditya.joshi531@gmail.com,9745059512.0,Active
2161,Riya Singh,Female,36,Delhi,Telangana,8,Regular,2020-07-31,riya.singh193@gmail.com,9253272445.0,active
2162,Kiran Nair,Male,58,Kolkata,Uttar Pradesh,2,Silver,2025-04-29,kiran.nair130@gmail.com,9142553062.0,Active
2163,Diya Patel,Male,55,Delhi,Telangana,7,Gold,2020-02-07,diya.patel554@gmail.com,9976222905.0,Active
2164,Rahul Kumar,Female,25,Pune,Uttar Pradesh,19,Regular,2023-08-26,rahul.kumar110@gmail.com,9480506836.0,Active
2165,Vivaan Sharma,Male,62,Pune,Telangana,25,Silver,2020-06-26,vivaan.sharma645@gmail.com,9409402048.0,Active
2166,Aisha Nair,Female,68,Ahmedabad,Kerala,23,Regular,2020-04-28,aisha.nair528@gmail.com,9633248661.0,Active
2167,Neha Nair,Male,39,Chennai,Tamil Nadu,16,Regular,2024-08-15,neha.nair217@gmail.com,9031556652.0,Active
2168,Neha Joshi,Female,60,Bengaluru,Tamil Nadu,4,Regular,2025-01-05,neha.joshi536@gmail.com,9020212393.0,Active
2169,Kiran Reddy,Female,39,Bengaluru,Tamil Nadu,28,Premium,2022-06-25,kiran.reddy177@gmail.com,9665379132.0,Active
2170,Aarav Joshi,Male,27,Kolkata,Tamil Nadu,10,Regular,2023-03-30,aarav.joshi890@gmail.com,9600356892.0,Active
2171,Vikram Kumar,Male,38,Kolkata,Telangana,8,Regular,2024-01-03,vikram.kumar560@gmail.com,9416110129.0,Active
2172,Kiran Sharma,Female,37,Delhi,Delhi,18,Silver,2020-08-28,kiran.sharma389@gmail.com,9578837999.0,
2173,Rohan Joshi,Male,59,Mumbai,Uttar Pradesh,15,Gold,2021-05-15,rohan.joshi38@gmail.com,9100895928.0,Active
2174,Aditya Patel,Female,38,Hyderabad,Delhi,15,Silver,2025-02-25,aditya.patel101@gmail.com,9651517022.0,Active
2175,Vivaan Kumar,Male,19,Mumbai,Delhi,12,Regular,2023-01-31,vivaan.kumar920@gmail.com,9489799774.0,Active
2176,Rahul Joshi,Female,68,Bengaluru,Maharashtra,21,Regular,2020-11-08,rahul.joshi267@gmail.com,9508725935.0,Active
2177,Kiran Rao,Male,63,Chennai,Kerala,27,Silver,2020-03-26,kiran.rao969@gmail.com,9008944410.0,Active
2178,Meera Rao,Female,21,Pune,Telangana,13,Silver,2022-07-06,meera.rao514@gmail.com,9935874140.0,Active
2179,Diya Sharma,Male,67,Delhi,Gujarat,11,Regular,2024-02-05,diya.sharma754@gmail.com,9935386858.0,Active
2180,Aditya Sharma,Male,61,Bengaluru,Karnataka,28,Regular,2021-07-11,aditya.sharma960@gmail.com,9695080661.0,Active
2181,Diya Reddy,Female,18,Pune,Gujarat,17,Gold,2020-07-16,diya.reddy326@gmail.com,9785409615.0,Active
2182,Rohan Sharma,Female,65,Pune,Andhra Pradesh,23,Premium,2024-10-21,rohan.sharma311@gmail.com,9439444733.0,Active
2183,Vivaan Singh,Female,59,Kolkata,Maharashtra,22,Regular,2021-03-13,vivaan.singh504@gmail.com,9599032634.0,Inactive
2184,Aarav Gupta,Female,18,Chennai,Tamil Nadu,2,Regular,2022-06-24,aarav.gupta37@gmail.com,9976425032.0,Active
2185,Sai Singh,Male,43,Chennai,Tamil Nadu,18,Regular,2023-08-12,sai.singh942@gmail.com,9284921533.0,Active
2186,Meera Rao,Female,65,Hyderabad,Telangana,8,Regular,2025-01-11,meera.rao14@gmail.com,9067227480.0,Active
2187,Diya Gupta,Female,53,Hyderabad,Kerala,5,Regular,2025-02-01,diya.gupta431@gmail.com,9682036155.0,Active
2188,Kavya Verma,Male,19,Hyderabad,West Bengal,21,Silver,2024-03-29,kavya.verma273@gmail.com,9568616554.0,Active
2189,Vivaan Kumar,Female,69,Ahmedabad,Telangana,15,Regular,2024-11-13,vivaan.kumar474@gmail.com,9537541005.0,Active
2190,Sai Kumar,Female,46,Hyderabad,Karnataka,7,Regular,2021-01-13,sai.kumar842@gmail.com,9121808997.0,Active
2191,Neha Nair,Male,20,Bengaluru,Tamil Nadu,5,Regular,2024-08-29,neha.nair503@gmail.com,9917862736.0,Inactive
2192,Riya Kumar,Male,36,Pune,Gujarat,30,Silver,2023-04-18,riya.kumar825@gmail.com,9336378496.0,Active
2193,Riya Gupta,Female,61,Kolkata,Maharashtra,21,Regular,2023-08-28,riya.gupta564@gmail.com,9753410082.0,Inactive
2194,Sneha Joshi,Male,38,Ahmedabad,Tamil Nadu,28,Regular,2024-07-12,sneha.joshi758@gmail.com,9109402102.0,active
2195,Sneha Joshi,Male,24,Chennai,Delhi,22,Silver,2023-04-22,sneha.joshi177@gmail.com,9469662714.0,Active
2196,Arjun Singh,Female,46,Kolkata,Gujarat,26,Silver,2021-04-01,arjun.singh631@gmail.com,9474878966.0,Active
2197,Aarav Verma,Male,65,Mumbai,Maharashtra,25,Regular,2020-05-06,aarav.verma834@gmail.com,9307505167.0,Active
2198,Arjun Joshi,Female,19,Hyderabad,Kerala,21,Silver,2024-07-19,arjun.joshi102@gmail.com,9820432520.0,Active
2199,Rohan Nair,Male,38,Mumbai,West Bengal,14,Silver,2023-07-26,rohan.nair672@gmail.com,9932865111.0,Active
2200,Aarav Kumar,Female,34,Delhi,Delhi,19,Silver,2025-03-19,aarav.kumar427@gmail.com,9288792778.0,Active
2201,Nikhil Reddy,Male,23,Hyderabad,West Bengal,4,Regular,2022-11-02,nikhil.reddy340@gmail.com,9953893483.0,Active
2202,Sneha Singh,Female,21,Delhi,West Bengal,23,Regular,2024-01-19,sneha.singh360@gmail.com,9802387371.0,Active
2203,Ishaan Nair,Female,26,Delhi,Telangana,14,Silver,2021-02-23,ishaan.nair82@gmail.com,9044453790.0,Active
2204,Vivaan Singh,Female,62,Kolkata,Kerala,23,Gold,2025-12-30,vivaan.singh881@gmail.com,9451687101.0,Active
2205,Neha Reddy,Female,31,Kolkata,Maharashtra,16,Regular,2025-12-08,neha.reddy671@gmail.com,9776687480.0,Active
2206,Nikhil Verma,Male,70,Delhi,Karnataka,25,Regular,2020-11-14,nikhil.verma77@gmail.com,9144966348.0,Active
2207,Sai Rao,Female,46,Pune,Tamil Nadu,1,Regular,2024-09-14,sai.rao224@gmail.com,9631184667.0,Active
2208,Rohan Reddy,Male,25,Ahmedabad,Tamil Nadu,29,Regular,2023-11-24,rohan.reddy260@gmail.com,9919772816.0,active
2209,Riya Kumar,Female,21,Pune,Maharashtra,16,Regular,2020-07-23,riya.kumar675@gmail.com,9870071355.0,Active
2210,Aditya Singh,Female,44,Hyderabad,Uttar Pradesh,4,Gold,2023-05-06,aditya.singh117@gmail.com,9284682753.0,Active
2211,Riya Joshi,Female,45,Kolkata,Telangana,22,Silver,2022-05-04,riya.joshi977@gmail.com,9787598579.0,Active
2212,Nikhil Reddy,Male,57,Bengaluru,Karnataka,15,Regular,2023-08-14,nikhil.reddy823@gmail.com,9064307395.0,
2213,Riya Singh,Female,53,Bengaluru,Gujarat,1,Regular,2020-03-11,riya.singh715@gmail.com,9945694321.0,Active
2214,Kavya Sharma,Female,36,Delhi,West Bengal,21,Silver,2025-01-13,kavya.sharma632@gmail.com,9053238266.0,active
2215,Rohan Joshi,Male,28,Hyderabad,Telangana,23,Regular,2020-07-10,rohan.joshi547@gmail.com,9073851899.0,Active
2216,Kiran Nair,Female,21,Mumbai,West Bengal,4,Premium,2021-05-06,kiran.nair240@gmail.com,9377974436.0,Active
2217,Aisha Reddy,Female,18,Ahmedabad,Telangana,11,Regular,2020-07-06,aisha.reddy664@gmail.com,9593908072.0,Active
2218,Ananya Sharma,Male,37,Hyderabad,Maharashtra,19,Silver,2023-02-18,ananya.sharma659@gmail.com,9794568514.0,Active
2219,Rahul Sharma,Male,58,Bengaluru,Uttar Pradesh,15,Silver,2024-05-27,rahul.sharma317@gmail.com,9048747425.0,Active
2220,Kavya Sharma,Male,18,Delhi,Telangana,5,Gold,2024-10-28,kavya.sharma523@gmail.com,9656293062.0,Active
2221,Rohan Nair,Female,40,Hyderabad,Andhra Pradesh,4,Regular,2021-03-04,rohan.nair384@gmail.com,9674809416.0,Active
2222,Priya Nair,Male,33,Bengaluru,Telangana,20,Regular,2020-12-25,priya.nair919@gmail.com,9628965142.0,Active
2223,Aditya Singh,Female,19,Chennai,Andhra Pradesh,23,Gold,2023-06-16,aditya.singh251@gmail.com,9445086466.0,Active
2224,Neha Rao,Female,47,Hyderabad,Delhi,15,Regular,2021-12-17,neha.rao79@gmail.com,9503059863.0,ACTIVE
2225,Aditya Singh,Male,51,Mumbai,Tamil Nadu,25,Regular,2025-02-23,aditya.singh485@gmail.com,9421152833.0,Active
2226,Arjun Kumar,Male,39,Kolkata,Maharashtra,2,Gold,2023-05-12,arjun.kumar467@gmail.com,9616265349.0,Active
2227,Vivaan Reddy,Female,31,Delhi,Tamil Nadu,20,Gold,2024-12-18,vivaan.reddy230@gmail.com,9287943667.0,Active
2228,Vikram Sharma,Male,61,Ahmedabad,Telangana,29,Regular,2022-03-12,vikram.sharma48@gmail.com,9144113310.0,Active
2229,Rahul Reddy,Female,37,Ahmedabad,Telangana,6,Regular,2024-08-08,rahul.reddy506@gmail.com,9362216342.0,Active
2230,Rahul Verma,Female,53,Pune,Gujarat,8,Premium,2023-05-29,rahul.verma607@gmail.com,9274957991.0,Active
2231,Aarav Singh,Female,50,Pune,West Bengal,25,Regular,2022-02-09,aarav.singh878@gmail.com,9351621686.0,
2232,Kiran Joshi,Female,60,Hyderabad,Karnataka,8,Silver,2024-05-09,kiran.joshi729@gmail.com,9574985796.0,Active
2233,Kavya Gupta,Female,41,Chennai,Tamil Nadu,22,Regular,2025-10-07,kavya.gupta589@gmail.com,9133203603.0,Active
2234,Neha Reddy,Female,62,Ahmedabad,Uttar Pradesh,22,Regular,2022-08-18,neha.reddy36@gmail.com,9738721616.0,Active
2235,Aarav Gupta,Female,59,Hyderabad,Maharashtra,1,Premium,2025-07-31,aarav.gupta344@gmail.com,9563570972.0,Active
2236,Diya Joshi,Male,61,Mumbai,Telangana,10,Silver,2024-11-24,diya.joshi536@gmail.com,9452982075.0,Active
2237,Rohan Kumar,Female,36,Bengaluru,Karnataka,20,Regular,2021-09-18,rohan.kumar607@gmail.com,9523538918.0,Active
2238,Kavya Kumar,Male,46,Delhi,Telangana,9,Regular,2025-03-16,kavya.kumar923@gmail.com,9362823449.0,active
2239,Aarav Joshi,Male,21,Pune,Karnataka,11,Gold,2022-06-05,aarav.joshi707@gmail.com,9624380132.0,Active
2240,Aisha Joshi,Female,54,Ahmedabad,West Bengal,2,Regular,2022-07-05,aisha.joshi491@gmail.com,9675243640.0,Active
2241,Nikhil Gupta,Male,45,Kolkata,Delhi,19,Gold,2022-01-05,nikhil.gupta758@gmail.com,9203834515.0,Active
2242,Priya Joshi,Female,53,Hyderabad,Telangana,27,Regular,2020-04-25,priya.joshi387@gmail.com,9401518137.0,Active
2243,Kavya Singh,Female,47,Bengaluru,Karnataka,12,Regular,2025-01-02,kavya.singh12@gmail.com,9951768824.0,Active
2244,Meera Rao,Male,41,Ahmedabad,Andhra Pradesh,29,Gold,2020-12-05,meera.rao239@gmail.com,9336921793.0,Active
2245,Ishaan Nair,Female,36,Hyderabad,Gujarat,30,Regular,2025-04-21,ishaan.nair149@gmail.com,9811994866.0,Active
2246,Rohan Kumar,Male,26,Delhi,Maharashtra,5,Silver,2025-07-16,rohan.kumar463@gmail.com,9641607159.0,Active
2247,Kiran Joshi,Female,37,Bengaluru,Maharashtra,14,Silver,2021-06-28,kiran.joshi118@gmail.com,9666059741.0,Active
2248,Priya Patel,Female,61,Hyderabad,Kerala,7,Regular,2020-01-23,priya.patel581@gmail.com,9468893845.0,Active
2249,Sneha Patel,Female,49,Bengaluru,Telangana,26,Gold,2023-02-24,sneha.patel931@gmail.com,9635483595.0,Active
2250,Aisha Nair,Female,62,Ahmedabad,Tamil Nadu,25,Regular,2025-10-18,aisha.nair767@gmail.com,9817930433.0,Active
2251,Sneha Reddy,Female,70,Mumbai,Gujarat,21,Premium,2025-01-15,sneha.reddy277@gmail.com,9183869739.0,Active
2252,Nikhil Patel,Male,38,Delhi,Delhi,11,Gold,2025-08-14,nikhil.patel380@gmail.com,9882177189.0,Active
2253,Meera Sharma,Female,51,Ahmedabad,Kerala,19,Regular,2025-12-29,meera.sharma257@gmail.com,9477624128.0,
2254,Priya Nair,Female,31,Hyderabad,Andhra Pradesh,7,Silver,2023-06-10,priya.nair777@gmail.com,9199226922.0,Active
2255,Rahul Joshi,Female,20,Chennai,Gujarat,28,Regular,2021-11-03,rahul.joshi604@gmail.com,9447017547.0,Active
2256,Meera Verma,Female,70,Pune,Karnataka,12,Premium,2024-04-05,meera.verma206@gmail.com,9733117044.0,Active
2257,Aisha Reddy,Male,68,Chennai,Karnataka,16,Regular,2023-01-16,aisha.reddy398@gmail.com,9928376249.0,Active
2258,Rohan Sharma,Female,40,Pune,Karnataka,30,Regular,2022-07-31,rohan.sharma523@gmail.com,9294278728.0,Active
2259,Kavya Patel,Female,48,Kolkata,Andhra Pradesh,24,Gold,2023-04-29,kavya.patel858@gmail.com,9826073259.0,Active
2260,Neha Singh,Male,22,Delhi,Karnataka,26,Regular,2023-05-14,neha.singh73@gmail.com,9540352622.0,ACTIVE
2261,Ishaan Singh,Male,31,Ahmedabad,Tamil Nadu,19,Regular,2025-05-24,ishaan.singh827@gmail.com,9223270152.0,Active
2262,Sneha Reddy,Male,41,Hyderabad,Uttar Pradesh,27,Regular,2020-06-08,sneha.reddy352@gmail.com,9630609775.0,Active
2263,Arjun Gupta,Male,48,Delhi,Karnataka,21,Regular,2022-05-31,arjun.gupta802@gmail.com,9543351048.0,Active
2264,Sai Kumar,Female,40,Chennai,Kerala,4,Regular,2025-06-25,sai.kumar103@gmail.com,9647145575.0,Active
2265,Rahul Nair,Male,32,Hyderabad,Karnataka,3,Premium,2024-05-27,rahul.nair707@gmail.com,9715791966.0,Inactive
2266,Ishaan Singh,Female,45,Pune,Andhra Pradesh,27,Silver,2024-05-21,ishaan.singh337@gmail.com,9250655031.0,Active
2267,Priya Nair,Male,58,Mumbai,Karnataka,12,Regular,2025-09-01,priya.nair837@gmail.com,9575390853.0,Active
2268,Rahul Patel,Male,39,Ahmedabad,Maharashtra,17,Regular,2024-07-20,rahul.patel828@gmail.com,9518023209.0,Active
2269,Neha Reddy,Male,46,Kolkata,West Bengal,21,Gold,2020-01-25,neha.reddy698@gmail.com,9157550707.0,Active
2270,Riya Nair,Male,35,Delhi,Telangana,18,Silver,2024-03-06,riya.nair88@gmail.com,9645000626.0,ACTIVE
2271,Kiran Nair,Female,41,Pune,Maharashtra,29,Silver,2020-12-09,kiran.nair43@gmail.com,9877832938.0,Active
2272,Nikhil Verma,Female,30,Delhi,Andhra Pradesh,17,Premium,2023-07-23,nikhil.verma738@gmail.com,9001689770.0,Active
2273,Sai Rao,Female,44,Delhi,Gujarat,7,Regular,2022-08-30,sai.rao755@gmail.com,9541496789.0,Active
2274,Aditya Gupta,Female,45,Delhi,Gujarat,8,Gold,2023-07-24,aditya.gupta608@gmail.com,9383014121.0,Active
2275,Neha Nair,Male,38,Chennai,Tamil Nadu,20,Gold,2025-05-21,neha.nair211@gmail.com,9510683496.0,Active
2276,Priya Reddy,Male,60,Mumbai,Tamil Nadu,29,Silver,2024-11-29,priya.reddy986@gmail.com,9336068607.0,ACTIVE
2277,Sai Gupta,Female,25,Delhi,Uttar Pradesh,20,Regular,2021-10-04,sai.gupta405@gmail.com,9527245643.0,Active
2278,Ishaan Rao,Female,69,Hyderabad,Andhra Pradesh,6,Gold,2022-01-09,ishaan.rao906@gmail.com,9169291540.0,Active
2279,Rahul Rao,Female,66,Pune,Kerala,10,Gold,2022-12-10,rahul.rao578@gmail.com,9220748299.0,Active
2280,Kavya Patel,Male,35,Ahmedabad,West Bengal,8,Regular,2021-07-12,kavya.patel401@gmail.com,9876573594.0,Active
2281,Neha Reddy,Female,47,Bengaluru,Maharashtra,15,Regular,2022-07-15,neha.reddy151@gmail.com,9095675839.0,Active
2282,Rohan Sharma,Female,47,Mumbai,Maharashtra,6,Regular,2025-07-24,rohan.sharma580@gmail.com,9535896054.0,Active
2283,Vikram Verma,Female,53,Bengaluru,Maharashtra,21,Regular,2025-01-30,vikram.verma210@gmail.com,9582707890.0,Active
2284,Kavya Verma,Male,52,Ahmedabad,West Bengal,3,Regular,2021-11-29,kavya.verma2@gmail.com,9070509842.0,Active
2285,Ishaan Sharma,Female,35,Hyderabad,Gujarat,7,Regular,2020-12-08,ishaan.sharma665@gmail.com,9416017246.0,Active
2286,Aditya Joshi,Female,48,Pune,Maharashtra,20,Regular,2020-11-20,aditya.joshi52@gmail.com,9504175630.0,Active
2287,Ananya Kumar,Female,26,Hyderabad,Andhra Pradesh,20,Gold,2022-11-15,ananya.kumar43@gmail.com,9675537601.0,
2288,Aisha Sharma,Female,55,Chennai,Karnataka,9,Regular,2023-09-02,aisha.sharma758@gmail.com,9233554890.0,Inactive
2289,Aditya Nair,Female,23,Pune,Maharashtra,30,Premium,2021-02-28,aditya.nair83@gmail.com,9618218873.0,Active
2290,Kiran Patel,Male,26,Pune,Maharashtra,5,Regular,2023-05-04,kiran.patel460@gmail.com,9759899331.0,Active
2291,Kiran Nair,Female,36,Chennai,West Bengal,12,Premium,2023-12-08,kiran.nair253@gmail.com,9523509294.0,Inactive
2292,Aarav Singh,Male,35,Hyderabad,Andhra Pradesh,6,Gold,2025-03-24,aarav.singh432@gmail.com,9330858986.0,ACTIVE
2293,Vikram Verma,Female,42,Mumbai,West Bengal,26,Regular,2025-09-14,vikram.verma791@gmail.com,9996940310.0,Active
2294,Sai Gupta,Male,33,Mumbai,Kerala,11,Regular,2022-10-07,sai.gupta461@gmail.com,9724470482.0,Active
2295,Vivaan Kumar,Male,60,Ahmedabad,West Bengal,14,Gold,2022-01-09,vivaan.kumar772@gmail.com,9435813581.0,Active
2296,Sneha Nair,Female,47,Pune,Andhra Pradesh,4,Premium,2021-10-15,sneha.nair933@gmail.com,9654666980.0,
2297,Arjun Sharma,Female,40,Bengaluru,Telangana,22,Regular,2021-04-20,arjun.sharma891@gmail.com,9619048724.0,ACTIVE
2298,Neha Rao,Male,19,Ahmedabad,Telangana,17,Regular,2021-12-26,neha.rao621@gmail.com,9915068713.0,Active
2299,Aisha Patel,Male,59,Ahmedabad,Maharashtra,24,Silver,2025-12-07,aisha.patel549@gmail.com,9802398876.0,Active
2300,Aisha Rao,Male,35,Kolkata,Delhi,5,Premium,2021-09-08,aisha.rao957@gmail.com,9795587911.0,Active
2301,Priya Joshi,Female,41,Chennai,Kerala,6,Gold,2020-10-27,priya.joshi599@gmail.com,9175953820.0,Active
2302,Priya Reddy,Male,70,Bengaluru,Kerala,4,Regular,2022-11-08,priya.reddy88@gmail.com,9802163274.0,Active
2303,Kavya Nair,Female,52,Mumbai,Tamil Nadu,25,Regular,2025-02-06,kavya.nair346@gmail.com,9626359367.0,ACTIVE
2304,Ananya Nair,Female,39,Hyderabad,Uttar Pradesh,16,Regular,2021-11-06,ananya.nair127@gmail.com,9828744133.0,Active
2305,Rohan Rao,Female,36,Bengaluru,Kerala,25,Regular,2023-09-25,rohan.rao804@gmail.com,9874617805.0,Active
2306,Ishaan Joshi,Female,42,Mumbai,Tamil Nadu,22,Regular,2024-08-08,ishaan.joshi636@gmail.com,9322031902.0,active
2307,Meera Rao,Male,42,Bengaluru,Delhi,25,Regular,2023-08-15,meera.rao739@gmail.com,9997174967.0,Active
2308,Rohan Singh,Female,58,Hyderabad,Maharashtra,1,Silver,2024-07-30,rohan.singh333@gmail.com,9512185315.0,Active
2309,Kiran Joshi,Male,23,Ahmedabad,Uttar Pradesh,27,Regular,2022-11-17,kiran.joshi156@gmail.com,9557708426.0,Active
2310,Ananya Joshi,Male,26,Bengaluru,Kerala,4,Regular,2020-07-01,ananya.joshi290@gmail.com,9303483871.0,Active
2311,Sai Gupta,Male,66,Delhi,Delhi,5,Silver,2024-04-27,sai.gupta355@gmail.com,9004022290.0,Active
2312,Arjun Verma,Male,53,Hyderabad,Telangana,11,Regular,2025-03-01,arjun.verma200@gmail.com,9556988395.0,Active
2313,Nikhil Joshi,Female,52,Pune,Maharashtra,23,Premium,2021-01-27,nikhil.joshi8@gmail.com,9986089407.0,Active
2314,Aditya Nair,Female,22,Chennai,Telangana,16,Silver,2025-02-03,aditya.nair420@gmail.com,9288216224.0,Active
2315,Rahul Patel,Female,49,Bengaluru,Uttar Pradesh,7,Silver,2022-10-02,rahul.patel694@gmail.com,9030381127.0,Active
2316,Sneha Patel,Female,60,Kolkata,Delhi,7,Regular,2022-03-03,sneha.patel804@gmail.com,9939445144.0,Active
2317,Kavya Joshi,Male,69,Kolkata,West Bengal,3,Gold,2021-11-23,kavya.joshi990@gmail.com,9803562058.0,Active
2318,Diya Sharma,Male,38,Mumbai,Delhi,25,Regular,2020-07-11,diya.sharma518@gmail.com,9500753802.0,Active
2319,Aarav Patel,Female,55,Delhi,Uttar Pradesh,29,Regular,2021-05-06,aarav.patel681@gmail.com,9036127580.0,Active
2320,Aarav Kumar,Female,28,Chennai,Karnataka,19,Gold,2024-04-01,aarav.kumar513@gmail.com,9975372789.0,
2321,Aisha Verma,Female,29,Ahmedabad,Maharashtra,30,Premium,2021-11-16,aisha.verma346@gmail.com,9494697442.0,Active
2322,Nikhil Singh,Male,58,Hyderabad,Telangana,28,Silver,2024-04-12,nikhil.singh602@gmail.com,9548710076.0,ACTIVE
2323,Neha Verma,Male,37,Kolkata,Karnataka,5,Silver,2020-01-28,neha.verma884@gmail.com,9869482053.0,Active
2324,Rohan Verma,Female,57,Hyderabad,Kerala,4,Silver,2021-12-18,rohan.verma843@gmail.com,9988551033.0,Active
2325,Rohan Sharma,Female,51,Ahmedabad,Kerala,3,Gold,2021-07-09,rohan.sharma908@gmail.com,9809233068.0,Active
2326,Ishaan Joshi,Female,19,Chennai,Kerala,26,Gold,2025-10-16,ishaan.joshi810@gmail.com,9884537127.0,Active
2327,Priya Patel,Male,22,Kolkata,Tamil Nadu,30,Regular,2024-11-08,priya.patel207@gmail.com,9735267287.0,Active
2328,Vikram Gupta,Male,40,Mumbai,Delhi,5,Gold,2022-06-25,vikram.gupta870@gmail.com,9481942546.0,Active
2329,Aisha Reddy,Male,30,Delhi,Karnataka,10,Premium,2021-06-27,aisha.reddy83@gmail.com,9639232862.0,Active
2330,Neha Kumar,Male,45,Chennai,Kerala,5,Silver,2023-05-31,neha.kumar592@gmail.com,9371495098.0,
2331,Ananya Gupta,Male,33,Kolkata,Gujarat,26,Silver,2020-07-06,ananya.gupta910@gmail.com,9249662938.0,Active
2332,Ananya Gupta,Male,55,Delhi,Gujarat,7,Regular,2020-10-08,ananya.gupta658@gmail.com,9457680645.0,Active
2333,Aditya Gupta,Female,56,Bengaluru,Tamil Nadu,20,Premium,2024-01-26,aditya.gupta161@gmail.com,9472466344.0,Active
2334,Meera Singh,Male,19,Chennai,Delhi,24,Gold,2020-04-29,meera.singh139@gmail.com,9856175864.0,Active
2335,Ananya Patel,Female,20,Mumbai,Karnataka,30,Silver,2022-12-12,ananya.patel864@gmail.com,9246315738.0,
2336,Rohan Gupta,Male,20,Kolkata,Gujarat,14,Regular,2023-07-27,rohan.gupta443@gmail.com,9098873259.0,Active
2337,Kavya Kumar,Male,54,Kolkata,Tamil Nadu,18,Silver,2025-11-09,kavya.kumar675@gmail.com,9932729730.0,Active
2338,Rohan Rao,Female,64,Bengaluru,Karnataka,19,Silver,2020-05-22,rohan.rao93@gmail.com,9342510661.0,Active
2339,Kavya Rao,Female,20,Chennai,Tamil Nadu,10,Gold,2022-02-09,kavya.rao106@gmail.com,9015633721.0,Active
2340,Vivaan Reddy,Female,42,Pune,Andhra Pradesh,18,Regular,2022-05-25,vivaan.reddy682@gmail.com,9715987370.0,active
2341,Diya Sharma,Female,50,Bengaluru,Andhra Pradesh,30,Regular,2025-10-27,diya.sharma465@gmail.com,9035916211.0,Active
2342,Riya Nair,Male,62,Pune,Kerala,13,Regular,2023-11-05,riya.nair532@gmail.com,9357003627.0,active
2343,Sai Gupta,Male,67,Delhi,West Bengal,21,Silver,2021-07-29,sai.gupta430@gmail.com,9649878160.0,Active
2344,Rohan Singh,Male,66,Hyderabad,Kerala,2,Premium,2025-02-19,rohan.singh222@gmail.com,9653712175.0,Active
2345,Ananya Reddy,Male,30,Chennai,Telangana,28,Premium,2020-02-13,ananya.reddy868@gmail.com,9086989239.0,Active
2346,Ananya Gupta,Male,57,Hyderabad,Maharashtra,5,Regular,2021-01-21,ananya.gupta960@gmail.com,9922387221.0,Active
2347,Aarav Gupta,Female,49,Delhi,Gujarat,29,Regular,2022-05-11,aarav.gupta110@gmail.com,9701046475.0,Inactive
2348,Nikhil Sharma,Male,65,Hyderabad,Telangana,26,Regular,2023-10-08,nikhil.sharma281@gmail.com,9654430985.0,Active
2349,Sai Rao,Male,53,Delhi,Maharashtra,13,Silver,2025-05-08,sai.rao440@gmail.com,9786635620.0,Active
2350,Diya Kumar,Female,28,Chennai,Kerala,15,Regular,2021-01-27,diya.kumar104@gmail.com,9670671753.0,Active
2351,Meera Sharma,Female,31,Mumbai,Maharashtra,11,Regular,2021-10-18,meera.sharma634@gmail.com,9776828032.0,Active
2352,Rohan Reddy,Female,55,Bengaluru,Andhra Pradesh,13,Silver,2022-05-10,rohan.reddy780@gmail.com,9455262233.0,
2353,Ananya Verma,Male,32,Kolkata,Tamil Nadu,5,Regular,2025-10-23,ananya.verma367@gmail.com,9058328390.0,Active
2354,Vikram Reddy,Female,64,Bengaluru,Gujarat,9,Regular,2022-03-05,vikram.reddy150@gmail.com,9740017835.0,Active
2355,Rahul Nair,Female,47,Chennai,Uttar Pradesh,16,Gold,2022-11-02,rahul.nair853@gmail.com,9960861456.0,Active
2356,Vivaan Kumar,Male,66,Pune,Tamil Nadu,29,Regular,2021-03-23,vivaan.kumar849@gmail.com,9210385316.0,Active
2357,Kavya Kumar,Female,48,Pune,Uttar Pradesh,14,Gold,2023-01-27,kavya.kumar715@gmail.com,9216865933.0,Active
2358,Neha Sharma,Male,62,Pune,Gujarat,27,Gold,2020-11-07,neha.sharma107@gmail.com,9358542855.0,active
2359,Aarav Kumar,Male,42,Ahmedabad,Andhra Pradesh,30,Silver,2021-09-27,aarav.kumar169@gmail.com,9381382230.0,active
2360,Kavya Patel,Female,30,Kolkata,West Bengal,23,Silver,2025-02-15,kavya.patel444@gmail.com,9897739096.0,Active
2361,Ishaan Reddy,Female,42,Bengaluru,Telangana,23,Gold,2020-12-23,ishaan.reddy911@gmail.com,9051897908.0,Active
2362,Sai Nair,Male,35,Hyderabad,Andhra Pradesh,18,Regular,2025-12-10,sai.nair682@gmail.com,9633866910.0,Active
2363,Ishaan Singh,Female,27,Delhi,Uttar Pradesh,6,Gold,2020-07-10,ishaan.singh304@gmail.com,9503161926.0,Active
2364,Sai Gupta,Female,23,Pune,Gujarat,16,Silver,2023-01-15,sai.gupta335@gmail.com,9582949434.0,Active
2365,Kavya Nair,Female,67,Delhi,Uttar Pradesh,18,Gold,2021-08-24,kavya.nair716@gmail.com,9207697026.0,Active
2366,Nikhil Gupta,Female,22,Mumbai,West Bengal,9,Gold,2021-11-28,nikhil.gupta457@gmail.com,9454039191.0,Active
2367,Arjun Singh,Male,26,Hyderabad,Tamil Nadu,5,Silver,2025-08-08,arjun.singh655@gmail.com,9631247075.0,Active
2368,Vivaan Joshi,Male,65,Pune,Delhi,25,Regular,2024-06-09,vivaan.joshi745@gmail.com,9540689058.0,Inactive
2369,Ananya Verma,Female,47,Chennai,West Bengal,9,Gold,2021-08-23,ananya.verma475@gmail.com,9263558336.0,Active
2370,Ishaan Kumar,Female,36,Bengaluru,Andhra Pradesh,25,Gold,2025-09-17,ishaan.kumar307@gmail.com,9926042859.0,Active
2371,Sai Kumar,Female,56,Delhi,Telangana,18,Regular,2020-06-10,sai.kumar541@gmail.com,9790868426.0,Active
2372,Aditya Joshi,Female,18,Mumbai,Tamil Nadu,17,Gold,2025-05-28,aditya.joshi911@gmail.com,9902832268.0,Active
2373,Rohan Joshi,Female,58,Ahmedabad,Maharashtra,16,Silver,2024-01-28,rohan.joshi611@gmail.com,9795495338.0,
2374,Aisha Kumar,Female,31,Delhi,Maharashtra,22,Silver,2022-11-27,aisha.kumar757@gmail.com,9266589163.0,ACTIVE
2375,Aisha Verma,Male,64,Mumbai,Gujarat,12,Regular,2023-03-08,aisha.verma933@gmail.com,9831469760.0,Active
2376,Priya Reddy,Female,47,Ahmedabad,Gujarat,11,Regular,2022-07-30,priya.reddy488@gmail.com,9379186458.0,Active
2377,Priya Verma,Female,57,Pune,Uttar Pradesh,22,Regular,2023-06-26,priya.verma909@gmail.com,9344195713.0,Active
2378,Vikram Nair,Female,34,Delhi,Delhi,11,Regular,2020-04-26,vikram.nair656@gmail.com,9427821611.0,Active
2379,Aarav Joshi,Female,18,Pune,Kerala,16,Gold,2022-05-06,aarav.joshi963@gmail.com,9233077577.0,ACTIVE
2380,Rahul Gupta,Male,44,Pune,Andhra Pradesh,13,Regular,2021-05-13,rahul.gupta396@gmail.com,9497605437.0,Active
2381,Vivaan Joshi,Female,55,Bengaluru,Maharashtra,20,Regular,2025-11-12,vivaan.joshi743@gmail.com,9481197164.0,Active
2382,Vivaan Sharma,Male,59,Pune,Gujarat,15,Silver,2021-01-03,vivaan.sharma157@gmail.com,9033780907.0,Active
2383,Aarav Nair,Female,24,Mumbai,Uttar Pradesh,11,Regular,2024-11-10,aarav.nair539@gmail.com,9049536839.0,Active
2384,Vikram Nair,Male,51,Ahmedabad,West Bengal,8,Premium,2020-10-07,vikram.nair47@gmail.com,9941202911.0,Active
2385,Aisha Patel,Female,63,Chennai,Karnataka,21,Regular,2020-01-11,aisha.patel355@gmail.com,9256526271.0,Active
2386,Sneha Nair,Female,64,Kolkata,Kerala,20,Silver,2023-04-04,sneha.nair360@gmail.com,9883853630.0,Active
2387,Nikhil Joshi,Male,52,Pune,Gujarat,1,Gold,2021-04-20,nikhil.joshi684@gmail.com,9062414275.0,Active
2388,Meera Kumar,Male,67,Mumbai,West Bengal,15,Regular,2021-05-25,meera.kumar528@gmail.com,9237996033.0,Active
2389,Rohan Gupta,Female,32,Delhi,Maharashtra,30,Silver,2021-02-14,rohan.gupta576@gmail.com,9407740895.0,Active
2390,Arjun Singh,Female,60,Hyderabad,Gujarat,25,Regular,2023-02-20,arjun.singh19@gmail.com,9738273694.0,Active
2391,Aisha Singh,Female,47,Bengaluru,West Bengal,16,Silver,2021-02-09,aisha.singh500@gmail.com,9988224936.0,Active
2392,Kiran Patel,Male,24,Chennai,Kerala,6,Regular,2021-02-18,kiran.patel775@gmail.com,9498576003.0,Active
2393,Sai Sharma,Male,69,Chennai,Uttar Pradesh,2,Gold,2021-11-25,sai.sharma342@gmail.com,9491326748.0,Active
2394,Sneha Sharma,Male,32,Hyderabad,Gujarat,6,Silver,2022-09-07,sneha.sharma100@gmail.com,9026893229.0,Active
2395,Sneha Kumar,Female,32,Hyderabad,Maharashtra,4,Silver,2024-08-16,sneha.kumar553@gmail.com,9284740793.0,Active
2396,Kavya Singh,Female,62,Bengaluru,Maharashtra,19,Gold,2023-07-07,kavya.singh14@gmail.com,9148270290.0,Active
2397,Rahul Patel,Male,45,Ahmedabad,Andhra Pradesh,24,Gold,2024-10-29,rahul.patel291@gmail.com,9502562372.0,Active
2398,Ananya Nair,Male,29,Chennai,Maharashtra,27,Regular,2021-12-03,ananya.nair821@gmail.com,9466920597.0,ACTIVE
2399,Priya Gupta,Female,43,Hyderabad,Andhra Pradesh,28,Gold,2023-02-23,priya.gupta555@gmail.com,9193647427.0,Active
2400,Rohan Sharma,Male,38,Chennai,Andhra Pradesh,3,Silver,2020-08-03,rohan.sharma466@gmail.com,9297367957.0,Active
2401,Aarav Reddy,Male,43,Ahmedabad,Karnataka,20,Regular,2025-04-15,aarav.reddy509@gmail.com,9442532460.0,ACTIVE
2402,Nikhil Kumar,Male,36,Delhi,Tamil Nadu,8,Regular,2023-05-23,nikhil.kumar135@gmail.com,9916256128.0,Active
2403,Rohan Joshi,Male,65,Hyderabad,Andhra Pradesh,10,Regular,2021-02-19,rohan.joshi730@gmail.com,9795635701.0,Active
2404,Rohan Kumar,Female,24,Pune,Uttar Pradesh,24,Silver,2020-09-08,rohan.kumar979@gmail.com,9737951553.0,Active
2405,Sneha Joshi,Female,55,Delhi,Andhra Pradesh,15,Regular,2025-08-21,sneha.joshi453@gmail.com,9450969682.0,Active
2406,Rahul Gupta,Male,48,Pune,Karnataka,24,Silver,2020-06-23,rahul.gupta119@gmail.com,9112401437.0,Active
2407,Vivaan Verma,Male,41,Bengaluru,Andhra Pradesh,1,Regular,2023-01-14,vivaan.verma999@gmail.com,9770089101.0,Active
2408,Ananya Patel,Male,58,Pune,West Bengal,25,Regular,2021-03-20,ananya.patel34@gmail.com,9788704818.0,Active
2409,Rahul Sharma,Female,59,Chennai,Maharashtra,17,Premium,2025-11-14,rahul.sharma193@gmail.com,9243939444.0,Active
2410,Ananya Verma,Male,32,Delhi,Telangana,5,Gold,2025-03-25,ananya.verma554@gmail.com,9830497158.0,Active
2411,Arjun Reddy,Female,48,Ahmedabad,Gujarat,22,Gold,2023-01-25,arjun.reddy613@gmail.com,9578619207.0,Active
2412,Rahul Patel,Female,63,Delhi,Kerala,28,Regular,2022-09-18,rahul.patel631@gmail.com,9777357289.0,Active
2413,Sai Singh,Male,48,Kolkata,Andhra Pradesh,13,Regular,2020-05-04,sai.singh994@gmail.com,9572196045.0,Active
2414,Meera Verma,Female,70,Chennai,Tamil Nadu,12,Regular,2024-06-17,meera.verma626@gmail.com,9535395318.0,Active
2415,Diya Verma,Male,43,Kolkata,Andhra Pradesh,18,Regular,2024-12-25,diya.verma110@gmail.com,9617383045.0,Active
2416,Priya Joshi,Female,48,Bengaluru,Karnataka,30,Regular,2025-04-11,priya.joshi346@gmail.com,9339172177.0,Active
2417,Nikhil Kumar,Female,45,Pune,Karnataka,27,Premium,2022-05-26,nikhil.kumar405@gmail.com,9643187890.0,Active
2418,Ananya Rao,Female,56,Delhi,Telangana,19,Regular,2020-05-23,ananya.rao24@gmail.com,9900397161.0,Active
2419,Aditya Reddy,Male,65,Kolkata,Andhra Pradesh,3,Silver,2020-12-09,aditya.reddy364@gmail.com,9771915555.0,Active
2420,Kavya Singh,Male,42,Chennai,West Bengal,30,Gold,2021-02-20,kavya.singh660@gmail.com,9660744388.0,Active
2421,Ishaan Joshi,Male,41,Hyderabad,West Bengal,15,Silver,2023-10-07,ishaan.joshi891@gmail.com,9270683753.0,Active
2422,Ananya Patel,Female,49,Kolkata,Maharashtra,22,Regular,2023-10-30,ananya.patel624@gmail.com,9128326256.0,Active
2423,Diya Singh,Female,38,Kolkata,Telangana,12,Premium,2021-07-10,diya.singh719@gmail.com,9432880912.0,Active
2424,Arjun Joshi,Female,40,Kolkata,Delhi,10,Premium,2023-03-04,arjun.joshi523@gmail.com,9540067653.0,active
2425,Neha Kumar,Female,62,Kolkata,Uttar Pradesh,15,Regular,2020-12-01,neha.kumar720@gmail.com,9010874521.0,Active
2426,Sneha Verma,Male,43,Hyderabad,Uttar Pradesh,20,Regular,2022-02-09,sneha.verma747@gmail.com,9768832092.0,Active
2427,Sai Sharma,Male,60,Kolkata,Uttar Pradesh,15,Regular,2022-10-22,sai.sharma893@gmail.com,9014110653.0,Active
2428,Rohan Kumar,Male,48,Hyderabad,Telangana,30,Premium,2022-05-01,rohan.kumar779@gmail.com,9172577580.0,Active
2429,Aisha Nair,Female,33,Bengaluru,Kerala,13,Regular,2023-08-23,aisha.nair591@gmail.com,9886149001.0,Active
2430,Vivaan Patel,Male,35,Pune,Uttar Pradesh,3,Gold,2024-04-13,vivaan.patel202@gmail.com,9321968660.0,
2431,Ananya Sharma,Male,44,Kolkata,Maharashtra,7,Gold,2021-04-20,ananya.sharma481@gmail.com,9174636673.0,Active
2432,Kavya Nair,Male,24,Ahmedabad,West Bengal,30,Silver,2021-03-18,kavya.nair626@gmail.com,9711990312.0,Active
2433,Nikhil Joshi,Female,40,Bengaluru,West Bengal,13,Premium,2022-05-29,nikhil.joshi641@gmail.com,9699127536.0,
2434,Rohan Gupta,Male,66,Ahmedabad,Delhi,10,Regular,2023-06-28,rohan.gupta747@gmail.com,9575837060.0,Active
2435,Neha Gupta,Female,31,Bengaluru,Gujarat,15,Gold,2025-09-08,neha.gupta265@gmail.com,9551903954.0,Active
2436,Sneha Patel,Female,46,Pune,Gujarat,28,Regular,2020-11-05,sneha.patel342@gmail.com,9880054372.0,Active
2437,Ishaan Gupta,Female,64,Hyderabad,Kerala,20,Silver,2024-02-18,ishaan.gupta308@gmail.com,9969816164.0,Active
2438,Rohan Gupta,Female,19,Delhi,Delhi,25,Silver,2022-08-19,rohan.gupta585@gmail.com,9102263931.0,Active
2439,Rahul Joshi,Male,30,Chennai,Andhra Pradesh,22,Regular,2023-05-17,rahul.joshi620@gmail.com,9466485932.0,Active
2440,Rahul Joshi,Female,67,Mumbai,Tamil Nadu,25,Premium,2025-04-21,rahul.joshi472@gmail.com,9098331456.0,Active
2441,Rohan Patel,Female,20,Bengaluru,Karnataka,15,Regular,2023-01-04,rohan.patel194@gmail.com,9017417764.0,Active
2442,Meera Joshi,Female,32,Kolkata,Maharashtra,24,Gold,2021-07-04,meera.joshi48@gmail.com,9041383897.0,Active
2443,Riya Sharma,Female,25,Bengaluru,Kerala,25,Regular,2025-06-12,riya.sharma648@gmail.com,9052677071.0,Active
2444,Priya Verma,Female,43,Pune,Delhi,27,Regular,2025-10-25,priya.verma739@gmail.com,9918386848.0,Active
2445,Rahul Nair,Female,44,Chennai,West Bengal,9,Silver,2025-10-20,rahul.nair377@gmail.com,9262034647.0,Active
2446,Sneha Gupta,Female,56,Chennai,Maharashtra,2,Premium,2021-07-19,sneha.gupta389@gmail.com,9190476896.0,Active
2447,Arjun Nair,Male,40,Ahmedabad,Tamil Nadu,5,Silver,2023-05-20,arjun.nair137@gmail.com,9811467003.0,Active
2448,Sneha Nair,Male,62,Kolkata,Tamil Nadu,19,Premium,2023-12-02,sneha.nair236@gmail.com,9474467568.0,Active
2449,Sneha Nair,Male,58,Hyderabad,Karnataka,27,Silver,2022-12-24,sneha.nair264@gmail.com,9847187848.0,Active
2450,Meera Singh,Female,51,Hyderabad,Andhra Pradesh,26,Silver,2025-11-10,meera.singh508@gmail.com,9591602043.0,Active
2451,Riya Rao,Female,36,Ahmedabad,Andhra Pradesh,27,Regular,2024-06-13,riya.rao860@gmail.com,9892295307.0,Active
2452,Arjun Joshi,Female,23,Chennai,Uttar Pradesh,30,Regular,2021-04-25,arjun.joshi680@gmail.com,9645814970.0,Active
2453,Vivaan Joshi,Female,37,Pune,Kerala,1,Regular,2022-11-10,vivaan.joshi378@gmail.com,9126431116.0,Active
2454,Arjun Rao,Male,62,Kolkata,Gujarat,9,Regular,2024-02-18,arjun.rao322@gmail.com,9076275539.0,Active
2455,Sai Patel,Male,55,Hyderabad,Maharashtra,26,Gold,2025-06-03,sai.patel9@gmail.com,9741395554.0,ACTIVE
2456,Vivaan Rao,Female,64,Bengaluru,West Bengal,15,Premium,2025-09-20,vivaan.rao332@gmail.com,9469050133.0,Active
2457,Priya Nair,Female,39,Delhi,Andhra Pradesh,29,Regular,2021-03-01,priya.nair878@gmail.com,9959854525.0,Active
2458,Rahul Reddy,Female,31,Mumbai,Telangana,20,Silver,2023-09-29,rahul.reddy243@gmail.com,9268474961.0,Inactive
2459,Neha Verma,Male,18,Chennai,Kerala,24,Gold,2023-06-19,neha.verma933@gmail.com,9211158488.0,Active
2460,Ishaan Rao,Male,52,Ahmedabad,Uttar Pradesh,15,Regular,2023-05-08,ishaan.rao911@gmail.com,9926755739.0,Active
2461,Sneha Rao,Male,62,Delhi,Tamil Nadu,15,Regular,2024-07-26,sneha.rao215@gmail.com,9676453343.0,Active
2462,Aditya Kumar,Male,26,Bengaluru,Kerala,16,Regular,2025-06-27,aditya.kumar528@gmail.com,9088939686.0,Active
2463,Kiran Verma,Male,67,Delhi,Gujarat,10,Silver,2023-04-17,kiran.verma741@gmail.com,9915768624.0,Active
2464,Aisha Kumar,Male,42,Delhi,Telangana,27,Gold,2024-10-04,aisha.kumar986@gmail.com,9369840250.0,Active
2465,Arjun Nair,Male,50,Pune,Karnataka,11,Regular,2022-11-16,arjun.nair352@gmail.com,9391853454.0,active
2466,Rahul Reddy,Male,53,Mumbai,Telangana,4,Gold,2023-03-24,rahul.reddy274@gmail.com,9974677950.0,Active
2467,Aarav Singh,Female,61,Chennai,Telangana,22,Gold,2021-02-17,aarav.singh810@gmail.com,9819059876.0,Active
2468,Ananya Nair,Female,51,Bengaluru,Delhi,15,Premium,2022-12-10,ananya.nair359@gmail.com,9463563705.0,Active
2469,Ananya Reddy,Male,39,Hyderabad,Maharashtra,29,Gold,2020-09-19,ananya.reddy9@gmail.com,9743556102.0,Active
2470,Vikram Kumar,Male,62,Pune,Gujarat,19,Gold,2021-10-03,vikram.kumar753@gmail.com,9687799605.0,Inactive
2471,Sneha Patel,Male,54,Delhi,Uttar Pradesh,3,Silver,2020-09-23,sneha.patel195@gmail.com,9352309779.0,Active
2472,Vikram Joshi,Male,50,Ahmedabad,Telangana,17,Silver,2020-11-08,vikram.joshi328@gmail.com,9124977446.0,Active
2473,Meera Rao,Female,21,Hyderabad,Kerala,5,Silver,2025-01-10,meera.rao428@gmail.com,9637002838.0,Active
2474,Neha Rao,Female,37,Ahmedabad,Gujarat,16,Gold,2023-02-11,neha.rao398@gmail.com,9876417215.0,Active
2475,Ishaan Rao,Female,22,Chennai,West Bengal,16,Silver,2020-03-23,ishaan.rao880@gmail.com,9211214119.0,Active
2476,Sneha Reddy,Male,40,Kolkata,Delhi,6,Regular,2023-12-22,sneha.reddy622@gmail.com,9140063795.0,Active
2477,Aditya Patel,Female,45,Pune,West Bengal,12,Silver,2023-12-13,aditya.patel338@gmail.com,9374413231.0,ACTIVE
2478,Kiran Rao,Female,70,Delhi,Uttar Pradesh,27,Gold,2022-03-02,kiran.rao24@gmail.com,9695897205.0,Active
2479,Kavya Sharma,Male,60,Kolkata,Gujarat,14,Regular,2024-11-03,kavya.sharma893@gmail.com,9060402006.0,Active
2480,Rahul Sharma,Female,47,Chennai,Maharashtra,24,Silver,2023-09-15,rahul.sharma331@gmail.com,9128665063.0,Active
2481,Neha Verma,Male,54,Bengaluru,Maharashtra,24,Regular,2023-04-06,neha.verma527@gmail.com,9034165519.0,Active
2482,Rohan Sharma,Female,65,Delhi,Uttar Pradesh,29,Silver,2025-05-31,rohan.sharma860@gmail.com,9777096713.0,active
2483,Rohan Kumar,Female,21,Kolkata,Andhra Pradesh,2,Gold,2020-12-07,rohan.kumar360@gmail.com,9376268462.0,Active
2484,Ishaan Gupta,Male,59,Ahmedabad,Delhi,19,Regular,2021-09-10,ishaan.gupta236@gmail.com,9000075758.0,Active
2485,Rohan Sharma,Female,68,Mumbai,Telangana,2,Regular,2025-07-20,rohan.sharma910@gmail.com,9815392524.0,ACTIVE
2486,Riya Gupta,Male,69,Bengaluru,Gujarat,19,Regular,2022-07-25,riya.gupta646@gmail.com,9162876656.0,Active
2487,Ananya Rao,Female,53,Bengaluru,Delhi,27,Regular,2020-08-27,ananya.rao735@gmail.com,9998805690.0,active
2488,Diya Gupta,Female,53,Hyderabad,Gujarat,23,Regular,2021-03-02,diya.gupta595@gmail.com,9287389459.0,Active
2489,Riya Singh,Female,20,Hyderabad,Tamil Nadu,11,Silver,2025-03-13,riya.singh425@gmail.com,9457812602.0,Active
2490,Ananya Patel,Female,67,Bengaluru,West Bengal,16,Premium,2023-12-02,ananya.patel399@gmail.com,9098185701.0,Active
2491,Vivaan Kumar,Male,56,Ahmedabad,Maharashtra,6,Silver,2024-10-30,vivaan.kumar858@gmail.com,9785001223.0,Active
2492,Vivaan Nair,Female,30,Hyderabad,Telangana,21,Regular,2023-05-27,vivaan.nair795@gmail.com,9873339450.0,Inactive
2493,Sneha Reddy,Female,69,Chennai,Andhra Pradesh,18,Silver,2024-02-16,sneha.reddy169@gmail.com,9068523887.0,Active
2494,Aditya Sharma,Male,62,Hyderabad,West Bengal,19,Regular,2025-10-12,aditya.sharma566@gmail.com,9607385440.0,Active
2495,Neha Joshi,Female,53,Ahmedabad,Karnataka,9,Silver,2021-05-16,neha.joshi16@gmail.com,9615982057.0,Active
2496,Sneha Singh,Female,21,Ahmedabad,Delhi,23,Regular,2025-11-13,sneha.singh789@gmail.com,9607127973.0,Active
2497,Vivaan Nair,Female,30,Kolkata,Kerala,1,Gold,2020-03-26,vivaan.nair901@gmail.com,9605870401.0,Active
2498,Riya Singh,Male,67,Kolkata,Andhra Pradesh,30,Silver,2020-01-27,riya.singh966@gmail.com,9899786718.0,Active
2499,Sneha Singh,Female,56,Pune,Karnataka,27,Silver,2020-01-06,sneha.singh234@gmail.com,9626822202.0,Active
2500,Aarav Gupta,Male,48,Hyderabad,Delhi,6,Gold,2023-10-28,aarav.gupta10@gmail.com,9069302248.0,active
2501,Sneha Kumar,Male,53,Pune,Uttar Pradesh,26,Regular,2022-07-01,sneha.kumar446@gmail.com,9464725827.0,Active
2502,Ananya Reddy,Male,35,Hyderabad,Karnataka,19,Regular,2020-02-06,ananya.reddy986@gmail.com,9188316712.0,ACTIVE
2503,Neha Nair,Male,35,Ahmedabad,Maharashtra,19,Regular,2021-01-02,neha.nair313@gmail.com,9816238331.0,Active
2504,Priya Reddy,Female,58,Hyderabad,Maharashtra,4,Premium,2024-04-29,priya.reddy803@gmail.com,9390556091.0,Active
2505,Ishaan Verma,Male,42,Mumbai,Kerala,2,Silver,2024-01-22,ishaan.verma442@gmail.com,9722384855.0,Active
2506,Kiran Joshi,Male,39,Pune,Andhra Pradesh,20,Premium,2023-11-28,kiran.joshi194@gmail.com,9370782470.0,Active
2507,Vivaan Gupta,Female,22,Hyderabad,Gujarat,13,Regular,2022-01-26,vivaan.gupta559@gmail.com,9943599808.0,Active
2508,Meera Kumar,Female,43,Delhi,Kerala,13,Gold,2021-10-13,meera.kumar842@gmail.com,9020531361.0,ACTIVE
2509,Sai Rao,Male,34,Ahmedabad,West Bengal,26,Regular,2021-11-13,sai.rao301@gmail.com,9666706629.0,Active
2510,Priya Reddy,Male,24,Kolkata,Telangana,12,Premium,2023-09-27,priya.reddy68@gmail.com,9080562025.0,Active
2511,Ananya Singh,Male,24,Mumbai,Andhra Pradesh,29,Regular,2024-05-12,ananya.singh155@gmail.com,9256077901.0,Active
2512,Aisha Kumar,Male,20,Ahmedabad,Maharashtra,16,Regular,2022-03-20,aisha.kumar144@gmail.com,9682895435.0,Active
2513,Aisha Gupta,Male,30,Kolkata,Karnataka,24,Silver,2024-03-26,aisha.gupta783@gmail.com,9207526533.0,Active
2514,Rohan Nair,Male,20,Mumbai,Delhi,22,Silver,2023-11-10,rohan.nair521@gmail.com,9857677506.0,active
2515,Ananya Patel,Female,48,Hyderabad,Maharashtra,6,Gold,2020-08-13,ananya.patel54@gmail.com,9133057428.0,Active
2516,Aarav Singh,Male,62,Hyderabad,Andhra Pradesh,1,Gold,2021-11-02,aarav.singh894@gmail.com,9272958824.0,Active
2517,Rohan Joshi,Male,21,Hyderabad,Tamil Nadu,23,Gold,2025-08-21,rohan.joshi513@gmail.com,9169674902.0,Active
2518,Ishaan Rao,Female,34,Ahmedabad,Gujarat,29,Gold,2024-04-11,ishaan.rao973@gmail.com,9751196933.0,Active
2519,Diya Singh,Male,51,Delhi,Gujarat,13,Regular,2024-05-24,diya.singh297@gmail.com,9928556789.0,Active
2520,Kavya Gupta,Female,64,Mumbai,Tamil Nadu,7,Silver,2023-12-15,kavya.gupta779@gmail.com,9193028995.0,Active
2521,Vivaan Singh,Female,66,Bengaluru,Andhra Pradesh,14,Silver,2023-03-17,vivaan.singh9@gmail.com,9823116063.0,Active
2522,Ishaan Verma,Male,31,Chennai,Andhra Pradesh,6,Regular,2020-07-24,ishaan.verma248@gmail.com,9144856160.0,Active
2523,Riya Joshi,Female,63,Hyderabad,Gujarat,6,Silver,2024-08-11,riya.joshi566@gmail.com,9715973491.0,Active
2524,Vikram Nair,Female,53,Delhi,Andhra Pradesh,4,Gold,2024-11-23,vikram.nair247@gmail.com,9141077464.0,Active
2525,Ishaan Sharma,Female,29,Pune,Tamil Nadu,30,Gold,2020-12-31,ishaan.sharma849@gmail.com,9436457301.0,Active
2526,Vivaan Joshi,Male,21,Kolkata,Telangana,11,Premium,2024-04-29,vivaan.joshi404@gmail.com,9694448452.0,Active
2527,Sneha Gupta,Female,68,Ahmedabad,Kerala,4,Silver,2020-08-07,sneha.gupta291@gmail.com,9268395629.0,Active
2528,Ananya Kumar,Male,54,Pune,Kerala,30,Gold,2020-01-01,ananya.kumar653@gmail.com,9812937564.0,Active
2529,Riya Sharma,Male,33,Ahmedabad,Gujarat,23,Regular,2025-09-24,riya.sharma498@gmail.com,9896180807.0,Active
2530,Vikram Joshi,Female,32,Ahmedabad,Tamil Nadu,3,Regular,2025-11-30,vikram.joshi255@gmail.com,9203974475.0,Inactive
2531,Aisha Verma,Female,48,Delhi,Karnataka,7,Regular,2022-06-08,aisha.verma839@gmail.com,9571939477.0,Active
2532,Kavya Nair,Male,62,Mumbai,Uttar Pradesh,18,Regular,2021-07-15,kavya.nair707@gmail.com,9288137110.0,Active
2533,Arjun Kumar,Male,59,Mumbai,Delhi,30,Silver,2025-09-05,arjun.kumar210@gmail.com,9606081386.0,ACTIVE
2534,Neha Gupta,Female,43,Delhi,Kerala,17,Regular,2021-06-15,neha.gupta761@gmail.com,9325857134.0,Active
2535,Meera Kumar,Female,67,Ahmedabad,Karnataka,13,Gold,2022-07-28,meera.kumar298@gmail.com,9847517796.0,Active
2536,Kiran Verma,Male,31,Pune,Telangana,27,Gold,2024-09-18,kiran.verma481@gmail.com,9896793229.0,Active
2537,Kiran Joshi,Male,22,Pune,Karnataka,3,Regular,2020-12-07,kiran.joshi587@gmail.com,9957875461.0,active
2538,Sneha Kumar,Female,37,Chennai,Tamil Nadu,30,Regular,2021-03-09,sneha.kumar554@gmail.com,9756933075.0,Inactive
2539,Vivaan Patel,Female,62,Delhi,Kerala,6,Silver,2020-08-05,vivaan.patel755@gmail.com,9887206575.0,Active
2540,Diya Verma,Female,24,Mumbai,Kerala,11,Regular,2020-01-14,diya.verma397@gmail.com,9456738182.0,Active
2541,Sai Nair,Male,67,Hyderabad,Andhra Pradesh,11,Regular,2024-10-26,sai.nair237@gmail.com,9760166660.0,Active
2542,Neha Gupta,Male,69,Kolkata,Kerala,25,Regular,2025-06-15,neha.gupta508@gmail.com,9175289197.0,Active
2543,Kavya Nair,Female,33,Bengaluru,Gujarat,7,Regular,2023-03-14,kavya.nair547@gmail.com,9578123386.0,Active
2544,Kavya Sharma,Female,41,Delhi,Delhi,25,Silver,2024-03-01,kavya.sharma848@gmail.com,9117730889.0,Inactive
2545,Ishaan Gupta,Female,32,Chennai,Kerala,5,Silver,2021-10-26,ishaan.gupta279@gmail.com,9404539797.0,Active
2546,Rahul Gupta,Male,68,Chennai,Maharashtra,9,Premium,2020-03-01,rahul.gupta728@gmail.com,9574293240.0,Active
2547,Neha Singh,Female,65,Chennai,Gujarat,23,Regular,2021-06-07,neha.singh308@gmail.com,9235877605.0,Active
2548,Rohan Rao,Female,51,Chennai,Telangana,27,Gold,2022-04-07,rohan.rao875@gmail.com,9360734749.0,Active
2549,Priya Sharma,Male,62,Hyderabad,Maharashtra,26,Regular,2022-07-30,priya.sharma485@gmail.com,9545164620.0,Active
2550,Sneha Gupta,Female,48,Hyderabad,Gujarat,9,Regular,2023-03-24,sneha.gupta509@gmail.com,9402288993.0,Active
2551,Vikram Gupta,Male,46,Ahmedabad,Gujarat,23,Regular,2024-12-01,vikram.gupta31@gmail.com,9110047613.0,Active
2552,Meera Singh,Male,55,Kolkata,Kerala,9,Regular,2022-04-05,meera.singh666@gmail.com,9077088382.0,Active
2553,Sneha Reddy,Female,33,Ahmedabad,Karnataka,29,Regular,2024-07-18,sneha.reddy970@gmail.com,9468949084.0,Active
2554,Priya Patel,Female,67,Delhi,Karnataka,24,Gold,2025-06-15,priya.patel698@gmail.com,9143945398.0,Active
2555,Ishaan Joshi,Male,25,Bengaluru,Kerala,12,Regular,2022-05-19,ishaan.joshi257@gmail.com,9831095399.0,Active
2556,Aisha Verma,Male,40,Delhi,Telangana,6,Silver,2025-09-08,aisha.verma658@gmail.com,9522375521.0,Active
2557,Meera Gupta,Male,43,Ahmedabad,Tamil Nadu,5,Gold,2023-08-16,meera.gupta251@gmail.com,9592340489.0,
2558,Diya Gupta,Female,58,Chennai,Karnataka,24,Silver,2022-03-08,diya.gupta725@gmail.com,9706727996.0,Active
2559,Riya Reddy,Male,32,Kolkata,Gujarat,9,Silver,2022-01-10,riya.reddy656@gmail.com,9656441525.0,Active
2560,Priya Reddy,Female,42,Mumbai,Karnataka,19,Silver,2021-02-16,priya.reddy98@gmail.com,9001894633.0,Active
2561,Priya Sharma,Male,52,Hyderabad,Delhi,28,Regular,2021-04-27,priya.sharma357@gmail.com,9277895937.0,Active
2562,Aarav Nair,Male,33,Hyderabad,Maharashtra,2,Gold,2022-04-07,aarav.nair360@gmail.com,9674203932.0,Active
2563,Meera Reddy,Male,46,Mumbai,Telangana,14,Regular,2022-03-21,meera.reddy605@gmail.com,9272979754.0,Active
2564,Diya Gupta,Female,34,Kolkata,Telangana,6,Regular,2024-03-10,diya.gupta61@gmail.com,9826685506.0,Active
2565,Meera Joshi,Female,60,Chennai,Uttar Pradesh,30,Silver,2024-07-26,meera.joshi365@gmail.com,9204515314.0,Active
2566,Vivaan Reddy,Male,62,Bengaluru,West Bengal,14,Regular,2024-07-14,vivaan.reddy796@gmail.com,9708607864.0,Active
2567,Aditya Reddy,Male,40,Bengaluru,West Bengal,20,Regular,2024-07-29,aditya.reddy786@gmail.com,9980070476.0,Active
2568,Ananya Nair,Male,19,Chennai,Kerala,8,Regular,2022-01-09,ananya.nair581@gmail.com,9750523770.0,Active
2569,Nikhil Rao,Female,58,Kolkata,Telangana,19,Regular,2024-11-13,nikhil.rao336@gmail.com,9679528317.0,Active
2570,Kavya Sharma,Female,49,Hyderabad,Maharashtra,12,Gold,2025-02-01,kavya.sharma562@gmail.com,9145935768.0,Active
2571,Rohan Sharma,Female,20,Pune,Kerala,10,Gold,2022-12-15,rohan.sharma379@gmail.com,9875587136.0,Active
2572,Nikhil Singh,Female,52,Pune,Telangana,6,Regular,2023-11-06,nikhil.singh996@gmail.com,9024740086.0,Active
2573,Neha Singh,Female,39,Pune,Maharashtra,6,Regular,2021-04-04,neha.singh286@gmail.com,9061997439.0,Active
2574,Neha Verma,Female,27,Bengaluru,Gujarat,21,Silver,2020-04-28,neha.verma263@gmail.com,9960928390.0,Active
2575,Neha Verma,Female,69,Chennai,Telangana,21,Regular,2025-04-21,neha.verma113@gmail.com,9506327639.0,Active
2576,Rahul Nair,Female,70,Delhi,Gujarat,30,Silver,2022-09-29,rahul.nair475@gmail.com,9868987205.0,Active
2577,Priya Patel,Male,67,Delhi,Kerala,12,Gold,2024-02-12,priya.patel315@gmail.com,9404425541.0,ACTIVE
2578,Riya Patel,Male,58,Mumbai,Tamil Nadu,24,Regular,2025-06-10,riya.patel496@gmail.com,9364358695.0,Active
2579,Vivaan Patel,Male,46,Ahmedabad,Kerala,30,Gold,2026-01-03,vivaan.patel736@gmail.com,9114393023.0,Active
2580,Riya Patel,Female,50,Hyderabad,Uttar Pradesh,24,Gold,2023-01-04,riya.patel639@gmail.com,9042429453.0,Active
2581,Arjun Gupta,Male,47,Bengaluru,Gujarat,2,Regular,2024-04-09,arjun.gupta12@gmail.com,9585845816.0,Active
2582,Aarav Singh,Female,54,Hyderabad,Telangana,18,Regular,2021-07-28,aarav.singh691@gmail.com,9599630907.0,Active
2583,Kavya Gupta,Female,42,Mumbai,Uttar Pradesh,14,Regular,2024-09-02,kavya.gupta558@gmail.com,9461872065.0,Active
2584,Nikhil Singh,Female,60,Ahmedabad,Andhra Pradesh,5,Gold,2025-08-15,nikhil.singh998@gmail.com,9342356922.0,Active
2585,Aarav Reddy,Female,37,Pune,West Bengal,23,Gold,2022-03-12,aarav.reddy262@gmail.com,9963312215.0,Active
2586,Aarav Singh,Male,41,Bengaluru,West Bengal,27,Regular,2024-02-22,aarav.singh989@gmail.com,9339184170.0,Active
2587,Rahul Sharma,Male,60,Hyderabad,Tamil Nadu,5,Premium,2020-04-07,rahul.sharma874@gmail.com,9535268275.0,Active
2588,Kiran Sharma,Female,69,Ahmedabad,Telangana,12,Premium,2020-11-06,kiran.sharma16@gmail.com,9490359417.0,Active
2589,Vivaan Joshi,Male,18,Bengaluru,Maharashtra,13,Regular,2024-04-19,vivaan.joshi788@gmail.com,9676018474.0,Active
2590,Rahul Patel,Male,30,Delhi,Gujarat,23,Silver,2023-05-01,rahul.patel986@gmail.com,9623008244.0,Active
2591,Ishaan Patel,Female,65,Mumbai,Maharashtra,22,Regular,2025-02-28,ishaan.patel193@gmail.com,9674800032.0,Active
2592,Sneha Verma,Female,31,Chennai,Andhra Pradesh,21,Gold,2025-12-15,sneha.verma73@gmail.com,9835982690.0,Active
2593,Aarav Verma,Male,33,Pune,Andhra Pradesh,23,Regular,2020-02-10,aarav.verma650@gmail.com,9411223800.0,Active
2594,Rahul Rao,Male,70,Hyderabad,Tamil Nadu,26,Regular,2021-05-28,rahul.rao171@gmail.com,9926519336.0,Inactive
2595,Aditya Nair,Male,20,Kolkata,Telangana,1,Regular,2021-01-20,aditya.nair204@gmail.com,9949702062.0,Active
2596,Aisha Reddy,Female,69,Bengaluru,Tamil Nadu,9,Regular,2020-04-14,aisha.reddy852@gmail.com,9424473890.0,Active
2597,Rohan Verma,Male,35,Hyderabad,Gujarat,13,Premium,2021-05-27,rohan.verma908@gmail.com,9734293340.0,Active
2598,Arjun Joshi,Male,44,Bengaluru,Telangana,1,Regular,2024-07-18,arjun.joshi937@gmail.com,9239449888.0,Active
2599,Ishaan Sharma,Female,42,Kolkata,Delhi,9,Regular,2022-07-08,ishaan.sharma564@gmail.com,9898983880.0,Active
2600,Arjun Joshi,Male,24,Pune,Uttar Pradesh,24,Silver,2021-11-21,arjun.joshi968@gmail.com,9312202072.0,Active
2601,Ishaan Kumar,Male,22,Pune,Karnataka,6,Silver,2025-07-07,ishaan.kumar720@gmail.com,9580286685.0,
2602,Rohan Reddy,Male,47,Mumbai,Telangana,2,Regular,2025-10-08,rohan.reddy596@gmail.com,9286373371.0,Active
2603,Rohan Nair,Female,22,Kolkata,Kerala,13,Regular,2024-02-01,rohan.nair78@gmail.com,9797277037.0,Active
2604,Vivaan Sharma,Female,61,Bengaluru,Telangana,1,Premium,2023-02-11,vivaan.sharma949@gmail.com,9912307471.0,active
2605,Ishaan Nair,Female,23,Pune,Delhi,28,Regular,2021-12-18,ishaan.nair482@gmail.com,9990090955.0,Active
2606,Priya Verma,Male,30,Chennai,West Bengal,6,Regular,2025-06-21,priya.verma979@gmail.com,9155207620.0,Active
2607,Nikhil Kumar,Female,39,Bengaluru,Karnataka,25,Gold,2024-04-08,nikhil.kumar751@gmail.com,9241520293.0,Active
2608,Vikram Nair,Female,61,Hyderabad,Kerala,12,Premium,2023-05-12,vikram.nair100@gmail.com,9386090221.0,Inactive
2609,Ananya Patel,Female,29,Hyderabad,Uttar Pradesh,14,Gold,2025-02-26,ananya.patel61@gmail.com,9100697265.0,ACTIVE
2610,Arjun Kumar,Female,39,Kolkata,West Bengal,22,Silver,2022-12-05,arjun.kumar797@gmail.com,9974208827.0,Active
2611,Ishaan Nair,Female,45,Pune,Maharashtra,19,Silver,2023-03-15,ishaan.nair1@gmail.com,9763026520.0,Inactive
2612,Kiran Joshi,Male,62,Mumbai,Delhi,28,Gold,2020-11-10,kiran.joshi704@gmail.com,9335167692.0,Active
2613,Meera Kumar,Female,54,Bengaluru,Telangana,26,Silver,2022-10-31,meera.kumar144@gmail.com,9023372910.0,Active
2614,Meera Joshi,Female,22,Bengaluru,Telangana,21,Regular,2023-11-10,meera.joshi372@gmail.com,9250302757.0,Active
2615,Sai Kumar,Female,55,Hyderabad,Delhi,28,Regular,2023-05-07,sai.kumar334@gmail.com,9998037645.0,
2616,Kiran Verma,Female,31,Hyderabad,Kerala,30,Silver,2024-04-25,kiran.verma701@gmail.com,9230598098.0,
2617,Aditya Sharma,Male,23,Kolkata,Gujarat,17,Gold,2022-10-29,aditya.sharma488@gmail.com,9767333589.0,Active
2618,Kavya Joshi,Male,41,Hyderabad,Maharashtra,23,Regular,2024-10-23,kavya.joshi620@gmail.com,9345155279.0,Inactive
2619,Sai Verma,Female,23,Kolkata,Tamil Nadu,4,Regular,2021-03-03,sai.verma591@gmail.com,9207741380.0,Active
2620,Sneha Sharma,Female,51,Ahmedabad,Tamil Nadu,29,Silver,2023-02-26,sneha.sharma648@gmail.com,9901532062.0,active
2621,Kiran Reddy,Male,23,Mumbai,Delhi,2,Regular,2021-12-23,kiran.reddy192@gmail.com,9367661749.0,Active
2622,Kiran Nair,Female,33,Delhi,Karnataka,28,Silver,2025-03-04,kiran.nair237@gmail.com,9336812906.0,ACTIVE
2623,Ananya Nair,Male,56,Kolkata,Delhi,3,Silver,2022-12-10,ananya.nair497@gmail.com,9105436202.0,Active
2624,Ananya Singh,Male,58,Chennai,Kerala,22,Regular,2021-11-18,ananya.singh14@gmail.com,9889812914.0,Active
2625,Sai Sharma,Female,42,Chennai,Tamil Nadu,26,Regular,2021-12-13,sai.sharma751@gmail.com,9802172458.0,Active
2626,Ananya Verma,Male,43,Bengaluru,Gujarat,16,Silver,2021-06-16,ananya.verma564@gmail.com,9264629748.0,Active
2627,Rohan Gupta,Female,61,Chennai,Telangana,16,Gold,2022-02-27,rohan.gupta788@gmail.com,9315298159.0,Active
2628,Aditya Gupta,Male,46,Hyderabad,Uttar Pradesh,4,Premium,2020-12-30,aditya.gupta149@gmail.com,9837816505.0,Active
2629,Nikhil Nair,Female,63,Bengaluru,Telangana,6,Regular,2021-05-12,nikhil.nair320@gmail.com,9305890622.0,Active
2630,Sneha Nair,Male,26,Chennai,Telangana,11,Gold,2024-11-01,sneha.nair80@gmail.com,9487900491.0,Active
2631,Ishaan Patel,Male,68,Chennai,Kerala,19,Silver,2020-05-13,ishaan.patel880@gmail.com,9762110733.0,Active
2632,Neha Reddy,Female,42,Bengaluru,Uttar Pradesh,27,Regular,2024-08-03,neha.reddy492@gmail.com,9918119091.0,Active
2633,Aisha Joshi,Male,61,Pune,Karnataka,10,Regular,2021-10-10,aisha.joshi107@gmail.com,9197358116.0,Inactive
2634,Rahul Joshi,Female,45,Bengaluru,Maharashtra,28,Silver,2025-09-02,rahul.joshi605@gmail.com,9184900212.0,ACTIVE
2635,Riya Patel,Male,20,Chennai,Tamil Nadu,1,Regular,2022-05-25,riya.patel880@gmail.com,9337297007.0,Active
2636,Vivaan Verma,Male,42,Pune,Gujarat,15,Premium,2023-11-03,vivaan.verma29@gmail.com,9648496698.0,Active
2637,Rohan Sharma,Male,52,Pune,Uttar Pradesh,12,Regular,2022-09-15,rohan.sharma513@gmail.com,9413590451.0,Active
2638,Rahul Patel,Male,57,Mumbai,Uttar Pradesh,6,Gold,2024-05-05,rahul.patel413@gmail.com,9118161867.0,Active
2639,Diya Patel,Female,63,Bengaluru,Gujarat,4,Gold,2024-12-27,diya.patel587@gmail.com,9328093572.0,Active
2640,Meera Kumar,Female,55,Delhi,Telangana,18,Regular,2024-05-15,meera.kumar717@gmail.com,9378512135.0,Active
2641,Kiran Verma,Female,41,Mumbai,Uttar Pradesh,9,Regular,2020-09-21,kiran.verma279@gmail.com,9222811296.0,Active
2642,Aisha Gupta,Female,21,Ahmedabad,Kerala,5,Gold,2024-03-12,aisha.gupta204@gmail.com,9251600757.0,Active
2643,Ananya Gupta,Female,35,Chennai,Karnataka,9,Silver,2023-05-10,ananya.gupta292@gmail.com,9571931347.0,active
2644,Aisha Patel,Female,29,Bengaluru,Delhi,25,Gold,2023-10-29,aisha.patel944@gmail.com,9404623066.0,Inactive
2645,Sai Nair,Male,32,Bengaluru,Gujarat,18,Regular,2020-04-05,sai.nair940@gmail.com,9057472409.0,
2646,Ananya Patel,Female,60,Delhi,Gujarat,25,Regular,2022-11-16,ananya.patel855@gmail.com,9732897832.0,Active
2647,Meera Patel,Male,28,Bengaluru,Telangana,23,Silver,2021-09-03,meera.patel696@gmail.com,9056151130.0,Active
2648,Priya Kumar,Female,55,Chennai,Delhi,4,Silver,2023-10-15,priya.kumar800@gmail.com,9323208872.0,Inactive
2649,Neha Nair,Female,33,Mumbai,Andhra Pradesh,16,Regular,2020-04-04,neha.nair1@gmail.com,9550150265.0,Active
2650,Arjun Patel,Male,26,Kolkata,Andhra Pradesh,23,Premium,2023-07-12,arjun.patel217@gmail.com,9025729388.0,Active
2651,Sneha Singh,Male,43,Bengaluru,Karnataka,16,Regular,2022-03-01,sneha.singh293@gmail.com,9350632198.0,Active
2652,Priya Singh,Male,54,Kolkata,Karnataka,9,Regular,2020-12-29,priya.singh303@gmail.com,9925228250.0,Active
2653,Priya Sharma,Male,48,Kolkata,West Bengal,12,Silver,2025-02-06,priya.sharma149@gmail.com,9379166538.0,Active
2654,Vikram Kumar,Male,36,Chennai,Gujarat,26,Silver,2023-03-07,vikram.kumar157@gmail.com,9574451946.0,Active
2655,Priya Sharma,Female,31,Bengaluru,Karnataka,21,Gold,2022-03-18,priya.sharma826@gmail.com,9683870976.0,Inactive
2656,Sai Verma,Female,33,Bengaluru,Uttar Pradesh,16,Regular,2023-01-19,sai.verma144@gmail.com,9281680900.0,Active
2657,Arjun Joshi,Male,66,Kolkata,Maharashtra,6,Premium,2024-04-13,arjun.joshi730@gmail.com,9243780547.0,Active
2658,Aditya Kumar,Male,33,Kolkata,Andhra Pradesh,13,Gold,2024-04-01,aditya.kumar892@gmail.com,9443887525.0,Active
2659,Ananya Joshi,Male,26,Chennai,West Bengal,9,Silver,2021-10-01,ananya.joshi293@gmail.com,9790095652.0,Active
2660,Sai Nair,Male,66,Mumbai,Delhi,15,Regular,2023-03-13,sai.nair302@gmail.com,9842427262.0,Active
2661,Rohan Joshi,Female,24,Delhi,Gujarat,2,Regular,2025-05-22,rohan.joshi915@gmail.com,9359665768.0,Active
2662,Ishaan Gupta,Male,47,Kolkata,Kerala,18,Premium,2025-04-29,ishaan.gupta93@gmail.com,9263485202.0,Active
2663,Diya Sharma,Male,61,Delhi,West Bengal,19,Premium,2022-06-30,diya.sharma860@gmail.com,9996323357.0,Active
2664,Arjun Nair,Female,50,Mumbai,Telangana,7,Regular,2024-04-02,arjun.nair771@gmail.com,9771019835.0,Active
2665,Kavya Rao,Male,28,Bengaluru,Kerala,1,Regular,2021-03-07,kavya.rao620@gmail.com,9070366269.0,active
2666,Vivaan Patel,Male,22,Pune,Maharashtra,19,Regular,2025-04-21,vivaan.patel333@gmail.com,9285865216.0,Active
2667,Aditya Gupta,Female,50,Kolkata,West Bengal,8,Silver,2023-03-09,aditya.gupta340@gmail.com,9230333569.0,Active
2668,Aisha Patel,Male,62,Ahmedabad,Telangana,12,Regular,2023-09-11,aisha.patel684@gmail.com,9907580993.0,Active
2669,Priya Nair,Female,61,Bengaluru,Kerala,9,Regular,2020-11-04,priya.nair117@gmail.com,9298960232.0,Inactive
2670,Vivaan Kumar,Female,67,Chennai,Kerala,19,Regular,2023-11-18,vivaan.kumar736@gmail.com,9792475185.0,Active
2671,Arjun Sharma,Male,37,Ahmedabad,Delhi,21,Gold,2023-05-09,arjun.sharma138@gmail.com,9271494175.0,Active
2672,Aarav Kumar,Female,65,Pune,Karnataka,20,Regular,2021-03-02,aarav.kumar351@gmail.com,9518412288.0,Active
2673,Ananya Gupta,Female,51,Kolkata,Uttar Pradesh,22,Gold,2025-06-03,ananya.gupta950@gmail.com,9004359985.0,Active
2674,Ananya Singh,Male,63,Kolkata,West Bengal,17,Regular,2021-02-03,ananya.singh168@gmail.com,9544605266.0,Active
2675,Diya Reddy,Female,55,Mumbai,Tamil Nadu,27,Regular,2021-01-27,diya.reddy869@gmail.com,9463532430.0,Active
2676,Neha Sharma,Female,54,Kolkata,Uttar Pradesh,4,Regular,2024-01-15,neha.sharma802@gmail.com,9473498877.0,Active
2677,Sneha Patel,Male,30,Kolkata,West Bengal,30,Regular,2021-07-15,sneha.patel634@gmail.com,9521546676.0,Active
2678,Riya Kumar,Male,61,Chennai,Telangana,21,Gold,2021-07-13,riya.kumar443@gmail.com,9606538329.0,Active
2679,Ishaan Singh,Male,26,Mumbai,Uttar Pradesh,17,Regular,2020-10-04,ishaan.singh555@gmail.com,9136831630.0,Active
2680,Kiran Patel,Female,62,Hyderabad,Andhra Pradesh,7,Regular,2020-11-16,kiran.patel451@gmail.com,9726900533.0,Active
2681,Meera Rao,Female,51,Ahmedabad,Telangana,15,Gold,2021-08-13,meera.rao421@gmail.com,9056414827.0,Active
2682,Meera Rao,Female,23,Delhi,Andhra Pradesh,26,Regular,2023-12-05,meera.rao26@gmail.com,9540708683.0,Active
2683,Vikram Kumar,Male,23,Ahmedabad,Gujarat,24,Gold,2024-05-12,vikram.kumar382@gmail.com,9318285897.0,ACTIVE
2684,Rohan Sharma,Female,32,Mumbai,Telangana,22,Silver,2020-12-30,rohan.sharma845@gmail.com,9339798109.0,Active
2685,Aarav Sharma,Female,68,Kolkata,Telangana,28,Silver,2021-06-05,aarav.sharma323@gmail.com,9736149722.0,Active
2686,Nikhil Verma,Female,21,Kolkata,Telangana,19,Premium,2022-12-16,nikhil.verma262@gmail.com,9935085050.0,Active
2687,Aisha Rao,Male,57,Kolkata,Telangana,25,Premium,2025-03-09,aisha.rao259@gmail.com,9532677516.0,ACTIVE
2688,Aisha Kumar,Male,32,Chennai,Andhra Pradesh,17,Gold,2023-08-24,aisha.kumar208@gmail.com,9634114079.0,Active
2689,Ishaan Sharma,Male,39,Hyderabad,Tamil Nadu,26,Regular,2023-01-01,ishaan.sharma317@gmail.com,9917836508.0,Active
2690,Rohan Nair,Female,40,Pune,Kerala,13,Regular,2025-06-12,rohan.nair414@gmail.com,9065218879.0,Active
2691,Riya Reddy,Male,64,Delhi,Uttar Pradesh,11,Regular,2022-01-12,riya.reddy452@gmail.com,9615297476.0,active
2692,Rahul Joshi,Male,59,Ahmedabad,Karnataka,16,Gold,2022-03-27,rahul.joshi539@gmail.com,9484157429.0,Active
2693,Rahul Gupta,Male,36,Kolkata,Maharashtra,30,Regular,2025-10-17,rahul.gupta198@gmail.com,9040566619.0,Active
2694,Sneha Joshi,Female,37,Bengaluru,Maharashtra,14,Regular,2020-06-30,sneha.joshi177@gmail.com,9817936066.0,active
2695,Sai Sharma,Female,19,Bengaluru,Telangana,3,Regular,2024-09-19,sai.sharma661@gmail.com,9819899646.0,
2696,Rahul Kumar,Male,43,Delhi,Telangana,13,Regular,2023-03-26,rahul.kumar947@gmail.com,9811551578.0,Active
2697,Aarav Singh,Female,22,Pune,Karnataka,9,Silver,2020-04-16,aarav.singh778@gmail.com,9255734370.0,Active
2698,Vivaan Singh,Female,70,Mumbai,Andhra Pradesh,18,Gold,2021-12-12,vivaan.singh199@gmail.com,9473524800.0,
2699,Arjun Gupta,Female,41,Kolkata,West Bengal,18,Gold,2020-12-11,arjun.gupta268@gmail.com,9258781516.0,Active
2700,Meera Nair,Male,18,Ahmedabad,Uttar Pradesh,27,Gold,2023-02-25,meera.nair706@gmail.com,9872529243.0,Active
2701,Priya Patel,Male,47,Ahmedabad,West Bengal,20,Silver,2025-05-01,priya.patel507@gmail.com,9474082986.0,Active
2702,Neha Gupta,Male,26,Delhi,Telangana,20,Regular,2025-03-04,neha.gupta844@gmail.com,9578131178.0,Active
2703,Meera Verma,Female,56,Ahmedabad,Tamil Nadu,12,Gold,2025-01-13,meera.verma627@gmail.com,9560374828.0,Active
2704,Vivaan Patel,Female,70,Delhi,Karnataka,21,Premium,2024-08-27,vivaan.patel277@gmail.com,9819615606.0,Active
2705,Vivaan Sharma,Female,69,Ahmedabad,Telangana,24,Regular,2020-01-16,vivaan.sharma986@gmail.com,9181669242.0,Active
2706,Sneha Kumar,Male,25,Hyderabad,Kerala,24,Premium,2020-12-26,sneha.kumar7@gmail.com,9752000836.0,Active
2707,Riya Nair,Female,60,Hyderabad,Tamil Nadu,6,Regular,2024-11-07,riya.nair518@gmail.com,9697745292.0,Active
2708,Aditya Nair,Female,35,Kolkata,West Bengal,17,Regular,2025-01-22,aditya.nair283@gmail.com,9757061789.0,Active
2709,Aarav Rao,Male,22,Mumbai,Tamil Nadu,6,Silver,2025-11-16,aarav.rao64@gmail.com,9479452394.0,Active
2710,Aditya Reddy,Female,65,Bengaluru,West Bengal,12,Regular,2025-11-22,aditya.reddy213@gmail.com,9797396118.0,Active
2711,Riya Patel,Female,40,Hyderabad,Karnataka,21,Regular,2022-08-20,riya.patel88@gmail.com,9257982789.0,Active
2712,Priya Patel,Male,33,Chennai,Andhra Pradesh,12,Gold,2020-02-05,priya.patel565@gmail.com,9256753272.0,Active
2713,Neha Rao,Female,44,Hyderabad,Delhi,30,Gold,2025-08-11,neha.rao230@gmail.com,9113738347.0,Active
2714,Aisha Joshi,Male,39,Delhi,Tamil Nadu,7,Regular,2025-05-06,aisha.joshi816@gmail.com,9859380251.0,active
2715,Meera Patel,Female,69,Hyderabad,Andhra Pradesh,7,Regular,2021-03-30,meera.patel582@gmail.com,9647810330.0,Active
2716,Nikhil Sharma,Female,19,Ahmedabad,Karnataka,26,Premium,2024-04-18,nikhil.sharma581@gmail.com,9010738820.0,Active
2717,Ananya Nair,Male,48,Delhi,Uttar Pradesh,17,Regular,2021-11-03,ananya.nair981@gmail.com,9741948104.0,ACTIVE
2718,Diya Patel,Female,21,Hyderabad,Uttar Pradesh,12,Regular,2021-02-17,diya.patel569@gmail.com,9416208502.0,Active
2719,Sneha Kumar,Male,32,Ahmedabad,Maharashtra,23,Gold,2025-11-04,sneha.kumar50@gmail.com,9065806081.0,Active
2720,Aarav Singh,Male,69,Chennai,Tamil Nadu,25,Regular,2023-09-23,aarav.singh549@gmail.com,9200668436.0,Active
2721,Neha Gupta,Female,52,Chennai,Tamil Nadu,1,Regular,2024-09-28,neha.gupta219@gmail.com,9954680993.0,Active
2722,Ishaan Reddy,Female,36,Bengaluru,West Bengal,22,Gold,2024-06-25,ishaan.reddy971@gmail.com,9816310573.0,Active
2723,Neha Gupta,Male,58,Mumbai,Uttar Pradesh,28,Silver,2023-01-30,neha.gupta6@gmail.com,9651063553.0,ACTIVE
2724,Priya Reddy,Female,41,Bengaluru,Gujarat,29,Premium,2021-03-26,priya.reddy529@gmail.com,9135719839.0,Active
2725,Sneha Kumar,Male,40,Ahmedabad,Kerala,27,Premium,2020-06-06,sneha.kumar250@gmail.com,9965533022.0,Active
2726,Riya Kumar,Female,40,Pune,Uttar Pradesh,15,Regular,2022-02-18,riya.kumar29@gmail.com,9356726325.0,Active
2727,Ananya Nair,Female,66,Delhi,Maharashtra,28,Gold,2025-12-14,ananya.nair765@gmail.com,9379115336.0,Active
2728,Rahul Rao,Male,55,Pune,Uttar Pradesh,11,Premium,2023-07-31,rahul.rao845@gmail.com,9118895704.0,Active
2729,Ishaan Gupta,Male,60,Chennai,Karnataka,30,Gold,2020-01-22,ishaan.gupta466@gmail.com,9878006044.0,Active
2730,Sneha Joshi,Male,22,Delhi,Kerala,12,Regular,2021-12-05,sneha.joshi340@gmail.com,9591584088.0,ACTIVE
2731,Vikram Patel,Male,52,Kolkata,Uttar Pradesh,10,Silver,2024-07-17,vikram.patel229@gmail.com,9253160772.0,Active
2732,Rahul Verma,Female,62,Mumbai,Tamil Nadu,4,Silver,2021-06-29,rahul.verma448@gmail.com,9691380006.0,Active
2733,Aditya Rao,Female,27,Pune,West Bengal,22,Regular,2024-09-14,aditya.rao234@gmail.com,9382192418.0,Active
2734,Riya Joshi,Male,20,Bengaluru,Andhra Pradesh,22,Regular,2025-03-01,riya.joshi895@gmail.com,9322501298.0,Active
2735,Vivaan Kumar,Female,63,Chennai,Tamil Nadu,20,Silver,2020-03-17,vivaan.kumar712@gmail.com,9030309638.0,Inactive
2736,Sneha Verma,Male,46,Mumbai,Andhra Pradesh,13,Regular,2022-10-29,sneha.verma349@gmail.com,9043102394.0,Active
2737,Kiran Verma,Female,49,Bengaluru,Karnataka,9,Silver,2022-05-05,kiran.verma521@gmail.com,9526799494.0,Active
2738,Ishaan Patel,Male,21,Pune,Kerala,1,Silver,2025-10-17,ishaan.patel971@gmail.com,9298073493.0,Active
2739,Neha Gupta,Female,70,Pune,Maharashtra,12,Regular,2023-08-21,neha.gupta713@gmail.com,9327380083.0,Active
2740,Ananya Singh,Female,39,Chennai,Telangana,29,Regular,2024-01-14,ananya.singh878@gmail.com,9554892788.0,Active
2741,Sai Sharma,Female,46,Mumbai,Tamil Nadu,1,Regular,2024-02-12,sai.sharma206@gmail.com,9342266269.0,Active
2742,Kiran Singh,Male,64,Chennai,Karnataka,4,Regular,2022-09-27,kiran.singh920@gmail.com,9625547549.0,Active
2743,Diya Kumar,Male,27,Delhi,Karnataka,17,Regular,2020-08-07,diya.kumar801@gmail.com,9201288356.0,Active
2744,Nikhil Joshi,Female,56,Ahmedabad,Karnataka,12,Regular,2024-07-16,nikhil.joshi408@gmail.com,9457225333.0,Active
2745,Kavya Reddy,Female,53,Chennai,Karnataka,8,Gold,2022-11-14,kavya.reddy218@gmail.com,9892217323.0,Active
2746,Sai Reddy,Male,49,Mumbai,Tamil Nadu,26,Premium,2021-10-24,sai.reddy546@gmail.com,9176987249.0,Active
2747,Kiran Singh,Female,45,Bengaluru,Delhi,22,Regular,2025-06-03,kiran.singh708@gmail.com,9701475474.0,Active
2748,Rohan Joshi,Male,52,Pune,Delhi,25,Regular,2025-07-19,rohan.joshi75@gmail.com,9510797246.0,Active
2749,Diya Verma,Male,37,Bengaluru,Maharashtra,5,Gold,2024-08-11,diya.verma713@gmail.com,9866907685.0,Active
2750,Meera Gupta,Female,69,Chennai,Andhra Pradesh,30,Premium,2021-12-01,meera.gupta469@gmail.com,9049670880.0,Active
2751,Aisha Reddy,Male,35,Chennai,Gujarat,15,Silver,2025-05-08,aisha.reddy293@gmail.com,9281269388.0,Active
2752,Riya Kumar,Male,30,Bengaluru,Gujarat,12,Premium,2025-01-15,riya.kumar871@gmail.com,9203948764.0,active
2753,Priya Sharma,Male,26,Mumbai,Kerala,3,Regular,2020-05-27,priya.sharma972@gmail.com,9216767565.0,Active
2754,Diya Verma,Male,28,Pune,West Bengal,13,Regular,2025-05-04,diya.verma552@gmail.com,9671831708.0,Active
2755,Aisha Rao,Female,48,Delhi,Andhra Pradesh,22,Regular,2024-02-04,aisha.rao765@gmail.com,9038989108.0,Active
2756,Aisha Rao,Male,24,Chennai,Delhi,2,Regular,2024-11-10,aisha.rao144@gmail.com,9523072183.0,active
2757,Rohan Kumar,Female,41,Ahmedabad,Maharashtra,15,Silver,2022-03-15,rohan.kumar873@gmail.com,9622214838.0,Active
2758,Vivaan Sharma,Female,65,Mumbai,Gujarat,30,Regular,2025-02-21,vivaan.sharma424@gmail.com,9583895730.0,Active
2759,Sneha Gupta,Male,41,Hyderabad,Tamil Nadu,7,Premium,2021-03-24,sneha.gupta323@gmail.com,9239303113.0,Inactive
2760,Ananya Rao,Male,19,Ahmedabad,Gujarat,30,Gold,2022-02-27,ananya.rao189@gmail.com,9530496812.0,Active
2761,Meera Patel,Male,26,Pune,West Bengal,12,Silver,2024-02-02,meera.patel514@gmail.com,9017252363.0,Active
2762,Vikram Singh,Male,51,Kolkata,Andhra Pradesh,23,Gold,2023-08-28,vikram.singh704@gmail.com,9880265989.0,
2763,Sai Rao,Male,57,Hyderabad,Tamil Nadu,13,Regular,2021-12-04,sai.rao955@gmail.com,9884747965.0,Active
2764,Aisha Reddy,Male,37,Chennai,Karnataka,21,Silver,2021-12-23,aisha.reddy256@gmail.com,9293389485.0,Active
2765,Nikhil Nair,Female,69,Ahmedabad,Karnataka,18,Premium,2020-02-25,nikhil.nair734@gmail.com,9437243212.0,Active
2766,Sai Nair,Male,53,Hyderabad,Karnataka,23,Silver,2024-07-23,sai.nair714@gmail.com,9147559391.0,Active
2767,Kiran Rao,Male,55,Bengaluru,Andhra Pradesh,4,Gold,2025-04-12,kiran.rao518@gmail.com,9875019372.0,
2768,Vivaan Nair,Female,53,Pune,Telangana,14,Regular,2023-02-15,vivaan.nair531@gmail.com,9996851204.0,Active
2769,Vivaan Sharma,Male,60,Hyderabad,Gujarat,11,Regular,2022-06-03,vivaan.sharma174@gmail.com,9759339541.0,Active
2770,Meera Patel,Female,33,Chennai,Andhra Pradesh,1,Regular,2020-07-10,meera.patel895@gmail.com,9548855271.0,Active
2771,Aditya Patel,Female,33,Kolkata,Kerala,21,Regular,2023-06-11,aditya.patel866@gmail.com,9318565485.0,Inactive
2772,Nikhil Singh,Female,18,Hyderabad,Telangana,30,Regular,2020-06-13,nikhil.singh598@gmail.com,9293496050.0,Active
2773,Sai Sharma,Female,33,Bengaluru,West Bengal,19,Silver,2022-10-15,sai.sharma26@gmail.com,9881002718.0,Active
2774,Aditya Nair,Female,40,Delhi,Maharashtra,19,Gold,2025-11-22,aditya.nair966@gmail.com,9183679608.0,Active
2775,Sai Nair,Female,31,Bengaluru,Karnataka,10,Silver,2025-09-07,sai.nair586@gmail.com,9495664025.0,Active
2776,Neha Joshi,Female,28,Pune,Delhi,27,Regular,2020-09-04,neha.joshi992@gmail.com,9844105701.0,Active
2777,Arjun Kumar,Female,21,Ahmedabad,Tamil Nadu,19,Regular,2025-01-26,arjun.kumar606@gmail.com,9484266104.0,Active
2778,Neha Singh,Male,67,Ahmedabad,Gujarat,26,Gold,2020-08-10,neha.singh857@gmail.com,9433953683.0,Active
2779,Rohan Patel,Female,32,Chennai,Tamil Nadu,22,Regular,2021-05-21,rohan.patel544@gmail.com,9433850620.0,Active
2780,Sneha Verma,Female,56,Delhi,Delhi,16,Premium,2023-08-28,sneha.verma667@gmail.com,9208680684.0,Active
2781,Neha Patel,Male,18,Mumbai,Andhra Pradesh,24,Regular,2024-07-28,neha.patel482@gmail.com,9769239696.0,Active
2782,Arjun Sharma,Male,69,Hyderabad,Delhi,24,Silver,2022-03-30,arjun.sharma397@gmail.com,9918602248.0,Active
2783,Meera Kumar,Male,18,Hyderabad,Maharashtra,28,Silver,2023-02-16,meera.kumar802@gmail.com,9926103715.0,Active
2784,Ishaan Joshi,Female,49,Ahmedabad,Gujarat,22,Silver,2023-11-12,ishaan.joshi47@gmail.com,9941558901.0,Active
2785,Priya Singh,Female,34,Delhi,Kerala,23,Regular,2021-09-14,priya.singh626@gmail.com,9863193317.0,Active
2786,Ananya Nair,Female,24,Delhi,Delhi,22,Silver,2024-04-19,ananya.nair586@gmail.com,9601512756.0,Active
2787,Vikram Joshi,Female,57,Kolkata,Uttar Pradesh,27,Regular,2025-09-09,vikram.joshi518@gmail.com,9837185542.0,Active
2788,Rohan Gupta,Female,27,Kolkata,Karnataka,18,Gold,2020-09-02,rohan.gupta462@gmail.com,9553023891.0,ACTIVE
2789,Aisha Verma,Male,49,Bengaluru,Gujarat,30,Regular,2024-04-30,aisha.verma699@gmail.com,9833869225.0,Active
2790,Priya Nair,Male,40,Ahmedabad,West Bengal,10,Regular,2020-09-12,priya.nair126@gmail.com,9722184547.0,Active
2791,Kiran Patel,Male,27,Mumbai,Delhi,5,Regular,2021-02-20,kiran.patel808@gmail.com,9384139361.0,Active
2792,Ananya Joshi,Female,34,Delhi,Uttar Pradesh,27,Regular,2020-02-06,ananya.joshi255@gmail.com,9162756958.0,Active
2793,Nikhil Sharma,Female,45,Mumbai,Gujarat,6,Regular,2021-09-21,nikhil.sharma806@gmail.com,9507762472.0,Active
2794,Rahul Patel,Female,26,Kolkata,West Bengal,9,Gold,2020-03-08,rahul.patel874@gmail.com,9016523245.0,Active
2795,Ananya Gupta,Male,39,Hyderabad,Kerala,9,Gold,2025-04-03,ananya.gupta389@gmail.com,9580454059.0,Active
2796,Rahul Patel,Female,63,Bengaluru,Karnataka,11,Regular,2020-02-27,rahul.patel756@gmail.com,9344127023.0,Active
2797,Kavya Sharma,Female,26,Ahmedabad,Maharashtra,26,Gold,2021-07-14,kavya.sharma921@gmail.com,9844365697.0,Active
2798,Vikram Singh,Female,61,Chennai,Delhi,13,Silver,2023-10-11,vikram.singh225@gmail.com,9149023962.0,active
2799,Vikram Kumar,Female,47,Kolkata,Karnataka,26,Regular,2022-06-26,vikram.kumar654@gmail.com,9599655713.0,Active
2800,Aisha Nair,Female,23,Pune,Andhra Pradesh,9,Regular,2022-06-18,aisha.nair388@gmail.com,9269026833.0,Active
2801,Rohan Singh,Female,35,Delhi,Tamil Nadu,17,Silver,2025-12-11,rohan.singh473@gmail.com,9717790292.0,Active
2802,Priya Gupta,Male,57,Mumbai,West Bengal,4,Gold,2024-06-25,priya.gupta647@gmail.com,9449637537.0,Active
2803,Vikram Singh,Female,40,Ahmedabad,Delhi,4,Silver,2020-12-27,vikram.singh141@gmail.com,9850494640.0,Active
2804,Sneha Gupta,Female,64,Mumbai,Kerala,29,Gold,2025-05-04,sneha.gupta520@gmail.com,9703469656.0,active
2805,Sneha Singh,Female,19,Ahmedabad,Maharashtra,29,Gold,2025-06-05,sneha.singh865@gmail.com,9450968848.0,Active
2806,Neha Gupta,Female,40,Bengaluru,Delhi,22,Silver,2022-12-13,neha.gupta838@gmail.com,9201312503.0,Active
2807,Sneha Verma,Male,64,Bengaluru,Uttar Pradesh,4,Regular,2022-03-20,sneha.verma964@gmail.com,9062413153.0,Active
2808,Riya Singh,Female,67,Pune,Tamil Nadu,20,Premium,2023-07-01,riya.singh25@gmail.com,9900365028.0,Active
2809,Nikhil Kumar,Male,33,Mumbai,Andhra Pradesh,27,Regular,2021-07-05,nikhil.kumar461@gmail.com,9951491808.0,ACTIVE
2810,Aarav Nair,Male,36,Mumbai,Karnataka,9,Regular,2022-01-05,aarav.nair331@gmail.com,9854652602.0,Active
2811,Ishaan Kumar,Male,46,Bengaluru,Telangana,27,Regular,2025-02-23,ishaan.kumar781@gmail.com,9382068851.0,Active
2812,Nikhil Rao,Female,65,Hyderabad,Andhra Pradesh,25,Regular,2024-09-30,nikhil.rao439@gmail.com,9234549059.0,Active
2813,Aditya Nair,Male,69,Hyderabad,West Bengal,30,Regular,2024-03-17,aditya.nair468@gmail.com,9563987814.0,
2814,Neha Joshi,Male,28,Kolkata,Karnataka,11,Regular,2025-03-19,neha.joshi960@gmail.com,9478679176.0,Active
2815,Nikhil Reddy,Female,30,Hyderabad,Delhi,1,Regular,2023-08-12,nikhil.reddy301@gmail.com,9913975400.0,Active
2816,Vivaan Sharma,Female,56,Pune,Gujarat,16,Regular,2021-07-27,vivaan.sharma309@gmail.com,9539995568.0,Active
2817,Vivaan Gupta,Female,23,Chennai,Andhra Pradesh,26,Silver,2024-06-16,vivaan.gupta447@gmail.com,9060741664.0,Active
2818,Arjun Gupta,Male,50,Ahmedabad,Kerala,17,Silver,2021-03-15,arjun.gupta525@gmail.com,9277429286.0,Inactive
2819,Aarav Reddy,Male,36,Ahmedabad,Uttar Pradesh,6,Silver,2024-08-10,aarav.reddy636@gmail.com,9313011702.0,Active
2820,Aisha Reddy,Male,53,Chennai,Uttar Pradesh,18,Silver,2025-10-15,aisha.reddy332@gmail.com,9303730334.0,Active
2821,Ananya Sharma,Female,35,Chennai,West Bengal,4,Premium,2024-09-02,ananya.sharma441@gmail.com,9275303871.0,Active
2822,Nikhil Patel,Female,19,Delhi,Telangana,18,Silver,2021-03-01,nikhil.patel391@gmail.com,9656357685.0,Active
2823,Kavya Joshi,Female,22,Pune,Gujarat,24,Silver,2022-07-19,kavya.joshi356@gmail.com,9045457853.0,active
2824,Aarav Verma,Male,61,Hyderabad,Andhra Pradesh,14,Silver,2024-04-18,aarav.verma770@gmail.com,9655295825.0,active
2825,Vivaan Patel,Male,34,Bengaluru,Andhra Pradesh,12,Gold,2024-07-19,vivaan.patel758@gmail.com,9265752761.0,Inactive
2826,Ishaan Gupta,Female,21,Ahmedabad,Delhi,22,Silver,2024-10-27,ishaan.gupta231@gmail.com,9333659646.0,Active
2827,Arjun Nair,Female,30,Ahmedabad,Delhi,25,Gold,2021-01-24,arjun.nair515@gmail.com,9743027457.0,Active
2828,Kavya Sharma,Female,42,Mumbai,West Bengal,15,Gold,2020-09-27,kavya.sharma884@gmail.com,9958344028.0,Active
2829,Kiran Singh,Male,70,Chennai,Tamil Nadu,20,Silver,2022-04-05,kiran.singh575@gmail.com,9082040730.0,Inactive
2830,Kavya Joshi,Male,35,Delhi,Karnataka,11,Premium,2024-09-12,kavya.joshi160@gmail.com,9558494224.0,Active
2831,Ishaan Rao,Female,33,Pune,Tamil Nadu,6,Regular,2020-09-02,ishaan.rao146@gmail.com,9823516298.0,Active
2832,Ananya Sharma,Female,26,Bengaluru,Delhi,29,Premium,2020-11-11,ananya.sharma771@gmail.com,9603023156.0,Active
2833,Nikhil Reddy,Female,23,Kolkata,Delhi,18,Silver,2022-06-03,nikhil.reddy541@gmail.com,9653040675.0,Active
2834,Riya Singh,Female,21,Hyderabad,Uttar Pradesh,5,Regular,2024-09-26,riya.singh175@gmail.com,9636220313.0,Active
2835,Arjun Gupta,Male,27,Chennai,Tamil Nadu,5,Silver,2020-11-23,arjun.gupta4@gmail.com,9063507271.0,Active
2836,Vivaan Nair,Female,69,Bengaluru,Kerala,8,Gold,2025-10-10,vivaan.nair630@gmail.com,9773294839.0,
2837,Rohan Joshi,Female,50,Chennai,Delhi,27,Silver,2022-12-14,rohan.joshi690@gmail.com,9416495919.0,Active
2838,Ananya Sharma,Male,56,Delhi,Telangana,14,Silver,2025-05-04,ananya.sharma57@gmail.com,9348185092.0,Active
2839,Nikhil Sharma,Male,53,Chennai,Karnataka,28,Regular,2021-10-05,nikhil.sharma882@gmail.com,9445345101.0,Active
2840,Rohan Sharma,Female,31,Bengaluru,Gujarat,25,Regular,2026-01-07,rohan.sharma663@gmail.com,9198709441.0,
2841,Vivaan Patel,Female,20,Chennai,Andhra Pradesh,17,Regular,2023-10-02,vivaan.patel480@gmail.com,9475286365.0,Active
2842,Rahul Nair,Female,61,Bengaluru,Delhi,27,Gold,2021-01-17,rahul.nair131@gmail.com,9787919291.0,Active
2843,Aditya Reddy,Male,67,Bengaluru,Uttar Pradesh,17,Regular,2024-06-27,aditya.reddy403@gmail.com,9287367384.0,Active
2844,Sneha Singh,Male,24,Hyderabad,Uttar Pradesh,14,Regular,2021-04-01,sneha.singh414@gmail.com,9931963836.0,Active
2845,Aisha Kumar,Male,61,Ahmedabad,Delhi,25,Regular,2021-03-30,aisha.kumar986@gmail.com,9847313776.0,Active
2846,Vivaan Gupta,Male,57,Pune,West Bengal,13,Regular,2025-05-17,vivaan.gupta647@gmail.com,9193063045.0,Active
2847,Vikram Rao,Male,29,Chennai,Karnataka,21,Silver,2024-04-17,vikram.rao506@gmail.com,9249792062.0,active
2848,Sai Sharma,Female,70,Mumbai,Maharashtra,3,Premium,2022-04-08,sai.sharma310@gmail.com,9862508494.0,Active
2849,Diya Reddy,Male,39,Ahmedabad,Andhra Pradesh,19,Gold,2024-08-08,diya.reddy333@gmail.com,9555108165.0,Active
2850,Arjun Sharma,Male,56,Delhi,Tamil Nadu,6,Regular,2021-08-25,arjun.sharma213@gmail.com,9364081148.0,Active
2851,Priya Patel,Female,53,Chennai,Delhi,14,Regular,2022-07-06,priya.patel76@gmail.com,9103911091.0,Active
2852,Aarav Gupta,Male,22,Bengaluru,Karnataka,22,Silver,2024-12-25,aarav.gupta720@gmail.com,9973920873.0,Active
2853,Diya Sharma,Female,65,Pune,Gujarat,26,Silver,2022-02-20,diya.sharma493@gmail.com,9815119801.0,Active
2854,Rahul Singh,Male,65,Chennai,Kerala,20,Silver,2023-05-14,rahul.singh558@gmail.com,9097387134.0,active
2855,Ananya Reddy,Male,64,Mumbai,Tamil Nadu,14,Regular,2020-10-28,ananya.reddy231@gmail.com,9825891373.0,Inactive
2856,Vikram Reddy,Male,40,Mumbai,Gujarat,11,Regular,2020-03-16,vikram.reddy759@gmail.com,9954281520.0,Active
2857,Rohan Patel,Female,19,Mumbai,Delhi,20,Premium,2020-12-31,rohan.patel207@gmail.com,9468002280.0,Active
2858,Rohan Gupta,Female,49,Hyderabad,Andhra Pradesh,23,Gold,2022-09-30,rohan.gupta246@gmail.com,9956070590.0,Inactive
2859,Aarav Sharma,Male,59,Kolkata,West Bengal,22,Premium,2020-03-19,aarav.sharma121@gmail.com,9979628982.0,Active
2860,Diya Kumar,Male,58,Delhi,Tamil Nadu,25,Gold,2023-12-19,diya.kumar285@gmail.com,9400889379.0,Active
2861,Rohan Kumar,Male,36,Kolkata,Gujarat,26,Premium,2026-01-06,rohan.kumar22@gmail.com,9430343153.0,Active
2862,Neha Reddy,Female,64,Kolkata,Karnataka,27,Regular,2024-08-14,neha.reddy378@gmail.com,9934970810.0,Active
2863,Meera Gupta,Male,24,Kolkata,Gujarat,25,Gold,2024-02-10,meera.gupta311@gmail.com,9779224306.0,Active
2864,Rohan Nair,Female,44,Mumbai,Uttar Pradesh,1,Regular,2022-10-12,rohan.nair327@gmail.com,9377685021.0,Active
2865,Aditya Gupta,Male,68,Ahmedabad,Gujarat,20,Regular,2024-05-14,aditya.gupta322@gmail.com,9447684188.0,Active
2866,Neha Rao,Male,35,Pune,Karnataka,8,Regular,2023-03-16,neha.rao289@gmail.com,9636207455.0,Inactive
2867,Kiran Kumar,Male,60,Delhi,Andhra Pradesh,3,Gold,2024-04-10,kiran.kumar392@gmail.com,9487714369.0,Active
2868,Rahul Singh,Female,48,Mumbai,Telangana,19,Gold,2024-09-13,rahul.singh555@gmail.com,9267843019.0,Active
2869,Aisha Patel,Female,26,Bengaluru,Uttar Pradesh,12,Regular,2023-08-21,aisha.patel390@gmail.com,9029031565.0,Active
2870,Riya Nair,Female,35,Bengaluru,Telangana,16,Regular,2021-02-17,riya.nair971@gmail.com,9839190859.0,
2871,Kavya Patel,Male,67,Kolkata,Kerala,27,Regular,2024-02-29,kavya.patel638@gmail.com,9408855487.0,Active
2872,Aisha Rao,Male,62,Kolkata,Telangana,26,Silver,2025-07-13,aisha.rao119@gmail.com,9697842955.0,Active
2873,Aditya Nair,Male,36,Ahmedabad,Gujarat,28,Gold,2023-06-14,aditya.nair975@gmail.com,9918895034.0,Active
2874,Riya Sharma,Male,39,Ahmedabad,Kerala,6,Regular,2020-04-26,riya.sharma683@gmail.com,9278540622.0,Active
2875,Rahul Singh,Female,25,Ahmedabad,Gujarat,13,Silver,2021-10-19,rahul.singh672@gmail.com,9035387861.0,Active
2876,Meera Singh,Female,53,Chennai,Andhra Pradesh,19,Premium,2021-03-25,meera.singh664@gmail.com,9663778281.0,Active
2877,Arjun Joshi,Female,25,Mumbai,Delhi,10,Gold,2025-07-02,arjun.joshi126@gmail.com,9982463445.0,Active
2878,Vivaan Singh,Female,61,Chennai,Andhra Pradesh,13,Regular,2022-01-30,vivaan.singh242@gmail.com,9432221379.0,Active
2879,Vikram Reddy,Male,69,Kolkata,Andhra Pradesh,2,Silver,2025-12-13,vikram.reddy634@gmail.com,9010733228.0,Active
2880,Aarav Singh,Female,56,Pune,West Bengal,28,Gold,2025-05-01,aarav.singh780@gmail.com,9397403135.0,Active
2881,Riya Nair,Female,41,Pune,Telangana,16,Silver,2025-02-08,riya.nair740@gmail.com,9082295833.0,Active
2882,Diya Gupta,Male,62,Mumbai,Delhi,28,Regular,2024-11-25,diya.gupta119@gmail.com,9337799869.0,Inactive
2883,Nikhil Singh,Female,32,Bengaluru,Telangana,2,Gold,2020-03-04,nikhil.singh266@gmail.com,9370904607.0,ACTIVE
2884,Neha Rao,Female,36,Bengaluru,Telangana,4,Regular,2021-09-14,neha.rao548@gmail.com,9257834407.0,Active
2885,Kiran Gupta,Female,41,Bengaluru,Telangana,26,Premium,2023-09-30,kiran.gupta579@gmail.com,9996499213.0,Active
2886,Arjun Nair,Male,53,Pune,Tamil Nadu,18,Premium,2020-12-13,arjun.nair209@gmail.com,9269402067.0,Inactive
2887,Diya Sharma,Female,21,Bengaluru,Andhra Pradesh,2,Silver,2023-06-02,diya.sharma365@gmail.com,9386694828.0,active
2888,Sneha Joshi,Female,24,Delhi,Delhi,8,Silver,2025-10-26,sneha.joshi958@gmail.com,9618301669.0,Active
2889,Rahul Singh,Male,37,Ahmedabad,Kerala,7,Premium,2020-07-27,rahul.singh639@gmail.com,9926677586.0,active
2890,Priya Patel,Female,21,Hyderabad,Telangana,18,Gold,2024-12-06,priya.patel385@gmail.com,9788652074.0,Active
2891,Vivaan Verma,Female,70,Chennai,Delhi,21,Regular,2025-08-11,vivaan.verma694@gmail.com,9507162819.0,Active
2892,Kavya Rao,Female,29,Bengaluru,Delhi,9,Premium,2020-05-10,kavya.rao19@gmail.com,9100027124.0,Active
2893,Rohan Kumar,Female,43,Mumbai,Maharashtra,20,Regular,2021-02-26,rohan.kumar579@gmail.com,9841804079.0,Active
2894,Nikhil Singh,Female,18,Pune,Andhra Pradesh,20,Regular,2022-12-16,nikhil.singh700@gmail.com,9869068039.0,Active
2895,Arjun Singh,Female,27,Ahmedabad,West Bengal,19,Regular,2023-09-15,arjun.singh430@gmail.com,9332425204.0,ACTIVE
2896,Rahul Verma,Female,67,Chennai,Telangana,3,Silver,2021-12-26,rahul.verma168@gmail.com,9625628650.0,Active
2897,Vikram Rao,Male,56,Kolkata,Uttar Pradesh,25,Regular,2024-08-06,vikram.rao710@gmail.com,9464329295.0,
2898,Aditya Joshi,Male,56,Mumbai,Delhi,13,Silver,2020-06-01,aditya.joshi648@gmail.com,9683615582.0,active
2899,Kavya Singh,Female,33,Delhi,Maharashtra,7,Regular,2025-12-26,kavya.singh213@gmail.com,9805291314.0,Active
2900,Aditya Nair,Female,31,Delhi,Andhra Pradesh,16,Silver,2025-11-01,aditya.nair827@gmail.com,9338248821.0,ACTIVE
2901,Neha Patel,Male,26,Mumbai,Andhra Pradesh,29,Gold,2023-05-01,neha.patel667@gmail.com,9176538242.0,Active
2902,Vivaan Gupta,Male,62,Bengaluru,Delhi,22,Gold,2022-08-28,vivaan.gupta7@gmail.com,9867822343.0,Active
2903,Kiran Rao,Male,24,Hyderabad,Gujarat,12,Regular,2023-09-04,kiran.rao84@gmail.com,9956010599.0,Active
2904,Vivaan Reddy,Male,51,Bengaluru,Maharashtra,23,Gold,2021-11-04,vivaan.reddy805@gmail.com,9305976941.0,active
2905,Meera Verma,Female,34,Ahmedabad,Maharashtra,16,Silver,2021-05-20,meera.verma848@gmail.com,9236048325.0,Active
2906,Ananya Patel,Female,51,Pune,Telangana,3,Premium,2020-10-08,ananya.patel510@gmail.com,9619655423.0,active
2907,Aditya Rao,Female,49,Hyderabad,West Bengal,14,Gold,2020-11-02,aditya.rao349@gmail.com,9933305445.0,Active
2908,Ishaan Nair,Male,39,Ahmedabad,Andhra Pradesh,26,Gold,2022-04-07,ishaan.nair288@gmail.com,9831193408.0,Active
2909,Diya Reddy,Female,35,Pune,Delhi,12,Regular,2022-06-02,diya.reddy323@gmail.com,9694094219.0,Active
2910,Kiran Reddy,Female,54,Chennai,Karnataka,5,Silver,2025-05-05,kiran.reddy911@gmail.com,9250896808.0,Active
2911,Rohan Reddy,Male,41,Ahmedabad,Maharashtra,6,Regular,2020-06-06,rohan.reddy531@gmail.com,9559485737.0,Active
2912,Riya Verma,Male,38,Ahmedabad,Kerala,17,Gold,2022-05-15,riya.verma22@gmail.com,9119804006.0,active
2913,Kavya Joshi,Male,46,Pune,Uttar Pradesh,11,Premium,2023-06-17,kavya.joshi878@gmail.com,9707482229.0,Active
2914,Sai Singh,Female,40,Mumbai,Gujarat,16,Regular,2020-07-07,sai.singh553@gmail.com,9029301363.0,Active
2915,Sai Verma,Female,24,Mumbai,Uttar Pradesh,19,Silver,2022-06-07,sai.verma934@gmail.com,9847796624.0,Active
2916,Vivaan Verma,Female,60,Mumbai,Telangana,17,Silver,2022-08-01,vivaan.verma863@gmail.com,9240063962.0,Active
2917,Vikram Kumar,Female,65,Delhi,Tamil Nadu,10,Silver,2022-06-07,vikram.kumar614@gmail.com,9326460147.0,Active
2918,Ishaan Gupta,Female,31,Hyderabad,Andhra Pradesh,27,Regular,2020-01-19,ishaan.gupta269@gmail.com,9240636254.0,Active
2919,Ananya Rao,Female,59,Mumbai,West Bengal,15,Silver,2020-11-18,ananya.rao595@gmail.com,9918030866.0,Active
2920,Aditya Reddy,Male,55,Kolkata,Delhi,27,Gold,2024-03-03,aditya.reddy489@gmail.com,9816430351.0,Active
2921,Vivaan Rao,Male,39,Mumbai,Gujarat,6,Silver,2022-08-16,vivaan.rao738@gmail.com,9487654515.0,Active
2922,Arjun Gupta,Female,66,Pune,Delhi,28,Premium,2022-12-28,arjun.gupta990@gmail.com,9522304671.0,active
2923,Aarav Sharma,Female,18,Delhi,Gujarat,16,Silver,2023-11-14,aarav.sharma926@gmail.com,9166490116.0,Active
2924,Meera Rao,Female,37,Hyderabad,Maharashtra,18,Regular,2023-08-20,meera.rao749@gmail.com,9054186677.0,Active
2925,Kavya Gupta,Female,40,Ahmedabad,Delhi,8,Silver,2020-10-30,kavya.gupta341@gmail.com,9781110243.0,Active
2926,Aisha Kumar,Male,25,Ahmedabad,Kerala,21,Gold,2021-01-27,aisha.kumar213@gmail.com,9268855961.0,Active
2927,Sai Patel,Male,25,Ahmedabad,Kerala,26,Regular,2022-07-13,sai.patel140@gmail.com,9808642055.0,Active
2928,Diya Verma,Female,70,Delhi,Delhi,5,Silver,2024-07-20,diya.verma52@gmail.com,9622285466.0,Active
2929,Aisha Verma,Male,32,Delhi,West Bengal,16,Premium,2023-02-09,aisha.verma562@gmail.com,9885419758.0,ACTIVE
2930,Rahul Gupta,Female,36,Bengaluru,Kerala,8,Gold,2023-03-14,rahul.gupta732@gmail.com,9591762878.0,Active
2931,Meera Singh,Male,28,Hyderabad,Telangana,24,Regular,2023-03-13,meera.singh55@gmail.com,9908492770.0,Active
2932,Neha Nair,Male,20,Bengaluru,Gujarat,8,Gold,2021-11-20,neha.nair261@gmail.com,9730948648.0,
2933,Diya Sharma,Female,63,Bengaluru,Karnataka,20,Regular,2023-03-31,diya.sharma228@gmail.com,9059756365.0,Active
2934,Aarav Gupta,Female,51,Delhi,Maharashtra,14,Regular,2022-03-06,aarav.gupta263@gmail.com,9965635938.0,Active
2935,Diya Singh,Female,28,Pune,West Bengal,13,Silver,2020-01-31,diya.singh536@gmail.com,9278434792.0,ACTIVE
2936,Sai Gupta,Male,67,Mumbai,Maharashtra,23,Gold,2025-09-15,sai.gupta12@gmail.com,9809975621.0,Active
2937,Riya Verma,Female,64,Delhi,Telangana,5,Regular,2020-05-26,riya.verma737@gmail.com,9041937653.0,Active
2938,Ananya Gupta,Female,51,Mumbai,Uttar Pradesh,30,Regular,2024-05-11,ananya.gupta544@gmail.com,9518869621.0,Active
2939,Arjun Joshi,Male,27,Bengaluru,Delhi,2,Silver,2022-01-11,arjun.joshi515@gmail.com,9538734408.0,Active
2940,Ishaan Kumar,Female,51,Ahmedabad,Gujarat,4,Premium,2024-07-03,ishaan.kumar45@gmail.com,9858432277.0,Active
2941,Rahul Rao,Female,40,Chennai,Gujarat,30,Regular,2023-01-20,rahul.rao564@gmail.com,9242594710.0,Active
2942,Arjun Patel,Female,25,Pune,Kerala,15,Regular,2023-10-14,arjun.patel609@gmail.com,9410765273.0,Active
2943,Ananya Kumar,Male,30,Delhi,Delhi,10,Silver,2021-02-22,ananya.kumar803@gmail.com,9252211318.0,Active
2944,Nikhil Verma,Female,49,Ahmedabad,Telangana,15,Regular,2025-11-14,nikhil.verma921@gmail.com,9769505538.0,active
2945,Meera Nair,Male,64,Bengaluru,Andhra Pradesh,23,Silver,2023-01-06,meera.nair446@gmail.com,9736843549.0,Inactive
2946,Aisha Reddy,Female,35,Mumbai,West Bengal,13,Regular,2024-10-28,aisha.reddy396@gmail.com,9160587970.0,Active
2947,Aisha Verma,Male,23,Mumbai,Andhra Pradesh,15,Regular,2022-04-04,aisha.verma936@gmail.com,9115436996.0,Active
2948,Sneha Singh,Female,31,Chennai,Gujarat,17,Regular,2022-10-23,sneha.singh311@gmail.com,9704862403.0,Active
2949,Meera Singh,Female,61,Pune,Telangana,27,Silver,2022-05-27,meera.singh350@gmail.com,9445558003.0,ACTIVE
2950,Rohan Patel,Male,64,Ahmedabad,Uttar Pradesh,1,Silver,2022-11-22,rohan.patel616@gmail.com,9736843409.0,Active
2951,Aarav Sharma,Male,51,Ahmedabad,Gujarat,1,Gold,2020-09-10,aarav.sharma701@gmail.com,9533932993.0,Active
2952,Neha Reddy,Male,62,Delhi,Kerala,24,Regular,2022-06-22,neha.reddy523@gmail.com,9406005353.0,Active
2953,Rohan Nair,Female,26,Kolkata,Maharashtra,7,Regular,2024-07-19,rohan.nair169@gmail.com,9412417360.0,Active
2954,Arjun Gupta,Female,48,Delhi,Telangana,5,Regular,2020-05-18,arjun.gupta186@gmail.com,9292439118.0,Active
2955,Priya Rao,Female,29,Bengaluru,Kerala,8,Silver,2024-02-26,priya.rao852@gmail.com,9575507131.0,Active
2956,Aditya Sharma,Male,59,Hyderabad,Maharashtra,10,Regular,2024-11-07,aditya.sharma463@gmail.com,9215712915.0,Active
2957,Neha Nair,Male,43,Mumbai,Gujarat,3,Gold,2021-03-20,neha.nair664@gmail.com,9220210519.0,
2958,Neha Reddy,Male,52,Ahmedabad,West Bengal,8,Gold,2024-06-12,neha.reddy230@gmail.com,9514330615.0,Active
2959,Neha Sharma,Male,58,Mumbai,West Bengal,11,Regular,2023-01-10,neha.sharma269@gmail.com,9413430036.0,Active
2960,Sneha Sharma,Male,64,Hyderabad,West Bengal,13,Regular,2021-07-02,sneha.sharma262@gmail.com,9119171083.0,Active
2961,Meera Joshi,Female,23,Ahmedabad,Andhra Pradesh,12,Premium,2023-09-17,meera.joshi366@gmail.com,9630529365.0,Inactive
2962,Aisha Singh,Male,50,Mumbai,Maharashtra,3,Regular,2021-04-27,aisha.singh490@gmail.com,9509526032.0,Active
2963,Kiran Nair,Male,48,Ahmedabad,Uttar Pradesh,8,Regular,2022-06-23,kiran.nair681@gmail.com,9859966558.0,Active
2964,Vivaan Nair,Female,36,Hyderabad,Delhi,27,Gold,2023-03-02,vivaan.nair712@gmail.com,9350593371.0,Active
2965,Kiran Rao,Female,26,Bengaluru,Kerala,9,Gold,2022-07-25,kiran.rao817@gmail.com,9126267779.0,Active
2966,Sneha Rao,Female,69,Kolkata,Uttar Pradesh,29,Regular,2022-10-06,sneha.rao980@gmail.com,9935523724.0,Active
2967,Ishaan Joshi,Male,58,Ahmedabad,Tamil Nadu,27,Regular,2022-08-27,ishaan.joshi286@gmail.com,9155798931.0,
2968,Ishaan Singh,Male,25,Ahmedabad,West Bengal,24,Silver,2024-02-11,ishaan.singh424@gmail.com,9040367450.0,Active
2969,Ananya Kumar,Male,69,Bengaluru,Telangana,6,Regular,2021-06-21,ananya.kumar459@gmail.com,9752329479.0,Active
2970,Meera Nair,Male,61,Mumbai,Uttar Pradesh,1,Silver,2025-07-10,meera.nair980@gmail.com,9636482419.0,active
2971,Ishaan Patel,Female,45,Ahmedabad,Telangana,13,Gold,2020-08-23,ishaan.patel506@gmail.com,9456525019.0,ACTIVE
2972,Aditya Verma,Female,39,Chennai,Andhra Pradesh,29,Regular,2020-04-24,aditya.verma706@gmail.com,9492146233.0,Active
2973,Aditya Nair,Female,58,Kolkata,Tamil Nadu,18,Premium,2025-10-25,aditya.nair829@gmail.com,9580319806.0,Active
2974,Vivaan Rao,Male,21,Kolkata,Kerala,28,Premium,2023-07-29,vivaan.rao613@gmail.com,9893316262.0,Active
2975,Nikhil Verma,Male,47,Kolkata,Uttar Pradesh,5,Regular,2024-08-25,nikhil.verma492@gmail.com,9421000244.0,Active
2976,Rahul Reddy,Female,47,Hyderabad,Delhi,25,Regular,2024-12-19,rahul.reddy844@gmail.com,9776614197.0,Active
2977,Sai Patel,Male,60,Ahmedabad,Telangana,18,Regular,2022-10-02,sai.patel529@gmail.com,9717565321.0,Active
2978,Aarav Singh,Female,35,Mumbai,Maharashtra,15,Silver,2025-05-13,aarav.singh888@gmail.com,9113160812.0,Active
2979,Aisha Patel,Male,33,Delhi,Gujarat,7,Gold,2025-06-25,aisha.patel363@gmail.com,9185839191.0,Active
2980,Ishaan Nair,Male,18,Delhi,Kerala,11,Regular,2021-03-03,ishaan.nair735@gmail.com,9050845816.0,Inactive
2981,Ishaan Sharma,Male,27,Bengaluru,Uttar Pradesh,10,Regular,2020-09-18,ishaan.sharma415@gmail.com,9458952217.0,Active
2982,Sneha Singh,Female,42,Delhi,Telangana,13,Regular,2022-10-26,sneha.singh376@gmail.com,9045441765.0,Active
2983,Sneha Nair,Male,52,Pune,Uttar Pradesh,26,Gold,2024-08-27,sneha.nair564@gmail.com,9200512982.0,Active
2984,Vikram Joshi,Female,18,Kolkata,Uttar Pradesh,6,Regular,2023-04-04,vikram.joshi547@gmail.com,9450113267.0,Active
2985,Rahul Gupta,Female,22,Mumbai,Tamil Nadu,22,Regular,2025-12-29,rahul.gupta606@gmail.com,9352936564.0,Active
2986,Vivaan Singh,Female,20,Chennai,Andhra Pradesh,1,Gold,2023-03-28,vivaan.singh883@gmail.com,9372834808.0,Active
2987,Meera Sharma,Female,38,Pune,Karnataka,19,Premium,2023-08-24,meera.sharma572@gmail.com,9313423602.0,Active
2988,Sneha Sharma,Male,68,Hyderabad,Delhi,16,Regular,2023-01-03,sneha.sharma341@gmail.com,9078491650.0,Active
2989,Aisha Joshi,Female,24,Hyderabad,Maharashtra,20,Silver,2025-06-18,aisha.joshi912@gmail.com,9627393540.0,Active
2990,Riya Kumar,Male,22,Ahmedabad,Delhi,1,Premium,2023-02-02,riya.kumar360@gmail.com,9248746603.0,Active
2991,Diya Singh,Male,20,Ahmedabad,Delhi,11,Regular,2024-10-14,diya.singh710@gmail.com,9773759004.0,Active
2992,Aditya Joshi,Female,27,Chennai,Kerala,22,Silver,2024-07-06,aditya.joshi394@gmail.com,9641376064.0,Active
2993,Rahul Verma,Female,33,Chennai,Delhi,15,Regular,2024-05-15,rahul.verma758@gmail.com,9185550114.0,Active
2994,Sneha Joshi,Female,35,Kolkata,Andhra Pradesh,7,Gold,2023-08-18,sneha.joshi894@gmail.com,9261724901.0,Active
2995,Riya Nair,Male,56,Kolkata,Maharashtra,3,Regular,2024-08-28,riya.nair974@gmail.com,9900923586.0,Active
2996,Vikram Singh,Male,53,Delhi,Kerala,5,Silver,2024-12-27,vikram.singh932@gmail.com,9846160783.0,Active
2997,Aisha Patel,Female,58,Pune,Kerala,23,Silver,2022-11-29,aisha.patel603@gmail.com,9451231844.0,Active
2998,Kavya Verma,Male,69,Delhi,Gujarat,24,Premium,2020-04-13,kavya.verma45@gmail.com,9615312066.0,Active
2999,Diya Patel,Female,42,Ahmedabad,Kerala,30,Regular,2024-09-07,diya.patel174@gmail.com,9057510021.0,Active
3000,Neha Nair,Female,67,Ahmedabad,Telangana,7,Silver,2020-12-08,neha.nair734@gmail.com,9485639290.0,Active
3001,Aisha Sharma,Female,36,Pune,Kerala,6,Gold,2021-12-28,aisha.sharma984@gmail.com,9474847441.0,
3002,Aisha Sharma,Female,30,Pune,Andhra Pradesh,25,Regular,2025-09-01,aisha.sharma817@gmail.com,9045660273.0,Active
3003,Priya Kumar,Male,49,Hyderabad,Tamil Nadu,21,Regular,2023-01-03,priya.kumar277@gmail.com,9998673621.0,Active
3004,Aisha Reddy,Male,65,Pune,Maharashtra,3,Silver,2022-01-19,aisha.reddy160@gmail.com,9286949157.0,Active
3005,Meera Kumar,Female,56,Pune,Maharashtra,21,Premium,2025-12-02,meera.kumar108@gmail.com,9108940347.0,Active
3006,Kiran Reddy,Male,52,Hyderabad,Uttar Pradesh,23,Gold,2025-07-03,kiran.reddy353@gmail.com,9507038392.0,ACTIVE
3007,Aarav Reddy,Female,52,Ahmedabad,Uttar Pradesh,28,Gold,2021-03-11,aarav.reddy740@gmail.com,9781202145.0,
3008,Nikhil Rao,Male,56,Chennai,Maharashtra,24,Gold,2024-06-10,nikhil.rao165@gmail.com,9529417465.0,Active
3009,Vikram Joshi,Female,21,Bengaluru,Karnataka,6,Regular,2021-02-22,vikram.joshi727@gmail.com,9806781373.0,Active
3010,Priya Patel,Male,54,Chennai,Telangana,4,Silver,2024-08-10,priya.patel20@gmail.com,9378546378.0,active
3011,Neha Kumar,Female,23,Delhi,Maharashtra,28,Regular,2023-01-27,neha.kumar754@gmail.com,9865440430.0,Active
3012,Priya Sharma,Female,24,Hyderabad,Delhi,11,Silver,2025-10-27,priya.sharma739@gmail.com,9204121612.0,Active
3013,Aisha Sharma,Female,30,Hyderabad,Uttar Pradesh,17,Silver,2022-10-13,aisha.sharma279@gmail.com,9763050223.0,Active
3014,Meera Rao,Male,23,Hyderabad,West Bengal,19,Gold,2025-09-01,meera.rao577@gmail.com,9841991387.0,Active
3015,Ishaan Patel,Male,34,Bengaluru,Karnataka,2,Regular,2023-12-17,ishaan.patel713@gmail.com,9037755678.0,Active
3016,Ananya Joshi,Male,24,Kolkata,Andhra Pradesh,19,Regular,2024-03-12,ananya.joshi133@gmail.com,9279204441.0,Active
3017,Sneha Nair,Female,69,Chennai,Kerala,16,Regular,2021-05-12,sneha.nair695@gmail.com,9472400279.0,active
3018,Aditya Singh,Female,36,Pune,West Bengal,28,Regular,2020-02-27,aditya.singh233@gmail.com,9387152212.0,ACTIVE
3019,Ananya Kumar,Male,68,Hyderabad,West Bengal,18,Gold,2021-11-09,ananya.kumar496@gmail.com,9286628937.0,Active
3020,Ishaan Kumar,Female,50,Mumbai,Tamil Nadu,6,Regular,2022-10-20,ishaan.kumar49@gmail.com,9072602989.0,active
3021,Vikram Nair,Female,69,Ahmedabad,Andhra Pradesh,5,Gold,2020-03-17,vikram.nair219@gmail.com,9204782587.0,Active
3022,Aditya Singh,Female,23,Hyderabad,Delhi,2,Silver,2022-11-17,aditya.singh280@gmail.com,9142009129.0,Active
3023,Priya Nair,Female,46,Pune,Maharashtra,19,Silver,2023-09-26,priya.nair977@gmail.com,9035557168.0,Active
3024,Kavya Patel,Male,19,Bengaluru,Uttar Pradesh,22,Regular,2024-02-17,kavya.patel223@gmail.com,9876572795.0,Active
3025,Vivaan Rao,Male,51,Pune,Gujarat,22,Regular,2025-09-11,vivaan.rao330@gmail.com,9753790467.0,Active
3026,Ishaan Verma,Male,32,Ahmedabad,Maharashtra,8,Gold,2024-02-20,ishaan.verma323@gmail.com,9128742025.0,Active
3027,Aarav Sharma,Male,63,Bengaluru,Delhi,4,Regular,2025-12-13,aarav.sharma824@gmail.com,9655486386.0,Active
3028,Aditya Joshi,Female,20,Bengaluru,Tamil Nadu,21,Silver,2022-04-15,aditya.joshi225@gmail.com,9563212115.0,Active
3029,Riya Reddy,Male,32,Pune,Tamil Nadu,21,Premium,2022-09-02,riya.reddy3@gmail.com,9223865539.0,Active
3030,Rahul Kumar,Male,50,Hyderabad,Uttar Pradesh,1,Premium,2021-07-11,rahul.kumar315@gmail.com,9354225877.0,Active
3031,Rahul Kumar,Female,33,Chennai,Karnataka,4,Regular,2023-03-24,rahul.kumar47@gmail.com,9461067896.0,Active
3032,Sai Verma,Male,69,Delhi,Delhi,21,Silver,2023-12-02,sai.verma301@gmail.com,9985861923.0,active
3033,Ishaan Gupta,Female,60,Mumbai,Maharashtra,1,Regular,2022-03-08,ishaan.gupta345@gmail.com,9405984084.0,Active
3034,Kiran Joshi,Female,62,Bengaluru,West Bengal,17,Regular,2020-12-17,kiran.joshi883@gmail.com,9380281692.0,Inactive
3035,Rahul Nair,Male,70,Kolkata,Telangana,17,Regular,2023-11-10,rahul.nair448@gmail.com,9337380586.0,Active
3036,Ananya Singh,Male,53,Mumbai,Kerala,25,Silver,2021-03-31,ananya.singh383@gmail.com,9435679253.0,Active
3037,Sai Gupta,Male,33,Ahmedabad,Karnataka,21,Silver,2025-05-01,sai.gupta839@gmail.com,9951612274.0,Active
3038,Arjun Patel,Male,64,Kolkata,Maharashtra,1,Regular,2025-05-05,arjun.patel74@gmail.com,9937178951.0,Active
3039,Aditya Gupta,Female,30,Mumbai,West Bengal,2,Regular,2025-10-17,aditya.gupta944@gmail.com,9647036054.0,ACTIVE
3040,Sneha Verma,Male,31,Ahmedabad,Andhra Pradesh,8,Gold,2021-05-24,sneha.verma368@gmail.com,9048160740.0,Active
3041,Meera Kumar,Female,68,Delhi,Gujarat,2,Regular,2023-04-03,meera.kumar60@gmail.com,9757936347.0,Active
3042,Vivaan Sharma,Female,20,Pune,Telangana,6,Silver,2020-08-26,vivaan.sharma155@gmail.com,9494936200.0,active
3043,Rohan Rao,Male,38,Delhi,Uttar Pradesh,4,Silver,2021-08-09,rohan.rao390@gmail.com,9397143142.0,Active
3044,Priya Verma,Female,28,Delhi,Tamil Nadu,19,Gold,2025-02-24,priya.verma487@gmail.com,9871487863.0,Active
3045,Rahul Nair,Male,41,Kolkata,Kerala,1,Premium,2021-04-01,rahul.nair363@gmail.com,9169058454.0,active
3046,Vikram Verma,Female,65,Pune,Tamil Nadu,11,Silver,2024-07-21,vikram.verma480@gmail.com,9398160121.0,Active
3047,Kiran Rao,Male,37,Kolkata,Maharashtra,25,Regular,2021-08-20,kiran.rao421@gmail.com,9362779295.0,Active
3048,Vivaan Reddy,Female,20,Bengaluru,Maharashtra,28,Silver,2023-08-28,vivaan.reddy338@gmail.com,9669031735.0,
3049,Aisha Sharma,Male,59,Mumbai,Kerala,8,Gold,2022-11-23,aisha.sharma586@gmail.com,9913700159.0,Active
3050,Sneha Reddy,Male,70,Ahmedabad,Maharashtra,4,Regular,2021-06-07,sneha.reddy633@gmail.com,9006697519.0,Inactive
3051,Meera Verma,Male,29,Chennai,Karnataka,30,Regular,2023-12-15,meera.verma126@gmail.com,9707330281.0,Inactive
3052,Vikram Gupta,Male,30,Kolkata,Gujarat,27,Regular,2022-08-24,vikram.gupta249@gmail.com,9280904666.0,Active
3053,Kavya Reddy,Male,19,Mumbai,Karnataka,24,Regular,2021-04-30,kavya.reddy935@gmail.com,9973425878.0,
3054,Aisha Joshi,Male,52,Bengaluru,Kerala,14,Gold,2023-08-13,aisha.joshi639@gmail.com,9094733581.0,Active
3055,Arjun Patel,Male,19,Chennai,Gujarat,6,Regular,2023-03-30,arjun.patel623@gmail.com,9910623638.0,Inactive
3056,Sai Gupta,Female,19,Pune,Maharashtra,10,Regular,2025-07-15,sai.gupta697@gmail.com,9782446387.0,Active
3057,Meera Patel,Male,33,Hyderabad,Telangana,10,Silver,2024-10-31,meera.patel401@gmail.com,9318003751.0,Inactive
3058,Priya Gupta,Male,60,Bengaluru,Karnataka,25,Silver,2024-07-02,priya.gupta681@gmail.com,9485273940.0,Active
3059,Aarav Kumar,Female,61,Chennai,Kerala,16,Regular,2023-05-25,aarav.kumar100@gmail.com,9250705085.0,Active
3060,Sneha Sharma,Male,34,Hyderabad,Gujarat,27,Gold,2024-03-06,sneha.sharma221@gmail.com,9399520252.0,Active
3061,Ananya Rao,Female,36,Kolkata,Uttar Pradesh,10,Gold,2020-07-17,ananya.rao489@gmail.com,9849556042.0,Active
3062,Kiran Rao,Female,32,Mumbai,Maharashtra,10,Silver,2025-06-30,kiran.rao588@gmail.com,9878551201.0,
3063,Rohan Rao,Female,59,Bengaluru,Andhra Pradesh,7,Regular,2025-01-28,rohan.rao534@gmail.com,9283726352.0,Active
3064,Vivaan Sharma,Female,29,Hyderabad,Andhra Pradesh,11,Regular,2021-12-29,vivaan.sharma768@gmail.com,9558268218.0,Active
3065,Nikhil Singh,Female,29,Bengaluru,Uttar Pradesh,10,Regular,2022-01-30,nikhil.singh395@gmail.com,9218589229.0,Active
3066,Arjun Nair,Female,31,Ahmedabad,West Bengal,14,Regular,2023-11-07,arjun.nair998@gmail.com,9139518469.0,Active
3067,Vikram Kumar,Female,59,Bengaluru,Gujarat,1,Silver,2020-12-07,vikram.kumar67@gmail.com,9953998434.0,active
3068,Sai Singh,Male,62,Chennai,Tamil Nadu,10,Regular,2020-08-11,sai.singh233@gmail.com,9405457651.0,Active
3069,Neha Nair,Male,61,Chennai,Andhra Pradesh,25,Regular,2021-04-06,neha.nair375@gmail.com,9025514078.0,Active
3070,Aarav Kumar,Female,50,Bengaluru,Delhi,3,Regular,2020-10-17,aarav.kumar387@gmail.com,9979356439.0,
3071,Meera Reddy,Female,49,Pune,West Bengal,9,Regular,2020-12-25,meera.reddy402@gmail.com,9046810624.0,Active
3072,Vikram Joshi,Male,21,Pune,Andhra Pradesh,19,Gold,2021-07-09,vikram.joshi243@gmail.com,9932561914.0,Inactive
3073,Vivaan Nair,Male,63,Bengaluru,Karnataka,22,Regular,2024-05-07,vivaan.nair112@gmail.com,9812249020.0,Active
3074,Riya Gupta,Male,43,Delhi,Andhra Pradesh,30,Silver,2023-07-19,riya.gupta615@gmail.com,9408871664.0,Active
3075,Priya Gupta,Female,43,Hyderabad,West Bengal,23,Regular,2025-08-28,priya.gupta457@gmail.com,9587261755.0,Active
3076,Aisha Gupta,Female,19,Bengaluru,Karnataka,19,Regular,2022-06-10,aisha.gupta938@gmail.com,9149409747.0,Active
3077,Vivaan Rao,Male,69,Delhi,Tamil Nadu,27,Gold,2022-05-10,vivaan.rao941@gmail.com,9494224033.0,Active
3078,Kavya Joshi,Female,36,Ahmedabad,Karnataka,5,Silver,2024-11-01,kavya.joshi564@gmail.com,9589711075.0,Active
3079,Aisha Gupta,Female,39,Ahmedabad,Uttar Pradesh,30,Regular,2024-02-25,aisha.gupta308@gmail.com,9131047882.0,Active
3080,Kiran Rao,Female,54,Mumbai,Andhra Pradesh,9,Regular,2022-05-14,kiran.rao149@gmail.com,9624848722.0,Active
3081,Aditya Singh,Female,26,Bengaluru,Telangana,14,Regular,2022-04-05,aditya.singh33@gmail.com,9258450963.0,Active
3082,Ishaan Sharma,Male,68,Kolkata,Tamil Nadu,23,Regular,2024-05-09,ishaan.sharma528@gmail.com,9164228709.0,Active
3083,Aisha Kumar,Female,45,Ahmedabad,Gujarat,1,Gold,2025-02-28,aisha.kumar131@gmail.com,9060861506.0,Active
3084,Priya Verma,Female,43,Hyderabad,Maharashtra,17,Silver,2023-02-03,priya.verma324@gmail.com,9586810302.0,Active
3085,Ishaan Nair,Male,52,Kolkata,Karnataka,24,Gold,2024-10-06,ishaan.nair786@gmail.com,9806955717.0,
3086,Nikhil Sharma,Male,40,Bengaluru,West Bengal,15,Silver,2020-06-29,nikhil.sharma381@gmail.com,9820087255.0,Active
3087,Aditya Rao,Male,55,Ahmedabad,Andhra Pradesh,12,Silver,2021-11-11,aditya.rao712@gmail.com,9552619979.0,Active
3088,Sneha Singh,Female,21,Delhi,Telangana,15,Gold,2020-10-16,sneha.singh606@gmail.com,9621418120.0,Active
3089,Vivaan Verma,Female,26,Hyderabad,Gujarat,22,Regular,2025-06-03,vivaan.verma65@gmail.com,9001505740.0,Active
3090,Aditya Nair,Male,68,Mumbai,Telangana,22,Regular,2023-12-07,aditya.nair97@gmail.com,9863684436.0,Active
3091,Vivaan Sharma,Female,20,Mumbai,Karnataka,23,Silver,2021-09-28,vivaan.sharma267@gmail.com,9898852203.0,Active
3092,Diya Joshi,Female,42,Kolkata,Tamil Nadu,21,Premium,2025-01-01,diya.joshi258@gmail.com,9506263060.0,Active
3093,Aarav Rao,Male,68,Ahmedabad,Gujarat,30,Regular,2020-01-12,aarav.rao551@gmail.com,9923708926.0,Active
3094,Arjun Verma,Female,45,Pune,Kerala,8,Regular,2020-08-31,arjun.verma997@gmail.com,9595678968.0,Active
3095,Rohan Verma,Female,67,Chennai,Delhi,16,Silver,2022-09-28,rohan.verma147@gmail.com,9828453666.0,Active
3096,Kavya Joshi,Male,63,Chennai,Kerala,30,Silver,2021-03-30,kavya.joshi539@gmail.com,9376044235.0,
3097,Ananya Gupta,Male,68,Hyderabad,Telangana,1,Gold,2023-04-21,ananya.gupta420@gmail.com,9185103947.0,Inactive
3098,Kiran Gupta,Male,68,Delhi,Telangana,11,Regular,2025-09-23,kiran.gupta213@gmail.com,9519040625.0,Active
3099,Kiran Verma,Male,50,Kolkata,Tamil Nadu,15,Silver,2021-10-04,kiran.verma628@gmail.com,9682757069.0,active
3100,Kiran Verma,Female,54,Chennai,Karnataka,7,Regular,2025-06-13,kiran.verma102@gmail.com,9701124286.0,active
3101,Vikram Rao,Female,55,Mumbai,Tamil Nadu,18,Gold,2020-07-17,vikram.rao503@gmail.com,9314215588.0,Active
3102,Arjun Verma,Female,32,Hyderabad,Tamil Nadu,11,Silver,2025-04-27,arjun.verma664@gmail.com,9909718954.0,Active
3103,Kavya Verma,Male,41,Bengaluru,Gujarat,11,Regular,2021-09-11,kavya.verma810@gmail.com,9326323051.0,Inactive
3104,Riya Patel,Male,37,Pune,Tamil Nadu,17,Regular,2024-05-29,riya.patel224@gmail.com,9703436935.0,Active
3105,Aditya Kumar,Female,61,Bengaluru,Gujarat,21,Regular,2024-08-10,aditya.kumar220@gmail.com,9846674337.0,Active
3106,Sai Kumar,Male,49,Chennai,Andhra Pradesh,3,Regular,2023-01-04,sai.kumar318@gmail.com,9363060250.0,Active
3107,Rahul Reddy,Female,47,Hyderabad,Gujarat,8,Gold,2025-07-03,rahul.reddy147@gmail.com,9759817298.0,Active
3108,Riya Singh,Female,28,Delhi,Karnataka,30,Silver,2023-04-11,riya.singh658@gmail.com,9101598562.0,ACTIVE
3109,Vikram Kumar,Male,26,Pune,Tamil Nadu,18,Regular,2020-09-30,vikram.kumar411@gmail.com,9701673616.0,Active
3110,Meera Nair,Female,19,Ahmedabad,Uttar Pradesh,7,Gold,2025-02-16,meera.nair173@gmail.com,9568853148.0,Active
3111,Priya Nair,Female,47,Pune,Gujarat,27,Silver,2021-12-29,priya.nair474@gmail.com,9481044263.0,Active
3112,Ishaan Patel,Female,29,Mumbai,Maharashtra,2,Silver,2021-12-31,ishaan.patel931@gmail.com,9551081976.0,Active
3113,Meera Joshi,Female,27,Delhi,Kerala,6,Silver,2022-04-19,meera.joshi508@gmail.com,9171399015.0,Active
3114,Rahul Kumar,Female,45,Ahmedabad,West Bengal,23,Regular,2025-02-11,rahul.kumar647@gmail.com,9571575511.0,Active
3115,Ishaan Reddy,Female,26,Chennai,Maharashtra,12,Gold,2020-10-08,ishaan.reddy979@gmail.com,9813334407.0,ACTIVE
3116,Riya Kumar,Male,33,Kolkata,Delhi,27,Gold,2020-11-03,riya.kumar256@gmail.com,9531979752.0,Active
3117,Vivaan Sharma,Male,41,Bengaluru,Andhra Pradesh,2,Silver,2023-04-19,vivaan.sharma835@gmail.com,9485330684.0,Active
3118,Nikhil Rao,Female,18,Ahmedabad,Karnataka,21,Regular,2022-08-18,nikhil.rao89@gmail.com,9668087367.0,Active
3119,Meera Nair,Female,63,Pune,Tamil Nadu,9,Premium,2021-12-13,meera.nair495@gmail.com,9612432167.0,Active
3120,Aarav Kumar,Male,59,Mumbai,Telangana,14,Regular,2022-01-18,aarav.kumar100@gmail.com,9784636314.0,Active
3121,Nikhil Nair,Male,18,Ahmedabad,Uttar Pradesh,1,Regular,2020-05-20,nikhil.nair833@gmail.com,9449338858.0,Inactive
3122,Aisha Reddy,Female,41,Pune,Tamil Nadu,29,Regular,2020-03-04,aisha.reddy726@gmail.com,9251643182.0,Active
3123,Ishaan Reddy,Female,56,Chennai,Tamil Nadu,24,Silver,2024-10-04,ishaan.reddy460@gmail.com,9926347607.0,
3124,Nikhil Gupta,Female,40,Delhi,Kerala,22,Gold,2020-05-16,nikhil.gupta790@gmail.com,9225575936.0,Active
3125,Aarav Rao,Male,50,Pune,Maharashtra,19,Regular,2024-08-07,aarav.rao434@gmail.com,9058786164.0,Inactive
3126,Riya Singh,Male,31,Delhi,Kerala,18,Regular,2022-03-29,riya.singh305@gmail.com,9398262660.0,ACTIVE
3127,Meera Verma,Male,68,Kolkata,Kerala,2,Silver,2024-12-06,meera.verma691@gmail.com,9039660013.0,Active
3128,Rohan Singh,Female,45,Delhi,Andhra Pradesh,10,Regular,2020-10-27,rohan.singh407@gmail.com,9082036978.0,Active
3129,Ananya Sharma,Male,31,Mumbai,West Bengal,23,Gold,2021-04-12,ananya.sharma706@gmail.com,9966671539.0,Active
3130,Ananya Kumar,Female,37,Delhi,West Bengal,8,Premium,2021-04-26,ananya.kumar617@gmail.com,9141480097.0,Active
3131,Rahul Patel,Male,37,Ahmedabad,Karnataka,25,Regular,2020-10-01,rahul.patel756@gmail.com,9140563946.0,Active
3132,Rahul Reddy,Male,56,Kolkata,Maharashtra,25,Premium,2025-01-26,rahul.reddy43@gmail.com,9171901405.0,Active
3133,Sai Rao,Female,28,Delhi,Uttar Pradesh,2,Gold,2020-05-29,sai.rao177@gmail.com,9483765732.0,Active
3134,Vikram Singh,Male,58,Kolkata,Uttar Pradesh,25,Silver,2021-07-12,vikram.singh74@gmail.com,9812144521.0,Active
3135,Aarav Nair,Female,55,Ahmedabad,Andhra Pradesh,25,Silver,2025-11-28,aarav.nair727@gmail.com,9975175299.0,active
3136,Priya Reddy,Male,21,Hyderabad,Karnataka,22,Gold,2024-07-25,priya.reddy708@gmail.com,9289090390.0,Active
3137,Ishaan Singh,Male,38,Pune,Kerala,3,Silver,2024-05-19,ishaan.singh304@gmail.com,9841124040.0,Active
3138,Riya Gupta,Female,34,Hyderabad,Karnataka,3,Silver,2020-01-04,riya.gupta841@gmail.com,9927140172.0,Active
3139,Kavya Nair,Female,56,Pune,Gujarat,11,Silver,2025-05-19,kavya.nair12@gmail.com,9007408934.0,Inactive
3140,Ananya Kumar,Female,46,Ahmedabad,Gujarat,17,Gold,2022-06-12,ananya.kumar399@gmail.com,9994100467.0,Active
3141,Aarav Reddy,Female,45,Chennai,Gujarat,22,Gold,2020-11-11,aarav.reddy76@gmail.com,9567524526.0,Active
3142,Sneha Verma,Male,70,Bengaluru,Telangana,20,Regular,2021-09-12,sneha.verma28@gmail.com,9983574777.0,Active
3143,Rahul Rao,Male,67,Mumbai,Karnataka,27,Gold,2022-01-27,rahul.rao79@gmail.com,9063106878.0,Active
3144,Kavya Rao,Female,55,Chennai,Kerala,17,Premium,2020-11-10,kavya.rao444@gmail.com,9741947127.0,Active
3145,Priya Singh,Female,29,Chennai,Andhra Pradesh,6,Gold,2022-06-11,priya.singh589@gmail.com,9547406466.0,Active
3146,Vivaan Patel,Male,66,Hyderabad,Kerala,21,Silver,2025-04-05,vivaan.patel488@gmail.com,9528327298.0,Active
3147,Kiran Rao,Male,67,Delhi,Maharashtra,2,Silver,2023-07-20,kiran.rao176@gmail.com,9726543478.0,Active
3148,Arjun Gupta,Female,55,Bengaluru,Karnataka,5,Regular,2021-11-25,arjun.gupta58@gmail.com,9697412832.0,ACTIVE
3149,Meera Verma,Female,40,Chennai,Telangana,30,Premium,2020-10-14,meera.verma609@gmail.com,9381665104.0,Active
3150,Kiran Nair,Male,64,Delhi,Andhra Pradesh,4,Gold,2023-07-04,kiran.nair860@gmail.com,9663177725.0,Active
3151,Nikhil Verma,Male,70,Delhi,Uttar Pradesh,10,Silver,2023-04-24,nikhil.verma490@gmail.com,9698304929.0,Active
3152,Arjun Joshi,Female,42,Mumbai,Kerala,14,Silver,2022-10-06,arjun.joshi424@gmail.com,9793098633.0,Active
3153,Aditya Kumar,Female,68,Ahmedabad,Karnataka,6,Regular,2023-03-21,aditya.kumar454@gmail.com,9070565672.0,Active
3154,Priya Patel,Female,45,Mumbai,Uttar Pradesh,30,Regular,2022-04-26,priya.patel377@gmail.com,9242026128.0,active
3155,Ishaan Verma,Female,55,Chennai,Telangana,8,Regular,2023-07-02,ishaan.verma528@gmail.com,9532121560.0,Active
3156,Vikram Verma,Female,40,Pune,Kerala,10,Silver,2022-02-16,vikram.verma138@gmail.com,9232268685.0,Active
3157,Kiran Sharma,Male,60,Hyderabad,Maharashtra,29,Regular,2025-01-11,kiran.sharma655@gmail.com,9309382423.0,Active
3158,Rohan Kumar,Female,59,Bengaluru,Kerala,24,Regular,2025-06-25,rohan.kumar700@gmail.com,9994248145.0,Active
3159,Ishaan Nair,Female,40,Delhi,Delhi,29,Regular,2022-12-09,ishaan.nair462@gmail.com,9399187085.0,
3160,Rahul Gupta,Male,22,Kolkata,Karnataka,8,Premium,2025-06-02,rahul.gupta843@gmail.com,9434538617.0,active
3161,Priya Reddy,Male,63,Hyderabad,Maharashtra,16,Premium,2024-11-18,priya.reddy132@gmail.com,9547632665.0,Active
3162,Rohan Sharma,Male,18,Pune,Uttar Pradesh,26,Regular,2022-07-20,rohan.sharma319@gmail.com,9495996837.0,Active
3163,Priya Nair,Female,58,Bengaluru,Karnataka,18,Silver,2024-11-15,priya.nair621@gmail.com,9496301338.0,Active
3164,Meera Patel,Female,39,Kolkata,Karnataka,9,Premium,2021-02-03,meera.patel971@gmail.com,9866573785.0,Inactive
3165,Neha Sharma,Male,34,Ahmedabad,Maharashtra,10,Regular,2024-04-28,neha.sharma469@gmail.com,9185783557.0,active
3166,Vivaan Verma,Male,54,Pune,Karnataka,26,Regular,2020-08-13,vivaan.verma618@gmail.com,9140124843.0,Active
3167,Neha Nair,Male,27,Hyderabad,Tamil Nadu,21,Silver,2022-02-01,neha.nair667@gmail.com,9585386774.0,Active
3168,Kavya Reddy,Female,35,Pune,Andhra Pradesh,3,Gold,2024-08-29,kavya.reddy18@gmail.com,9421963929.0,Active
3169,Riya Joshi,Male,41,Hyderabad,Delhi,3,Silver,2020-12-22,riya.joshi882@gmail.com,9314375592.0,Inactive
3170,Nikhil Kumar,Male,50,Chennai,Maharashtra,9,Regular,2021-03-18,nikhil.kumar500@gmail.com,9718094482.0,Active
3171,Vikram Kumar,Female,50,Mumbai,Tamil Nadu,11,Silver,2023-11-30,vikram.kumar869@gmail.com,9861890492.0,Inactive
3172,Ishaan Gupta,Male,36,Delhi,Kerala,7,Silver,2023-08-08,ishaan.gupta347@gmail.com,9363041803.0,Active
3173,Rohan Reddy,Female,52,Delhi,Andhra Pradesh,5,Regular,2021-11-26,rohan.reddy147@gmail.com,9050694859.0,
3174,Ananya Patel,Female,20,Mumbai,Gujarat,5,Silver,2022-07-21,ananya.patel49@gmail.com,9413315286.0,Active
3175,Kiran Gupta,Female,36,Pune,Telangana,23,Premium,2025-08-07,kiran.gupta696@gmail.com,9844826767.0,Active
3176,Riya Nair,Male,33,Delhi,Gujarat,27,Regular,2025-09-15,riya.nair966@gmail.com,9117614364.0,Active
3177,Neha Sharma,Male,53,Delhi,Kerala,15,Regular,2021-10-19,neha.sharma975@gmail.com,9059414579.0,Active
3178,Aditya Rao,Male,55,Pune,Andhra Pradesh,16,Gold,2023-01-11,aditya.rao555@gmail.com,9952966243.0,Active
3179,Sai Patel,Male,51,Chennai,Andhra Pradesh,4,Gold,2023-10-15,sai.patel950@gmail.com,9355871096.0,active
3180,Ananya Nair,Male,50,Mumbai,Delhi,2,Regular,2023-03-05,ananya.nair252@gmail.com,9768676101.0,Active
3181,Nikhil Nair,Male,30,Delhi,Telangana,5,Gold,2024-12-14,nikhil.nair981@gmail.com,9756829765.0,Active
3182,Aarav Rao,Male,42,Delhi,Uttar Pradesh,3,Regular,2021-01-12,aarav.rao879@gmail.com,9014285994.0,ACTIVE
3183,Ishaan Joshi,Female,69,Pune,Kerala,5,Regular,2022-02-13,ishaan.joshi674@gmail.com,9590321345.0,
3184,Sneha Patel,Female,52,Kolkata,Delhi,1,Regular,2022-06-16,sneha.patel547@gmail.com,9289746515.0,Active
3185,Diya Reddy,Male,61,Chennai,Uttar Pradesh,7,Regular,2022-05-22,diya.reddy93@gmail.com,9959564932.0,Active
3186,Aisha Verma,Male,22,Delhi,Telangana,20,Gold,2024-09-05,aisha.verma282@gmail.com,9628432316.0,Active
3187,Kiran Joshi,Female,57,Pune,Karnataka,21,Regular,2025-05-31,kiran.joshi723@gmail.com,9913623712.0,Active
3188,Priya Rao,Male,66,Pune,Maharashtra,11,Premium,2021-06-01,priya.rao368@gmail.com,9206156712.0,Active
3189,Arjun Verma,Male,28,Delhi,Delhi,15,Regular,2024-01-14,arjun.verma529@gmail.com,9587827057.0,Active
3190,Ananya Patel,Male,34,Bengaluru,Karnataka,11,Silver,2020-08-18,ananya.patel558@gmail.com,9527000474.0,Active
3191,Aisha Kumar,Female,65,Hyderabad,West Bengal,12,Silver,2023-02-28,aisha.kumar986@gmail.com,9289495991.0,Active
3192,Rohan Nair,Female,35,Pune,Gujarat,12,Premium,2024-06-13,rohan.nair222@gmail.com,9364056903.0,Active
3193,Meera Sharma,Male,28,Chennai,Andhra Pradesh,4,Gold,2023-12-03,meera.sharma354@gmail.com,9679687813.0,Active
3194,Vivaan Rao,Male,46,Pune,Uttar Pradesh,16,Regular,2020-01-20,vivaan.rao280@gmail.com,9268404354.0,Active
3195,Ishaan Joshi,Male,41,Ahmedabad,Andhra Pradesh,26,Silver,2023-06-17,ishaan.joshi311@gmail.com,9974023635.0,Active
3196,Ishaan Rao,Female,66,Ahmedabad,Andhra Pradesh,25,Silver,2025-02-17,ishaan.rao475@gmail.com,9888572085.0,Active
3197,Rahul Sharma,Male,47,Mumbai,Uttar Pradesh,26,Silver,2020-03-27,rahul.sharma40@gmail.com,9116898572.0,Active
3198,Rahul Gupta,Female,51,Hyderabad,Kerala,5,Regular,2022-02-19,rahul.gupta487@gmail.com,9799188758.0,Active
3199,Neha Verma,Female,68,Mumbai,Delhi,9,Regular,2020-09-09,neha.verma248@gmail.com,9096140210.0,Active
3200,Kavya Rao,Male,25,Kolkata,Andhra Pradesh,23,Regular,2024-08-16,kavya.rao219@gmail.com,9480419771.0,Active
3201,Sai Reddy,Male,39,Pune,Telangana,1,Gold,2025-03-29,sai.reddy813@gmail.com,9827023962.0,Active
3202,Arjun Nair,Female,33,Pune,Uttar Pradesh,20,Silver,2020-09-13,arjun.nair410@gmail.com,9385031825.0,Active
3203,Aditya Gupta,Male,53,Kolkata,Delhi,22,Premium,2023-06-29,aditya.gupta349@gmail.com,9895021278.0,Active
3204,Kavya Verma,Male,47,Delhi,Delhi,22,Regular,2022-03-02,kavya.verma32@gmail.com,9053030949.0,Active
3205,Arjun Verma,Male,64,Hyderabad,West Bengal,1,Premium,2023-05-06,arjun.verma116@gmail.com,9255117114.0,Active
3206,Rohan Nair,Male,60,Chennai,Uttar Pradesh,21,Regular,2023-03-31,rohan.nair643@gmail.com,9905278093.0,Active
3207,Rahul Rao,Female,48,Chennai,Delhi,14,Regular,2023-06-22,rahul.rao79@gmail.com,9891311347.0,Active
3208,Riya Joshi,Female,63,Mumbai,Tamil Nadu,30,Regular,2021-10-17,riya.joshi968@gmail.com,9886472246.0,Active
3209,Vivaan Rao,Male,20,Mumbai,Andhra Pradesh,30,Silver,2020-06-01,vivaan.rao378@gmail.com,9109343594.0,Active
3210,Nikhil Singh,Male,36,Chennai,Karnataka,13,Premium,2022-02-17,nikhil.singh499@gmail.com,9283040362.0,Active
3211,Ananya Reddy,Female,40,Pune,Gujarat,12,Gold,2023-03-05,ananya.reddy794@gmail.com,9949820046.0,Active
3212,Kiran Sharma,Female,38,Pune,Andhra Pradesh,14,Regular,2024-10-01,kiran.sharma397@gmail.com,9125929858.0,Active
3213,Sai Gupta,Female,41,Ahmedabad,Karnataka,27,Regular,2021-05-12,sai.gupta493@gmail.com,9375222143.0,ACTIVE
3214,Rohan Singh,Female,38,Mumbai,Telangana,25,Regular,2020-09-12,rohan.singh520@gmail.com,9991621458.0,Active
3215,Arjun Kumar,Male,67,Ahmedabad,Kerala,13,Silver,2021-07-01,arjun.kumar255@gmail.com,9102082955.0,Active
3216,Aditya Verma,Female,55,Ahmedabad,Tamil Nadu,29,Regular,2021-09-27,aditya.verma280@gmail.com,9565454670.0,Active
3217,Ananya Kumar,Female,69,Chennai,Gujarat,19,Regular,2023-05-29,ananya.kumar281@gmail.com,9579908500.0,Active
3218,Rahul Nair,Male,56,Ahmedabad,Uttar Pradesh,2,Gold,2025-05-10,rahul.nair403@gmail.com,9791394553.0,Active
3219,Sneha Kumar,Male,40,Delhi,Karnataka,23,Regular,2025-09-17,sneha.kumar619@gmail.com,9094741033.0,Active
3220,Sai Reddy,Female,63,Chennai,West Bengal,16,Silver,2021-04-06,sai.reddy938@gmail.com,9973231860.0,Active
3221,Priya Joshi,Male,68,Pune,Gujarat,15,Silver,2025-03-19,priya.joshi217@gmail.com,9118000596.0,Active
3222,Neha Nair,Female,36,Ahmedabad,Karnataka,6,Regular,2025-12-21,neha.nair327@gmail.com,9137385218.0,Active
3223,Riya Kumar,Male,55,Hyderabad,Maharashtra,18,Gold,2024-12-04,riya.kumar606@gmail.com,9129123930.0,
3224,Nikhil Nair,Male,70,Kolkata,Tamil Nadu,7,Silver,2020-09-15,nikhil.nair289@gmail.com,9595093127.0,Active
3225,Meera Sharma,Female,31,Hyderabad,Gujarat,19,Gold,2021-06-25,meera.sharma303@gmail.com,9912270104.0,Active
3226,Kavya Singh,Female,22,Bengaluru,Telangana,2,Regular,2020-08-13,kavya.singh431@gmail.com,9922986875.0,Active
3227,Arjun Sharma,Male,29,Bengaluru,Karnataka,5,Regular,2023-03-09,arjun.sharma877@gmail.com,9621582489.0,ACTIVE
3228,Kavya Joshi,Female,57,Mumbai,Kerala,9,Silver,2021-06-11,kavya.joshi688@gmail.com,9146367830.0,Active
3229,Rohan Patel,Female,40,Kolkata,West Bengal,30,Regular,2020-03-15,rohan.patel395@gmail.com,9555020777.0,Active
3230,Ishaan Rao,Male,61,Mumbai,Telangana,29,Regular,2022-12-23,ishaan.rao585@gmail.com,9790523538.0,Active
3231,Meera Verma,Male,22,Ahmedabad,Uttar Pradesh,9,Silver,2020-08-28,meera.verma821@gmail.com,9219211121.0,Active
3232,Sai Reddy,Female,57,Hyderabad,Kerala,30,Regular,2020-09-10,sai.reddy27@gmail.com,9979893718.0,Active
3233,Vivaan Nair,Male,67,Chennai,Telangana,4,Silver,2023-12-08,vivaan.nair340@gmail.com,9639832532.0,Active
3234,Arjun Verma,Female,52,Delhi,Karnataka,6,Regular,2023-08-21,arjun.verma251@gmail.com,9385241522.0,Active
3235,Nikhil Sharma,Female,65,Chennai,Tamil Nadu,15,Premium,2023-02-07,nikhil.sharma675@gmail.com,9163038203.0,Active
3236,Vivaan Rao,Male,19,Ahmedabad,Andhra Pradesh,5,Silver,2021-03-29,vivaan.rao38@gmail.com,9510563492.0,Active
3237,Rahul Kumar,Male,24,Mumbai,Andhra Pradesh,16,Gold,2021-01-20,rahul.kumar188@gmail.com,9956010791.0,active
3238,Ishaan Sharma,Male,54,Ahmedabad,West Bengal,21,Regular,2022-12-07,ishaan.sharma839@gmail.com,9435486986.0,Active
3239,Ishaan Verma,Male,55,Kolkata,Telangana,6,Silver,2021-01-15,ishaan.verma852@gmail.com,9070543586.0,active
3240,Nikhil Gupta,Male,56,Mumbai,Telangana,13,Gold,2022-08-12,nikhil.gupta808@gmail.com,9678518448.0,Inactive
3241,Sai Gupta,Female,43,Ahmedabad,Andhra Pradesh,20,Premium,2021-05-16,sai.gupta702@gmail.com,9626058943.0,Active
3242,Vivaan Sharma,Female,30,Kolkata,Uttar Pradesh,23,Regular,2021-01-27,vivaan.sharma319@gmail.com,9264742226.0,active
3243,Vikram Kumar,Male,46,Bengaluru,Uttar Pradesh,18,Regular,2021-03-05,vikram.kumar727@gmail.com,9310918794.0,Active
3244,Aarav Kumar,Male,51,Ahmedabad,West Bengal,21,Regular,2025-01-26,aarav.kumar599@gmail.com,9717391706.0,ACTIVE
3245,Kiran Sharma,Male,53,Kolkata,Delhi,30,Regular,2023-10-06,kiran.sharma294@gmail.com,9093619255.0,Active
3246,Ishaan Singh,Female,44,Mumbai,Delhi,26,Gold,2020-05-29,ishaan.singh123@gmail.com,9989243144.0,Active
3247,Aditya Joshi,Female,56,Ahmedabad,Kerala,1,Silver,2024-03-09,aditya.joshi658@gmail.com,9126618725.0,Active
3248,Vikram Joshi,Female,70,Pune,Karnataka,30,Regular,2021-12-23,vikram.joshi948@gmail.com,9773731545.0,Active
3249,Kavya Rao,Female,29,Mumbai,Maharashtra,19,Premium,2024-07-03,kavya.rao595@gmail.com,9794831325.0,
3250,Aarav Gupta,Male,55,Bengaluru,Gujarat,9,Regular,2022-03-01,aarav.gupta607@gmail.com,9893048226.0,Active
3251,Arjun Sharma,Male,31,Mumbai,West Bengal,21,Gold,2021-08-09,arjun.sharma917@gmail.com,9188087782.0,Active
3252,Diya Patel,Female,20,Delhi,Karnataka,21,Regular,2020-09-29,diya.patel668@gmail.com,9803904946.0,Active
3253,Arjun Kumar,Male,57,Bengaluru,Kerala,10,Regular,2021-06-24,arjun.kumar126@gmail.com,9853786391.0,Active
3254,Rahul Reddy,Male,30,Delhi,Uttar Pradesh,22,Regular,2024-04-30,rahul.reddy426@gmail.com,9420325820.0,Active
3255,Diya Singh,Male,22,Pune,Maharashtra,18,Regular,2020-02-17,diya.singh987@gmail.com,9110099385.0,Active
3256,Kiran Joshi,Male,67,Mumbai,Tamil Nadu,6,Gold,2022-08-25,kiran.joshi256@gmail.com,9197225826.0,ACTIVE
3257,Vivaan Rao,Female,63,Ahmedabad,Telangana,25,Premium,2024-01-22,vivaan.rao71@gmail.com,9466712496.0,Active
3258,Sai Rao,Male,38,Kolkata,Gujarat,20,Gold,2025-07-05,sai.rao254@gmail.com,9062018992.0,Active
3259,Kavya Patel,Male,19,Delhi,Delhi,10,Regular,2025-03-10,kavya.patel77@gmail.com,9339725078.0,Active
3260,Rahul Patel,Female,62,Hyderabad,Telangana,2,Silver,2025-10-08,rahul.patel858@gmail.com,9759255474.0,Active
3261,Ananya Verma,Female,54,Bengaluru,Andhra Pradesh,6,Regular,2022-04-14,ananya.verma18@gmail.com,9555132280.0,Active
3262,Ishaan Kumar,Male,58,Chennai,Tamil Nadu,2,Silver,2025-04-01,ishaan.kumar928@gmail.com,9004654010.0,Active
3263,Ananya Gupta,Female,69,Kolkata,West Bengal,9,Premium,2024-04-13,ananya.gupta331@gmail.com,9183854062.0,Active
3264,Rohan Verma,Female,60,Chennai,Gujarat,19,Regular,2021-11-15,rohan.verma92@gmail.com,9797574505.0,Active
3265,Aditya Kumar,Male,68,Bengaluru,Uttar Pradesh,12,Regular,2025-07-20,aditya.kumar106@gmail.com,9503193198.0,Active
3266,Rohan Kumar,Female,38,Pune,Kerala,11,Silver,2021-07-27,rohan.kumar646@gmail.com,9641169723.0,Active
3267,Kavya Sharma,Female,39,Pune,Karnataka,14,Gold,2021-11-01,kavya.sharma55@gmail.com,9959247740.0,Active
3268,Riya Verma,Male,29,Ahmedabad,Delhi,29,Gold,2025-09-26,riya.verma122@gmail.com,9995162471.0,Active
3269,Nikhil Gupta,Male,70,Chennai,Andhra Pradesh,4,Regular,2025-10-25,nikhil.gupta264@gmail.com,9183761004.0,active
3270,Rohan Patel,Female,37,Hyderabad,Kerala,15,Regular,2023-12-23,rohan.patel523@gmail.com,9220907698.0,Active
3271,Rahul Joshi,Male,46,Hyderabad,Maharashtra,18,Gold,2022-09-18,rahul.joshi595@gmail.com,9329133616.0,Active
3272,Arjun Nair,Male,44,Kolkata,Delhi,9,Silver,2022-07-24,arjun.nair625@gmail.com,9153968725.0,Active
3273,Rohan Reddy,Female,32,Bengaluru,Delhi,21,Gold,2021-11-23,rohan.reddy495@gmail.com,9356834451.0,Active
3274,Sai Sharma,Female,61,Bengaluru,Maharashtra,4,Silver,2020-01-01,sai.sharma290@gmail.com,9004420607.0,Active
3275,Kiran Joshi,Male,20,Bengaluru,Maharashtra,9,Gold,2024-02-20,kiran.joshi530@gmail.com,9380938648.0,Active
3276,Vivaan Patel,Male,54,Kolkata,Andhra Pradesh,19,Regular,2022-08-07,vivaan.patel784@gmail.com,9787384823.0,Active
3277,Vivaan Joshi,Male,36,Kolkata,Andhra Pradesh,3,Regular,2023-11-04,vivaan.joshi213@gmail.com,9981891910.0,
3278,Rahul Joshi,Male,57,Bengaluru,Delhi,7,Silver,2024-10-03,rahul.joshi744@gmail.com,9792165665.0,Active
3279,Diya Rao,Male,55,Mumbai,Uttar Pradesh,14,Regular,2023-03-24,diya.rao297@gmail.com,9713167700.0,Inactive
3280,Rohan Verma,Female,30,Bengaluru,Maharashtra,22,Regular,2021-02-17,rohan.verma995@gmail.com,9476452632.0,Active
3281,Aarav Verma,Male,26,Kolkata,Delhi,22,Premium,2023-02-06,aarav.verma297@gmail.com,9660785067.0,Active
3282,Aditya Reddy,Female,23,Kolkata,Kerala,28,Regular,2022-04-14,aditya.reddy589@gmail.com,9001867758.0,Active
3283,Vivaan Sharma,Female,44,Mumbai,Uttar Pradesh,13,Silver,2022-02-26,vivaan.sharma42@gmail.com,9525773701.0,Active
3284,Vivaan Joshi,Female,37,Pune,Maharashtra,22,Silver,2023-10-01,vivaan.joshi622@gmail.com,9640543748.0,Active
3285,Rohan Singh,Female,28,Chennai,Andhra Pradesh,27,Gold,2024-03-13,rohan.singh544@gmail.com,9138188802.0,
3286,Vikram Verma,Male,55,Hyderabad,Telangana,15,Gold,2025-12-16,vikram.verma771@gmail.com,9859081911.0,Active
3287,Kavya Verma,Male,68,Mumbai,Maharashtra,5,Regular,2023-08-09,kavya.verma183@gmail.com,9112946917.0,Active
3288,Aisha Rao,Female,66,Ahmedabad,Maharashtra,1,Silver,2021-09-06,aisha.rao158@gmail.com,9185292010.0,active
3289,Sai Patel,Male,65,Chennai,Karnataka,10,Silver,2021-01-30,sai.patel701@gmail.com,9730362098.0,Inactive
3290,Meera Joshi,Female,43,Bengaluru,Andhra Pradesh,22,Regular,2023-09-26,meera.joshi822@gmail.com,9216227547.0,Active
3291,Vivaan Kumar,Male,32,Hyderabad,Delhi,24,Regular,2023-11-19,vivaan.kumar975@gmail.com,9986470876.0,Active
3292,Diya Verma,Female,55,Delhi,Kerala,25,Regular,2024-04-27,diya.verma101@gmail.com,9560790651.0,Active
3293,Meera Rao,Male,65,Delhi,Karnataka,28,Regular,2021-07-10,meera.rao313@gmail.com,9189582374.0,Active
3294,Kavya Singh,Female,67,Hyderabad,West Bengal,1,Silver,2021-01-14,kavya.singh401@gmail.com,9866476054.0,Active
3295,Ananya Patel,Female,49,Mumbai,Tamil Nadu,10,Gold,2022-04-26,ananya.patel569@gmail.com,9619659509.0,
3296,Sai Patel,Male,51,Hyderabad,Tamil Nadu,29,Gold,2025-06-02,sai.patel398@gmail.com,9834461066.0,Active
3297,Kiran Rao,Male,48,Ahmedabad,Gujarat,1,Silver,2021-02-11,kiran.rao864@gmail.com,9309735000.0,Active
3298,Arjun Verma,Male,52,Hyderabad,Andhra Pradesh,30,Gold,2023-08-31,arjun.verma765@gmail.com,9563418006.0,Inactive
3299,Ananya Verma,Male,34,Bengaluru,Karnataka,4,Regular,2023-09-27,ananya.verma714@gmail.com,9866586589.0,active
3300,Sneha Gupta,Female,31,Pune,Maharashtra,29,Regular,2024-10-27,sneha.gupta157@gmail.com,9269332790.0,Active
3301,Priya Sharma,Female,50,Chennai,Telangana,5,Regular,2023-07-13,priya.sharma109@gmail.com,9650304763.0,Active
3302,Rahul Nair,Female,20,Pune,Maharashtra,26,Regular,2024-04-01,rahul.nair676@gmail.com,9147405179.0,Active
3303,Priya Nair,Female,49,Pune,Uttar Pradesh,11,Regular,2021-07-25,priya.nair91@gmail.com,9199913214.0,Active
3304,Nikhil Rao,Male,30,Pune,Kerala,30,Regular,2020-01-01,nikhil.rao879@gmail.com,9544159944.0,Active
3305,Diya Verma,Female,40,Delhi,Telangana,29,Silver,2025-04-13,diya.verma224@gmail.com,9799743897.0,Active
3306,Aarav Joshi,Female,45,Hyderabad,Telangana,18,Silver,2024-01-24,aarav.joshi284@gmail.com,9159081007.0,Active
3307,Aisha Joshi,Female,26,Pune,Telangana,20,Gold,2020-01-03,aisha.joshi396@gmail.com,9549472046.0,Active
3308,Rahul Reddy,Male,34,Mumbai,Karnataka,18,Regular,2024-09-22,rahul.reddy145@gmail.com,9675502324.0,Active
3309,Rohan Reddy,Female,46,Bengaluru,Karnataka,20,Gold,2020-11-18,rohan.reddy812@gmail.com,9104223310.0,Active
3310,Priya Singh,Female,53,Delhi,Gujarat,30,Silver,2025-10-15,priya.singh1@gmail.com,9176070477.0,
3311,Vikram Patel,Male,45,Chennai,Delhi,1,Premium,2023-01-18,vikram.patel156@gmail.com,9646433918.0,Inactive
3312,Priya Joshi,Male,69,Delhi,Delhi,25,Regular,2024-02-28,priya.joshi882@gmail.com,9055151748.0,Active
3313,Aisha Sharma,Male,23,Kolkata,West Bengal,24,Regular,2022-08-08,aisha.sharma640@gmail.com,9921503589.0,Active
3314,Kiran Sharma,Male,31,Pune,Tamil Nadu,22,Premium,2020-03-16,kiran.sharma245@gmail.com,9780681979.0,Active
3315,Ishaan Kumar,Female,58,Ahmedabad,Andhra Pradesh,11,Silver,2023-10-07,ishaan.kumar673@gmail.com,9324562174.0,Active
3316,Nikhil Patel,Male,21,Delhi,Tamil Nadu,14,Regular,2022-11-10,nikhil.patel658@gmail.com,9317789837.0,Active
3317,Diya Patel,Female,33,Bengaluru,Gujarat,27,Gold,2025-01-25,diya.patel126@gmail.com,9378251528.0,Active
3318,Arjun Verma,Female,61,Chennai,Tamil Nadu,26,Gold,2024-12-26,arjun.verma817@gmail.com,9607973272.0,Active
3319,Rahul Rao,Female,57,Pune,Kerala,23,Regular,2025-11-19,rahul.rao226@gmail.com,9819162614.0,active
3320,Sneha Nair,Female,58,Hyderabad,Telangana,5,Silver,2021-10-15,sneha.nair510@gmail.com,9462810842.0,Active
3321,Arjun Patel,Female,38,Pune,Andhra Pradesh,15,Silver,2020-04-19,arjun.patel555@gmail.com,9056744233.0,active
3322,Sai Verma,Female,56,Delhi,Uttar Pradesh,13,Regular,2020-12-24,sai.verma773@gmail.com,9493190606.0,Active
3323,Neha Gupta,Male,58,Pune,Karnataka,6,Premium,2020-11-10,neha.gupta20@gmail.com,9264020428.0,Active
3324,Diya Gupta,Male,33,Bengaluru,Maharashtra,5,Regular,2020-11-04,diya.gupta40@gmail.com,9157781443.0,Active
3325,Ishaan Patel,Male,63,Hyderabad,Kerala,13,Regular,2020-01-05,ishaan.patel388@gmail.com,9434854155.0,Active
3326,Neha Joshi,Female,60,Delhi,West Bengal,7,Premium,2024-03-11,neha.joshi843@gmail.com,9293068967.0,Active
3327,Priya Verma,Male,67,Kolkata,Tamil Nadu,4,Regular,2024-06-08,priya.verma515@gmail.com,9840062817.0,Active
3328,Rahul Kumar,Female,67,Bengaluru,Gujarat,13,Silver,2023-07-03,rahul.kumar147@gmail.com,9829713798.0,Inactive
3329,Neha Gupta,Male,66,Pune,Gujarat,13,Regular,2025-11-19,neha.gupta958@gmail.com,9771393085.0,Active
3330,Arjun Rao,Male,22,Mumbai,Gujarat,29,Silver,2020-08-21,arjun.rao86@gmail.com,9773059161.0,Active
3331,Sneha Patel,Male,31,Kolkata,West Bengal,19,Regular,2021-10-15,sneha.patel944@gmail.com,9355737343.0,Active
3332,Rohan Rao,Female,70,Bengaluru,Gujarat,19,Silver,2024-11-21,rohan.rao729@gmail.com,9176391522.0,Active
3333,Ishaan Nair,Male,69,Kolkata,Telangana,22,Regular,2021-03-08,ishaan.nair247@gmail.com,9477960849.0,Active
3334,Rohan Kumar,Female,22,Hyderabad,Maharashtra,6,Gold,2020-01-21,rohan.kumar669@gmail.com,9407296393.0,Active
3335,Vikram Sharma,Female,38,Ahmedabad,Uttar Pradesh,14,Regular,2023-05-26,vikram.sharma697@gmail.com,9726861767.0,Inactive
3336,Priya Sharma,Female,52,Chennai,Andhra Pradesh,2,Regular,2020-07-20,priya.sharma422@gmail.com,9704020440.0,Active
3337,Rohan Kumar,Male,31,Mumbai,Maharashtra,11,Regular,2020-02-12,rohan.kumar402@gmail.com,9394911776.0,active
3338,Aditya Kumar,Male,40,Kolkata,Maharashtra,3,Regular,2022-08-08,aditya.kumar788@gmail.com,9855425997.0,Active
3339,Meera Nair,Female,50,Kolkata,Telangana,19,Regular,2020-04-14,meera.nair523@gmail.com,9909219434.0,Active
3340,Neha Verma,Male,20,Ahmedabad,West Bengal,16,Gold,2021-07-27,neha.verma766@gmail.com,9483354069.0,Active
3341,Vivaan Gupta,Male,53,Chennai,Telangana,21,Regular,2025-10-04,vivaan.gupta460@gmail.com,9710525721.0,Active
3342,Neha Kumar,Male,22,Bengaluru,Delhi,19,Gold,2024-12-13,neha.kumar632@gmail.com,9779125916.0,Active
3343,Priya Kumar,Female,44,Delhi,Gujarat,28,Premium,2023-03-25,priya.kumar383@gmail.com,9034148599.0,Active
3344,Arjun Gupta,Male,56,Bengaluru,Delhi,27,Silver,2024-04-13,arjun.gupta616@gmail.com,9071001963.0,Active
3345,Vikram Kumar,Male,64,Mumbai,Uttar Pradesh,14,Gold,2020-08-10,vikram.kumar787@gmail.com,9502670237.0,Active
3346,Arjun Rao,Female,70,Bengaluru,Andhra Pradesh,10,Regular,2025-11-03,arjun.rao853@gmail.com,9803050441.0,Active
3347,Kiran Nair,Male,63,Mumbai,Gujarat,17,Silver,2024-12-19,kiran.nair149@gmail.com,9848438102.0,Active
3348,Sneha Singh,Female,27,Ahmedabad,Maharashtra,12,Silver,2020-02-17,sneha.singh821@gmail.com,9688614508.0,Active
3349,Kavya Sharma,Female,50,Mumbai,Delhi,1,Regular,2025-09-24,kavya.sharma736@gmail.com,9060467784.0,Active
3350,Aditya Joshi,Female,22,Kolkata,West Bengal,28,Gold,2020-06-03,aditya.joshi12@gmail.com,9405126168.0,Active
3351,Aditya Singh,Male,56,Bengaluru,Uttar Pradesh,27,Regular,2020-01-14,aditya.singh22@gmail.com,9503052170.0,Inactive
3352,Rohan Joshi,Male,48,Hyderabad,Kerala,22,Regular,2020-04-17,rohan.joshi788@gmail.com,9319602786.0,Active
3353,Aisha Kumar,Female,67,Hyderabad,Uttar Pradesh,9,Gold,2025-08-23,aisha.kumar635@gmail.com,9394815987.0,Active
3354,Sai Singh,Male,48,Delhi,Kerala,14,Regular,2021-12-20,sai.singh275@gmail.com,9017826594.0,Inactive
3355,Aditya Singh,Male,21,Hyderabad,West Bengal,21,Silver,2022-07-06,aditya.singh975@gmail.com,9015221490.0,
3356,Vikram Kumar,Female,18,Bengaluru,Telangana,16,Silver,2025-04-30,vikram.kumar111@gmail.com,9929233818.0,Active
3357,Riya Rao,Male,28,Pune,Andhra Pradesh,30,Silver,2025-08-07,riya.rao75@gmail.com,9566027444.0,Active
3358,Kiran Singh,Male,31,Kolkata,Gujarat,23,Silver,2024-05-06,kiran.singh116@gmail.com,9259345898.0,Inactive
3359,Neha Sharma,Male,50,Bengaluru,Uttar Pradesh,10,Regular,2022-03-22,neha.sharma447@gmail.com,9531881511.0,Active
3360,Arjun Kumar,Female,25,Ahmedabad,Delhi,20,Premium,2024-04-15,arjun.kumar266@gmail.com,9879443088.0,Active
3361,Rahul Verma,Female,28,Hyderabad,Maharashtra,28,Gold,2024-02-12,rahul.verma154@gmail.com,9671514561.0,Active
3362,Neha Verma,Male,52,Delhi,Telangana,13,Silver,2023-06-26,neha.verma345@gmail.com,9388147465.0,Active
3363,Kiran Sharma,Male,27,Delhi,Uttar Pradesh,4,Premium,2023-08-19,kiran.sharma731@gmail.com,9079153712.0,Active
3364,Sneha Patel,Female,18,Delhi,Tamil Nadu,17,Regular,2024-07-17,sneha.patel482@gmail.com,9233546878.0,
3365,Diya Gupta,Male,21,Bengaluru,Delhi,1,Premium,2020-04-13,diya.gupta985@gmail.com,9858328013.0,active
3366,Arjun Verma,Female,27,Pune,Telangana,13,Regular,2024-07-02,arjun.verma473@gmail.com,9138412151.0,active
3367,Rohan Nair,Female,45,Hyderabad,Andhra Pradesh,22,Regular,2024-08-28,rohan.nair367@gmail.com,9262467776.0,Active
3368,Kiran Singh,Female,35,Ahmedabad,Gujarat,5,Silver,2022-02-08,kiran.singh392@gmail.com,9297704058.0,Active
3369,Neha Gupta,Female,22,Chennai,Uttar Pradesh,11,Regular,2023-03-03,neha.gupta536@gmail.com,9194537747.0,Active
3370,Sneha Gupta,Male,31,Pune,Andhra Pradesh,28,Silver,2022-10-13,sneha.gupta417@gmail.com,9168449551.0,Active
3371,Kiran Kumar,Female,35,Mumbai,Gujarat,5,Gold,2025-02-09,kiran.kumar644@gmail.com,9731834750.0,Active
3372,Riya Joshi,Female,59,Pune,Uttar Pradesh,4,Gold,2024-02-05,riya.joshi340@gmail.com,9341485458.0,Inactive
3373,Aarav Sharma,Male,49,Kolkata,Maharashtra,10,Regular,2022-09-16,aarav.sharma607@gmail.com,9422185532.0,Active
3374,Diya Sharma,Male,67,Bengaluru,Maharashtra,3,Premium,2024-03-02,diya.sharma86@gmail.com,9092456964.0,Active
3375,Riya Verma,Male,40,Pune,Karnataka,5,Silver,2025-06-18,riya.verma591@gmail.com,9634067153.0,
3376,Aarav Joshi,Male,38,Chennai,West Bengal,2,Silver,2023-02-08,aarav.joshi747@gmail.com,9570469610.0,Active
3377,Priya Joshi,Male,42,Mumbai,Maharashtra,14,Gold,2021-05-12,priya.joshi680@gmail.com,9665294233.0,Active
3378,Meera Verma,Female,50,Ahmedabad,Tamil Nadu,1,Regular,2020-02-03,meera.verma295@gmail.com,9598840476.0,Active
3379,Sneha Joshi,Female,53,Pune,Telangana,28,Silver,2020-04-08,sneha.joshi671@gmail.com,9987442223.0,Active
3380,Aditya Kumar,Male,54,Hyderabad,Andhra Pradesh,12,Regular,2024-01-06,aditya.kumar848@gmail.com,9920108111.0,Active
3381,Riya Gupta,Male,27,Mumbai,Uttar Pradesh,27,Silver,2025-08-26,riya.gupta850@gmail.com,9415902047.0,active
3382,Aarav Verma,Male,44,Mumbai,Maharashtra,29,Regular,2024-11-26,aarav.verma123@gmail.com,9498390521.0,Active
3383,Aisha Sharma,Male,42,Ahmedabad,Maharashtra,3,Gold,2023-06-23,aisha.sharma913@gmail.com,9680349187.0,Active
3384,Kiran Sharma,Female,18,Ahmedabad,Uttar Pradesh,18,Regular,2020-03-01,kiran.sharma241@gmail.com,9735132733.0,Active
3385,Kiran Patel,Female,47,Pune,Maharashtra,20,Regular,2022-09-21,kiran.patel386@gmail.com,9485416187.0,Active
3386,Neha Reddy,Female,69,Kolkata,Maharashtra,17,Premium,2023-09-16,neha.reddy489@gmail.com,9929375373.0,Active
3387,Kavya Patel,Female,48,Delhi,Telangana,9,Gold,2025-02-25,kavya.patel316@gmail.com,9024949837.0,Active
3388,Kavya Rao,Female,65,Hyderabad,West Bengal,6,Silver,2022-06-03,kavya.rao651@gmail.com,9503500652.0,Active
3389,Sneha Reddy,Male,55,Mumbai,Andhra Pradesh,27,Gold,2020-02-18,sneha.reddy904@gmail.com,9398702760.0,Active
3390,Rohan Rao,Male,34,Hyderabad,Tamil Nadu,30,Silver,2025-11-04,rohan.rao451@gmail.com,9839707199.0,Active
3391,Arjun Nair,Male,44,Kolkata,Karnataka,26,Regular,2020-03-25,arjun.nair690@gmail.com,9666047212.0,Active
3392,Riya Gupta,Male,58,Bengaluru,Andhra Pradesh,8,Regular,2023-08-03,riya.gupta593@gmail.com,9977108793.0,
3393,Kiran Sharma,Male,55,Delhi,Kerala,29,Regular,2020-11-25,kiran.sharma216@gmail.com,9765551517.0,Active
3394,Sneha Singh,Female,19,Chennai,Maharashtra,4,Premium,2021-01-07,sneha.singh954@gmail.com,9947105978.0,Active
3395,Rohan Joshi,Male,58,Kolkata,Andhra Pradesh,6,Regular,2024-08-21,rohan.joshi714@gmail.com,9719694975.0,Active
3396,Aarav Sharma,Female,34,Hyderabad,Delhi,13,Premium,2020-03-15,aarav.sharma622@gmail.com,9844286842.0,Active
3397,Vikram Nair,Male,60,Kolkata,Andhra Pradesh,29,Regular,2020-11-16,vikram.nair239@gmail.com,9040679762.0,Active
3398,Aarav Joshi,Female,54,Delhi,Karnataka,28,Premium,2020-07-07,aarav.joshi680@gmail.com,9080671276.0,Active
3399,Kiran Reddy,Male,40,Bengaluru,West Bengal,25,Regular,2025-03-17,kiran.reddy196@gmail.com,9225372587.0,Inactive
3400,Vivaan Joshi,Female,27,Delhi,Tamil Nadu,8,Regular,2022-12-28,vivaan.joshi236@gmail.com,9896459407.0,Active
3401,Vikram Verma,Male,26,Chennai,Andhra Pradesh,9,Silver,2025-02-17,vikram.verma485@gmail.com,9775771289.0,Active
3402,Priya Rao,Female,22,Chennai,Tamil Nadu,19,Gold,2024-06-28,priya.rao438@gmail.com,9831291956.0,Active
3403,Ishaan Verma,Female,22,Delhi,Kerala,29,Silver,2023-01-11,ishaan.verma972@gmail.com,9484488019.0,Active
3404,Riya Joshi,Male,57,Delhi,Tamil Nadu,27,Silver,2024-08-20,riya.joshi190@gmail.com,9350416923.0,Active
3405,Nikhil Joshi,Female,57,Pune,Karnataka,16,Regular,2021-10-19,nikhil.joshi943@gmail.com,9153663815.0,Active
3406,Aditya Patel,Male,47,Pune,Uttar Pradesh,4,Silver,2025-12-31,aditya.patel80@gmail.com,9116439109.0,Active
3407,Vivaan Joshi,Female,48,Mumbai,Andhra Pradesh,11,Silver,2025-08-16,vivaan.joshi295@gmail.com,9282436734.0,Active
3408,Riya Joshi,Female,52,Mumbai,Gujarat,19,Regular,2021-04-24,riya.joshi389@gmail.com,9152976118.0,ACTIVE
3409,Ishaan Joshi,Female,54,Chennai,Kerala,2,Regular,2026-01-08,ishaan.joshi443@gmail.com,9422354741.0,Active
3410,Vivaan Patel,Male,64,Delhi,Telangana,20,Silver,2020-07-31,vivaan.patel445@gmail.com,9758269441.0,Active
3411,Aisha Reddy,Male,63,Chennai,Telangana,26,Gold,2023-03-16,aisha.reddy815@gmail.com,9850373460.0,Active
3412,Rahul Verma,Male,67,Ahmedabad,Delhi,19,Regular,2024-03-03,rahul.verma329@gmail.com,9225566848.0,Inactive
3413,Kavya Patel,Male,36,Ahmedabad,Uttar Pradesh,21,Gold,2020-11-18,kavya.patel248@gmail.com,9914360759.0,Active
3414,Vikram Singh,Male,69,Kolkata,Gujarat,13,Gold,2024-11-01,vikram.singh840@gmail.com,9239758692.0,Active
3415,Meera Rao,Male,24,Chennai,Maharashtra,25,Regular,2024-08-05,meera.rao823@gmail.com,9450139989.0,Active
3416,Kavya Joshi,Male,30,Ahmedabad,Andhra Pradesh,17,Silver,2023-06-07,kavya.joshi597@gmail.com,9448588266.0,Active
3417,Vikram Patel,Male,23,Hyderabad,Kerala,23,Regular,2024-03-19,vikram.patel80@gmail.com,9919085295.0,Active
3418,Neha Joshi,Male,55,Mumbai,Delhi,7,Regular,2024-10-04,neha.joshi891@gmail.com,9230855477.0,Active
3419,Ananya Reddy,Female,50,Delhi,Delhi,17,Premium,2025-09-18,ananya.reddy957@gmail.com,9629032530.0,Active
3420,Priya Nair,Female,43,Hyderabad,Delhi,5,Regular,2023-02-23,priya.nair956@gmail.com,9407485164.0,Active
3421,Sneha Gupta,Male,60,Pune,Karnataka,3,Regular,2021-04-21,sneha.gupta674@gmail.com,9268818541.0,Active
3422,Vikram Gupta,Male,34,Pune,Uttar Pradesh,6,Regular,2022-02-21,vikram.gupta196@gmail.com,9923547518.0,Active
3423,Sai Rao,Female,37,Bengaluru,Delhi,23,Silver,2020-11-27,sai.rao548@gmail.com,9811861905.0,Active
3424,Kavya Kumar,Male,65,Ahmedabad,Gujarat,17,Gold,2024-06-01,kavya.kumar806@gmail.com,9996724700.0,
3425,Ananya Gupta,Female,37,Hyderabad,Maharashtra,18,Silver,2025-08-09,ananya.gupta467@gmail.com,9245922484.0,Inactive
3426,Aarav Nair,Male,65,Hyderabad,Maharashtra,23,Regular,2024-03-19,aarav.nair27@gmail.com,9504149930.0,Active
3427,Arjun Kumar,Male,57,Pune,Telangana,28,Gold,2022-09-28,arjun.kumar287@gmail.com,9985548956.0,Active
3428,Sai Kumar,Male,69,Delhi,Delhi,2,Silver,2023-11-24,sai.kumar216@gmail.com,9254790742.0,Active
3429,Arjun Gupta,Female,34,Delhi,Kerala,13,Regular,2020-03-19,arjun.gupta74@gmail.com,9739078946.0,Active
3430,Kiran Kumar,Female,28,Hyderabad,Delhi,2,Gold,2022-11-15,kiran.kumar968@gmail.com,9934502313.0,Active
3431,Sai Verma,Male,64,Ahmedabad,Uttar Pradesh,28,Regular,2024-10-18,sai.verma220@gmail.com,9560237805.0,Active
3432,Vikram Patel,Male,64,Bengaluru,Delhi,5,Regular,2023-04-29,vikram.patel454@gmail.com,9321935067.0,Active
3433,Vikram Rao,Male,21,Delhi,Gujarat,9,Gold,2020-07-06,vikram.rao362@gmail.com,9949476812.0,Active
3434,Kiran Reddy,Male,22,Delhi,Telangana,17,Gold,2023-09-18,kiran.reddy479@gmail.com,9282719949.0,Active
3435,Kiran Singh,Female,35,Pune,Uttar Pradesh,15,Regular,2025-04-02,kiran.singh33@gmail.com,9795023456.0,Active
3436,Vikram Verma,Female,39,Chennai,Gujarat,21,Silver,2021-10-22,vikram.verma812@gmail.com,9466964101.0,Active
3437,Arjun Sharma,Male,40,Ahmedabad,Maharashtra,2,Silver,2021-02-15,arjun.sharma623@gmail.com,9153836457.0,Active
3438,Ananya Nair,Male,55,Bengaluru,Delhi,1,Silver,2023-10-09,ananya.nair165@gmail.com,9545936766.0,Active
3439,Aditya Gupta,Female,48,Delhi,Karnataka,12,Regular,2022-03-09,aditya.gupta396@gmail.com,9065380146.0,Active
3440,Aditya Sharma,Female,35,Chennai,Karnataka,29,Regular,2022-07-17,aditya.sharma812@gmail.com,9100455231.0,Active
3441,Ananya Joshi,Male,27,Pune,Karnataka,5,Silver,2024-05-10,ananya.joshi843@gmail.com,9119613935.0,Active
3442,Arjun Nair,Male,44,Pune,Uttar Pradesh,19,Gold,2024-12-11,arjun.nair782@gmail.com,9884022469.0,Active
3443,Kavya Patel,Female,53,Pune,Tamil Nadu,23,Silver,2022-12-14,kavya.patel321@gmail.com,9230141153.0,Active
3444,Diya Verma,Male,46,Pune,Kerala,8,Silver,2023-07-27,diya.verma284@gmail.com,9023589649.0,Active
3445,Rahul Reddy,Male,49,Pune,Gujarat,16,Regular,2025-07-28,rahul.reddy520@gmail.com,9635661177.0,Active
3446,Rohan Nair,Female,18,Hyderabad,Uttar Pradesh,27,Silver,2022-12-10,rohan.nair450@gmail.com,9360987984.0,Active
3447,Kavya Sharma,Female,70,Mumbai,Andhra Pradesh,23,Regular,2020-06-10,kavya.sharma108@gmail.com,9443207895.0,active
3448,Diya Patel,Female,32,Hyderabad,Karnataka,15,Premium,2022-04-23,diya.patel731@gmail.com,9921449356.0,Active
3449,Sai Verma,Male,55,Mumbai,Tamil Nadu,24,Regular,2020-06-02,sai.verma874@gmail.com,9544994289.0,Active
3450,Neha Reddy,Male,45,Hyderabad,Kerala,3,Gold,2024-04-04,neha.reddy61@gmail.com,9880587687.0,Active
3451,Rohan Joshi,Female,56,Mumbai,West Bengal,28,Silver,2021-02-26,rohan.joshi628@gmail.com,9626153338.0,Active
3452,Aditya Patel,Male,23,Hyderabad,Maharashtra,1,Regular,2025-08-26,aditya.patel926@gmail.com,9340416277.0,Active
3453,Riya Sharma,Male,67,Delhi,Kerala,1,Regular,2025-03-23,riya.sharma46@gmail.com,9163187096.0,Active
3454,Riya Singh,Female,38,Pune,Telangana,3,Silver,2025-05-09,riya.singh167@gmail.com,9442182486.0,Active
3455,Neha Singh,Female,48,Mumbai,Andhra Pradesh,10,Silver,2024-07-06,neha.singh131@gmail.com,9723087138.0,Active
3456,Rohan Verma,Female,56,Chennai,Telangana,13,Premium,2021-10-04,rohan.verma751@gmail.com,9205490255.0,Active
3457,Riya Reddy,Female,22,Bengaluru,Kerala,9,Silver,2023-08-22,riya.reddy536@gmail.com,9692484847.0,
3458,Ananya Verma,Female,67,Pune,West Bengal,15,Gold,2024-02-23,ananya.verma162@gmail.com,9758325069.0,Active
3459,Kavya Singh,Female,31,Ahmedabad,Maharashtra,10,Regular,2020-06-04,kavya.singh77@gmail.com,9239460483.0,Active
3460,Vivaan Verma,Female,57,Delhi,West Bengal,8,Silver,2020-05-12,vivaan.verma23@gmail.com,9492541873.0,Active
3461,Aarav Reddy,Female,51,Delhi,Gujarat,8,Gold,2025-12-31,aarav.reddy80@gmail.com,9564755877.0,Active
3462,Aisha Patel,Female,44,Delhi,Telangana,23,Gold,2023-05-13,aisha.patel817@gmail.com,9777969907.0,Active
3463,Meera Patel,Female,27,Delhi,Andhra Pradesh,1,Regular,2022-04-12,meera.patel578@gmail.com,9770427757.0,active
3464,Kavya Kumar,Female,41,Chennai,Uttar Pradesh,12,Premium,2020-01-06,kavya.kumar720@gmail.com,9460989347.0,Active
3465,Vivaan Nair,Female,54,Chennai,Telangana,12,Gold,2024-04-28,vivaan.nair534@gmail.com,9782405513.0,Active
3466,Rahul Verma,Male,23,Chennai,Telangana,5,Silver,2025-08-03,rahul.verma366@gmail.com,9454052203.0,Active
3467,Aarav Sharma,Male,46,Mumbai,Karnataka,11,Gold,2025-10-29,aarav.sharma727@gmail.com,9308239436.0,Active
3468,Aditya Verma,Male,41,Ahmedabad,Tamil Nadu,22,Regular,2022-02-25,aditya.verma824@gmail.com,9895423791.0,ACTIVE
3469,Ishaan Patel,Male,65,Ahmedabad,Tamil Nadu,17,Silver,2021-09-01,ishaan.patel257@gmail.com,9413456499.0,Inactive
3470,Priya Patel,Female,65,Ahmedabad,Karnataka,10,Premium,2022-07-09,priya.patel932@gmail.com,9719154344.0,Active
3471,Rohan Verma,Male,56,Ahmedabad,Karnataka,10,Silver,2024-08-05,rohan.verma433@gmail.com,9797447070.0,Active
3472,Aisha Gupta,Male,46,Chennai,Maharashtra,17,Regular,2022-06-23,aisha.gupta699@gmail.com,9061266914.0,Active
3473,Aditya Singh,Female,68,Chennai,Tamil Nadu,20,Silver,2022-09-11,aditya.singh651@gmail.com,9805504956.0,Active
3474,Vikram Joshi,Female,24,Delhi,Karnataka,1,Gold,2025-12-19,vikram.joshi403@gmail.com,9861838071.0,Inactive
3475,Aditya Singh,Female,60,Chennai,Uttar Pradesh,6,Silver,2023-06-02,aditya.singh548@gmail.com,9227532242.0,Active
3476,Aisha Verma,Female,46,Delhi,Tamil Nadu,25,Regular,2020-06-07,aisha.verma515@gmail.com,9322709123.0,active
3477,Ishaan Rao,Female,69,Delhi,West Bengal,4,Premium,2020-01-21,ishaan.rao707@gmail.com,9201685357.0,Active
3478,Kavya Sharma,Male,48,Ahmedabad,Kerala,12,Regular,2025-03-19,kavya.sharma758@gmail.com,9636960052.0,Active
3479,Diya Patel,Female,58,Mumbai,Kerala,27,Premium,2023-07-25,diya.patel526@gmail.com,9755983885.0,Active
3480,Ananya Verma,Male,46,Bengaluru,West Bengal,25,Gold,2025-07-29,ananya.verma867@gmail.com,9821739606.0,Active
3481,Vivaan Sharma,Male,43,Chennai,Kerala,1,Gold,2024-08-05,vivaan.sharma712@gmail.com,9707801847.0,Active
3482,Ananya Reddy,Female,61,Hyderabad,Karnataka,3,Regular,2023-02-16,ananya.reddy781@gmail.com,9539662917.0,Active
3483,Diya Sharma,Male,39,Hyderabad,Kerala,9,Regular,2025-06-27,diya.sharma378@gmail.com,9077881285.0,Active
3484,Aditya Sharma,Female,54,Kolkata,Telangana,15,Regular,2020-03-15,aditya.sharma424@gmail.com,9993542954.0,Active
3485,Kavya Nair,Female,26,Bengaluru,Telangana,6,Regular,2024-10-30,kavya.nair591@gmail.com,9844618493.0,Active
3486,Vivaan Nair,Male,70,Kolkata,Karnataka,8,Premium,2022-01-17,vivaan.nair846@gmail.com,9536973821.0,Active
3487,Diya Sharma,Male,60,Ahmedabad,Maharashtra,8,Regular,2024-06-17,diya.sharma317@gmail.com,9121729124.0,Active
3488,Rohan Gupta,Female,68,Hyderabad,Gujarat,24,Silver,2023-06-04,rohan.gupta232@gmail.com,9329496281.0,Active
3489,Aarav Patel,Female,40,Kolkata,Tamil Nadu,26,Silver,2025-06-07,aarav.patel429@gmail.com,9111858314.0,Active
3490,Arjun Patel,Male,61,Bengaluru,Karnataka,23,Regular,2020-07-05,arjun.patel788@gmail.com,9342737751.0,Active
3491,Rahul Nair,Female,18,Hyderabad,Delhi,6,Gold,2023-02-24,rahul.nair497@gmail.com,9403163829.0,Active
3492,Riya Verma,Male,28,Mumbai,West Bengal,29,Regular,2024-11-13,riya.verma485@gmail.com,9542677564.0,ACTIVE
3493,Vivaan Joshi,Male,36,Chennai,Karnataka,18,Regular,2023-11-29,vivaan.joshi567@gmail.com,9593129781.0,Active
3494,Ananya Nair,Male,58,Hyderabad,Maharashtra,5,Regular,2023-12-29,ananya.nair14@gmail.com,9794901517.0,Active
3495,Ananya Reddy,Male,52,Delhi,Karnataka,21,Gold,2024-08-05,ananya.reddy30@gmail.com,9239130667.0,Inactive
3496,Aditya Rao,Female,35,Hyderabad,Telangana,23,Regular,2024-08-27,aditya.rao640@gmail.com,9574410994.0,Active
3497,Vivaan Patel,Male,24,Bengaluru,Uttar Pradesh,16,Regular,2024-02-05,vivaan.patel732@gmail.com,9920974013.0,Active
3498,Rahul Reddy,Female,33,Kolkata,Telangana,16,Silver,2025-11-07,rahul.reddy830@gmail.com,9873554862.0,Active
3499,Neha Kumar,Male,36,Kolkata,Delhi,30,Gold,2025-05-26,neha.kumar106@gmail.com,9773138610.0,Active
3500,Riya Gupta,Female,21,Chennai,Uttar Pradesh,12,Premium,2024-03-09,riya.gupta264@gmail.com,9635376871.0,Active
3501,Ishaan Reddy,Female,67,Mumbai,Tamil Nadu,8,Regular,2022-09-02,ishaan.reddy519@gmail.com,9865357658.0,Active
3502,Meera Patel,Female,55,Mumbai,Andhra Pradesh,28,Regular,2023-03-19,meera.patel527@gmail.com,9145962210.0,Active
3503,Rahul Reddy,Male,59,Pune,Uttar Pradesh,1,Silver,2020-10-25,rahul.reddy661@gmail.com,9087921525.0,Active
3504,Vivaan Gupta,Female,68,Mumbai,Telangana,29,Regular,2021-11-24,vivaan.gupta107@gmail.com,9752428450.0,Active
3505,Ishaan Reddy,Male,28,Kolkata,West Bengal,27,Silver,2024-11-30,ishaan.reddy704@gmail.com,9378519383.0,Active
3506,Sai Kumar,Male,48,Mumbai,Gujarat,1,Gold,2025-02-15,sai.kumar533@gmail.com,9711628168.0,
3507,Meera Rao,Female,18,Mumbai,Uttar Pradesh,17,Premium,2024-10-14,meera.rao294@gmail.com,9062575880.0,active
3508,Vivaan Patel,Male,49,Ahmedabad,Gujarat,28,Silver,2022-03-24,vivaan.patel881@gmail.com,9063873385.0,Active
3509,Neha Sharma,Female,65,Bengaluru,West Bengal,11,Silver,2023-11-27,neha.sharma9@gmail.com,9006382996.0,Active
3510,Vivaan Singh,Female,60,Mumbai,Maharashtra,1,Regular,2020-08-29,vivaan.singh749@gmail.com,9946019741.0,Active
3511,Rohan Verma,Male,40,Kolkata,Tamil Nadu,25,Silver,2024-12-23,rohan.verma97@gmail.com,9085357624.0,Active
3512,Nikhil Sharma,Female,54,Bengaluru,Andhra Pradesh,25,Regular,2023-02-04,nikhil.sharma622@gmail.com,9332227820.0,
3513,Arjun Gupta,Male,53,Kolkata,Gujarat,22,Silver,2025-01-13,arjun.gupta709@gmail.com,9930286623.0,Active
3514,Ishaan Joshi,Male,68,Kolkata,Uttar Pradesh,3,Premium,2020-09-29,ishaan.joshi143@gmail.com,9935775156.0,Active
3515,Kavya Gupta,Male,67,Delhi,Kerala,29,Silver,2022-03-29,kavya.gupta187@gmail.com,9090169037.0,Active
3516,Sneha Rao,Male,57,Chennai,Tamil Nadu,17,Silver,2021-06-20,sneha.rao291@gmail.com,9239329686.0,Active
3517,Rahul Gupta,Female,65,Delhi,Telangana,14,Premium,2024-03-21,rahul.gupta293@gmail.com,9861180605.0,Active
3518,Aditya Reddy,Male,47,Hyderabad,West Bengal,25,Regular,2024-07-15,aditya.reddy534@gmail.com,9917792940.0,Active
3519,Rahul Reddy,Female,68,Kolkata,Karnataka,18,Regular,2022-01-31,rahul.reddy359@gmail.com,9331854454.0,Active
3520,Riya Patel,Male,44,Bengaluru,Maharashtra,27,Regular,2020-08-27,riya.patel632@gmail.com,9550448557.0,Active
3521,Rohan Reddy,Male,70,Chennai,Maharashtra,30,Gold,2024-12-25,rohan.reddy683@gmail.com,9981969781.0,Active
3522,Arjun Reddy,Female,56,Chennai,Karnataka,6,Regular,2025-11-26,arjun.reddy936@gmail.com,9858806134.0,Active
3523,Kiran Nair,Female,63,Hyderabad,Maharashtra,12,Premium,2023-03-23,kiran.nair908@gmail.com,9976069364.0,Active
3524,Meera Kumar,Male,33,Kolkata,Gujarat,11,Premium,2023-03-15,meera.kumar876@gmail.com,9668694475.0,Active
3525,Aditya Kumar,Male,43,Ahmedabad,Kerala,12,Premium,2021-04-17,aditya.kumar195@gmail.com,9020108764.0,Active
3526,Ananya Reddy,Male,39,Hyderabad,Tamil Nadu,28,Silver,2020-02-21,ananya.reddy220@gmail.com,9948183949.0,Active
3527,Aisha Gupta,Male,18,Mumbai,Andhra Pradesh,12,Regular,2021-12-05,aisha.gupta120@gmail.com,9986726452.0,Active
3528,Nikhil Singh,Male,54,Pune,Uttar Pradesh,3,Regular,2024-03-03,nikhil.singh521@gmail.com,9754321803.0,Active
3529,Ananya Kumar,Male,65,Ahmedabad,Maharashtra,18,Silver,2020-12-03,ananya.kumar764@gmail.com,9029740883.0,active
3530,Rahul Gupta,Male,55,Chennai,Delhi,15,Regular,2024-08-13,rahul.gupta389@gmail.com,9685071404.0,Active
3531,Sneha Rao,Female,64,Pune,Telangana,11,Regular,2022-04-17,sneha.rao571@gmail.com,9477160569.0,Inactive
3532,Vivaan Rao,Female,33,Delhi,West Bengal,10,Premium,2023-07-16,vivaan.rao775@gmail.com,9402989001.0,
3533,Kavya Verma,Female,41,Hyderabad,Kerala,17,Regular,2024-05-18,kavya.verma631@gmail.com,9574479592.0,Active
3534,Rohan Singh,Male,44,Ahmedabad,Uttar Pradesh,20,Silver,2020-06-23,rohan.singh754@gmail.com,9247199532.0,Active
3535,Priya Gupta,Female,44,Kolkata,Gujarat,11,Gold,2021-09-03,priya.gupta500@gmail.com,9640795166.0,Active
3536,Meera Gupta,Female,35,Chennai,Delhi,18,Gold,2020-03-03,meera.gupta127@gmail.com,9066336102.0,Active
3537,Diya Gupta,Male,28,Kolkata,Kerala,23,Regular,2020-04-25,diya.gupta457@gmail.com,9683979406.0,Active
3538,Neha Rao,Male,60,Bengaluru,Gujarat,23,Gold,2022-07-08,neha.rao974@gmail.com,9383884465.0,Active
3539,Vivaan Sharma,Male,62,Mumbai,Uttar Pradesh,29,Premium,2023-10-04,vivaan.sharma995@gmail.com,9387295844.0,Active
3540,Kavya Kumar,Female,58,Bengaluru,Telangana,20,Regular,2023-05-19,kavya.kumar67@gmail.com,9015239052.0,
3541,Meera Kumar,Female,64,Ahmedabad,Maharashtra,27,Gold,2022-06-04,meera.kumar637@gmail.com,9964930625.0,Active
3542,Kiran Joshi,Female,52,Hyderabad,Karnataka,19,Gold,2023-05-30,kiran.joshi627@gmail.com,9024594543.0,Active
3543,Nikhil Reddy,Female,48,Chennai,West Bengal,2,Premium,2020-03-30,nikhil.reddy130@gmail.com,9914050808.0,Active
3544,Sai Singh,Female,23,Delhi,Tamil Nadu,6,Premium,2022-12-18,sai.singh877@gmail.com,9411986154.0,Active
3545,Ishaan Patel,Female,22,Pune,Maharashtra,3,Gold,2022-04-08,ishaan.patel546@gmail.com,9912670978.0,Active
3546,Neha Sharma,Female,65,Chennai,Gujarat,25,Regular,2024-01-15,neha.sharma898@gmail.com,9677316700.0,Active
3547,Vivaan Kumar,Male,22,Kolkata,Maharashtra,7,Regular,2020-02-12,vivaan.kumar384@gmail.com,9227208865.0,ACTIVE
3548,Aarav Nair,Female,38,Mumbai,Kerala,13,Regular,2021-08-03,aarav.nair464@gmail.com,9176131541.0,Active
3549,Meera Reddy,Male,31,Ahmedabad,Gujarat,10,Premium,2025-08-11,meera.reddy960@gmail.com,9642414353.0,Active
3550,Nikhil Singh,Male,24,Delhi,Telangana,5,Regular,2025-07-11,nikhil.singh994@gmail.com,9746720331.0,Inactive
3551,Vivaan Gupta,Female,21,Chennai,Gujarat,9,Silver,2025-06-23,vivaan.gupta549@gmail.com,9211749663.0,ACTIVE
3552,Aarav Joshi,Male,69,Kolkata,Uttar Pradesh,8,Gold,2024-01-29,aarav.joshi119@gmail.com,9508831463.0,
3553,Priya Sharma,Female,59,Mumbai,Kerala,15,Premium,2021-01-23,priya.sharma276@gmail.com,9194622655.0,Active
3554,Sneha Sharma,Female,24,Mumbai,Kerala,24,Regular,2023-01-17,sneha.sharma449@gmail.com,9918612467.0,Active
3555,Kiran Gupta,Male,67,Hyderabad,West Bengal,7,Gold,2021-04-24,kiran.gupta868@gmail.com,9992745973.0,ACTIVE
3556,Vivaan Joshi,Female,31,Ahmedabad,Maharashtra,18,Premium,2021-04-27,vivaan.joshi255@gmail.com,9329108237.0,Active
3557,Priya Singh,Female,40,Mumbai,Andhra Pradesh,12,Gold,2024-12-23,priya.singh314@gmail.com,9811755722.0,Active
3558,Sai Nair,Male,47,Hyderabad,Andhra Pradesh,17,Premium,2020-03-07,sai.nair407@gmail.com,9871472683.0,Active
3559,Ishaan Reddy,Male,53,Ahmedabad,Karnataka,10,Premium,2024-06-25,ishaan.reddy671@gmail.com,9158203608.0,Active
3560,Ananya Sharma,Male,47,Mumbai,Delhi,15,Regular,2022-06-28,ananya.sharma694@gmail.com,9097736262.0,Active
3561,Arjun Kumar,Male,30,Chennai,Andhra Pradesh,20,Regular,2023-04-22,arjun.kumar966@gmail.com,9018976107.0,Active
3562,Riya Nair,Female,32,Bengaluru,Gujarat,5,Premium,2025-08-05,riya.nair163@gmail.com,9413398140.0,active
3563,Sai Verma,Female,29,Ahmedabad,Uttar Pradesh,24,Silver,2021-11-01,sai.verma174@gmail.com,9161983154.0,Active
3564,Sneha Verma,Male,39,Chennai,Delhi,24,Gold,2022-02-07,sneha.verma658@gmail.com,9537890269.0,Active
3565,Rohan Gupta,Male,61,Kolkata,Tamil Nadu,27,Regular,2022-03-15,rohan.gupta850@gmail.com,9596552331.0,Active
3566,Vivaan Gupta,Male,59,Delhi,West Bengal,24,Regular,2025-06-28,vivaan.gupta44@gmail.com,9203849440.0,Active
3567,Aisha Nair,Male,57,Delhi,Maharashtra,25,Silver,2020-12-25,aisha.nair595@gmail.com,9165799570.0,Active
3568,Rahul Gupta,Female,39,Bengaluru,Tamil Nadu,24,Silver,2023-01-11,rahul.gupta504@gmail.com,9377832510.0,
3569,Aditya Patel,Male,70,Ahmedabad,West Bengal,22,Silver,2020-09-02,aditya.patel603@gmail.com,9750398722.0,Active
3570,Aditya Patel,Female,39,Pune,Telangana,18,Regular,2024-04-04,aditya.patel707@gmail.com,9856437365.0,Active
3571,Aisha Verma,Female,43,Pune,Uttar Pradesh,24,Premium,2020-05-31,aisha.verma572@gmail.com,9727184848.0,Active
3572,Nikhil Sharma,Male,36,Pune,Tamil Nadu,27,Regular,2022-08-09,nikhil.sharma659@gmail.com,9860966854.0,Active
3573,Riya Reddy,Female,53,Hyderabad,Tamil Nadu,8,Regular,2022-03-11,riya.reddy570@gmail.com,9520371340.0,
3574,Rahul Singh,Female,32,Pune,Uttar Pradesh,4,Regular,2021-12-13,rahul.singh595@gmail.com,9230839287.0,Active
3575,Priya Joshi,Male,25,Delhi,West Bengal,5,Regular,2021-07-17,priya.joshi996@gmail.com,9843019921.0,Active
3576,Aarav Singh,Female,19,Chennai,Uttar Pradesh,10,Regular,2022-07-09,aarav.singh839@gmail.com,9141070964.0,active
3577,Riya Joshi,Female,23,Ahmedabad,Tamil Nadu,3,Gold,2020-09-22,riya.joshi933@gmail.com,9395551300.0,Active
3578,Sai Reddy,Male,61,Delhi,Uttar Pradesh,24,Regular,2025-11-16,sai.reddy602@gmail.com,9552511588.0,Active
3579,Aarav Kumar,Male,26,Hyderabad,Uttar Pradesh,28,Regular,2024-06-07,aarav.kumar911@gmail.com,9693524315.0,active
3580,Vikram Reddy,Female,66,Kolkata,West Bengal,2,Gold,2022-08-26,vikram.reddy799@gmail.com,9491819622.0,ACTIVE
3581,Ananya Joshi,Female,24,Delhi,Delhi,19,Silver,2025-09-30,ananya.joshi658@gmail.com,9850666364.0,Active
3582,Aditya Nair,Female,34,Hyderabad,Kerala,19,Gold,2022-07-06,aditya.nair521@gmail.com,9050104119.0,Active
3583,Meera Singh,Female,45,Ahmedabad,Uttar Pradesh,25,Silver,2021-03-13,meera.singh879@gmail.com,9379083703.0,Active
3584,Nikhil Joshi,Female,48,Delhi,Gujarat,20,Gold,2022-02-10,nikhil.joshi372@gmail.com,9415395298.0,Active
3585,Vikram Verma,Male,49,Delhi,Karnataka,29,Regular,2021-09-09,vikram.verma924@gmail.com,9972611534.0,Active
3586,Sai Reddy,Female,60,Hyderabad,Maharashtra,11,Premium,2025-09-12,sai.reddy398@gmail.com,9143709841.0,Active
3587,Priya Kumar,Female,26,Ahmedabad,West Bengal,8,Gold,2023-05-25,priya.kumar595@gmail.com,9184699000.0,Active
3588,Neha Gupta,Male,22,Bengaluru,Uttar Pradesh,14,Regular,2020-03-04,neha.gupta516@gmail.com,9078014360.0,
3589,Vikram Kumar,Male,57,Hyderabad,Telangana,8,Regular,2021-09-24,vikram.kumar199@gmail.com,9406249074.0,active
3590,Vikram Sharma,Male,64,Hyderabad,West Bengal,21,Regular,2025-02-19,vikram.sharma2@gmail.com,9618235753.0,Inactive
3591,Neha Sharma,Male,34,Kolkata,Tamil Nadu,24,Silver,2021-11-03,neha.sharma924@gmail.com,9605721699.0,Active
3592,Vikram Reddy,Female,21,Mumbai,Delhi,4,Regular,2025-02-19,vikram.reddy317@gmail.com,9194189193.0,Active
3593,Nikhil Singh,Female,70,Delhi,Kerala,18,Regular,2023-12-11,nikhil.singh288@gmail.com,9866088344.0,Active
3594,Neha Patel,Female,53,Chennai,Kerala,15,Silver,2025-01-06,neha.patel986@gmail.com,9032363983.0,Active
3595,Vikram Patel,Female,19,Kolkata,Delhi,1,Silver,2023-02-13,vikram.patel53@gmail.com,9593820013.0,Active
3596,Arjun Sharma,Male,28,Chennai,Kerala,29,Gold,2020-03-25,arjun.sharma540@gmail.com,9608255987.0,Active
3597,Nikhil Rao,Female,45,Pune,Delhi,27,Gold,2025-10-19,nikhil.rao238@gmail.com,9540069705.0,ACTIVE
3598,Ananya Patel,Male,40,Pune,Tamil Nadu,9,Regular,2024-07-18,ananya.patel207@gmail.com,9065461274.0,Active
3599,Kiran Joshi,Male,45,Mumbai,West Bengal,24,Regular,2022-02-28,kiran.joshi611@gmail.com,9747777391.0,Active
3600,Ishaan Nair,Male,24,Bengaluru,West Bengal,26,Gold,2020-10-23,ishaan.nair173@gmail.com,9470182540.0,Active
3601,Nikhil Joshi,Female,45,Delhi,Maharashtra,6,Gold,2020-12-29,nikhil.joshi929@gmail.com,9793624773.0,Active
3602,Aditya Gupta,Male,69,Bengaluru,Telangana,26,Gold,2025-04-13,aditya.gupta14@gmail.com,9830407532.0,Active
3603,Nikhil Reddy,Female,20,Chennai,Tamil Nadu,9,Silver,2022-07-19,nikhil.reddy204@gmail.com,9843108123.0,Active
3604,Meera Reddy,Male,37,Pune,Kerala,4,Gold,2024-12-06,meera.reddy60@gmail.com,9622944554.0,Active
3605,Meera Rao,Female,47,Bengaluru,Kerala,1,Gold,2022-03-24,meera.rao841@gmail.com,9430951382.0,Active
3606,Meera Reddy,Male,67,Bengaluru,Karnataka,18,Gold,2022-05-07,meera.reddy634@gmail.com,9880900388.0,Active
3607,Kiran Singh,Male,43,Bengaluru,Karnataka,29,Silver,2025-04-11,kiran.singh60@gmail.com,9881482959.0,Active
3608,Neha Joshi,Male,52,Pune,Andhra Pradesh,30,Gold,2021-12-09,neha.joshi730@gmail.com,9021433401.0,Active
3609,Arjun Sharma,Male,29,Delhi,West Bengal,25,Silver,2020-11-29,arjun.sharma658@gmail.com,9000891046.0,Active
3610,Arjun Kumar,Female,35,Bengaluru,Tamil Nadu,1,Premium,2021-01-01,arjun.kumar397@gmail.com,9580432632.0,Active
3611,Rahul Patel,Female,29,Delhi,Kerala,30,Silver,2025-01-11,rahul.patel200@gmail.com,9169984590.0,Active
3612,Ishaan Singh,Male,34,Bengaluru,Andhra Pradesh,23,Regular,2023-06-09,ishaan.singh419@gmail.com,9110254910.0,Active
3613,Arjun Verma,Male,21,Kolkata,West Bengal,10,Gold,2023-08-31,arjun.verma537@gmail.com,9891097227.0,Active
3614,Sai Singh,Female,33,Mumbai,Tamil Nadu,5,Regular,2024-07-09,sai.singh489@gmail.com,9743719741.0,Active
3615,Rahul Reddy,Female,31,Chennai,Tamil Nadu,13,Gold,2020-12-21,rahul.reddy763@gmail.com,9712671650.0,Inactive
3616,Neha Reddy,Male,34,Mumbai,Uttar Pradesh,28,Silver,2021-08-08,neha.reddy57@gmail.com,9819061892.0,Active
3617,Diya Sharma,Female,52,Chennai,Kerala,4,Silver,2024-11-14,diya.sharma210@gmail.com,9746007928.0,
3618,Aarav Singh,Female,25,Bengaluru,Telangana,13,Regular,2021-07-25,aarav.singh928@gmail.com,9930573789.0,Active
3619,Sneha Reddy,Male,45,Chennai,Kerala,23,Regular,2025-04-06,sneha.reddy245@gmail.com,9132496732.0,Active
3620,Rahul Patel,Male,48,Chennai,Gujarat,8,Regular,2023-04-04,rahul.patel533@gmail.com,9655230195.0,Active
3621,Sai Singh,Female,59,Chennai,Uttar Pradesh,1,Gold,2022-05-23,sai.singh462@gmail.com,9769282802.0,Active
3622,Neha Joshi,Female,45,Hyderabad,Telangana,15,Silver,2024-11-15,neha.joshi588@gmail.com,9161923259.0,Active
3623,Rohan Reddy,Female,24,Delhi,Gujarat,2,Regular,2022-03-07,rohan.reddy529@gmail.com,9860440062.0,Active
3624,Aditya Singh,Female,44,Mumbai,Delhi,15,Silver,2025-03-07,aditya.singh60@gmail.com,9385527918.0,Active
3625,Rahul Rao,Female,60,Ahmedabad,Karnataka,29,Regular,2025-04-11,rahul.rao199@gmail.com,9210351800.0,Active
3626,Ishaan Sharma,Female,37,Ahmedabad,Andhra Pradesh,1,Gold,2022-02-06,ishaan.sharma234@gmail.com,9101392273.0,Active
3627,Aarav Rao,Male,57,Pune,Tamil Nadu,21,Gold,2023-09-21,aarav.rao103@gmail.com,9166255545.0,Active
3628,Aisha Verma,Female,24,Delhi,Telangana,26,Silver,2020-03-25,aisha.verma226@gmail.com,9022557381.0,Active
3629,Arjun Sharma,Female,58,Chennai,Telangana,15,Premium,2024-05-25,arjun.sharma41@gmail.com,9151665786.0,Active
3630,Aditya Gupta,Female,58,Kolkata,Karnataka,24,Regular,2024-03-06,aditya.gupta246@gmail.com,9974449230.0,Inactive
3631,Kiran Gupta,Female,22,Delhi,Karnataka,19,Regular,2021-07-30,kiran.gupta843@gmail.com,9301840503.0,Active
3632,Kiran Sharma,Female,21,Hyderabad,Andhra Pradesh,30,Premium,2020-08-22,kiran.sharma375@gmail.com,9323555548.0,Active
3633,Neha Reddy,Female,43,Chennai,Maharashtra,10,Regular,2024-05-03,neha.reddy615@gmail.com,9349318239.0,Active
3634,Nikhil Joshi,Female,68,Ahmedabad,West Bengal,22,Gold,2022-03-09,nikhil.joshi555@gmail.com,9777584850.0,Active
3635,Rahul Nair,Male,49,Mumbai,Telangana,19,Silver,2023-08-13,rahul.nair32@gmail.com,9935495016.0,Active
3636,Vikram Gupta,Male,67,Delhi,West Bengal,26,Silver,2020-08-09,vikram.gupta352@gmail.com,9559834645.0,Active
3637,Kiran Rao,Male,30,Bengaluru,Karnataka,12,Premium,2023-05-14,kiran.rao341@gmail.com,9658465208.0,Active
3638,Ananya Joshi,Female,30,Kolkata,Gujarat,5,Regular,2021-05-01,ananya.joshi726@gmail.com,9534296528.0,Active
3639,Aditya Kumar,Female,44,Delhi,Andhra Pradesh,8,Regular,2024-07-13,aditya.kumar885@gmail.com,9463109049.0,Active
3640,Meera Joshi,Male,69,Kolkata,Maharashtra,24,Gold,2023-04-15,meera.joshi478@gmail.com,9841826900.0,
3641,Kavya Nair,Male,34,Pune,Karnataka,9,Silver,2020-09-11,kavya.nair165@gmail.com,9203084949.0,Active
3642,Rohan Patel,Male,50,Hyderabad,Gujarat,27,Regular,2023-04-08,rohan.patel955@gmail.com,9422448255.0,ACTIVE
3643,Aisha Rao,Female,69,Pune,Andhra Pradesh,25,Regular,2022-09-05,aisha.rao71@gmail.com,9731806955.0,Inactive
3644,Riya Nair,Female,40,Ahmedabad,Andhra Pradesh,29,Silver,2025-07-06,riya.nair419@gmail.com,9907372608.0,Active
3645,Meera Rao,Female,67,Kolkata,Andhra Pradesh,26,Regular,2021-06-01,meera.rao20@gmail.com,9840417514.0,Active
3646,Riya Sharma,Male,40,Pune,Delhi,29,Silver,2020-04-03,riya.sharma943@gmail.com,9942208128.0,Active
3647,Kiran Sharma,Male,42,Delhi,Maharashtra,21,Regular,2021-03-04,kiran.sharma201@gmail.com,9573654429.0,Active
3648,Riya Sharma,Male,44,Chennai,Telangana,7,Silver,2025-10-04,riya.sharma444@gmail.com,9765112875.0,Active
3649,Vikram Nair,Male,47,Delhi,Andhra Pradesh,7,Silver,2022-05-16,vikram.nair209@gmail.com,9111485059.0,Active
3650,Aarav Reddy,Female,67,Kolkata,Andhra Pradesh,29,Regular,2022-12-27,aarav.reddy934@gmail.com,9008392052.0,Active
3651,Kiran Sharma,Male,40,Chennai,Telangana,17,Silver,2023-04-27,kiran.sharma962@gmail.com,9595432888.0,Active
3652,Sneha Verma,Male,45,Chennai,Tamil Nadu,22,Silver,2021-07-15,sneha.verma444@gmail.com,9941993978.0,Active
3653,Vikram Patel,Male,30,Delhi,Maharashtra,4,Premium,2020-12-20,vikram.patel820@gmail.com,9341244707.0,Active
3654,Rahul Sharma,Male,49,Chennai,West Bengal,3,Regular,2025-05-05,rahul.sharma735@gmail.com,9595557771.0,Active
3655,Kavya Nair,Male,68,Ahmedabad,Kerala,23,Gold,2025-10-09,kavya.nair439@gmail.com,9727845599.0,Active
3656,Riya Gupta,Male,50,Pune,Maharashtra,8,Premium,2023-07-29,riya.gupta741@gmail.com,9050575801.0,Active
3657,Rahul Nair,Female,42,Delhi,Maharashtra,25,Regular,2023-10-23,rahul.nair734@gmail.com,9213135113.0,Active
3658,Riya Singh,Female,33,Pune,Uttar Pradesh,11,Silver,2021-03-05,riya.singh613@gmail.com,9661353691.0,Active
3659,Vivaan Kumar,Male,19,Mumbai,Delhi,14,Premium,2020-06-15,vivaan.kumar820@gmail.com,9562533366.0,Active
3660,Sneha Gupta,Male,18,Delhi,Uttar Pradesh,26,Regular,2023-01-15,sneha.gupta450@gmail.com,9193781076.0,Active
3661,Nikhil Gupta,Female,70,Pune,Andhra Pradesh,28,Silver,2021-04-19,nikhil.gupta549@gmail.com,9017781689.0,Active
3662,Aditya Rao,Male,42,Mumbai,Gujarat,13,Regular,2021-02-07,aditya.rao35@gmail.com,9706383365.0,Active
3663,Vikram Nair,Male,24,Delhi,Kerala,22,Silver,2023-01-27,vikram.nair811@gmail.com,9114114523.0,Active
3664,Priya Gupta,Female,32,Pune,Uttar Pradesh,28,Regular,2025-01-03,priya.gupta248@gmail.com,9231117674.0,active
3665,Neha Verma,Male,31,Bengaluru,Tamil Nadu,29,Regular,2025-12-26,neha.verma967@gmail.com,9541737739.0,Active
3666,Nikhil Gupta,Male,30,Bengaluru,Uttar Pradesh,19,Gold,2024-01-28,nikhil.gupta769@gmail.com,9713838825.0,Active
3667,Arjun Verma,Female,34,Mumbai,Kerala,24,Silver,2024-12-28,arjun.verma798@gmail.com,9931121644.0,Active
3668,Neha Sharma,Male,70,Hyderabad,Delhi,15,Regular,2023-12-01,neha.sharma914@gmail.com,9035276718.0,Active
3669,Sai Reddy,Female,27,Bengaluru,Delhi,9,Gold,2022-08-01,sai.reddy467@gmail.com,9134848784.0,Active
3670,Sai Joshi,Male,35,Bengaluru,Maharashtra,29,Premium,2023-07-06,sai.joshi597@gmail.com,9451686582.0,Active
3671,Kavya Sharma,Female,58,Chennai,Telangana,22,Silver,2020-02-06,kavya.sharma722@gmail.com,9101026852.0,
3672,Vikram Patel,Male,51,Bengaluru,Gujarat,21,Regular,2020-10-10,vikram.patel600@gmail.com,9540990418.0,Active
3673,Nikhil Kumar,Male,65,Mumbai,West Bengal,5,Regular,2023-02-01,nikhil.kumar583@gmail.com,9010842577.0,Active
3674,Aisha Joshi,Female,42,Kolkata,Gujarat,16,Regular,2022-08-13,aisha.joshi341@gmail.com,9601114406.0,Active
3675,Kiran Kumar,Female,67,Pune,Uttar Pradesh,19,Silver,2023-12-31,kiran.kumar57@gmail.com,9174812738.0,Active
3676,Riya Sharma,Male,22,Ahmedabad,West Bengal,27,Regular,2021-06-25,riya.sharma453@gmail.com,9856583727.0,Active
3677,Aarav Sharma,Female,35,Pune,West Bengal,10,Regular,2023-10-11,aarav.sharma810@gmail.com,9415641543.0,Active
3678,Ananya Patel,Female,38,Delhi,Tamil Nadu,15,Regular,2025-06-23,ananya.patel282@gmail.com,9821690197.0,Active
3679,Sai Reddy,Male,60,Chennai,Gujarat,27,Regular,2024-09-07,sai.reddy857@gmail.com,9135698630.0,Active
3680,Aarav Kumar,Female,44,Bengaluru,Andhra Pradesh,15,Premium,2021-12-21,aarav.kumar328@gmail.com,9330947088.0,
3681,Aisha Singh,Female,41,Chennai,Karnataka,15,Regular,2023-06-29,aisha.singh561@gmail.com,9612076173.0,Active
3682,Priya Verma,Male,18,Kolkata,Telangana,27,Regular,2025-12-17,priya.verma186@gmail.com,9316436741.0,Active
3683,Riya Rao,Female,30,Chennai,Tamil Nadu,6,Silver,2024-01-10,riya.rao383@gmail.com,9421269206.0,Active
3684,Diya Singh,Male,23,Ahmedabad,Gujarat,29,Silver,2022-11-16,diya.singh78@gmail.com,9472549036.0,Active
3685,Rohan Joshi,Male,63,Mumbai,Tamil Nadu,29,Silver,2020-06-18,rohan.joshi320@gmail.com,9372089499.0,Active
3686,Rahul Joshi,Female,63,Bengaluru,Maharashtra,10,Regular,2021-02-17,rahul.joshi859@gmail.com,9532330178.0,Active
3687,Vikram Reddy,Male,69,Delhi,Gujarat,21,Premium,2022-09-14,vikram.reddy419@gmail.com,9677112317.0,Active
3688,Vivaan Gupta,Male,31,Ahmedabad,Karnataka,18,Premium,2025-02-06,vivaan.gupta580@gmail.com,9423375180.0,Active
3689,Diya Nair,Male,52,Ahmedabad,Andhra Pradesh,21,Silver,2021-04-19,diya.nair869@gmail.com,9852452743.0,Active
3690,Sai Patel,Male,51,Ahmedabad,West Bengal,13,Silver,2024-07-28,sai.patel393@gmail.com,9195118472.0,Active
3691,Sneha Rao,Male,32,Hyderabad,West Bengal,2,Regular,2023-05-04,sneha.rao388@gmail.com,9055476515.0,Active
3692,Arjun Rao,Male,24,Ahmedabad,Uttar Pradesh,3,Regular,2022-01-09,arjun.rao16@gmail.com,9718642342.0,Active
3693,Priya Reddy,Female,48,Kolkata,Delhi,25,Regular,2020-02-22,priya.reddy725@gmail.com,9079297016.0,Active
3694,Aarav Gupta,Female,36,Ahmedabad,Uttar Pradesh,22,Regular,2022-04-02,aarav.gupta5@gmail.com,9446147196.0,Active
3695,Ishaan Joshi,Female,27,Mumbai,Delhi,15,Silver,2025-09-01,ishaan.joshi583@gmail.com,9318767431.0,Active
3696,Rohan Sharma,Male,62,Delhi,Uttar Pradesh,5,Silver,2025-04-20,rohan.sharma840@gmail.com,9019146604.0,Active
3697,Kavya Verma,Female,36,Hyderabad,Andhra Pradesh,24,Regular,2020-11-30,kavya.verma704@gmail.com,9885395894.0,Active
3698,Neha Verma,Male,62,Mumbai,Maharashtra,2,Silver,2025-06-27,neha.verma107@gmail.com,9865313971.0,Active
3699,Ishaan Reddy,Male,27,Ahmedabad,Kerala,3,Regular,2025-12-06,ishaan.reddy903@gmail.com,9495342553.0,Active
3700,Priya Reddy,Female,46,Kolkata,Delhi,21,Regular,2020-10-20,priya.reddy221@gmail.com,9879848819.0,active
3701,Sai Reddy,Male,52,Bengaluru,Kerala,29,Silver,2022-06-20,sai.reddy240@gmail.com,9944858282.0,Active
3702,Sai Singh,Male,28,Mumbai,Tamil Nadu,27,Gold,2022-07-02,sai.singh144@gmail.com,9014200402.0,Active
3703,Ananya Kumar,Female,42,Hyderabad,Andhra Pradesh,7,Regular,2023-02-28,ananya.kumar456@gmail.com,9599576480.0,Active
3704,Sai Joshi,Male,45,Mumbai,Karnataka,28,Premium,2026-01-04,sai.joshi995@gmail.com,9503508000.0,Active
3705,Aarav Verma,Male,58,Delhi,Delhi,10,Regular,2023-10-01,aarav.verma801@gmail.com,9227091462.0,Active
3706,Sneha Singh,Male,47,Pune,West Bengal,20,Regular,2025-02-02,sneha.singh264@gmail.com,9830045934.0,Active
3707,Riya Patel,Male,28,Ahmedabad,Kerala,7,Regular,2023-08-23,riya.patel223@gmail.com,9073513478.0,Active
3708,Arjun Reddy,Male,41,Bengaluru,Kerala,1,Regular,2025-12-27,arjun.reddy974@gmail.com,9352662933.0,ACTIVE
3709,Vivaan Patel,Female,20,Mumbai,West Bengal,15,Premium,2022-07-31,vivaan.patel876@gmail.com,9811267808.0,Active
3710,Aarav Patel,Female,38,Kolkata,Uttar Pradesh,19,Gold,2022-10-29,aarav.patel654@gmail.com,9318113043.0,Active
3711,Ishaan Patel,Male,45,Delhi,Tamil Nadu,30,Premium,2021-08-05,ishaan.patel468@gmail.com,9624180094.0,Active
3712,Vikram Reddy,Female,52,Mumbai,Andhra Pradesh,1,Silver,2024-11-27,vikram.reddy435@gmail.com,9793606861.0,Active
3713,Sneha Patel,Female,64,Delhi,Uttar Pradesh,5,Gold,2020-09-23,sneha.patel430@gmail.com,9955505950.0,Active
3714,Nikhil Joshi,Female,55,Kolkata,Maharashtra,8,Silver,2020-09-14,nikhil.joshi463@gmail.com,9690515647.0,Active
3715,Aisha Gupta,Male,67,Delhi,Andhra Pradesh,21,Regular,2021-02-19,aisha.gupta55@gmail.com,9884619980.0,Active
3716,Ananya Joshi,Male,51,Bengaluru,Gujarat,20,Regular,2021-01-25,ananya.joshi282@gmail.com,9659509644.0,Active
3717,Kiran Gupta,Female,30,Mumbai,Gujarat,18,Gold,2025-12-20,kiran.gupta250@gmail.com,9208837758.0,Active
3718,Arjun Patel,Male,36,Bengaluru,Uttar Pradesh,14,Regular,2021-11-19,arjun.patel92@gmail.com,9906196923.0,Active
3719,Priya Singh,Female,43,Bengaluru,Gujarat,19,Silver,2025-12-29,priya.singh457@gmail.com,9659772022.0,Active
3720,Meera Singh,Male,35,Bengaluru,Tamil Nadu,10,Gold,2021-05-14,meera.singh954@gmail.com,9792615658.0,Active
3721,Riya Gupta,Female,35,Kolkata,Karnataka,5,Premium,2025-05-01,riya.gupta104@gmail.com,9006107798.0,active
3722,Aditya Gupta,Female,59,Hyderabad,Kerala,27,Gold,2025-03-01,aditya.gupta704@gmail.com,9838777831.0,Active
3723,Aditya Reddy,Male,62,Ahmedabad,Tamil Nadu,6,Silver,2022-09-23,aditya.reddy666@gmail.com,9260524315.0,Active
3724,Vivaan Sharma,Female,33,Chennai,Kerala,17,Regular,2025-06-02,vivaan.sharma689@gmail.com,9958464840.0,Active
3725,Meera Rao,Male,42,Pune,Maharashtra,27,Gold,2022-01-05,meera.rao675@gmail.com,9947127420.0,Active
3726,Kiran Gupta,Female,26,Hyderabad,Karnataka,8,Silver,2021-03-17,kiran.gupta156@gmail.com,9400653818.0,Active
3727,Ananya Verma,Female,32,Chennai,West Bengal,5,Premium,2024-10-13,ananya.verma242@gmail.com,9940351445.0,Active
3728,Vivaan Nair,Female,34,Delhi,Telangana,14,Premium,2025-03-19,vivaan.nair968@gmail.com,9855557570.0,Active
3729,Priya Joshi,Female,64,Chennai,Andhra Pradesh,3,Silver,2021-11-25,priya.joshi122@gmail.com,9789583364.0,Active
3730,Diya Singh,Female,34,Ahmedabad,Tamil Nadu,7,Silver,2023-09-26,diya.singh975@gmail.com,9994386701.0,ACTIVE
3731,Riya Gupta,Female,54,Pune,Tamil Nadu,10,Regular,2024-12-29,riya.gupta429@gmail.com,9881498864.0,Active
3732,Aisha Gupta,Female,31,Chennai,Uttar Pradesh,23,Silver,2023-05-25,aisha.gupta854@gmail.com,9164801671.0,Active
3733,Rohan Rao,Male,69,Mumbai,Gujarat,29,Gold,2022-08-07,rohan.rao372@gmail.com,9885115697.0,Active
3734,Diya Sharma,Female,69,Mumbai,Gujarat,9,Regular,2023-05-31,diya.sharma727@gmail.com,9109265280.0,Active
3735,Rahul Verma,Female,39,Ahmedabad,Karnataka,19,Premium,2025-01-22,rahul.verma876@gmail.com,9320011326.0,Active
3736,Ishaan Verma,Male,22,Ahmedabad,Uttar Pradesh,16,Regular,2024-10-07,ishaan.verma498@gmail.com,9959131237.0,ACTIVE
3737,Riya Verma,Female,22,Bengaluru,Gujarat,4,Gold,2020-09-20,riya.verma468@gmail.com,9904385930.0,Active
3738,Aditya Singh,Male,34,Hyderabad,Tamil Nadu,24,Premium,2023-09-17,aditya.singh785@gmail.com,9997237890.0,
3739,Nikhil Patel,Male,40,Pune,Maharashtra,23,Regular,2022-03-19,nikhil.patel347@gmail.com,9224015130.0,Active
3740,Ishaan Kumar,Male,46,Ahmedabad,Tamil Nadu,20,Silver,2021-11-24,ishaan.kumar918@gmail.com,9097296728.0,ACTIVE
3741,Meera Verma,Male,46,Bengaluru,Delhi,14,Gold,2022-04-07,meera.verma22@gmail.com,9463428943.0,Active
3742,Vivaan Gupta,Male,63,Delhi,Andhra Pradesh,29,Gold,2025-01-02,vivaan.gupta968@gmail.com,9090052373.0,Active
3743,Sai Kumar,Male,66,Bengaluru,Kerala,7,Premium,2020-03-02,sai.kumar515@gmail.com,9827930852.0,Active
3744,Aarav Singh,Male,40,Chennai,Tamil Nadu,1,Gold,2020-12-09,aarav.singh848@gmail.com,9880253352.0,Active
3745,Vivaan Gupta,Male,30,Pune,Andhra Pradesh,27,Regular,2021-09-05,vivaan.gupta996@gmail.com,9402931522.0,
3746,Ananya Nair,Female,39,Chennai,Telangana,8,Gold,2020-05-15,ananya.nair772@gmail.com,9740538506.0,Active
3747,Kiran Singh,Female,49,Ahmedabad,Tamil Nadu,13,Gold,2025-05-01,kiran.singh540@gmail.com,9668375374.0,Active
3748,Kiran Reddy,Female,44,Delhi,Karnataka,14,Regular,2021-02-28,kiran.reddy732@gmail.com,9758437175.0,Active
3749,Neha Nair,Female,64,Kolkata,Uttar Pradesh,18,Regular,2023-04-14,neha.nair743@gmail.com,9138614647.0,Active
3750,Vikram Kumar,Female,62,Mumbai,Maharashtra,23,Regular,2025-12-09,vikram.kumar120@gmail.com,9185828625.0,Active
3751,Vivaan Joshi,Male,52,Hyderabad,Kerala,3,Premium,2021-08-03,vivaan.joshi301@gmail.com,9207906601.0,Active
3752,Sneha Rao,Male,19,Pune,Gujarat,17,Premium,2023-08-10,sneha.rao152@gmail.com,9000481725.0,Active
3753,Ananya Patel,Female,50,Delhi,Delhi,19,Silver,2024-02-28,ananya.patel411@gmail.com,9462734648.0,Active
3754,Aditya Singh,Female,62,Hyderabad,Gujarat,21,Silver,2022-10-21,aditya.singh67@gmail.com,9210313365.0,Active
3755,Ananya Gupta,Male,42,Ahmedabad,Kerala,1,Gold,2022-02-20,ananya.gupta803@gmail.com,9380845390.0,Active
3756,Aditya Rao,Female,35,Ahmedabad,Kerala,24,Premium,2024-10-05,aditya.rao390@gmail.com,9060434689.0,Active
3757,Meera Rao,Male,28,Mumbai,Tamil Nadu,25,Regular,2024-10-17,meera.rao202@gmail.com,9796332384.0,Active
3758,Meera Sharma,Male,37,Bengaluru,Maharashtra,20,Gold,2021-10-18,meera.sharma848@gmail.com,9685176247.0,Active
3759,Ishaan Joshi,Male,34,Delhi,Tamil Nadu,23,Silver,2022-01-30,ishaan.joshi646@gmail.com,9812295664.0,Active
3760,Rahul Joshi,Female,62,Delhi,West Bengal,4,Regular,2023-01-22,rahul.joshi174@gmail.com,9966773665.0,Active
3761,Sai Patel,Male,45,Kolkata,Delhi,22,Regular,2021-03-21,sai.patel54@gmail.com,9719218744.0,Active
3762,Rohan Patel,Female,53,Ahmedabad,Telangana,6,Regular,2020-02-10,rohan.patel218@gmail.com,9277687875.0,Active
3763,Rohan Gupta,Male,70,Ahmedabad,Uttar Pradesh,2,Gold,2025-08-05,rohan.gupta512@gmail.com,9324125843.0,Active
3764,Rohan Patel,Female,26,Bengaluru,Tamil Nadu,29,Regular,2025-06-15,rohan.patel714@gmail.com,9315732192.0,Active
3765,Vivaan Rao,Male,70,Hyderabad,Karnataka,22,Regular,2021-11-07,vivaan.rao108@gmail.com,9210393547.0,Active
3766,Kiran Rao,Female,22,Chennai,West Bengal,4,Regular,2023-02-24,kiran.rao120@gmail.com,9375381255.0,ACTIVE
3767,Arjun Kumar,Female,46,Delhi,Andhra Pradesh,17,Gold,2023-05-09,arjun.kumar437@gmail.com,9371586962.0,
3768,Aarav Gupta,Male,65,Chennai,Karnataka,28,Silver,2023-05-03,aarav.gupta479@gmail.com,9188862114.0,Active
3769,Ishaan Verma,Male,46,Pune,Andhra Pradesh,27,Gold,2025-04-11,ishaan.verma189@gmail.com,9575024459.0,Active
3770,Kavya Gupta,Female,61,Mumbai,Kerala,2,Gold,2020-11-30,kavya.gupta650@gmail.com,9051542629.0,ACTIVE
3771,Vikram Kumar,Female,41,Chennai,Telangana,18,Silver,2020-01-10,vikram.kumar593@gmail.com,9632552501.0,Active
3772,Aarav Kumar,Female,68,Chennai,Delhi,4,Gold,2022-12-08,aarav.kumar519@gmail.com,9376727180.0,
3773,Rahul Reddy,Male,47,Pune,Delhi,24,Gold,2025-10-30,rahul.reddy908@gmail.com,9671739790.0,Active
3774,Meera Kumar,Male,33,Pune,Uttar Pradesh,11,Regular,2024-08-18,meera.kumar948@gmail.com,9063517706.0,Active
3775,Rohan Gupta,Female,65,Mumbai,Karnataka,17,Regular,2024-03-10,rohan.gupta394@gmail.com,9240569888.0,Active
3776,Sai Singh,Female,25,Pune,Maharashtra,19,Regular,2021-03-08,sai.singh388@gmail.com,9515564550.0,Active
3777,Aarav Joshi,Male,23,Hyderabad,Tamil Nadu,7,Regular,2020-11-15,aarav.joshi955@gmail.com,9040800096.0,Active
3778,Kavya Verma,Female,40,Ahmedabad,Delhi,27,Regular,2020-03-18,kavya.verma686@gmail.com,9050943888.0,Active
3779,Aditya Sharma,Male,65,Hyderabad,Kerala,26,Silver,2020-07-24,aditya.sharma935@gmail.com,9882784688.0,Active
3780,Aarav Singh,Female,61,Pune,Gujarat,10,Premium,2024-07-24,aarav.singh691@gmail.com,9722246781.0,Active
3781,Aisha Verma,Male,34,Kolkata,West Bengal,19,Regular,2023-03-05,aisha.verma371@gmail.com,9867080887.0,Active
3782,Arjun Singh,Male,56,Ahmedabad,Andhra Pradesh,27,Gold,2025-04-17,arjun.singh972@gmail.com,9913529173.0,
3783,Kiran Joshi,Male,49,Kolkata,Telangana,21,Regular,2023-12-26,kiran.joshi726@gmail.com,9481475348.0,Active
3784,Meera Joshi,Male,67,Pune,Gujarat,27,Regular,2023-06-02,meera.joshi766@gmail.com,9620406952.0,Active
3785,Kavya Gupta,Male,42,Chennai,Karnataka,19,Regular,2025-01-20,kavya.gupta831@gmail.com,9812482147.0,ACTIVE
3786,Priya Sharma,Male,39,Delhi,Andhra Pradesh,5,Regular,2020-09-17,priya.sharma677@gmail.com,9295075430.0,Active
3787,Aditya Gupta,Male,46,Hyderabad,Kerala,17,Silver,2025-04-05,aditya.gupta366@gmail.com,9466209415.0,Active
3788,Priya Verma,Male,26,Bengaluru,West Bengal,6,Silver,2023-07-30,priya.verma498@gmail.com,9070945519.0,Active
3789,Aisha Singh,Male,23,Delhi,Maharashtra,29,Silver,2025-06-02,aisha.singh726@gmail.com,9275660993.0,Active
3790,Sneha Reddy,Male,39,Kolkata,Telangana,22,Regular,2022-06-03,sneha.reddy889@gmail.com,9656719204.0,Active
3791,Rohan Nair,Female,43,Chennai,Telangana,8,Gold,2022-05-21,rohan.nair856@gmail.com,9804478238.0,Active
3792,Rahul Reddy,Male,21,Chennai,Gujarat,30,Premium,2022-08-03,rahul.reddy728@gmail.com,9693557086.0,Active
3793,Aisha Patel,Male,42,Mumbai,West Bengal,7,Gold,2023-08-06,aisha.patel873@gmail.com,9939384418.0,Active
3794,Ananya Rao,Female,28,Delhi,Delhi,23,Silver,2023-12-20,ananya.rao919@gmail.com,9131326178.0,Active
3795,Diya Singh,Male,56,Delhi,Uttar Pradesh,13,Regular,2023-06-28,diya.singh418@gmail.com,9056263466.0,Active
3796,Kavya Singh,Male,23,Bengaluru,Maharashtra,17,Regular,2024-07-19,kavya.singh374@gmail.com,9001333611.0,Active
3797,Vikram Sharma,Female,23,Ahmedabad,Gujarat,7,Regular,2021-08-29,vikram.sharma785@gmail.com,9939986900.0,Active
3798,Aditya Verma,Male,50,Ahmedabad,Delhi,6,Regular,2024-04-01,aditya.verma96@gmail.com,9782820663.0,Active
3799,Vivaan Reddy,Female,27,Chennai,West Bengal,6,Regular,2025-08-20,vivaan.reddy629@gmail.com,9633780993.0,Active
3800,Aisha Joshi,Male,46,Delhi,Uttar Pradesh,30,Silver,2020-08-07,aisha.joshi75@gmail.com,9003640266.0,Active
3801,Aisha Verma,Male,63,Kolkata,Maharashtra,7,Premium,2025-07-25,aisha.verma706@gmail.com,9391218990.0,Active
3802,Diya Sharma,Female,51,Chennai,Andhra Pradesh,10,Regular,2023-10-31,diya.sharma326@gmail.com,9044031920.0,
3803,Vikram Reddy,Male,19,Bengaluru,Delhi,11,Silver,2024-09-22,vikram.reddy10@gmail.com,9726410891.0,Active
3804,Rahul Patel,Male,54,Bengaluru,Telangana,11,Silver,2020-08-27,rahul.patel15@gmail.com,9070058444.0,Active
3805,Aisha Nair,Female,62,Ahmedabad,West Bengal,26,Regular,2025-03-19,aisha.nair220@gmail.com,9846412782.0,Active
3806,Meera Sharma,Male,47,Ahmedabad,Kerala,4,Regular,2022-03-11,meera.sharma9@gmail.com,9912147687.0,Active
3807,Rahul Rao,Male,63,Bengaluru,Maharashtra,26,Regular,2022-10-27,rahul.rao612@gmail.com,9847474371.0,Active
3808,Kiran Rao,Male,64,Pune,Telangana,18,Silver,2024-06-02,kiran.rao88@gmail.com,9703914379.0,Active
3809,Vivaan Gupta,Male,22,Mumbai,Telangana,19,Silver,2024-04-08,vivaan.gupta226@gmail.com,9603100984.0,Active
3810,Ishaan Kumar,Male,55,Delhi,Maharashtra,2,Silver,2020-02-02,ishaan.kumar707@gmail.com,9954167214.0,Active
3811,Arjun Singh,Female,20,Kolkata,Kerala,14,Silver,2024-05-08,arjun.singh917@gmail.com,9058017439.0,Active
3812,Vivaan Verma,Female,70,Delhi,Kerala,25,Regular,2022-01-12,vivaan.verma607@gmail.com,9292268710.0,Active
3813,Sai Nair,Male,24,Mumbai,Tamil Nadu,28,Regular,2023-01-14,sai.nair708@gmail.com,9355813840.0,Active
3814,Vikram Sharma,Male,20,Kolkata,Uttar Pradesh,8,Gold,2025-12-04,vikram.sharma773@gmail.com,9689947822.0,Active
3815,Priya Gupta,Male,58,Kolkata,Gujarat,1,Regular,2020-08-02,priya.gupta180@gmail.com,9656705441.0,Active
3816,Diya Gupta,Male,47,Mumbai,Gujarat,30,Premium,2021-07-19,diya.gupta213@gmail.com,9903406083.0,Active
3817,Ishaan Gupta,Female,65,Ahmedabad,Karnataka,15,Regular,2021-12-05,ishaan.gupta748@gmail.com,9898354193.0,Active
3818,Kavya Verma,Male,24,Delhi,Delhi,14,Premium,2025-10-22,kavya.verma600@gmail.com,9227631752.0,Active
3819,Priya Rao,Male,34,Delhi,Tamil Nadu,6,Silver,2021-08-11,priya.rao542@gmail.com,9910154690.0,Active
3820,Kiran Verma,Male,53,Hyderabad,Andhra Pradesh,7,Regular,2025-10-05,kiran.verma468@gmail.com,9474214455.0,Active
3821,Riya Sharma,Male,27,Mumbai,Kerala,22,Regular,2025-07-09,riya.sharma429@gmail.com,9959856072.0,Active
3822,Nikhil Gupta,Male,32,Mumbai,Telangana,28,Regular,2020-03-31,nikhil.gupta649@gmail.com,9622179457.0,Active
3823,Nikhil Reddy,Male,21,Bengaluru,Delhi,4,Premium,2020-03-03,nikhil.reddy548@gmail.com,9328472098.0,
3824,Ananya Reddy,Female,33,Mumbai,Tamil Nadu,19,Premium,2025-09-10,ananya.reddy71@gmail.com,9477116088.0,Active
3825,Aisha Reddy,Male,24,Mumbai,Andhra Pradesh,1,Regular,2021-02-06,aisha.reddy328@gmail.com,9722160784.0,Active
3826,Kavya Joshi,Male,49,Mumbai,Tamil Nadu,17,Silver,2023-04-09,kavya.joshi11@gmail.com,9463160851.0,Active
3827,Rahul Sharma,Male,27,Chennai,Kerala,11,Regular,2022-10-21,rahul.sharma936@gmail.com,9373215879.0,Active
3828,Ananya Joshi,Male,21,Ahmedabad,Maharashtra,8,Gold,2025-12-23,ananya.joshi993@gmail.com,9230988284.0,Active
3829,Vivaan Singh,Female,18,Pune,Maharashtra,22,Silver,2020-05-12,vivaan.singh327@gmail.com,9545513926.0,Active
3830,Aisha Nair,Male,51,Chennai,Delhi,19,Regular,2023-07-31,aisha.nair722@gmail.com,9570941411.0,Active
3831,Riya Nair,Male,54,Mumbai,Kerala,27,Silver,2024-03-08,riya.nair44@gmail.com,9010574995.0,Active
3832,Arjun Joshi,Female,26,Ahmedabad,Telangana,16,Silver,2022-03-02,arjun.joshi955@gmail.com,9941864018.0,Active
3833,Neha Verma,Male,46,Chennai,Gujarat,15,Regular,2024-10-06,neha.verma728@gmail.com,9688121771.0,
3834,Rahul Rao,Male,26,Kolkata,Delhi,25,Regular,2024-11-04,rahul.rao465@gmail.com,9420284002.0,Active
3835,Riya Sharma,Female,35,Hyderabad,Delhi,2,Regular,2022-10-15,riya.sharma640@gmail.com,9657432881.0,ACTIVE
3836,Rahul Verma,Male,30,Bengaluru,Uttar Pradesh,1,Regular,2024-09-03,rahul.verma569@gmail.com,9251735891.0,Active
3837,Vivaan Patel,Male,27,Ahmedabad,Uttar Pradesh,12,Regular,2025-11-07,vivaan.patel885@gmail.com,9660932946.0,Active
3838,Kavya Nair,Female,62,Bengaluru,Maharashtra,28,Silver,2022-03-27,kavya.nair576@gmail.com,9933828924.0,ACTIVE
3839,Rahul Reddy,Female,26,Delhi,Karnataka,13,Regular,2024-11-11,rahul.reddy58@gmail.com,9368603371.0,Active
3840,Kavya Joshi,Female,68,Delhi,West Bengal,30,Premium,2021-02-13,kavya.joshi631@gmail.com,9364930603.0,
3841,Rahul Gupta,Female,38,Pune,Uttar Pradesh,5,Gold,2020-03-02,rahul.gupta294@gmail.com,9631448349.0,Active
3842,Vivaan Joshi,Male,39,Delhi,Tamil Nadu,30,Premium,2020-04-09,vivaan.joshi181@gmail.com,9562521215.0,active
3843,Kiran Nair,Female,18,Mumbai,Gujarat,2,Silver,2025-10-02,kiran.nair66@gmail.com,9579795062.0,ACTIVE
3844,Neha Gupta,Male,65,Bengaluru,Maharashtra,24,Regular,2021-07-29,neha.gupta979@gmail.com,9664689803.0,Active
3845,Ishaan Sharma,Female,44,Mumbai,Gujarat,27,Silver,2024-02-22,ishaan.sharma873@gmail.com,9052678737.0,Active
3846,Rahul Sharma,Male,24,Bengaluru,Uttar Pradesh,19,Silver,2025-12-11,rahul.sharma808@gmail.com,9084644593.0,Active
3847,Nikhil Joshi,Female,43,Ahmedabad,Kerala,7,Regular,2020-05-20,nikhil.joshi210@gmail.com,9004714324.0,Active
3848,Neha Singh,Male,25,Kolkata,Delhi,8,Regular,2022-02-22,neha.singh68@gmail.com,9868403316.0,Active
3849,Aarav Joshi,Male,28,Hyderabad,Telangana,6,Regular,2023-05-24,aarav.joshi848@gmail.com,9373360163.0,Active
3850,Rohan Gupta,Male,48,Kolkata,West Bengal,25,Regular,2025-02-02,rohan.gupta721@gmail.com,9142612439.0,Active
3851,Priya Joshi,Female,20,Delhi,Karnataka,19,Regular,2025-04-23,priya.joshi668@gmail.com,9656645363.0,Active
3852,Vivaan Verma,Female,60,Ahmedabad,Andhra Pradesh,11,Premium,2024-01-09,vivaan.verma287@gmail.com,9003628784.0,Active
3853,Rahul Sharma,Female,64,Chennai,Tamil Nadu,27,Regular,2023-12-13,rahul.sharma895@gmail.com,9126294904.0,Active
3854,Sneha Singh,Male,60,Mumbai,Andhra Pradesh,24,Regular,2021-05-31,sneha.singh768@gmail.com,9392149992.0,Active
3855,Neha Nair,Male,50,Bengaluru,Andhra Pradesh,5,Regular,2024-09-06,neha.nair771@gmail.com,9910197749.0,Active
3856,Vikram Gupta,Female,19,Bengaluru,Andhra Pradesh,5,Silver,2020-02-24,vikram.gupta831@gmail.com,9840176703.0,
3857,Riya Gupta,Male,39,Kolkata,West Bengal,14,Silver,2024-04-26,riya.gupta296@gmail.com,9909093409.0,Active
3858,Kiran Sharma,Male,61,Kolkata,West Bengal,18,Regular,2020-07-04,kiran.sharma275@gmail.com,9480375648.0,Inactive
3859,Arjun Sharma,Male,22,Hyderabad,Tamil Nadu,16,Gold,2024-08-06,arjun.sharma73@gmail.com,9371431977.0,Active
3860,Diya Singh,Female,37,Mumbai,Tamil Nadu,15,Regular,2021-03-29,diya.singh479@gmail.com,9338423812.0,Active
3861,Sneha Sharma,Female,70,Ahmedabad,Tamil Nadu,24,Premium,2024-01-30,sneha.sharma185@gmail.com,9172633289.0,Active
3862,Sai Patel,Female,70,Ahmedabad,Gujarat,10,Regular,2023-10-15,sai.patel729@gmail.com,9285414838.0,ACTIVE
3863,Aisha Sharma,Male,48,Delhi,Delhi,11,Regular,2024-02-04,aisha.sharma620@gmail.com,9568838038.0,
3864,Sai Patel,Male,62,Pune,Kerala,25,Silver,2024-03-23,sai.patel847@gmail.com,9252567347.0,Active
3865,Priya Nair,Female,22,Pune,Uttar Pradesh,24,Regular,2024-03-11,priya.nair852@gmail.com,9064312280.0,Active
3866,Neha Verma,Female,52,Kolkata,Karnataka,1,Silver,2025-05-15,neha.verma736@gmail.com,9228033530.0,Active
3867,Aisha Patel,Male,48,Mumbai,Uttar Pradesh,17,Regular,2023-03-31,aisha.patel526@gmail.com,9932477625.0,Active
3868,Aarav Singh,Male,55,Mumbai,Telangana,5,Silver,2021-08-06,aarav.singh298@gmail.com,9718986826.0,Active
3869,Sai Kumar,Male,52,Bengaluru,Delhi,7,Premium,2024-08-20,sai.kumar91@gmail.com,9537997984.0,Active
3870,Aisha Patel,Male,54,Bengaluru,Uttar Pradesh,10,Silver,2023-03-19,aisha.patel982@gmail.com,9908331225.0,Active
3871,Kiran Kumar,Male,50,Ahmedabad,Telangana,16,Gold,2023-05-07,kiran.kumar123@gmail.com,9113078320.0,Active
3872,Rahul Sharma,Female,26,Mumbai,Tamil Nadu,3,Regular,2023-09-24,rahul.sharma848@gmail.com,9619059067.0,Active
3873,Aarav Joshi,Female,59,Delhi,Andhra Pradesh,27,Regular,2024-12-19,aarav.joshi223@gmail.com,9067859648.0,Active
3874,Diya Kumar,Female,23,Ahmedabad,Tamil Nadu,28,Silver,2023-04-17,diya.kumar160@gmail.com,9142036364.0,Active
3875,Ishaan Patel,Male,20,Mumbai,West Bengal,27,Gold,2023-08-10,ishaan.patel336@gmail.com,9409245764.0,active
3876,Kiran Patel,Male,48,Mumbai,Maharashtra,27,Regular,2025-10-26,kiran.patel171@gmail.com,9599689336.0,Active
3877,Rahul Gupta,Male,22,Mumbai,Uttar Pradesh,29,Premium,2020-10-24,rahul.gupta356@gmail.com,9342108029.0,Inactive
3878,Sai Kumar,Male,26,Mumbai,Maharashtra,11,Gold,2021-03-29,sai.kumar164@gmail.com,9636604729.0,Active
3879,Kiran Patel,Female,45,Hyderabad,Gujarat,22,Regular,2021-12-26,kiran.patel653@gmail.com,9581552586.0,Active
3880,Sai Verma,Male,25,Bengaluru,Tamil Nadu,14,Regular,2023-05-27,sai.verma805@gmail.com,9187578938.0,active
3881,Sneha Reddy,Male,61,Bengaluru,Telangana,15,Regular,2023-06-28,sneha.reddy429@gmail.com,9499566246.0,Active
3882,Sneha Sharma,Male,25,Kolkata,Delhi,10,Gold,2025-11-02,sneha.sharma80@gmail.com,9735749126.0,Active
3883,Ananya Patel,Female,23,Delhi,Telangana,29,Gold,2024-10-25,ananya.patel665@gmail.com,9540321136.0,Active
3884,Rahul Verma,Male,30,Bengaluru,Andhra Pradesh,23,Gold,2022-04-12,rahul.verma436@gmail.com,9951932757.0,Active
3885,Ishaan Joshi,Male,65,Bengaluru,Telangana,7,Premium,2024-02-18,ishaan.joshi440@gmail.com,9196440737.0,Active
3886,Kavya Joshi,Female,25,Kolkata,Kerala,20,Gold,2023-11-26,kavya.joshi508@gmail.com,9231850075.0,Active
3887,Neha Sharma,Male,18,Chennai,Delhi,11,Regular,2025-12-05,neha.sharma849@gmail.com,9828030975.0,active
3888,Neha Reddy,Female,53,Ahmedabad,Maharashtra,1,Regular,2022-07-21,neha.reddy301@gmail.com,9026625880.0,Active
3889,Priya Nair,Female,28,Hyderabad,West Bengal,21,Premium,2025-05-03,priya.nair549@gmail.com,9889643408.0,Active
3890,Diya Nair,Female,20,Mumbai,Delhi,2,Regular,2025-12-24,diya.nair254@gmail.com,9048880048.0,Active
3891,Priya Nair,Male,25,Kolkata,Kerala,22,Regular,2022-03-15,priya.nair353@gmail.com,9674755339.0,Active
3892,Sai Reddy,Male,22,Hyderabad,Delhi,30,Regular,2024-02-05,sai.reddy649@gmail.com,9500121886.0,
3893,Arjun Patel,Male,69,Ahmedabad,Telangana,17,Regular,2024-12-10,arjun.patel568@gmail.com,9826363501.0,Active
3894,Aditya Patel,Female,67,Bengaluru,Kerala,24,Regular,2020-04-13,aditya.patel80@gmail.com,9345877212.0,Active
3895,Ishaan Joshi,Male,57,Kolkata,Karnataka,26,Regular,2025-11-18,ishaan.joshi304@gmail.com,9091012563.0,Active
3896,Ananya Verma,Female,37,Hyderabad,Maharashtra,1,Premium,2024-07-13,ananya.verma969@gmail.com,9056920002.0,Active
3897,Neha Rao,Male,27,Ahmedabad,Delhi,14,Gold,2023-10-28,neha.rao920@gmail.com,9271553563.0,active
3898,Neha Kumar,Female,57,Chennai,Gujarat,19,Gold,2023-09-28,neha.kumar371@gmail.com,9044616446.0,Active
3899,Rohan Joshi,Female,25,Hyderabad,Maharashtra,9,Gold,2021-09-17,rohan.joshi239@gmail.com,9762049637.0,Inactive
3900,Riya Joshi,Female,52,Pune,Karnataka,10,Premium,2021-03-24,riya.joshi983@gmail.com,9193467510.0,Active
3901,Ishaan Nair,Female,67,Bengaluru,Maharashtra,27,Regular,2022-07-05,ishaan.nair909@gmail.com,9854073346.0,Inactive
3902,Diya Kumar,Male,45,Kolkata,Kerala,6,Gold,2022-06-26,diya.kumar727@gmail.com,9904989371.0,Active
3903,Diya Reddy,Male,40,Pune,West Bengal,12,Silver,2020-10-14,diya.reddy467@gmail.com,9394010482.0,Active
3904,Kavya Singh,Female,32,Delhi,Andhra Pradesh,25,Silver,2025-06-05,kavya.singh460@gmail.com,9823081908.0,Active
3905,Diya Gupta,Male,69,Ahmedabad,Tamil Nadu,7,Silver,2025-07-22,diya.gupta401@gmail.com,9531403042.0,Active
3906,Priya Rao,Male,32,Ahmedabad,Uttar Pradesh,3,Regular,2023-06-27,priya.rao191@gmail.com,9136870012.0,Active
3907,Neha Nair,Female,51,Ahmedabad,Karnataka,2,Regular,2025-02-09,neha.nair702@gmail.com,9316162949.0,Active
3908,Sai Joshi,Male,37,Bengaluru,Maharashtra,8,Silver,2024-04-23,sai.joshi699@gmail.com,9974316059.0,Active
3909,Sai Kumar,Male,21,Pune,Kerala,24,Premium,2022-06-28,sai.kumar540@gmail.com,9510788544.0,Active
3910,Diya Singh,Male,58,Delhi,Telangana,7,Regular,2025-08-25,diya.singh33@gmail.com,9078576542.0,Active
3911,Aarav Sharma,Male,67,Delhi,Kerala,5,Regular,2021-09-30,aarav.sharma999@gmail.com,9767973890.0,Active
3912,Vikram Verma,Female,42,Kolkata,Kerala,29,Regular,2020-08-25,vikram.verma492@gmail.com,9903651841.0,Active
3913,Sneha Kumar,Male,52,Chennai,Karnataka,7,Silver,2022-02-28,sneha.kumar445@gmail.com,9894254055.0,Active
3914,Kiran Patel,Female,22,Ahmedabad,Gujarat,15,Regular,2024-12-26,kiran.patel121@gmail.com,9910899282.0,Active
3915,Sai Gupta,Female,41,Pune,Tamil Nadu,2,Regular,2024-01-14,sai.gupta576@gmail.com,9175532647.0,Active
3916,Vivaan Nair,Male,64,Delhi,Karnataka,1,Premium,2022-05-17,vivaan.nair18@gmail.com,9100314902.0,Active
3917,Vikram Joshi,Male,55,Mumbai,Telangana,11,Regular,2021-12-20,vikram.joshi687@gmail.com,9915179677.0,Active
3918,Rahul Singh,Female,69,Bengaluru,Uttar Pradesh,5,Regular,2021-10-01,rahul.singh592@gmail.com,9538265088.0,Active
3919,Vivaan Joshi,Male,23,Hyderabad,Karnataka,4,Silver,2025-08-21,vivaan.joshi393@gmail.com,9573676298.0,Active
3920,Nikhil Singh,Male,46,Chennai,Andhra Pradesh,5,Regular,2023-12-22,nikhil.singh351@gmail.com,9206022970.0,Active
3921,Vikram Reddy,Female,31,Bengaluru,Kerala,3,Gold,2024-10-22,vikram.reddy401@gmail.com,9730566873.0,Active
3922,Sneha Singh,Male,37,Mumbai,Uttar Pradesh,2,Gold,2025-04-26,sneha.singh408@gmail.com,9043071351.0,Active
3923,Neha Singh,Female,67,Kolkata,Tamil Nadu,1,Silver,2022-09-10,neha.singh528@gmail.com,9894777710.0,Active
3924,Meera Reddy,Female,18,Hyderabad,Andhra Pradesh,12,Silver,2025-07-11,meera.reddy75@gmail.com,9614599998.0,Inactive
3925,Sai Reddy,Male,46,Chennai,Andhra Pradesh,25,Regular,2025-05-18,sai.reddy112@gmail.com,9807463862.0,Active
3926,Kiran Joshi,Male,60,Pune,West Bengal,4,Regular,2025-04-09,kiran.joshi902@gmail.com,9969121277.0,Active
3927,Kavya Verma,Female,52,Mumbai,Andhra Pradesh,16,Silver,2023-09-07,kavya.verma589@gmail.com,9475650801.0,Active
3928,Kavya Nair,Male,35,Mumbai,Karnataka,18,Regular,2025-08-21,kavya.nair833@gmail.com,9994864527.0,Active
3929,Sneha Singh,Male,64,Ahmedabad,Karnataka,6,Silver,2020-11-12,sneha.singh999@gmail.com,9208545301.0,Active
3930,Kavya Kumar,Female,50,Ahmedabad,Kerala,15,Regular,2021-08-27,kavya.kumar229@gmail.com,9873389273.0,Active
3931,Ananya Rao,Female,57,Pune,West Bengal,8,Silver,2025-12-13,ananya.rao170@gmail.com,9997541269.0,Active
3932,Aditya Kumar,Male,45,Chennai,Kerala,28,Regular,2023-01-28,aditya.kumar442@gmail.com,9910623840.0,Active
3933,Aisha Verma,Female,57,Delhi,Karnataka,17,Premium,2021-05-02,aisha.verma174@gmail.com,9530223028.0,Active
3934,Aisha Verma,Female,43,Mumbai,Uttar Pradesh,21,Silver,2021-05-27,aisha.verma107@gmail.com,9285979081.0,Active
3935,Ananya Joshi,Male,29,Ahmedabad,Telangana,5,Regular,2024-12-04,ananya.joshi224@gmail.com,9477001432.0,Active
3936,Rahul Kumar,Female,25,Pune,Kerala,8,Regular,2021-12-29,rahul.kumar170@gmail.com,9213642695.0,Active
3937,Priya Sharma,Female,44,Delhi,Kerala,11,Silver,2021-11-18,priya.sharma619@gmail.com,9928943487.0,Inactive
3938,Rohan Singh,Male,18,Mumbai,Telangana,15,Regular,2021-01-17,rohan.singh676@gmail.com,9159237705.0,Active
3939,Arjun Joshi,Female,35,Hyderabad,Delhi,23,Regular,2025-01-22,arjun.joshi211@gmail.com,9607655744.0,Active
3940,Ananya Reddy,Female,60,Kolkata,Maharashtra,1,Regular,2024-09-17,ananya.reddy280@gmail.com,9513364637.0,Active
3941,Sneha Reddy,Female,41,Hyderabad,Tamil Nadu,7,Regular,2024-04-03,sneha.reddy270@gmail.com,9781985174.0,
3942,Diya Patel,Male,50,Hyderabad,Telangana,30,Silver,2024-01-24,diya.patel845@gmail.com,9885835851.0,Active
3943,Arjun Singh,Female,26,Mumbai,Uttar Pradesh,26,Regular,2022-05-19,arjun.singh273@gmail.com,9844735952.0,Active
3944,Arjun Kumar,Female,59,Ahmedabad,Kerala,19,Regular,2023-11-06,arjun.kumar466@gmail.com,9036699898.0,Inactive
3945,Kiran Verma,Female,49,Kolkata,Uttar Pradesh,26,Silver,2020-10-06,kiran.verma815@gmail.com,9763558086.0,Active
3946,Neha Kumar,Female,45,Bengaluru,Maharashtra,29,Gold,2024-05-21,neha.kumar681@gmail.com,9058862314.0,Active
3947,Priya Gupta,Female,32,Kolkata,Andhra Pradesh,28,Regular,2021-10-30,priya.gupta193@gmail.com,9981192940.0,Active
3948,Kiran Rao,Female,28,Ahmedabad,Telangana,29,Regular,2025-07-15,kiran.rao433@gmail.com,9912744668.0,Active
3949,Aditya Joshi,Female,66,Hyderabad,West Bengal,11,Gold,2023-10-30,aditya.joshi226@gmail.com,9985170363.0,Active
3950,Arjun Verma,Male,33,Chennai,Tamil Nadu,5,Regular,2023-11-09,arjun.verma932@gmail.com,9074108350.0,Active
3951,Nikhil Singh,Male,26,Kolkata,Uttar Pradesh,2,Gold,2021-09-19,nikhil.singh594@gmail.com,9323985808.0,Active
3952,Kavya Rao,Female,24,Bengaluru,Kerala,7,Gold,2023-12-03,kavya.rao601@gmail.com,9378520549.0,Active
3953,Aisha Rao,Female,25,Ahmedabad,Kerala,10,Gold,2021-03-31,aisha.rao355@gmail.com,9078652524.0,Active
3954,Meera Rao,Female,65,Chennai,Andhra Pradesh,17,Regular,2025-11-21,meera.rao668@gmail.com,9020360130.0,Active
3955,Aarav Kumar,Female,65,Kolkata,Gujarat,10,Regular,2025-06-17,aarav.kumar468@gmail.com,9538112993.0,Active
3956,Arjun Sharma,Female,67,Ahmedabad,Andhra Pradesh,10,Regular,2022-10-23,arjun.sharma841@gmail.com,9869551928.0,Active
3957,Aisha Reddy,Male,36,Mumbai,Uttar Pradesh,10,Gold,2022-02-08,aisha.reddy501@gmail.com,9078081241.0,Inactive
3958,Riya Joshi,Male,37,Chennai,Tamil Nadu,16,Silver,2023-05-11,riya.joshi574@gmail.com,9924864534.0,Active
3959,Kavya Kumar,Female,50,Chennai,Uttar Pradesh,12,Regular,2022-05-10,kavya.kumar166@gmail.com,9711128693.0,Active
3960,Ananya Rao,Female,41,Delhi,Kerala,30,Regular,2022-11-14,ananya.rao572@gmail.com,9345411285.0,Active
3961,Arjun Singh,Male,36,Pune,Telangana,1,Regular,2023-06-13,arjun.singh889@gmail.com,9623708901.0,Active
3962,Riya Joshi,Male,60,Hyderabad,Telangana,29,Premium,2021-07-12,riya.joshi465@gmail.com,9814209984.0,Active
3963,Priya Gupta,Male,70,Ahmedabad,Andhra Pradesh,15,Silver,2024-04-18,priya.gupta90@gmail.com,9753647777.0,Active
3964,Kiran Sharma,Male,28,Ahmedabad,Kerala,23,Gold,2022-12-31,kiran.sharma689@gmail.com,9916399496.0,Active
3965,Meera Nair,Female,21,Mumbai,Andhra Pradesh,13,Gold,2020-02-13,meera.nair587@gmail.com,9367655074.0,ACTIVE
3966,Sai Reddy,Male,53,Mumbai,Kerala,15,Regular,2026-01-06,sai.reddy76@gmail.com,9437614800.0,Active
3967,Sai Nair,Female,54,Chennai,Telangana,9,Regular,2020-05-15,sai.nair700@gmail.com,9180955237.0,Active
3968,Priya Joshi,Female,33,Bengaluru,Tamil Nadu,18,Regular,2020-06-21,priya.joshi334@gmail.com,9224581358.0,Active
3969,Sai Nair,Male,67,Pune,Kerala,10,Silver,2022-08-10,sai.nair837@gmail.com,9128476600.0,Active
3970,Nikhil Patel,Male,65,Mumbai,Uttar Pradesh,13,Regular,2020-07-18,nikhil.patel24@gmail.com,9190251379.0,Active
3971,Aarav Patel,Female,45,Kolkata,Telangana,20,Premium,2021-06-21,aarav.patel349@gmail.com,9389153066.0,Active
3972,Ananya Singh,Male,30,Mumbai,Telangana,1,Silver,2025-10-25,ananya.singh64@gmail.com,9093130546.0,Active
3973,Arjun Nair,Male,39,Chennai,Uttar Pradesh,15,Silver,2025-08-22,arjun.nair459@gmail.com,9409146177.0,Active
3974,Arjun Joshi,Male,32,Delhi,Maharashtra,8,Silver,2024-01-31,arjun.joshi962@gmail.com,9121263186.0,Active
3975,Kavya Kumar,Male,63,Chennai,Gujarat,15,Silver,2021-05-07,kavya.kumar720@gmail.com,9299429376.0,Active
3976,Aditya Sharma,Female,41,Mumbai,Delhi,23,Regular,2020-08-22,aditya.sharma847@gmail.com,9769312461.0,Active
3977,Vikram Sharma,Female,65,Bengaluru,Gujarat,22,Regular,2021-02-06,vikram.sharma60@gmail.com,9682503879.0,Active
3978,Aarav Nair,Male,52,Kolkata,Uttar Pradesh,23,Regular,2021-03-07,aarav.nair706@gmail.com,9122266119.0,Active
3979,Diya Rao,Female,68,Pune,Karnataka,23,Silver,2025-07-04,diya.rao99@gmail.com,9967016185.0,Active
3980,Meera Joshi,Female,47,Hyderabad,Delhi,25,Regular,2025-07-30,meera.joshi733@gmail.com,9347144837.0,Active
3981,Kavya Singh,Female,58,Mumbai,Andhra Pradesh,11,Silver,2024-05-08,kavya.singh943@gmail.com,9928846289.0,Active
3982,Aditya Sharma,Male,65,Bengaluru,Telangana,13,Regular,2020-07-30,aditya.sharma636@gmail.com,9819128240.0,Active
3983,Meera Verma,Male,65,Ahmedabad,Telangana,25,Gold,2024-06-04,meera.verma791@gmail.com,9672455526.0,Active
3984,Aditya Verma,Female,40,Chennai,Uttar Pradesh,30,Regular,2020-01-02,aditya.verma47@gmail.com,9825651719.0,Active
3985,Nikhil Reddy,Female,29,Mumbai,Karnataka,12,Premium,2025-12-03,nikhil.reddy723@gmail.com,9858248649.0,Active
3986,Priya Singh,Male,64,Kolkata,Maharashtra,1,Premium,2025-10-15,priya.singh625@gmail.com,9004572252.0,Active
3987,Kavya Reddy,Female,27,Delhi,Andhra Pradesh,22,Regular,2022-06-23,kavya.reddy966@gmail.com,9622411555.0,Active
3988,Aisha Nair,Female,45,Mumbai,West Bengal,30,Regular,2022-07-31,aisha.nair95@gmail.com,9558257795.0,Active
3989,Diya Rao,Female,37,Pune,Gujarat,25,Regular,2022-09-07,diya.rao698@gmail.com,9916136115.0,Active
3990,Rahul Reddy,Male,50,Bengaluru,West Bengal,14,Regular,2026-01-03,rahul.reddy890@gmail.com,9329150361.0,Active
3991,Neha Singh,Female,51,Chennai,Delhi,23,Gold,2022-10-22,neha.singh74@gmail.com,9677990261.0,Active
3992,Rohan Joshi,Male,49,Bengaluru,Andhra Pradesh,9,Regular,2022-05-26,rohan.joshi322@gmail.com,9094100760.0,Active
3993,Arjun Singh,Female,30,Ahmedabad,Kerala,15,Premium,2025-06-08,arjun.singh155@gmail.com,9525972042.0,Active
3994,Sai Rao,Female,44,Delhi,Telangana,27,Gold,2021-01-20,sai.rao21@gmail.com,9877109198.0,Active
3995,Meera Gupta,Female,66,Hyderabad,Maharashtra,7,Regular,2023-07-09,meera.gupta685@gmail.com,9665626839.0,Active
3996,Meera Patel,Male,26,Bengaluru,Karnataka,28,Gold,2020-08-27,meera.patel24@gmail.com,9909934195.0,Active
3997,Diya Patel,Male,26,Mumbai,Uttar Pradesh,9,Regular,2022-07-23,diya.patel128@gmail.com,9101973131.0,Active
3998,Ishaan Kumar,Female,18,Ahmedabad,Karnataka,1,Premium,2025-11-30,ishaan.kumar175@gmail.com,9175875694.0,Active
3999,Kiran Singh,Female,53,Mumbai,Andhra Pradesh,17,Regular,2025-03-05,kiran.singh83@gmail.com,9738461473.0,Active
4000,Rahul Rao,Male,53,Hyderabad,Kerala,6,Gold,2022-07-11,rahul.rao386@gmail.com,9545952685.0,Active
4001,Aditya Verma,Female,54,Pune,West Bengal,22,Regular,2020-01-15,aditya.verma613@gmail.com,9803420639.0,Active
4002,Riya Kumar,Female,41,Bengaluru,Delhi,27,Gold,2024-09-27,riya.kumar664@gmail.com,9343666209.0,Active
4003,Vivaan Verma,Female,48,Ahmedabad,Maharashtra,15,Regular,2025-10-09,vivaan.verma340@gmail.com,9673320793.0,Active
4004,Kiran Singh,Female,64,Kolkata,Andhra Pradesh,9,Regular,2021-06-30,kiran.singh16@gmail.com,9036114096.0,Active
4005,Sneha Reddy,Female,52,Mumbai,Maharashtra,2,Premium,2020-08-20,sneha.reddy902@gmail.com,9333303225.0,Active
4006,Neha Verma,Male,65,Ahmedabad,Karnataka,28,Gold,2024-02-18,neha.verma757@gmail.com,9295603431.0,Active
4007,Riya Sharma,Female,62,Hyderabad,Telangana,18,Regular,2024-09-09,riya.sharma19@gmail.com,9021118638.0,Active
4008,Meera Gupta,Female,23,Kolkata,West Bengal,14,Silver,2022-07-28,meera.gupta897@gmail.com,9542138430.0,ACTIVE
4009,Ananya Patel,Male,50,Chennai,West Bengal,26,Premium,2020-10-12,ananya.patel90@gmail.com,9268771830.0,
4010,Vivaan Kumar,Female,30,Delhi,Maharashtra,27,Regular,2022-10-09,vivaan.kumar13@gmail.com,9252473655.0,Active
4011,Kiran Singh,Female,21,Bengaluru,Andhra Pradesh,6,Regular,2020-04-18,kiran.singh639@gmail.com,9650988839.0,Active
4012,Aisha Joshi,Male,59,Hyderabad,Kerala,25,Gold,2021-11-03,aisha.joshi682@gmail.com,9605190745.0,Active
4013,Rohan Joshi,Male,69,Hyderabad,Uttar Pradesh,8,Silver,2024-04-12,rohan.joshi170@gmail.com,9566327517.0,Active
4014,Kavya Nair,Female,55,Mumbai,Delhi,30,Premium,2020-04-19,kavya.nair882@gmail.com,9467488408.0,Active
4015,Arjun Singh,Male,61,Bengaluru,Delhi,8,Gold,2025-12-26,arjun.singh404@gmail.com,9723347642.0,Active
4016,Aarav Sharma,Male,53,Bengaluru,Andhra Pradesh,10,Silver,2023-10-16,aarav.sharma967@gmail.com,9116068368.0,Active
4017,Sneha Rao,Female,51,Kolkata,Gujarat,12,Silver,2020-05-25,sneha.rao435@gmail.com,9055846780.0,Active
4018,Sneha Joshi,Male,69,Hyderabad,Maharashtra,8,Regular,2020-06-09,sneha.joshi533@gmail.com,9700293891.0,Active
4019,Ishaan Nair,Female,50,Pune,Uttar Pradesh,17,Gold,2021-12-14,ishaan.nair537@gmail.com,9471051614.0,Active
4020,Nikhil Gupta,Male,18,Pune,Maharashtra,20,Premium,2022-05-12,nikhil.gupta498@gmail.com,9024580969.0,Active
4021,Kiran Gupta,Female,48,Hyderabad,West Bengal,30,Gold,2023-01-17,kiran.gupta250@gmail.com,9198827203.0,Active
4022,Priya Kumar,Male,57,Kolkata,Kerala,18,Regular,2022-01-07,priya.kumar489@gmail.com,9748383812.0,Active
4023,Aditya Verma,Female,34,Kolkata,Gujarat,26,Regular,2022-10-21,aditya.verma787@gmail.com,9606271570.0,Active
4024,Sneha Patel,Male,32,Hyderabad,Uttar Pradesh,17,Regular,2025-01-24,sneha.patel747@gmail.com,9271609050.0,Active
4025,Aarav Kumar,Female,19,Bengaluru,Karnataka,10,Silver,2025-11-15,aarav.kumar399@gmail.com,9877715250.0,Active
4026,Rahul Joshi,Male,30,Delhi,Karnataka,21,Regular,2022-01-31,rahul.joshi528@gmail.com,9425069144.0,Active
4027,Meera Joshi,Female,24,Chennai,Maharashtra,17,Gold,2025-12-14,meera.joshi746@gmail.com,9821451553.0,Active
4028,Kavya Rao,Female,56,Delhi,Delhi,28,Regular,2022-01-14,kavya.rao756@gmail.com,9790944438.0,Active
4029,Rohan Gupta,Female,52,Ahmedabad,Gujarat,22,Silver,2023-12-31,rohan.gupta316@gmail.com,9771865231.0,Active
4030,Neha Sharma,Male,30,Kolkata,Andhra Pradesh,23,Regular,2020-01-14,neha.sharma34@gmail.com,9535997603.0,Active
4031,Rohan Kumar,Male,40,Pune,Kerala,2,Gold,2021-02-11,rohan.kumar125@gmail.com,9077471325.0,Active
4032,Aisha Kumar,Female,39,Kolkata,Tamil Nadu,6,Silver,2021-02-28,aisha.kumar258@gmail.com,9322312310.0,Active
4033,Vikram Rao,Female,18,Hyderabad,Telangana,20,Regular,2021-04-18,vikram.rao467@gmail.com,9292765056.0,Active
4034,Neha Sharma,Female,24,Mumbai,Tamil Nadu,3,Gold,2022-07-20,neha.sharma136@gmail.com,9560138964.0,Active
4035,Kiran Verma,Female,20,Mumbai,Uttar Pradesh,11,Silver,2021-01-03,kiran.verma464@gmail.com,9513654383.0,Active
4036,Aarav Patel,Male,40,Hyderabad,Telangana,20,Gold,2023-04-06,aarav.patel774@gmail.com,9525208062.0,Active
4037,Vivaan Singh,Male,30,Mumbai,Tamil Nadu,17,Regular,2020-08-14,vivaan.singh573@gmail.com,9309310960.0,active
4038,Priya Reddy,Female,45,Bengaluru,Kerala,7,Gold,2022-05-04,priya.reddy220@gmail.com,9471982338.0,Active
4039,Vikram Rao,Female,22,Mumbai,Karnataka,18,Regular,2023-09-28,vikram.rao287@gmail.com,9359442872.0,ACTIVE
4040,Nikhil Rao,Female,25,Pune,Tamil Nadu,30,Regular,2020-08-05,nikhil.rao940@gmail.com,9451917643.0,Active
4041,Riya Singh,Female,52,Hyderabad,Gujarat,3,Premium,2022-02-22,riya.singh953@gmail.com,9135443838.0,Active
4042,Priya Reddy,Male,54,Hyderabad,Karnataka,3,Regular,2020-09-06,priya.reddy166@gmail.com,9293534240.0,Active
4043,Priya Patel,Female,29,Pune,Delhi,16,Regular,2023-02-24,priya.patel972@gmail.com,9114042843.0,Active
4044,Meera Reddy,Male,33,Kolkata,Karnataka,5,Gold,2025-10-30,meera.reddy475@gmail.com,9745912231.0,Active
4045,Aarav Nair,Female,68,Bengaluru,West Bengal,17,Gold,2022-12-24,aarav.nair46@gmail.com,9912637077.0,Active
4046,Arjun Joshi,Female,22,Kolkata,Karnataka,10,Silver,2021-03-03,arjun.joshi286@gmail.com,9980950507.0,Active
4047,Rahul Gupta,Male,59,Ahmedabad,Gujarat,16,Premium,2023-11-25,rahul.gupta867@gmail.com,9679974500.0,Active
4048,Rohan Reddy,Female,53,Hyderabad,Kerala,3,Silver,2025-06-12,rohan.reddy701@gmail.com,9966237424.0,Inactive
4049,Sai Sharma,Male,18,Pune,Delhi,25,Premium,2020-07-24,sai.sharma857@gmail.com,9057959542.0,Active
4050,Vivaan Nair,Male,70,Pune,West Bengal,11,Silver,2024-01-30,vivaan.nair36@gmail.com,9899432349.0,Active
4051,Vikram Kumar,Female,33,Bengaluru,Gujarat,27,Regular,2020-09-03,vikram.kumar400@gmail.com,9188021069.0,Active
4052,Aarav Sharma,Male,48,Bengaluru,Delhi,22,Silver,2022-09-17,aarav.sharma594@gmail.com,9070814595.0,active
4053,Ishaan Patel,Female,50,Ahmedabad,Maharashtra,23,Gold,2020-10-27,ishaan.patel5@gmail.com,9194452187.0,Active
4054,Diya Singh,Female,46,Hyderabad,Uttar Pradesh,16,Silver,2025-06-26,diya.singh526@gmail.com,9794348915.0,Active
4055,Arjun Patel,Male,30,Bengaluru,Tamil Nadu,15,Regular,2025-06-09,arjun.patel398@gmail.com,9885262759.0,Active
4056,Vivaan Reddy,Female,61,Pune,Telangana,7,Silver,2024-10-08,vivaan.reddy328@gmail.com,9115963357.0,Active
4057,Sneha Joshi,Female,34,Ahmedabad,Andhra Pradesh,10,Gold,2020-09-10,sneha.joshi587@gmail.com,9969664533.0,Active
4058,Aditya Gupta,Female,67,Mumbai,Kerala,19,Regular,2023-07-23,aditya.gupta262@gmail.com,9472539471.0,Active
4059,Arjun Nair,Female,29,Pune,Gujarat,2,Regular,2022-05-02,arjun.nair975@gmail.com,9780514933.0,Active
4060,Aisha Joshi,Male,34,Bengaluru,Andhra Pradesh,18,Silver,2023-03-13,aisha.joshi610@gmail.com,9499905030.0,Active
4061,Sai Singh,Female,48,Pune,Maharashtra,1,Silver,2024-04-27,sai.singh202@gmail.com,9493872174.0,Active
4062,Aarav Patel,Male,69,Ahmedabad,Telangana,14,Regular,2021-03-22,aarav.patel793@gmail.com,9829544428.0,Active
4063,Vivaan Joshi,Male,50,Pune,Maharashtra,25,Silver,2025-09-26,vivaan.joshi137@gmail.com,9100324082.0,Active
4064,Kiran Sharma,Female,41,Chennai,Telangana,17,Regular,2024-03-09,kiran.sharma494@gmail.com,9157793898.0,Active
4065,Rahul Kumar,Male,56,Chennai,West Bengal,30,Gold,2021-01-21,rahul.kumar807@gmail.com,9692136178.0,Active
4066,Ananya Kumar,Male,57,Mumbai,Andhra Pradesh,15,Regular,2024-06-24,ananya.kumar820@gmail.com,9369018670.0,
4067,Vikram Singh,Female,66,Delhi,Telangana,23,Regular,2022-07-02,vikram.singh237@gmail.com,9354763330.0,Active
4068,Kavya Kumar,Male,18,Bengaluru,Gujarat,1,Regular,2022-09-06,kavya.kumar243@gmail.com,9492459688.0,Active
4069,Priya Nair,Female,61,Mumbai,Telangana,16,Regular,2020-08-24,priya.nair449@gmail.com,9189091360.0,active
4070,Vikram Patel,Female,62,Ahmedabad,Kerala,28,Gold,2025-04-04,vikram.patel403@gmail.com,9033791380.0,Active
4071,Nikhil Sharma,Male,18,Bengaluru,Delhi,1,Gold,2020-11-25,nikhil.sharma437@gmail.com,9181157238.0,Active
4072,Riya Patel,Female,22,Delhi,Maharashtra,18,Silver,2024-03-23,riya.patel982@gmail.com,9449815027.0,Active
4073,Aarav Verma,Female,52,Bengaluru,Andhra Pradesh,26,Silver,2021-08-25,aarav.verma655@gmail.com,9034958688.0,Active
4074,Riya Gupta,Male,21,Pune,Uttar Pradesh,2,Regular,2023-12-11,riya.gupta245@gmail.com,9627842407.0,Active
4075,Priya Gupta,Female,26,Kolkata,West Bengal,23,Silver,2021-09-09,priya.gupta122@gmail.com,9176041784.0,Active
4076,Nikhil Nair,Female,53,Hyderabad,Karnataka,15,Premium,2025-07-04,nikhil.nair606@gmail.com,9056689274.0,Inactive
4077,Kavya Singh,Female,22,Bengaluru,Maharashtra,2,Gold,2024-04-29,kavya.singh363@gmail.com,9069946055.0,Active
4078,Kiran Singh,Male,56,Mumbai,West Bengal,18,Premium,2023-05-01,kiran.singh699@gmail.com,9266336217.0,Active
4079,Meera Sharma,Male,42,Bengaluru,Gujarat,22,Silver,2025-02-10,meera.sharma955@gmail.com,9222365593.0,Active
4080,Aarav Patel,Male,26,Chennai,Andhra Pradesh,6,Regular,2022-06-01,aarav.patel933@gmail.com,9279687840.0,Active
4081,Aditya Kumar,Female,66,Kolkata,West Bengal,28,Gold,2024-06-22,aditya.kumar159@gmail.com,9252933267.0,Active
4082,Vikram Gupta,Male,47,Ahmedabad,Tamil Nadu,10,Regular,2023-07-20,vikram.gupta529@gmail.com,9580802689.0,Active
4083,Aisha Singh,Male,52,Hyderabad,Maharashtra,21,Regular,2024-01-21,aisha.singh641@gmail.com,9604923081.0,Active
4084,Ananya Joshi,Female,19,Kolkata,Tamil Nadu,20,Regular,2020-04-21,ananya.joshi783@gmail.com,9001330203.0,Active
4085,Ananya Joshi,Female,48,Delhi,Telangana,16,Regular,2021-03-26,ananya.joshi457@gmail.com,9829361930.0,Inactive
4086,Rohan Nair,Female,20,Bengaluru,Telangana,15,Silver,2024-11-07,rohan.nair916@gmail.com,9058507672.0,Active
4087,Sai Kumar,Male,53,Ahmedabad,Delhi,26,Regular,2021-05-26,sai.kumar127@gmail.com,9358425877.0,Active
4088,Kavya Sharma,Female,25,Chennai,Karnataka,24,Regular,2020-12-27,kavya.sharma533@gmail.com,9493629783.0,Active
4089,Nikhil Singh,Female,26,Chennai,Andhra Pradesh,28,Regular,2020-02-04,nikhil.singh18@gmail.com,9430829035.0,Active
4090,Riya Kumar,Male,45,Ahmedabad,Andhra Pradesh,5,Silver,2022-12-19,riya.kumar761@gmail.com,9406535301.0,
4091,Diya Nair,Female,29,Mumbai,Gujarat,20,Gold,2021-08-18,diya.nair507@gmail.com,9044439622.0,Active
4092,Aarav Patel,Female,46,Hyderabad,Gujarat,19,Regular,2021-05-16,aarav.patel383@gmail.com,9165251259.0,Active
4093,Vivaan Singh,Male,58,Delhi,Maharashtra,26,Gold,2023-12-03,vivaan.singh556@gmail.com,9138158486.0,Inactive
4094,Ananya Gupta,Female,58,Hyderabad,West Bengal,23,Premium,2023-12-04,ananya.gupta144@gmail.com,9350785620.0,Active
4095,Sai Reddy,Female,70,Hyderabad,Telangana,25,Gold,2025-01-13,sai.reddy753@gmail.com,9600697057.0,Active
4096,Sai Patel,Male,59,Pune,Karnataka,16,Regular,2025-02-14,sai.patel675@gmail.com,9039664868.0,Active
4097,Neha Gupta,Female,59,Bengaluru,Kerala,15,Silver,2022-03-30,neha.gupta453@gmail.com,9767271646.0,Active
4098,Aisha Patel,Female,60,Pune,Kerala,16,Regular,2020-07-26,aisha.patel27@gmail.com,9088677866.0,Inactive
4099,Sai Patel,Male,44,Ahmedabad,West Bengal,27,Regular,2023-08-11,sai.patel886@gmail.com,9955823389.0,Active
4100,Vivaan Nair,Male,48,Hyderabad,Uttar Pradesh,15,Regular,2022-01-14,vivaan.nair529@gmail.com,9137813769.0,Active
4101,Rohan Nair,Male,69,Ahmedabad,Maharashtra,6,Gold,2025-01-03,rohan.nair154@gmail.com,9026738162.0,Active
4102,Vikram Verma,Female,25,Delhi,Maharashtra,21,Gold,2023-03-15,vikram.verma564@gmail.com,9542810779.0,Active
4103,Rahul Kumar,Male,46,Ahmedabad,Maharashtra,15,Regular,2023-03-12,rahul.kumar658@gmail.com,9272750531.0,Active
4104,Vivaan Reddy,Male,29,Hyderabad,Tamil Nadu,15,Regular,2020-03-20,vivaan.reddy427@gmail.com,9938991337.0,Inactive
4105,Kavya Singh,Male,45,Hyderabad,Uttar Pradesh,25,Regular,2026-01-06,kavya.singh863@gmail.com,9652936073.0,Active
4106,Rahul Kumar,Male,68,Hyderabad,Telangana,26,Regular,2023-06-06,rahul.kumar78@gmail.com,9683976715.0,
4107,Rahul Patel,Male,62,Kolkata,Andhra Pradesh,16,Silver,2024-06-16,rahul.patel824@gmail.com,9022017510.0,Active
4108,Sai Sharma,Female,37,Chennai,West Bengal,8,Regular,2023-12-05,sai.sharma221@gmail.com,9641783824.0,Active
4109,Rahul Singh,Female,65,Bengaluru,Karnataka,8,Regular,2025-02-20,rahul.singh235@gmail.com,9647366221.0,Active
4110,Sai Kumar,Female,37,Delhi,Tamil Nadu,8,Regular,2022-10-21,sai.kumar505@gmail.com,9507689133.0,Active
4111,Sai Reddy,Male,28,Bengaluru,Telangana,14,Regular,2022-07-02,sai.reddy75@gmail.com,9284751125.0,Active
4112,Arjun Nair,Male,30,Chennai,Karnataka,17,Regular,2023-09-28,arjun.nair6@gmail.com,9906687910.0,Active
4113,Vikram Gupta,Female,47,Hyderabad,Maharashtra,1,Regular,2025-06-25,vikram.gupta61@gmail.com,9264685820.0,Active
4114,Diya Singh,Male,50,Bengaluru,Delhi,19,Regular,2024-09-30,diya.singh905@gmail.com,9391496606.0,Active
4115,Neha Verma,Female,22,Ahmedabad,Gujarat,12,Gold,2020-10-13,neha.verma138@gmail.com,9810737636.0,Active
4116,Priya Reddy,Female,30,Delhi,Maharashtra,1,Premium,2022-01-26,priya.reddy483@gmail.com,9034370577.0,Active
4117,Arjun Rao,Male,31,Kolkata,Tamil Nadu,13,Regular,2022-06-26,arjun.rao887@gmail.com,9245154617.0,Active
4118,Rahul Joshi,Male,42,Chennai,West Bengal,8,Gold,2020-06-27,rahul.joshi130@gmail.com,9904194058.0,Active
4119,Rohan Rao,Male,22,Chennai,Telangana,25,Premium,2022-07-09,rohan.rao657@gmail.com,9319355046.0,Active
4120,Kiran Nair,Female,27,Chennai,Kerala,21,Regular,2020-10-21,kiran.nair534@gmail.com,9128330517.0,Active
4121,Diya Singh,Male,63,Hyderabad,Gujarat,20,Regular,2021-11-14,diya.singh780@gmail.com,9188917558.0,Active
4122,Priya Verma,Male,22,Delhi,Uttar Pradesh,23,Premium,2024-08-20,priya.verma123@gmail.com,9996839311.0,Active
4123,Nikhil Patel,Female,32,Hyderabad,Uttar Pradesh,19,Gold,2020-12-13,nikhil.patel695@gmail.com,9047735943.0,Active
4124,Neha Joshi,Male,58,Hyderabad,Maharashtra,8,Silver,2024-04-23,neha.joshi164@gmail.com,9531791557.0,Active
4125,Ishaan Gupta,Female,41,Mumbai,Karnataka,7,Premium,2023-05-25,ishaan.gupta26@gmail.com,9175193755.0,Active
4126,Sneha Gupta,Male,63,Chennai,Maharashtra,27,Regular,2022-09-18,sneha.gupta506@gmail.com,9900372472.0,Active
4127,Vikram Reddy,Male,23,Ahmedabad,West Bengal,11,Silver,2025-10-06,vikram.reddy653@gmail.com,9273701512.0,Active
4128,Ananya Gupta,Male,52,Chennai,Gujarat,12,Regular,2023-03-20,ananya.gupta711@gmail.com,9762322688.0,Active
4129,Nikhil Nair,Female,45,Pune,Kerala,14,Gold,2022-01-10,nikhil.nair132@gmail.com,9369116625.0,Active
4130,Priya Reddy,Male,26,Bengaluru,Tamil Nadu,17,Silver,2023-07-31,priya.reddy771@gmail.com,9767871098.0,Active
4131,Vikram Patel,Female,63,Ahmedabad,Kerala,28,Regular,2021-09-26,vikram.patel821@gmail.com,9063452496.0,Active
4132,Ananya Nair,Male,61,Mumbai,Telangana,18,Regular,2024-05-28,ananya.nair552@gmail.com,9349777617.0,ACTIVE
4133,Vikram Sharma,Female,32,Delhi,Maharashtra,10,Regular,2021-02-09,vikram.sharma546@gmail.com,9793471212.0,Inactive
4134,Rahul Singh,Female,59,Chennai,Karnataka,1,Regular,2025-02-18,rahul.singh146@gmail.com,9066520819.0,Active
4135,Ishaan Singh,Male,40,Pune,Karnataka,27,Silver,2022-04-08,ishaan.singh618@gmail.com,9794332924.0,Active
4136,Vikram Nair,Male,48,Kolkata,Maharashtra,22,Regular,2023-07-24,vikram.nair86@gmail.com,9036066715.0,Active
4137,Sneha Reddy,Male,44,Hyderabad,Kerala,19,Regular,2020-11-22,sneha.reddy444@gmail.com,9886162627.0,Active
4138,Nikhil Reddy,Female,44,Mumbai,Andhra Pradesh,23,Gold,2024-09-24,nikhil.reddy945@gmail.com,9171735334.0,Active
4139,Sneha Singh,Female,64,Hyderabad,Andhra Pradesh,19,Premium,2023-06-19,sneha.singh63@gmail.com,9255964490.0,Active
4140,Rohan Joshi,Male,59,Ahmedabad,Gujarat,26,Regular,2024-04-04,rohan.joshi243@gmail.com,9683751200.0,Active
4141,Arjun Patel,Female,68,Pune,Maharashtra,3,Regular,2020-12-22,arjun.patel588@gmail.com,9573022953.0,Active
4142,Ishaan Gupta,Male,35,Bengaluru,Gujarat,25,Gold,2021-02-10,ishaan.gupta692@gmail.com,9660446940.0,Active
4143,Sneha Verma,Female,26,Hyderabad,Telangana,5,Gold,2022-08-31,sneha.verma76@gmail.com,9545407073.0,Active
4144,Ishaan Reddy,Female,67,Mumbai,Tamil Nadu,24,Regular,2021-12-18,ishaan.reddy748@gmail.com,9908813537.0,Active
4145,Nikhil Patel,Male,24,Hyderabad,Delhi,24,Regular,2024-04-07,nikhil.patel510@gmail.com,9321315294.0,Active
4146,Aarav Sharma,Male,67,Hyderabad,Maharashtra,14,Silver,2021-08-12,aarav.sharma384@gmail.com,9231568960.0,Active
4147,Ananya Sharma,Female,68,Kolkata,Andhra Pradesh,27,Regular,2024-09-27,ananya.sharma718@gmail.com,9642470511.0,Active
4148,Meera Sharma,Female,42,Mumbai,Tamil Nadu,28,Silver,2021-11-29,meera.sharma924@gmail.com,9365161899.0,Active
4149,Ishaan Joshi,Male,68,Hyderabad,Kerala,4,Premium,2021-04-17,ishaan.joshi147@gmail.com,9103350023.0,Active
4150,Aisha Singh,Female,30,Hyderabad,Gujarat,29,Silver,2021-05-12,aisha.singh610@gmail.com,9094993769.0,active
4151,Aisha Joshi,Male,48,Hyderabad,West Bengal,28,Regular,2020-08-06,aisha.joshi447@gmail.com,9099297503.0,
4152,Priya Nair,Female,49,Ahmedabad,Andhra Pradesh,1,Silver,2023-09-28,priya.nair714@gmail.com,9192151105.0,Active
4153,Ananya Gupta,Male,21,Ahmedabad,Uttar Pradesh,12,Regular,2022-05-01,ananya.gupta431@gmail.com,9417009382.0,Active
4154,Diya Nair,Female,48,Ahmedabad,Tamil Nadu,5,Regular,2024-01-10,diya.nair388@gmail.com,9227046752.0,Active
4155,Arjun Sharma,Male,29,Delhi,Kerala,9,Premium,2025-08-02,arjun.sharma826@gmail.com,9209007989.0,ACTIVE
4156,Arjun Rao,Female,38,Hyderabad,Uttar Pradesh,20,Silver,2021-06-26,arjun.rao823@gmail.com,9136598884.0,Active
4157,Sai Kumar,Female,40,Ahmedabad,Gujarat,19,Regular,2024-10-25,sai.kumar869@gmail.com,9977719519.0,Active
4158,Meera Rao,Male,42,Hyderabad,Andhra Pradesh,26,Silver,2025-12-08,meera.rao195@gmail.com,9918860440.0,Active
4159,Ananya Verma,Female,59,Delhi,Uttar Pradesh,28,Regular,2023-05-09,ananya.verma964@gmail.com,9287750767.0,ACTIVE
4160,Aisha Gupta,Female,59,Bengaluru,West Bengal,25,Premium,2021-05-23,aisha.gupta856@gmail.com,9027525154.0,Active
4161,Riya Verma,Male,23,Bengaluru,Tamil Nadu,17,Regular,2022-08-29,riya.verma15@gmail.com,9747806642.0,Active
4162,Rohan Verma,Female,19,Hyderabad,Uttar Pradesh,8,Silver,2023-05-01,rohan.verma673@gmail.com,9872981481.0,Active
4163,Diya Verma,Male,31,Chennai,Tamil Nadu,16,Regular,2025-04-07,diya.verma211@gmail.com,9197511926.0,Active
4164,Arjun Verma,Male,34,Bengaluru,Delhi,9,Silver,2024-06-01,arjun.verma467@gmail.com,9159512487.0,active
4165,Rahul Patel,Female,70,Pune,Telangana,8,Gold,2021-03-14,rahul.patel707@gmail.com,9503665572.0,Active
4166,Diya Nair,Female,65,Kolkata,Uttar Pradesh,30,Gold,2020-12-01,diya.nair72@gmail.com,9532292401.0,Active
4167,Sneha Rao,Male,26,Pune,Telangana,10,Regular,2023-02-14,sneha.rao830@gmail.com,9941165469.0,
4168,Nikhil Gupta,Male,41,Mumbai,Uttar Pradesh,5,Gold,2024-01-28,nikhil.gupta995@gmail.com,9836884723.0,Active
4169,Rohan Gupta,Female,43,Pune,Andhra Pradesh,4,Regular,2021-05-22,rohan.gupta490@gmail.com,9460100866.0,Active
4170,Meera Joshi,Female,32,Chennai,Tamil Nadu,25,Gold,2022-02-22,meera.joshi235@gmail.com,9568513746.0,Active
4171,Sneha Reddy,Male,28,Bengaluru,Karnataka,8,Regular,2025-04-07,sneha.reddy481@gmail.com,9667074759.0,Active
4172,Aditya Kumar,Female,52,Mumbai,Andhra Pradesh,2,Silver,2025-09-07,aditya.kumar939@gmail.com,9081240219.0,
4173,Rahul Patel,Male,46,Mumbai,Maharashtra,25,Silver,2023-01-29,rahul.patel124@gmail.com,9038332768.0,Active
4174,Vikram Joshi,Female,53,Chennai,Andhra Pradesh,27,Regular,2025-06-16,vikram.joshi745@gmail.com,9013435607.0,Active
4175,Nikhil Nair,Female,38,Mumbai,Tamil Nadu,28,Regular,2024-12-29,nikhil.nair450@gmail.com,9653725394.0,Active
4176,Arjun Sharma,Female,25,Kolkata,West Bengal,24,Silver,2024-06-28,arjun.sharma944@gmail.com,9808907884.0,ACTIVE
4177,Arjun Sharma,Male,65,Ahmedabad,Delhi,4,Regular,2024-10-15,arjun.sharma56@gmail.com,9116158748.0,Active
4178,Neha Kumar,Male,54,Kolkata,Delhi,13,Regular,2023-07-19,neha.kumar352@gmail.com,9862038044.0,Active
4179,Diya Singh,Male,23,Chennai,Maharashtra,4,Premium,2020-06-24,diya.singh975@gmail.com,9841032911.0,Active
4180,Ananya Reddy,Male,40,Delhi,Gujarat,15,Silver,2020-05-19,ananya.reddy770@gmail.com,9800887629.0,Active
4181,Riya Nair,Male,59,Pune,Tamil Nadu,9,Regular,2020-02-14,riya.nair622@gmail.com,9770707490.0,Active
4182,Kavya Nair,Male,68,Ahmedabad,Tamil Nadu,12,Silver,2023-09-22,kavya.nair909@gmail.com,9983863107.0,Active
4183,Rahul Verma,Female,55,Hyderabad,Telangana,7,Gold,2025-07-30,rahul.verma544@gmail.com,9139233707.0,Active
4184,Aditya Singh,Male,18,Ahmedabad,Karnataka,23,Regular,2022-10-06,aditya.singh689@gmail.com,9825249607.0,
4185,Diya Singh,Female,31,Mumbai,Uttar Pradesh,1,Silver,2022-10-20,diya.singh814@gmail.com,9760834894.0,Active
4186,Riya Joshi,Female,40,Hyderabad,Kerala,27,Regular,2023-03-09,riya.joshi191@gmail.com,9830643154.0,Active
4187,Kiran Joshi,Male,66,Hyderabad,Maharashtra,16,Regular,2021-11-17,kiran.joshi573@gmail.com,9347325726.0,active
4188,Rohan Joshi,Female,29,Chennai,Kerala,12,Regular,2021-04-11,rohan.joshi835@gmail.com,9148034360.0,active
4189,Priya Reddy,Male,45,Chennai,Maharashtra,5,Gold,2024-09-04,priya.reddy260@gmail.com,9573644188.0,Active
4190,Riya Nair,Female,47,Kolkata,Kerala,15,Regular,2023-08-04,riya.nair696@gmail.com,9122404203.0,Active
4191,Aarav Joshi,Male,61,Kolkata,Telangana,11,Silver,2021-12-19,aarav.joshi202@gmail.com,9920502807.0,Active
4192,Arjun Sharma,Male,18,Hyderabad,Uttar Pradesh,13,Silver,2023-10-10,arjun.sharma568@gmail.com,9594460487.0,Active
4193,Rahul Patel,Male,41,Bengaluru,Andhra Pradesh,21,Regular,2021-07-28,rahul.patel488@gmail.com,9094069935.0,Active
4194,Kavya Kumar,Female,34,Kolkata,Telangana,23,Regular,2020-05-20,kavya.kumar342@gmail.com,9863340405.0,Active
4195,Vivaan Gupta,Female,27,Kolkata,Telangana,14,Regular,2023-10-20,vivaan.gupta846@gmail.com,9423865095.0,Active
4196,Rahul Patel,Female,56,Bengaluru,Andhra Pradesh,10,Silver,2020-03-11,rahul.patel383@gmail.com,9389188416.0,Active
4197,Arjun Sharma,Male,27,Hyderabad,Telangana,8,Silver,2024-01-23,arjun.sharma354@gmail.com,9159667779.0,active
4198,Arjun Singh,Male,26,Pune,Telangana,26,Gold,2022-06-27,arjun.singh264@gmail.com,9471584809.0,Active
4199,Vikram Joshi,Female,68,Ahmedabad,Karnataka,12,Silver,2021-01-27,vikram.joshi171@gmail.com,9332862862.0,Active
4200,Arjun Kumar,Female,41,Ahmedabad,Andhra Pradesh,9,Regular,2022-10-20,arjun.kumar938@gmail.com,9245898910.0,Inactive
4201,Sneha Gupta,Female,27,Delhi,Delhi,25,Premium,2025-11-05,sneha.gupta25@gmail.com,9481271830.0,Active
4202,Meera Patel,Female,37,Hyderabad,Telangana,7,Regular,2024-06-29,meera.patel756@gmail.com,9787354240.0,Active
4203,Diya Joshi,Male,48,Hyderabad,Kerala,17,Premium,2025-06-27,diya.joshi859@gmail.com,9724030291.0,active
4204,Ishaan Rao,Female,45,Pune,Telangana,16,Premium,2020-11-01,ishaan.rao244@gmail.com,9405960725.0,Active
4205,Vivaan Rao,Male,56,Pune,Tamil Nadu,26,Regular,2024-12-06,vivaan.rao676@gmail.com,9364776963.0,Active
4206,Riya Gupta,Female,42,Chennai,Telangana,9,Gold,2020-05-22,riya.gupta621@gmail.com,9512825285.0,Active
4207,Kiran Patel,Male,38,Delhi,Maharashtra,13,Gold,2023-08-27,kiran.patel63@gmail.com,9331178020.0,Inactive
4208,Nikhil Sharma,Male,60,Mumbai,Karnataka,2,Regular,2021-08-09,nikhil.sharma279@gmail.com,9890758083.0,Active
4209,Kiran Verma,Female,52,Mumbai,Delhi,27,Regular,2020-04-16,kiran.verma142@gmail.com,9412968427.0,Active
4210,Meera Singh,Male,63,Hyderabad,Kerala,18,Regular,2022-05-04,meera.singh726@gmail.com,9794557866.0,Active
4211,Meera Gupta,Female,65,Delhi,Karnataka,29,Silver,2023-04-01,meera.gupta809@gmail.com,9828667284.0,Active
4212,Arjun Verma,Male,49,Kolkata,Tamil Nadu,9,Regular,2021-01-26,arjun.verma905@gmail.com,9375061598.0,Active
4213,Sai Verma,Male,40,Mumbai,Maharashtra,15,Regular,2022-01-28,sai.verma792@gmail.com,9219099931.0,Active
4214,Priya Gupta,Male,70,Delhi,Tamil Nadu,25,Gold,2025-12-08,priya.gupta268@gmail.com,9825265080.0,Active
4215,Kavya Sharma,Female,43,Kolkata,Karnataka,4,Gold,2022-12-09,kavya.sharma712@gmail.com,9944306232.0,Active
4216,Aisha Sharma,Female,35,Kolkata,Karnataka,10,Regular,2023-12-11,aisha.sharma393@gmail.com,9101532943.0,Active
4217,Ishaan Gupta,Female,52,Hyderabad,Delhi,15,Regular,2020-07-22,ishaan.gupta509@gmail.com,9242638606.0,ACTIVE
4218,Neha Rao,Female,67,Bengaluru,Andhra Pradesh,3,Gold,2023-10-28,neha.rao761@gmail.com,9537427223.0,Active
4219,Vikram Singh,Male,49,Chennai,Maharashtra,29,Silver,2024-12-06,vikram.singh578@gmail.com,9352040071.0,Active
4220,Kavya Kumar,Female,34,Ahmedabad,Uttar Pradesh,9,Regular,2020-02-07,kavya.kumar713@gmail.com,9159784273.0,Active
4221,Ananya Gupta,Male,43,Kolkata,Uttar Pradesh,4,Premium,2020-10-10,ananya.gupta223@gmail.com,9892112462.0,Active
4222,Aisha Sharma,Male,44,Kolkata,Andhra Pradesh,30,Silver,2025-04-20,aisha.sharma687@gmail.com,9406314798.0,Active
4223,Meera Gupta,Female,67,Chennai,Delhi,11,Gold,2023-04-29,meera.gupta884@gmail.com,9637986244.0,Active
4224,Aarav Nair,Female,36,Bengaluru,Maharashtra,22,Regular,2025-11-16,aarav.nair858@gmail.com,9200275258.0,Active
4225,Nikhil Verma,Male,57,Bengaluru,Karnataka,28,Regular,2025-07-31,nikhil.verma597@gmail.com,9851484795.0,Active
4226,Rahul Joshi,Female,39,Mumbai,Telangana,10,Regular,2022-05-05,rahul.joshi421@gmail.com,9537308205.0,Active
4227,Aditya Sharma,Male,34,Pune,West Bengal,12,Regular,2024-11-28,aditya.sharma309@gmail.com,9819388867.0,active
4228,Rohan Gupta,Male,46,Bengaluru,Telangana,20,Gold,2024-09-05,rohan.gupta65@gmail.com,9315076446.0,
4229,Rahul Reddy,Female,64,Kolkata,Maharashtra,30,Regular,2021-12-06,rahul.reddy512@gmail.com,9271787330.0,Inactive
4230,Rahul Nair,Female,29,Kolkata,West Bengal,15,Regular,2020-06-01,rahul.nair59@gmail.com,9269117258.0,Active
4231,Neha Kumar,Female,60,Chennai,Andhra Pradesh,20,Regular,2021-06-23,neha.kumar811@gmail.com,9990887149.0,
4232,Sneha Verma,Male,29,Kolkata,Karnataka,24,Silver,2022-07-21,sneha.verma275@gmail.com,9506712732.0,Active
4233,Vivaan Gupta,Female,22,Mumbai,Andhra Pradesh,26,Regular,2022-12-25,vivaan.gupta54@gmail.com,9842467066.0,Active
4234,Kiran Reddy,Male,60,Ahmedabad,West Bengal,9,Gold,2025-05-10,kiran.reddy587@gmail.com,9691133747.0,
4235,Meera Patel,Female,68,Pune,Andhra Pradesh,8,Regular,2023-01-11,meera.patel128@gmail.com,9085589892.0,Active
4236,Aditya Patel,Female,50,Delhi,Telangana,2,Regular,2024-04-23,aditya.patel614@gmail.com,9626621202.0,active
4237,Sai Sharma,Female,58,Chennai,Gujarat,21,Regular,2020-05-31,sai.sharma928@gmail.com,9792979178.0,Active
4238,Meera Nair,Female,38,Delhi,Delhi,12,Regular,2023-05-19,meera.nair311@gmail.com,9470773486.0,Active
4239,Rahul Patel,Female,58,Kolkata,Gujarat,27,Regular,2023-02-25,rahul.patel754@gmail.com,9674935478.0,Active
4240,Rohan Sharma,Male,63,Delhi,Maharashtra,13,Regular,2020-10-28,rohan.sharma553@gmail.com,9698580751.0,Active
4241,Diya Patel,Female,62,Delhi,Maharashtra,21,Regular,2024-08-22,diya.patel135@gmail.com,9512740607.0,Active
4242,Rohan Gupta,Female,48,Ahmedabad,Gujarat,19,Regular,2023-09-22,rohan.gupta143@gmail.com,9579341486.0,active
4243,Nikhil Gupta,Female,41,Delhi,West Bengal,27,Regular,2025-09-10,nikhil.gupta993@gmail.com,9653454045.0,ACTIVE
4244,Sneha Singh,Female,30,Ahmedabad,West Bengal,22,Silver,2022-01-10,sneha.singh44@gmail.com,9077944513.0,Active
4245,Rohan Nair,Male,52,Hyderabad,Andhra Pradesh,14,Premium,2020-11-28,rohan.nair274@gmail.com,9470803949.0,Active
4246,Sai Verma,Male,42,Bengaluru,Delhi,22,Regular,2021-11-23,sai.verma216@gmail.com,9164105042.0,Active
4247,Sneha Kumar,Female,43,Chennai,Karnataka,30,Regular,2021-06-27,sneha.kumar431@gmail.com,9525222804.0,Active
4248,Sneha Singh,Male,42,Pune,Karnataka,27,Silver,2025-10-17,sneha.singh531@gmail.com,9939253057.0,Active
4249,Kiran Joshi,Male,54,Chennai,Karnataka,19,Regular,2022-07-19,kiran.joshi977@gmail.com,9317530468.0,Active
4250,Ananya Verma,Female,29,Hyderabad,Karnataka,16,Regular,2021-02-09,ananya.verma944@gmail.com,9324574852.0,Active
4251,Ishaan Reddy,Male,39,Mumbai,Tamil Nadu,11,Silver,2025-04-21,ishaan.reddy430@gmail.com,9417289223.0,Active
4252,Neha Kumar,Female,23,Mumbai,Tamil Nadu,26,Regular,2022-10-25,neha.kumar813@gmail.com,9154178475.0,Active
4253,Diya Nair,Male,70,Pune,Tamil Nadu,11,Gold,2025-02-15,diya.nair12@gmail.com,9029425626.0,Active
4254,Vikram Sharma,Female,68,Mumbai,Andhra Pradesh,13,Regular,2020-02-04,vikram.sharma3@gmail.com,9630929708.0,Active
4255,Arjun Verma,Male,20,Bengaluru,Karnataka,3,Regular,2023-10-24,arjun.verma79@gmail.com,9369039248.0,Active
4256,Vivaan Nair,Male,28,Pune,Uttar Pradesh,16,Regular,2025-09-08,vivaan.nair362@gmail.com,9355841284.0,Active
4257,Rahul Nair,Female,54,Delhi,Tamil Nadu,3,Gold,2025-09-18,rahul.nair456@gmail.com,9333962131.0,Active
4258,Kavya Rao,Male,68,Hyderabad,Maharashtra,24,Regular,2023-02-18,kavya.rao703@gmail.com,9007229688.0,Active
4259,Riya Nair,Female,26,Ahmedabad,West Bengal,18,Silver,2020-09-22,riya.nair901@gmail.com,9579691738.0,Active
4260,Meera Verma,Female,40,Kolkata,Karnataka,25,Silver,2023-12-20,meera.verma89@gmail.com,9591168542.0,Active
4261,Ananya Reddy,Female,38,Kolkata,Karnataka,7,Gold,2024-11-10,ananya.reddy777@gmail.com,9164686872.0,Active
4262,Ishaan Singh,Male,32,Pune,Andhra Pradesh,12,Regular,2021-04-21,ishaan.singh289@gmail.com,9555326845.0,Active
4263,Ishaan Gupta,Male,70,Ahmedabad,Tamil Nadu,5,Premium,2020-04-22,ishaan.gupta118@gmail.com,9899709134.0,Active
4264,Kavya Patel,Female,55,Mumbai,Tamil Nadu,16,Regular,2025-08-04,kavya.patel661@gmail.com,9983281003.0,Active
4265,Nikhil Kumar,Female,31,Ahmedabad,Uttar Pradesh,1,Premium,2022-02-09,nikhil.kumar423@gmail.com,9522806506.0,
4266,Neha Reddy,Female,56,Chennai,Andhra Pradesh,9,Gold,2024-04-25,neha.reddy257@gmail.com,9796804990.0,Active
4267,Vikram Nair,Male,21,Ahmedabad,West Bengal,2,Regular,2021-06-24,vikram.nair278@gmail.com,9020843886.0,Active
4268,Vivaan Nair,Male,68,Chennai,Tamil Nadu,14,Premium,2023-05-15,vivaan.nair979@gmail.com,9347164878.0,Active
4269,Priya Reddy,Female,70,Pune,Kerala,9,Gold,2025-05-09,priya.reddy938@gmail.com,9703783704.0,Active
4270,Meera Sharma,Male,66,Pune,Tamil Nadu,22,Regular,2025-01-03,meera.sharma403@gmail.com,9181041945.0,Active
4271,Priya Nair,Male,30,Delhi,Maharashtra,25,Silver,2022-09-15,priya.nair445@gmail.com,9073206074.0,Active
4272,Vikram Verma,Male,49,Ahmedabad,Andhra Pradesh,14,Premium,2023-10-14,vikram.verma525@gmail.com,9542687332.0,Active
4273,Aisha Rao,Male,56,Bengaluru,Tamil Nadu,9,Premium,2024-07-18,aisha.rao949@gmail.com,9196435368.0,Active
4274,Rahul Singh,Female,55,Ahmedabad,Gujarat,26,Silver,2025-08-21,rahul.singh515@gmail.com,9796540574.0,Active
4275,Neha Reddy,Male,41,Mumbai,Andhra Pradesh,8,Gold,2022-01-04,neha.reddy463@gmail.com,9382031106.0,Active
4276,Kavya Verma,Female,65,Bengaluru,Gujarat,25,Regular,2020-08-18,kavya.verma5@gmail.com,9761469446.0,Active
4277,Nikhil Singh,Female,22,Pune,Kerala,18,Regular,2024-09-10,nikhil.singh760@gmail.com,9319153614.0,
4278,Riya Patel,Female,59,Delhi,Andhra Pradesh,23,Regular,2024-11-28,riya.patel682@gmail.com,9666515842.0,Active
4279,Aarav Sharma,Female,68,Hyderabad,Telangana,1,Regular,2020-10-02,aarav.sharma346@gmail.com,9995179149.0,Active
4280,Priya Joshi,Female,42,Delhi,Tamil Nadu,28,Regular,2025-05-04,priya.joshi233@gmail.com,9932623413.0,Active
4281,Neha Verma,Female,67,Ahmedabad,Gujarat,18,Regular,2025-03-14,neha.verma965@gmail.com,9408305603.0,Active
4282,Kiran Kumar,Male,45,Delhi,Andhra Pradesh,19,Regular,2021-04-04,kiran.kumar14@gmail.com,9893710894.0,Inactive
4283,Ishaan Kumar,Female,61,Mumbai,Gujarat,22,Silver,2021-03-21,ishaan.kumar666@gmail.com,9848644842.0,active
4284,Aisha Rao,Male,29,Ahmedabad,Andhra Pradesh,20,Silver,2025-11-05,aisha.rao369@gmail.com,9295950509.0,active
4285,Meera Rao,Female,27,Kolkata,Uttar Pradesh,8,Gold,2024-01-03,meera.rao373@gmail.com,9393784410.0,Active
4286,Rahul Verma,Female,37,Chennai,Karnataka,16,Silver,2025-01-18,rahul.verma560@gmail.com,9532884131.0,Active
4287,Ishaan Singh,Male,65,Mumbai,Tamil Nadu,20,Gold,2025-07-13,ishaan.singh814@gmail.com,9863559302.0,Active
4288,Kavya Joshi,Female,32,Mumbai,Tamil Nadu,4,Regular,2025-04-07,kavya.joshi533@gmail.com,9449886690.0,Active
4289,Aisha Sharma,Male,22,Chennai,Kerala,21,Silver,2022-09-02,aisha.sharma350@gmail.com,9740949087.0,Active
4290,Vikram Nair,Male,69,Ahmedabad,Kerala,7,Gold,2021-04-23,vikram.nair117@gmail.com,9788846572.0,Active
4291,Rahul Sharma,Male,36,Delhi,West Bengal,6,Premium,2022-08-14,rahul.sharma459@gmail.com,9221563296.0,Active
4292,Aditya Gupta,Female,27,Delhi,West Bengal,4,Premium,2021-09-18,aditya.gupta978@gmail.com,9132021725.0,Active
4293,Aditya Reddy,Male,21,Kolkata,Tamil Nadu,19,Silver,2023-01-21,aditya.reddy927@gmail.com,9588866605.0,Active
4294,Vikram Rao,Male,67,Mumbai,Telangana,12,Silver,2024-09-15,vikram.rao89@gmail.com,9304295494.0,Active
4295,Meera Nair,Male,52,Mumbai,Maharashtra,24,Regular,2025-06-23,meera.nair190@gmail.com,9263771183.0,Active
4296,Rohan Gupta,Male,52,Hyderabad,Telangana,6,Gold,2025-06-05,rohan.gupta297@gmail.com,9181230350.0,Active
4297,Ananya Joshi,Female,61,Mumbai,Karnataka,17,Silver,2020-03-16,ananya.joshi635@gmail.com,9235327300.0,Active
4298,Neha Joshi,Female,59,Kolkata,Kerala,8,Regular,2021-11-08,neha.joshi269@gmail.com,9967434964.0,
4299,Arjun Singh,Male,60,Ahmedabad,Tamil Nadu,14,Regular,2020-06-11,arjun.singh407@gmail.com,9123233019.0,Active
4300,Vikram Gupta,Male,28,Hyderabad,Delhi,14,Regular,2022-01-31,vikram.gupta4@gmail.com,9243838334.0,Active
4301,Diya Joshi,Female,26,Ahmedabad,Kerala,20,Gold,2024-01-17,diya.joshi131@gmail.com,9217905324.0,Active
4302,Meera Kumar,Male,23,Ahmedabad,Gujarat,10,Premium,2024-01-12,meera.kumar145@gmail.com,9553062220.0,Active
4303,Ananya Gupta,Male,42,Bengaluru,Tamil Nadu,19,Regular,2024-07-05,ananya.gupta141@gmail.com,9181667568.0,Active
4304,Rahul Patel,Female,28,Pune,Gujarat,24,Premium,2020-10-29,rahul.patel74@gmail.com,9798622039.0,Active
4305,Rohan Gupta,Female,70,Chennai,Maharashtra,26,Regular,2021-08-03,rohan.gupta435@gmail.com,9270429982.0,Active
4306,Priya Reddy,Female,46,Kolkata,Tamil Nadu,26,Silver,2023-10-13,priya.reddy375@gmail.com,9007769070.0,Active
4307,Ananya Reddy,Male,66,Mumbai,Tamil Nadu,21,Regular,2020-05-25,ananya.reddy343@gmail.com,9765445977.0,Active
4308,Ishaan Patel,Female,48,Chennai,Andhra Pradesh,6,Regular,2023-06-22,ishaan.patel287@gmail.com,9790479110.0,Active
4309,Rahul Singh,Female,30,Mumbai,Maharashtra,20,Silver,2024-05-21,rahul.singh426@gmail.com,9234645501.0,Active
4310,Nikhil Singh,Female,38,Chennai,Gujarat,12,Regular,2024-01-11,nikhil.singh887@gmail.com,9045911665.0,Active
4311,Rahul Gupta,Female,63,Ahmedabad,Uttar Pradesh,3,Regular,2025-12-17,rahul.gupta524@gmail.com,9777103808.0,Active
4312,Ananya Reddy,Female,49,Mumbai,Maharashtra,15,Regular,2020-09-28,ananya.reddy5@gmail.com,9095192931.0,Active
4313,Nikhil Verma,Female,66,Delhi,Uttar Pradesh,26,Regular,2023-11-21,nikhil.verma904@gmail.com,9300736802.0,Active
4314,Priya Verma,Male,20,Mumbai,Gujarat,16,Silver,2025-10-05,priya.verma416@gmail.com,9070580909.0,Active
4315,Nikhil Gupta,Female,59,Delhi,Maharashtra,18,Silver,2022-05-06,nikhil.gupta288@gmail.com,9533446294.0,Active
4316,Ishaan Verma,Male,21,Ahmedabad,Telangana,2,Regular,2025-10-07,ishaan.verma441@gmail.com,9593824569.0,Active
4317,Priya Rao,Male,55,Hyderabad,Telangana,15,Regular,2021-07-09,priya.rao816@gmail.com,9691847574.0,ACTIVE
4318,Ishaan Sharma,Female,65,Mumbai,West Bengal,18,Gold,2024-06-02,ishaan.sharma209@gmail.com,9947974512.0,Active
4319,Diya Reddy,Male,48,Chennai,Karnataka,2,Premium,2020-08-20,diya.reddy896@gmail.com,9832661208.0,Active
4320,Neha Verma,Male,63,Mumbai,Delhi,16,Regular,2022-05-25,neha.verma566@gmail.com,9474866942.0,Active
4321,Kiran Rao,Male,22,Delhi,Karnataka,13,Regular,2025-03-06,kiran.rao653@gmail.com,9644790917.0,
4322,Sai Kumar,Male,53,Hyderabad,Kerala,23,Regular,2022-11-01,sai.kumar16@gmail.com,9746717817.0,Active
4323,Sai Joshi,Male,61,Ahmedabad,Gujarat,23,Regular,2024-09-01,sai.joshi603@gmail.com,9408680590.0,Active
4324,Aditya Nair,Male,20,Mumbai,Tamil Nadu,16,Regular,2024-03-24,aditya.nair248@gmail.com,9164837792.0,Active
4325,Ananya Rao,Male,34,Bengaluru,Uttar Pradesh,20,Gold,2025-11-29,ananya.rao914@gmail.com,9743930185.0,Active
4326,Sai Patel,Female,33,Chennai,Andhra Pradesh,24,Premium,2025-01-13,sai.patel164@gmail.com,9991517786.0,Active
4327,Arjun Gupta,Female,55,Pune,Uttar Pradesh,22,Regular,2023-10-11,arjun.gupta753@gmail.com,9531649565.0,Active
4328,Kiran Rao,Male,69,Kolkata,Maharashtra,27,Gold,2023-02-25,kiran.rao358@gmail.com,9979697734.0,Inactive
4329,Rahul Rao,Female,44,Chennai,Tamil Nadu,20,Regular,2025-11-14,rahul.rao697@gmail.com,9386382953.0,active
4330,Rahul Reddy,Male,36,Chennai,Gujarat,20,Regular,2022-06-16,rahul.reddy452@gmail.com,9720948331.0,Active
4331,Neha Singh,Female,27,Ahmedabad,West Bengal,12,Regular,2020-06-05,neha.singh83@gmail.com,9498910577.0,Active
4332,Vikram Sharma,Male,51,Pune,Gujarat,13,Silver,2024-01-02,vikram.sharma227@gmail.com,9859837031.0,Active
4333,Ananya Reddy,Male,56,Chennai,Kerala,29,Regular,2024-03-28,ananya.reddy562@gmail.com,9014870173.0,Active
4334,Priya Joshi,Female,36,Bengaluru,West Bengal,25,Gold,2024-11-30,priya.joshi335@gmail.com,9728853903.0,Active
4335,Neha Rao,Male,45,Ahmedabad,Karnataka,22,Silver,2022-03-13,neha.rao274@gmail.com,9543057225.0,Active
4336,Nikhil Singh,Female,52,Mumbai,Telangana,2,Gold,2022-11-03,nikhil.singh88@gmail.com,9780451304.0,Active
4337,Neha Kumar,Female,56,Kolkata,Delhi,23,Regular,2020-01-18,neha.kumar673@gmail.com,9587922871.0,Active
4338,Ananya Reddy,Male,24,Pune,West Bengal,23,Regular,2020-10-19,ananya.reddy261@gmail.com,9705225726.0,Active
4339,Kavya Nair,Female,70,Delhi,Tamil Nadu,16,Premium,2024-10-21,kavya.nair975@gmail.com,9428450955.0,Active
4340,Neha Patel,Female,36,Delhi,Telangana,4,Premium,2024-02-12,neha.patel367@gmail.com,9493057464.0,Active
4341,Diya Nair,Female,39,Chennai,Telangana,8,Silver,2024-01-28,diya.nair4@gmail.com,9950827404.0,ACTIVE
4342,Neha Sharma,Female,45,Ahmedabad,Karnataka,25,Gold,2022-03-08,neha.sharma545@gmail.com,9632867440.0,Active
4343,Kiran Gupta,Male,63,Ahmedabad,Maharashtra,9,Gold,2024-08-26,kiran.gupta347@gmail.com,9378698580.0,Active
4344,Aarav Singh,Female,49,Ahmedabad,Gujarat,8,Premium,2025-08-16,aarav.singh830@gmail.com,9554326178.0,Active
4345,Sai Gupta,Female,49,Kolkata,Karnataka,21,Regular,2020-04-14,sai.gupta636@gmail.com,9971578587.0,Active
4346,Diya Sharma,Male,56,Bengaluru,Telangana,11,Silver,2022-05-20,diya.sharma583@gmail.com,9140429188.0,Active
4347,Kiran Rao,Female,34,Bengaluru,Telangana,24,Silver,2024-11-03,kiran.rao682@gmail.com,9893560896.0,Active
4348,Arjun Sharma,Male,52,Delhi,Maharashtra,23,Regular,2025-11-09,arjun.sharma420@gmail.com,9985144373.0,Inactive
4349,Sneha Kumar,Male,34,Bengaluru,Andhra Pradesh,14,Regular,2020-10-26,sneha.kumar527@gmail.com,9791726473.0,
4350,Ananya Sharma,Male,45,Bengaluru,Uttar Pradesh,27,Regular,2022-11-11,ananya.sharma117@gmail.com,9797120124.0,Active
4351,Vivaan Nair,Female,55,Mumbai,Gujarat,9,Silver,2020-01-06,vivaan.nair342@gmail.com,9540063543.0,Active
4352,Rohan Nair,Female,48,Delhi,Kerala,21,Silver,2022-03-20,rohan.nair139@gmail.com,9445765687.0,Active
4353,Ishaan Sharma,Male,67,Mumbai,Karnataka,25,Regular,2020-04-07,ishaan.sharma923@gmail.com,9872920213.0,Active
4354,Rohan Verma,Male,67,Kolkata,West Bengal,12,Gold,2021-04-11,rohan.verma35@gmail.com,9694847299.0,
4355,Sneha Nair,Female,47,Chennai,Uttar Pradesh,21,Regular,2025-01-07,sneha.nair690@gmail.com,9187280517.0,Inactive
4356,Neha Kumar,Male,68,Mumbai,Karnataka,3,Silver,2025-11-26,neha.kumar193@gmail.com,9327782686.0,Active
4357,Ishaan Kumar,Female,48,Delhi,Karnataka,18,Regular,2020-05-15,ishaan.kumar387@gmail.com,9584026576.0,Active
4358,Arjun Reddy,Male,19,Kolkata,Maharashtra,21,Regular,2023-10-27,arjun.reddy30@gmail.com,9419299919.0,Active
4359,Kavya Joshi,Male,57,Pune,Gujarat,4,Silver,2022-04-23,kavya.joshi334@gmail.com,9207278857.0,Active
4360,Sai Kumar,Male,69,Hyderabad,Gujarat,21,Regular,2022-02-13,sai.kumar392@gmail.com,9894746626.0,ACTIVE
4361,Sai Rao,Female,56,Hyderabad,Andhra Pradesh,3,Regular,2022-01-30,sai.rao368@gmail.com,9765249654.0,Active
4362,Meera Verma,Male,44,Mumbai,Tamil Nadu,29,Gold,2024-02-22,meera.verma345@gmail.com,9978568115.0,
4363,Ananya Sharma,Male,57,Hyderabad,Maharashtra,15,Premium,2020-01-17,ananya.sharma252@gmail.com,9035373579.0,Active
4364,Ishaan Patel,Male,40,Hyderabad,Delhi,12,Regular,2020-05-02,ishaan.patel212@gmail.com,9798743801.0,Active
4365,Vivaan Nair,Female,58,Chennai,Karnataka,22,Gold,2023-07-09,vivaan.nair928@gmail.com,9695017115.0,Active
4366,Vikram Singh,Male,56,Mumbai,Telangana,18,Silver,2023-09-15,vikram.singh772@gmail.com,9370805442.0,ACTIVE
4367,Kiran Nair,Female,49,Pune,Kerala,7,Gold,2025-08-14,kiran.nair268@gmail.com,9359300166.0,Active
4368,Neha Sharma,Male,63,Hyderabad,Karnataka,28,Regular,2021-12-29,neha.sharma7@gmail.com,9030876756.0,Active
4369,Kiran Singh,Male,31,Mumbai,Delhi,5,Regular,2023-07-22,kiran.singh973@gmail.com,9534176581.0,Active
4370,Ananya Nair,Female,56,Bengaluru,Andhra Pradesh,25,Regular,2025-05-10,ananya.nair165@gmail.com,9154944638.0,Active
4371,Ananya Singh,Male,64,Bengaluru,West Bengal,7,Regular,2021-06-27,ananya.singh165@gmail.com,9807786636.0,active
4372,Vivaan Verma,Male,20,Pune,Uttar Pradesh,13,Regular,2024-12-25,vivaan.verma13@gmail.com,9043137991.0,Active
4373,Rohan Verma,Male,70,Bengaluru,Kerala,29,Gold,2022-04-05,rohan.verma542@gmail.com,9345943302.0,ACTIVE
4374,Nikhil Rao,Female,35,Pune,Delhi,28,Regular,2025-01-20,nikhil.rao897@gmail.com,9003057521.0,Active
4375,Sneha Rao,Female,60,Bengaluru,Andhra Pradesh,24,Premium,2023-09-04,sneha.rao772@gmail.com,9796091891.0,Active
4376,Diya Joshi,Female,29,Kolkata,Maharashtra,5,Regular,2020-04-11,diya.joshi101@gmail.com,9670888681.0,ACTIVE
4377,Rohan Singh,Female,62,Bengaluru,Uttar Pradesh,9,Regular,2025-10-07,rohan.singh347@gmail.com,9072553473.0,Active
4378,Kiran Rao,Male,43,Chennai,Telangana,3,Silver,2022-12-15,kiran.rao848@gmail.com,9862035689.0,Active
4379,Kiran Rao,Female,22,Pune,Tamil Nadu,14,Gold,2024-06-16,kiran.rao795@gmail.com,9051740569.0,Active
4380,Vivaan Kumar,Female,68,Kolkata,Karnataka,3,Silver,2020-04-14,vivaan.kumar886@gmail.com,9494663056.0,Active
4381,Arjun Kumar,Female,30,Delhi,Telangana,22,Gold,2024-03-15,arjun.kumar564@gmail.com,9105292033.0,Active
4382,Arjun Verma,Male,62,Pune,Gujarat,9,Premium,2021-12-15,arjun.verma366@gmail.com,9879009618.0,Active
4383,Sai Kumar,Male,65,Kolkata,Delhi,25,Gold,2024-09-14,sai.kumar330@gmail.com,9703920851.0,Active
4384,Kiran Joshi,Female,63,Pune,West Bengal,16,Regular,2020-04-10,kiran.joshi128@gmail.com,9104435423.0,Active
4385,Ananya Rao,Female,26,Mumbai,Maharashtra,29,Premium,2021-05-26,ananya.rao725@gmail.com,9565855854.0,Active
4386,Kiran Nair,Female,46,Ahmedabad,Tamil Nadu,1,Regular,2024-02-29,kiran.nair513@gmail.com,9305324426.0,Active
4387,Ishaan Patel,Male,46,Ahmedabad,Telangana,23,Regular,2024-05-21,ishaan.patel700@gmail.com,9079655812.0,Active
4388,Arjun Kumar,Female,23,Kolkata,Uttar Pradesh,12,Regular,2024-01-13,arjun.kumar250@gmail.com,9534765938.0,Active
4389,Sneha Joshi,Female,46,Mumbai,Tamil Nadu,24,Silver,2023-01-27,sneha.joshi702@gmail.com,9506517958.0,Active
4390,Aarav Reddy,Male,64,Hyderabad,Kerala,9,Regular,2025-01-07,aarav.reddy438@gmail.com,9576299294.0,Active
4391,Meera Nair,Male,51,Kolkata,West Bengal,22,Silver,2025-01-18,meera.nair219@gmail.com,9702124820.0,Active
4392,Rohan Nair,Female,59,Pune,Delhi,23,Gold,2020-11-15,rohan.nair358@gmail.com,9607270728.0,Active
4393,Arjun Kumar,Female,37,Pune,Delhi,27,Silver,2021-03-08,arjun.kumar333@gmail.com,9950155103.0,Active
4394,Arjun Gupta,Male,59,Hyderabad,Uttar Pradesh,4,Regular,2020-02-22,arjun.gupta12@gmail.com,9836080702.0,
4395,Vivaan Sharma,Male,41,Pune,Gujarat,2,Regular,2024-03-16,vivaan.sharma576@gmail.com,9621440473.0,Active
4396,Neha Verma,Male,58,Chennai,Andhra Pradesh,11,Regular,2022-10-30,neha.verma743@gmail.com,9972480153.0,ACTIVE
4397,Meera Verma,Male,28,Chennai,Gujarat,17,Gold,2025-06-21,meera.verma354@gmail.com,9686949483.0,Active
4398,Vivaan Reddy,Female,52,Mumbai,Andhra Pradesh,13,Gold,2023-03-30,vivaan.reddy28@gmail.com,9060119833.0,Active
4399,Aditya Nair,Female,24,Delhi,Karnataka,5,Regular,2022-12-22,aditya.nair565@gmail.com,9863124668.0,active
4400,Rahul Sharma,Female,65,Pune,Uttar Pradesh,4,Premium,2022-11-14,rahul.sharma44@gmail.com,9806827525.0,Active
4401,Nikhil Patel,Female,22,Hyderabad,Telangana,25,Premium,2023-02-28,nikhil.patel77@gmail.com,9155690403.0,Active
4402,Arjun Reddy,Male,25,Kolkata,Maharashtra,16,Silver,2024-12-21,arjun.reddy294@gmail.com,9896556978.0,Active
4403,Aarav Sharma,Female,32,Hyderabad,Gujarat,12,Regular,2025-06-19,aarav.sharma480@gmail.com,9985358809.0,Active
4404,Rahul Verma,Male,32,Delhi,Tamil Nadu,17,Regular,2021-01-26,rahul.verma675@gmail.com,9192903652.0,Active
4405,Rohan Sharma,Male,36,Ahmedabad,Delhi,1,Gold,2021-06-11,rohan.sharma347@gmail.com,9936518429.0,Active
4406,Sneha Rao,Female,38,Pune,Tamil Nadu,28,Silver,2023-03-14,sneha.rao390@gmail.com,9934583277.0,Active
4407,Neha Nair,Female,45,Ahmedabad,Kerala,14,Silver,2023-11-30,neha.nair989@gmail.com,9656876351.0,Active
4408,Ishaan Sharma,Female,49,Delhi,Delhi,10,Gold,2025-02-14,ishaan.sharma801@gmail.com,9454249181.0,Active
4409,Ishaan Reddy,Female,41,Kolkata,Karnataka,22,Premium,2022-08-13,ishaan.reddy397@gmail.com,9245048966.0,Active
4410,Neha Sharma,Female,63,Hyderabad,Gujarat,9,Silver,2025-10-01,neha.sharma375@gmail.com,9610064153.0,Active
4411,Vivaan Gupta,Male,54,Bengaluru,Tamil Nadu,16,Silver,2021-06-07,vivaan.gupta380@gmail.com,9727498651.0,Active
4412,Priya Verma,Female,44,Chennai,Telangana,30,Regular,2024-03-06,priya.verma831@gmail.com,9544798206.0,Active
4413,Aarav Verma,Male,55,Bengaluru,West Bengal,5,Premium,2021-03-13,aarav.verma875@gmail.com,9474756613.0,Active
4414,Vivaan Patel,Female,59,Mumbai,Maharashtra,6,Silver,2020-12-29,vivaan.patel222@gmail.com,9126280586.0,Active
4415,Meera Joshi,Female,59,Hyderabad,Uttar Pradesh,22,Regular,2022-07-08,meera.joshi439@gmail.com,9461054134.0,Active
4416,Aisha Kumar,Male,39,Bengaluru,Telangana,19,Gold,2021-07-23,aisha.kumar98@gmail.com,9194627927.0,Active
4417,Vikram Nair,Male,52,Kolkata,West Bengal,13,Silver,2021-03-07,vikram.nair49@gmail.com,9424176047.0,Active
4418,Vikram Reddy,Male,32,Delhi,Tamil Nadu,30,Regular,2020-05-07,vikram.reddy192@gmail.com,9027738000.0,Active
4419,Kavya Kumar,Male,39,Kolkata,Karnataka,21,Regular,2024-08-19,kavya.kumar988@gmail.com,9150745778.0,Active
4420,Aisha Rao,Male,21,Hyderabad,Gujarat,13,Regular,2021-12-26,aisha.rao534@gmail.com,9784574421.0,Active
4421,Meera Rao,Male,48,Pune,Maharashtra,25,Gold,2020-08-01,meera.rao645@gmail.com,9180805221.0,Active
4422,Rohan Patel,Male,58,Ahmedabad,Gujarat,20,Regular,2025-02-15,rohan.patel800@gmail.com,9064342838.0,Active
4423,Kavya Kumar,Female,49,Hyderabad,Kerala,16,Regular,2024-08-07,kavya.kumar394@gmail.com,9567306116.0,Active
4424,Kavya Rao,Female,43,Mumbai,Delhi,25,Gold,2021-04-13,kavya.rao30@gmail.com,9933317011.0,Active
4425,Nikhil Nair,Male,19,Kolkata,Gujarat,9,Gold,2022-02-22,nikhil.nair599@gmail.com,9416839679.0,Active
4426,Meera Patel,Female,56,Delhi,Delhi,8,Regular,2024-05-15,meera.patel72@gmail.com,9679606604.0,Active
4427,Nikhil Nair,Male,34,Ahmedabad,West Bengal,22,Regular,2020-12-05,nikhil.nair324@gmail.com,9386855073.0,Active
4428,Kavya Rao,Female,19,Chennai,Uttar Pradesh,24,Premium,2020-11-19,kavya.rao524@gmail.com,9646191156.0,Inactive
4429,Diya Kumar,Male,51,Hyderabad,Telangana,19,Gold,2023-06-27,diya.kumar512@gmail.com,9184005595.0,Active
4430,Arjun Gupta,Male,60,Chennai,Gujarat,10,Regular,2023-01-12,arjun.gupta11@gmail.com,9731875940.0,Active
4431,Vivaan Singh,Male,54,Mumbai,Andhra Pradesh,18,Regular,2020-03-20,vivaan.singh773@gmail.com,9897112374.0,Active
4432,Aisha Reddy,Female,51,Mumbai,Telangana,11,Regular,2025-07-07,aisha.reddy468@gmail.com,9721006467.0,Active
4433,Kiran Sharma,Male,46,Mumbai,Tamil Nadu,27,Gold,2023-07-13,kiran.sharma498@gmail.com,9843769532.0,Active
4434,Aarav Reddy,Female,40,Hyderabad,Karnataka,6,Silver,2024-10-02,aarav.reddy316@gmail.com,9657092842.0,Active
4435,Vivaan Reddy,Male,42,Mumbai,Uttar Pradesh,30,Silver,2025-06-07,vivaan.reddy907@gmail.com,9765084668.0,Active
4436,Vivaan Rao,Female,21,Mumbai,Tamil Nadu,1,Regular,2024-07-27,vivaan.rao753@gmail.com,9389086304.0,Active
4437,Vivaan Kumar,Female,45,Hyderabad,Kerala,10,Premium,2023-02-24,vivaan.kumar56@gmail.com,9577938559.0,ACTIVE
4438,Ishaan Sharma,Male,45,Pune,West Bengal,11,Regular,2021-12-02,ishaan.sharma351@gmail.com,9619890633.0,Active
4439,Sneha Sharma,Female,48,Delhi,Telangana,26,Regular,2025-07-26,sneha.sharma93@gmail.com,9213100756.0,Active
4440,Nikhil Singh,Male,38,Pune,West Bengal,1,Regular,2023-08-12,nikhil.singh673@gmail.com,9962219142.0,Active
4441,Sai Reddy,Male,25,Chennai,Tamil Nadu,12,Silver,2021-07-27,sai.reddy273@gmail.com,9312677037.0,Active
4442,Sai Joshi,Male,52,Bengaluru,Delhi,24,Regular,2021-10-01,sai.joshi457@gmail.com,9073630684.0,Active
4443,Neha Nair,Male,47,Ahmedabad,Andhra Pradesh,27,Regular,2021-03-03,neha.nair389@gmail.com,9627368073.0,active
4444,Aisha Reddy,Female,52,Pune,Kerala,22,Silver,2023-04-22,aisha.reddy74@gmail.com,9092039113.0,Active
4445,Kiran Verma,Female,46,Bengaluru,West Bengal,29,Gold,2022-06-11,kiran.verma950@gmail.com,9137439800.0,Active
4446,Vikram Kumar,Female,57,Pune,Karnataka,12,Gold,2024-11-14,vikram.kumar194@gmail.com,9424698210.0,active
4447,Kavya Joshi,Female,49,Pune,West Bengal,5,Regular,2022-08-07,kavya.joshi417@gmail.com,9489908670.0,Active
4448,Vivaan Verma,Male,21,Bengaluru,Kerala,12,Regular,2024-04-23,vivaan.verma586@gmail.com,9339529742.0,
4449,Sneha Rao,Female,37,Pune,Delhi,16,Gold,2020-12-18,sneha.rao369@gmail.com,9461117322.0,Active
4450,Priya Gupta,Female,70,Delhi,Karnataka,27,Gold,2024-08-19,priya.gupta426@gmail.com,9386107736.0,Active
4451,Aarav Sharma,Female,18,Delhi,Tamil Nadu,1,Regular,2024-08-08,aarav.sharma694@gmail.com,9514626495.0,Active
4452,Aarav Nair,Male,25,Kolkata,Karnataka,3,Regular,2022-07-18,aarav.nair968@gmail.com,9548644306.0,Active
4453,Sai Nair,Female,29,Delhi,Telangana,24,Gold,2022-03-22,sai.nair743@gmail.com,9563033223.0,ACTIVE
4454,Vivaan Patel,Female,69,Hyderabad,Andhra Pradesh,29,Premium,2021-01-23,vivaan.patel680@gmail.com,9185902743.0,active
4455,Vikram Nair,Male,44,Ahmedabad,West Bengal,29,Silver,2023-06-09,vikram.nair593@gmail.com,9698029711.0,Active
4456,Ishaan Joshi,Female,38,Chennai,West Bengal,11,Gold,2020-04-04,ishaan.joshi262@gmail.com,9812525382.0,Active
4457,Aditya Joshi,Male,23,Chennai,Uttar Pradesh,28,Regular,2022-07-12,aditya.joshi148@gmail.com,9166179440.0,Active
4458,Sneha Rao,Male,21,Mumbai,Karnataka,15,Regular,2020-02-26,sneha.rao106@gmail.com,9957039156.0,Active
4459,Rahul Reddy,Female,64,Mumbai,Uttar Pradesh,21,Regular,2020-12-19,rahul.reddy887@gmail.com,9798687240.0,Active
4460,Vikram Sharma,Female,23,Hyderabad,Tamil Nadu,24,Premium,2024-03-25,vikram.sharma778@gmail.com,9053747034.0,Active
4461,Sai Joshi,Female,70,Kolkata,Uttar Pradesh,22,Regular,2022-11-03,sai.joshi353@gmail.com,9571974356.0,Active
4462,Vikram Kumar,Female,26,Delhi,West Bengal,26,Gold,2024-07-10,vikram.kumar659@gmail.com,9002582486.0,Active
4463,Aditya Nair,Female,60,Ahmedabad,Kerala,15,Regular,2020-06-06,aditya.nair531@gmail.com,9610702156.0,Active
4464,Diya Rao,Female,25,Chennai,Delhi,16,Regular,2024-12-01,diya.rao217@gmail.com,9624550973.0,Active
4465,Arjun Rao,Female,23,Delhi,Kerala,30,Regular,2024-03-10,arjun.rao197@gmail.com,9563569668.0,Active
4466,Arjun Rao,Female,36,Bengaluru,Karnataka,7,Regular,2022-12-07,arjun.rao302@gmail.com,9345036690.0,active
4467,Rahul Joshi,Male,26,Chennai,Telangana,3,Regular,2023-11-03,rahul.joshi2@gmail.com,9093875213.0,Active
4468,Rahul Kumar,Female,42,Chennai,Telangana,5,Regular,2022-01-10,rahul.kumar365@gmail.com,9942822064.0,Active
4469,Riya Reddy,Male,68,Hyderabad,Gujarat,20,Gold,2020-08-20,riya.reddy100@gmail.com,9751116396.0,Active
4470,Aditya Verma,Female,21,Pune,Gujarat,4,Regular,2023-08-30,aditya.verma813@gmail.com,9633057785.0,Active
4471,Diya Rao,Male,65,Pune,Gujarat,2,Premium,2022-10-22,diya.rao93@gmail.com,9617268930.0,Active
4472,Aisha Joshi,Female,20,Chennai,Delhi,6,Silver,2025-09-18,aisha.joshi175@gmail.com,9487593391.0,Active
4473,Aisha Nair,Female,52,Kolkata,Gujarat,4,Silver,2022-02-09,aisha.nair125@gmail.com,9297210203.0,ACTIVE
4474,Sai Singh,Female,63,Mumbai,Andhra Pradesh,18,Silver,2023-05-26,sai.singh644@gmail.com,9194853578.0,Active
4475,Rahul Rao,Female,20,Chennai,Tamil Nadu,14,Silver,2024-07-18,rahul.rao987@gmail.com,9546072830.0,Active
4476,Neha Verma,Female,24,Mumbai,Kerala,21,Silver,2021-10-19,neha.verma862@gmail.com,9704623319.0,Active
4477,Diya Kumar,Female,52,Ahmedabad,Karnataka,21,Regular,2025-08-30,diya.kumar382@gmail.com,9524614978.0,Active
4478,Diya Verma,Female,44,Delhi,Karnataka,22,Gold,2025-09-22,diya.verma357@gmail.com,9256845517.0,Active
4479,Kavya Reddy,Female,59,Chennai,Kerala,8,Regular,2024-10-28,kavya.reddy876@gmail.com,9588660053.0,Active
4480,Kavya Kumar,Male,49,Kolkata,Karnataka,23,Regular,2021-01-25,kavya.kumar255@gmail.com,9645630836.0,Active
4481,Ananya Singh,Male,57,Mumbai,Tamil Nadu,22,Regular,2024-02-18,ananya.singh420@gmail.com,9137875370.0,Active
4482,Kiran Sharma,Female,25,Bengaluru,Gujarat,5,Gold,2023-05-27,kiran.sharma49@gmail.com,9183494398.0,Active
4483,Kavya Verma,Male,40,Hyderabad,West Bengal,4,Gold,2023-12-03,kavya.verma22@gmail.com,9470873954.0,Active
4484,Nikhil Nair,Male,33,Mumbai,Telangana,14,Regular,2024-02-24,nikhil.nair729@gmail.com,9183720322.0,Active
4485,Neha Joshi,Male,67,Bengaluru,Andhra Pradesh,30,Regular,2022-09-20,neha.joshi336@gmail.com,9432216956.0,Active
4486,Sai Verma,Female,70,Pune,West Bengal,16,Regular,2025-04-25,sai.verma315@gmail.com,9329775143.0,ACTIVE
4487,Arjun Nair,Male,39,Chennai,Andhra Pradesh,26,Regular,2023-09-03,arjun.nair245@gmail.com,9115833804.0,Active
4488,Kavya Nair,Female,32,Ahmedabad,Maharashtra,20,Regular,2022-08-05,kavya.nair441@gmail.com,9298196560.0,Active
4489,Sneha Singh,Male,30,Chennai,West Bengal,23,Regular,2020-01-18,sneha.singh993@gmail.com,9597870518.0,Active
4490,Vikram Nair,Female,56,Delhi,Kerala,6,Silver,2023-06-18,vikram.nair335@gmail.com,9686977842.0,Active
4491,Rohan Gupta,Male,19,Kolkata,Andhra Pradesh,15,Premium,2022-09-15,rohan.gupta939@gmail.com,9826169928.0,Active
4492,Rohan Joshi,Female,66,Kolkata,Maharashtra,20,Regular,2020-08-24,rohan.joshi423@gmail.com,9921215944.0,Active
4493,Rahul Joshi,Male,23,Pune,Karnataka,20,Regular,2025-08-05,rahul.joshi99@gmail.com,9753160025.0,Active
4494,Priya Kumar,Male,43,Bengaluru,Kerala,20,Gold,2020-10-06,priya.kumar264@gmail.com,9529689367.0,Active
4495,Priya Singh,Male,22,Pune,West Bengal,1,Regular,2024-05-01,priya.singh353@gmail.com,9312075280.0,active
4496,Sai Reddy,Male,55,Mumbai,Kerala,14,Premium,2024-10-22,sai.reddy958@gmail.com,9141032824.0,Active
4497,Neha Rao,Male,46,Pune,West Bengal,28,Regular,2022-05-04,neha.rao240@gmail.com,9597572647.0,Active
4498,Kiran Gupta,Male,26,Pune,Karnataka,4,Regular,2022-12-13,kiran.gupta545@gmail.com,9869842975.0,active
4499,Sai Nair,Male,37,Pune,Maharashtra,29,Silver,2020-10-15,sai.nair799@gmail.com,9304185321.0,
4500,Aisha Sharma,Female,54,Chennai,Tamil Nadu,12,Silver,2025-08-01,aisha.sharma696@gmail.com,9421164871.0,
4501,Priya Nair,Female,67,Kolkata,Maharashtra,7,Silver,2021-11-21,priya.nair736@gmail.com,9821703894.0,Active
4502,Rahul Joshi,Male,44,Pune,Tamil Nadu,17,Silver,2020-10-08,rahul.joshi934@gmail.com,9538281976.0,Active
4503,Aditya Kumar,Male,59,Pune,Kerala,28,Premium,2025-06-13,aditya.kumar683@gmail.com,9812734664.0,ACTIVE
4504,Aditya Kumar,Female,23,Kolkata,Telangana,8,Silver,2022-12-09,aditya.kumar266@gmail.com,9414274384.0,Active
4505,Vivaan Nair,Male,30,Delhi,Andhra Pradesh,9,Regular,2021-04-21,vivaan.nair337@gmail.com,9908561967.0,Active
4506,Riya Reddy,Female,54,Hyderabad,Kerala,30,Premium,2023-05-22,riya.reddy546@gmail.com,9884836431.0,ACTIVE
4507,Ananya Patel,Male,62,Ahmedabad,Karnataka,26,Gold,2024-11-06,ananya.patel366@gmail.com,9242167987.0,Active
4508,Rahul Sharma,Male,33,Kolkata,Uttar Pradesh,12,Regular,2021-08-05,rahul.sharma426@gmail.com,9346230876.0,Active
4509,Priya Singh,Female,48,Pune,Tamil Nadu,9,Silver,2022-04-07,priya.singh175@gmail.com,9577393846.0,Active
4510,Riya Gupta,Female,52,Ahmedabad,West Bengal,19,Silver,2022-05-03,riya.gupta383@gmail.com,9218346813.0,Active
4511,Rohan Nair,Male,22,Delhi,Andhra Pradesh,19,Regular,2024-03-08,rohan.nair81@gmail.com,9741659635.0,Active
4512,Priya Gupta,Female,54,Kolkata,Andhra Pradesh,26,Silver,2024-06-13,priya.gupta180@gmail.com,9316312591.0,Active
4513,Meera Verma,Male,34,Mumbai,Uttar Pradesh,10,Regular,2024-09-25,meera.verma494@gmail.com,9026780852.0,Active
4514,Sai Sharma,Male,62,Bengaluru,Gujarat,22,Premium,2020-03-20,sai.sharma934@gmail.com,9928955553.0,Inactive
4515,Vikram Reddy,Male,32,Chennai,Tamil Nadu,11,Regular,2020-03-30,vikram.reddy859@gmail.com,9152624115.0,Active
4516,Ananya Rao,Male,58,Bengaluru,West Bengal,1,Premium,2021-09-01,ananya.rao555@gmail.com,9097599936.0,Active
4517,Vivaan Joshi,Female,28,Pune,Maharashtra,23,Regular,2024-09-12,vivaan.joshi787@gmail.com,9318446900.0,Active
4518,Aarav Kumar,Male,41,Chennai,Telangana,15,Premium,2020-07-05,aarav.kumar888@gmail.com,9539831728.0,Active
4519,Diya Sharma,Male,36,Hyderabad,Andhra Pradesh,7,Regular,2023-02-21,diya.sharma867@gmail.com,9255721622.0,Active
4520,Arjun Kumar,Male,68,Kolkata,Maharashtra,5,Regular,2022-11-20,arjun.kumar843@gmail.com,9721800811.0,Active
4521,Rahul Sharma,Male,58,Pune,Karnataka,11,Silver,2020-09-18,rahul.sharma815@gmail.com,9149615493.0,Active
4522,Sneha Sharma,Male,55,Mumbai,West Bengal,21,Silver,2025-02-01,sneha.sharma577@gmail.com,9777406164.0,Active
4523,Aisha Patel,Female,51,Hyderabad,Tamil Nadu,18,Gold,2020-01-15,aisha.patel461@gmail.com,9332011951.0,Active
4524,Sai Verma,Male,55,Hyderabad,West Bengal,22,Silver,2024-08-28,sai.verma797@gmail.com,9460912549.0,Active
4525,Rahul Nair,Male,44,Pune,Karnataka,23,Regular,2020-12-25,rahul.nair34@gmail.com,9430709399.0,Active
4526,Diya Sharma,Female,35,Delhi,Tamil Nadu,18,Regular,2020-09-10,diya.sharma998@gmail.com,9470982223.0,Active
4527,Nikhil Gupta,Male,37,Pune,Karnataka,16,Regular,2024-03-14,nikhil.gupta697@gmail.com,9421792248.0,Active
4528,Vivaan Kumar,Male,20,Mumbai,Telangana,16,Gold,2024-10-10,vivaan.kumar350@gmail.com,9964202768.0,Inactive
4529,Aisha Gupta,Female,47,Ahmedabad,Gujarat,11,Regular,2020-07-28,aisha.gupta288@gmail.com,9662034104.0,
4530,Arjun Sharma,Female,64,Chennai,West Bengal,23,Silver,2022-07-15,arjun.sharma770@gmail.com,9088412540.0,Active
4531,Ananya Joshi,Male,18,Delhi,West Bengal,16,Regular,2024-11-18,ananya.joshi320@gmail.com,9701987267.0,Active
4532,Rahul Joshi,Female,20,Bengaluru,Tamil Nadu,12,Regular,2021-01-15,rahul.joshi139@gmail.com,9503273783.0,Active
4533,Arjun Gupta,Male,35,Chennai,Uttar Pradesh,21,Regular,2023-04-06,arjun.gupta570@gmail.com,9397152086.0,Active
4534,Aditya Reddy,Female,23,Pune,Telangana,3,Regular,2022-09-06,aditya.reddy153@gmail.com,9914917583.0,Active
4535,Aarav Reddy,Male,56,Kolkata,Karnataka,27,Regular,2024-11-11,aarav.reddy486@gmail.com,9643862854.0,Active
4536,Aditya Reddy,Female,40,Bengaluru,Kerala,22,Regular,2020-02-18,aditya.reddy826@gmail.com,9000169105.0,Active
4537,Sneha Singh,Female,43,Pune,Gujarat,22,Regular,2021-01-02,sneha.singh874@gmail.com,9383701244.0,Active
4538,Aarav Reddy,Male,54,Hyderabad,Andhra Pradesh,18,Gold,2020-03-21,aarav.reddy321@gmail.com,9254360265.0,Inactive
4539,Priya Verma,Female,50,Bengaluru,Maharashtra,12,Regular,2022-07-30,priya.verma652@gmail.com,9857467037.0,Active
4540,Vivaan Reddy,Male,67,Bengaluru,Karnataka,25,Premium,2020-01-09,vivaan.reddy52@gmail.com,9089552319.0,Active
4541,Kavya Reddy,Male,29,Ahmedabad,Delhi,22,Gold,2020-03-12,kavya.reddy458@gmail.com,9399499602.0,Active
4542,Arjun Verma,Female,34,Ahmedabad,Kerala,16,Regular,2023-08-17,arjun.verma312@gmail.com,9501553617.0,Active
4543,Sneha Kumar,Female,57,Kolkata,Tamil Nadu,15,Gold,2022-02-22,sneha.kumar553@gmail.com,9286678012.0,Active
4544,Nikhil Gupta,Male,68,Pune,West Bengal,7,Gold,2023-10-26,nikhil.gupta174@gmail.com,9543907108.0,Active
4545,Kavya Verma,Female,38,Bengaluru,West Bengal,15,Silver,2021-11-12,kavya.verma742@gmail.com,9899145990.0,Inactive
4546,Arjun Sharma,Female,29,Hyderabad,West Bengal,16,Premium,2025-01-03,arjun.sharma990@gmail.com,9431702976.0,Active
4547,Rohan Sharma,Male,55,Bengaluru,Karnataka,12,Silver,2023-01-15,rohan.sharma42@gmail.com,9599799210.0,Active
4548,Priya Patel,Female,18,Chennai,Uttar Pradesh,20,Silver,2021-06-05,priya.patel131@gmail.com,9962190417.0,Active
4549,Meera Verma,Male,55,Delhi,Uttar Pradesh,27,Regular,2022-05-10,meera.verma772@gmail.com,9862249004.0,Active
4550,Aarav Singh,Female,25,Kolkata,Karnataka,10,Regular,2023-02-26,aarav.singh325@gmail.com,9603831846.0,Active
4551,Nikhil Verma,Male,48,Kolkata,Gujarat,25,Gold,2021-11-13,nikhil.verma188@gmail.com,9458759111.0,Active
4552,Aisha Verma,Male,20,Delhi,Delhi,15,Regular,2020-06-02,aisha.verma547@gmail.com,9237979037.0,Active
4553,Aditya Rao,Female,42,Hyderabad,Maharashtra,15,Gold,2021-12-28,aditya.rao285@gmail.com,9665154024.0,Active
4554,Riya Gupta,Female,65,Chennai,Gujarat,28,Regular,2021-07-04,riya.gupta850@gmail.com,9216612155.0,Active
4555,Rahul Nair,Female,35,Ahmedabad,Delhi,30,Regular,2020-03-04,rahul.nair454@gmail.com,9007409180.0,Active
4556,Sneha Sharma,Male,51,Chennai,Kerala,11,Regular,2024-08-14,sneha.sharma471@gmail.com,9172197205.0,
4557,Ishaan Singh,Male,47,Kolkata,West Bengal,23,Silver,2021-02-26,ishaan.singh212@gmail.com,9466367741.0,Active
4558,Neha Kumar,Male,62,Mumbai,Kerala,15,Premium,2023-08-29,neha.kumar51@gmail.com,9492443927.0,Active
4559,Sneha Rao,Female,23,Kolkata,Kerala,20,Regular,2022-08-27,sneha.rao813@gmail.com,9650436160.0,Active
4560,Ishaan Verma,Female,51,Mumbai,West Bengal,16,Gold,2024-06-09,ishaan.verma162@gmail.com,9499405480.0,Active
4561,Kavya Nair,Female,25,Kolkata,Maharashtra,18,Gold,2024-10-19,kavya.nair624@gmail.com,9169008497.0,
4562,Riya Verma,Female,52,Pune,Maharashtra,16,Regular,2021-08-02,riya.verma533@gmail.com,9015205899.0,Active
4563,Rahul Joshi,Female,53,Delhi,Uttar Pradesh,5,Silver,2020-10-01,rahul.joshi526@gmail.com,9808603176.0,Active
4564,Kiran Patel,Female,65,Pune,Delhi,11,Gold,2023-09-07,kiran.patel475@gmail.com,9063578154.0,Active
4565,Nikhil Sharma,Male,28,Chennai,Maharashtra,7,Premium,2024-04-29,nikhil.sharma676@gmail.com,9650448686.0,ACTIVE
4566,Vikram Singh,Male,68,Bengaluru,Gujarat,4,Regular,2020-11-10,vikram.singh39@gmail.com,9238017586.0,Active
4567,Riya Patel,Male,23,Mumbai,Kerala,11,Regular,2021-11-17,riya.patel241@gmail.com,9222529579.0,Inactive
4568,Meera Patel,Female,32,Hyderabad,Uttar Pradesh,11,Silver,2023-10-30,meera.patel856@gmail.com,9541930481.0,Active
4569,Nikhil Sharma,Female,36,Mumbai,Uttar Pradesh,22,Gold,2024-11-12,nikhil.sharma390@gmail.com,9963012728.0,Active
4570,Kiran Gupta,Male,31,Ahmedabad,Karnataka,16,Regular,2025-01-14,kiran.gupta800@gmail.com,9723180137.0,Active
4571,Vivaan Verma,Male,63,Bengaluru,Delhi,8,Silver,2021-10-22,vivaan.verma619@gmail.com,9185420297.0,Active
4572,Ishaan Reddy,Male,47,Kolkata,Telangana,22,Regular,2026-01-06,ishaan.reddy854@gmail.com,9688962834.0,Active
4573,Aditya Verma,Female,70,Ahmedabad,Kerala,1,Premium,2024-08-22,aditya.verma530@gmail.com,9985992325.0,Active
4574,Nikhil Rao,Female,50,Mumbai,Delhi,5,Premium,2023-06-17,nikhil.rao809@gmail.com,9863546645.0,Active
4575,Sai Nair,Male,35,Delhi,Gujarat,20,Silver,2020-10-10,sai.nair314@gmail.com,9088226812.0,Active
4576,Vikram Patel,Male,26,Mumbai,Karnataka,12,Gold,2025-06-12,vikram.patel289@gmail.com,9565696099.0,Active
4577,Priya Kumar,Male,27,Chennai,Andhra Pradesh,10,Gold,2022-03-27,priya.kumar693@gmail.com,9453353211.0,Active
4578,Nikhil Verma,Male,26,Pune,Karnataka,28,Regular,2022-12-27,nikhil.verma770@gmail.com,9823915952.0,Active
4579,Nikhil Verma,Male,57,Pune,Kerala,20,Silver,2022-11-17,nikhil.verma514@gmail.com,9777261273.0,Active
4580,Ananya Reddy,Male,60,Kolkata,Delhi,8,Regular,2021-08-25,ananya.reddy516@gmail.com,9772143588.0,Active
4581,Riya Joshi,Male,55,Hyderabad,West Bengal,26,Silver,2020-06-17,riya.joshi630@gmail.com,9654966647.0,Inactive
4582,Kavya Singh,Female,63,Kolkata,Gujarat,23,Premium,2021-04-03,kavya.singh44@gmail.com,9938592128.0,Active
4583,Kavya Joshi,Male,25,Chennai,Karnataka,25,Silver,2020-09-20,kavya.joshi392@gmail.com,9519750004.0,Active
4584,Aisha Joshi,Male,33,Pune,Andhra Pradesh,30,Silver,2021-11-20,aisha.joshi404@gmail.com,9107939390.0,Active
4585,Neha Joshi,Female,36,Delhi,Andhra Pradesh,29,Silver,2023-02-17,neha.joshi17@gmail.com,9653706560.0,Active
4586,Diya Patel,Female,60,Kolkata,Maharashtra,9,Regular,2020-10-05,diya.patel300@gmail.com,9898617402.0,Active
4587,Meera Singh,Female,58,Bengaluru,Tamil Nadu,20,Regular,2024-05-13,meera.singh242@gmail.com,9051457842.0,Active
4588,Kavya Joshi,Female,58,Bengaluru,Kerala,9,Regular,2024-05-26,kavya.joshi237@gmail.com,9127049247.0,Active
4589,Aditya Patel,Male,62,Kolkata,Andhra Pradesh,27,Silver,2022-03-21,aditya.patel876@gmail.com,9312694794.0,Active
4590,Aisha Gupta,Female,22,Chennai,Andhra Pradesh,8,Regular,2025-01-21,aisha.gupta406@gmail.com,9777480176.0,active
4591,Sneha Gupta,Male,45,Kolkata,Gujarat,24,Regular,2025-11-21,sneha.gupta404@gmail.com,9042472844.0,Active
4592,Ishaan Nair,Female,41,Bengaluru,Uttar Pradesh,5,Silver,2020-06-16,ishaan.nair931@gmail.com,9738079894.0,Inactive
4593,Kavya Reddy,Female,22,Bengaluru,Tamil Nadu,22,Gold,2025-08-27,kavya.reddy510@gmail.com,9331220780.0,Active
4594,Neha Verma,Male,66,Bengaluru,Andhra Pradesh,3,Premium,2024-11-11,neha.verma50@gmail.com,9282502963.0,ACTIVE
4595,Sneha Kumar,Female,57,Pune,Maharashtra,23,Silver,2023-09-03,sneha.kumar655@gmail.com,9963139442.0,Inactive
4596,Aditya Joshi,Female,35,Kolkata,Kerala,22,Regular,2022-07-27,aditya.joshi471@gmail.com,9178354046.0,Active
4597,Rohan Reddy,Male,43,Delhi,West Bengal,5,Regular,2023-02-06,rohan.reddy700@gmail.com,9975528801.0,Active
4598,Sneha Reddy,Female,41,Ahmedabad,Gujarat,30,Regular,2021-08-22,sneha.reddy180@gmail.com,9559455324.0,Active
4599,Nikhil Patel,Female,23,Mumbai,Uttar Pradesh,24,Silver,2024-08-31,nikhil.patel232@gmail.com,9648792248.0,Active
4600,Sneha Gupta,Male,60,Mumbai,Kerala,6,Gold,2022-09-29,sneha.gupta185@gmail.com,9695260192.0,Active
4601,Kiran Nair,Male,59,Kolkata,Telangana,7,Silver,2023-12-01,kiran.nair479@gmail.com,9565883295.0,Active
4602,Ananya Joshi,Male,37,Hyderabad,Andhra Pradesh,12,Regular,2022-06-20,ananya.joshi91@gmail.com,9852960731.0,Active
4603,Ishaan Verma,Female,68,Mumbai,West Bengal,7,Silver,2020-03-29,ishaan.verma346@gmail.com,9995774562.0,Active
4604,Riya Rao,Female,45,Delhi,Delhi,10,Regular,2023-08-05,riya.rao5@gmail.com,9041199934.0,Active
4605,Ananya Joshi,Male,34,Mumbai,Tamil Nadu,22,Gold,2022-10-15,ananya.joshi882@gmail.com,9675869798.0,Active
4606,Diya Kumar,Female,69,Pune,Telangana,8,Gold,2025-03-16,diya.kumar471@gmail.com,9588615180.0,Active
4607,Aisha Nair,Female,32,Chennai,Maharashtra,3,Silver,2021-07-05,aisha.nair394@gmail.com,9127878596.0,Active
4608,Priya Nair,Male,59,Chennai,Telangana,8,Regular,2024-07-02,priya.nair324@gmail.com,9236932346.0,Active
4609,Aisha Reddy,Female,39,Mumbai,Andhra Pradesh,28,Regular,2022-10-17,aisha.reddy20@gmail.com,9944427661.0,Active
4610,Rahul Nair,Female,23,Mumbai,Delhi,5,Silver,2020-12-13,rahul.nair695@gmail.com,9365388582.0,Active
4611,Aditya Reddy,Male,37,Pune,West Bengal,18,Silver,2023-04-06,aditya.reddy180@gmail.com,9797050797.0,
4612,Arjun Kumar,Male,52,Kolkata,Uttar Pradesh,19,Regular,2023-10-08,arjun.kumar833@gmail.com,9888759960.0,Active
4613,Diya Gupta,Female,52,Bengaluru,Gujarat,6,Regular,2025-07-03,diya.gupta228@gmail.com,9847773016.0,Active
4614,Vikram Gupta,Female,63,Delhi,Kerala,17,Regular,2023-10-20,vikram.gupta735@gmail.com,9154653394.0,Active
4615,Vikram Patel,Male,49,Chennai,Uttar Pradesh,21,Regular,2021-12-26,vikram.patel41@gmail.com,9724177890.0,active
4616,Diya Singh,Male,65,Pune,Telangana,24,Regular,2022-04-10,diya.singh142@gmail.com,9224177744.0,active
4617,Kavya Verma,Female,27,Mumbai,West Bengal,7,Silver,2023-03-21,kavya.verma301@gmail.com,9251116240.0,Active
4618,Rahul Singh,Female,64,Ahmedabad,Maharashtra,6,Regular,2023-09-06,rahul.singh661@gmail.com,9365700264.0,Active
4619,Aarav Rao,Male,70,Pune,Telangana,13,Regular,2020-01-22,aarav.rao108@gmail.com,9921500247.0,Active
4620,Sai Gupta,Male,56,Hyderabad,Tamil Nadu,4,Regular,2022-08-15,sai.gupta150@gmail.com,9433908135.0,Active
4621,Meera Gupta,Female,37,Kolkata,Tamil Nadu,18,Gold,2020-11-15,meera.gupta263@gmail.com,9177459574.0,Active
4622,Kavya Singh,Female,33,Hyderabad,Tamil Nadu,17,Regular,2024-07-22,kavya.singh149@gmail.com,9072647781.0,Active
4623,Nikhil Joshi,Female,70,Bengaluru,Tamil Nadu,3,Gold,2023-04-08,nikhil.joshi447@gmail.com,9979973029.0,Active
4624,Diya Joshi,Male,69,Kolkata,Kerala,3,Silver,2022-02-05,diya.joshi219@gmail.com,9361204721.0,Inactive
4625,Arjun Kumar,Female,58,Kolkata,Kerala,17,Premium,2025-10-16,arjun.kumar551@gmail.com,9018390518.0,Active
4626,Arjun Joshi,Female,52,Kolkata,Tamil Nadu,6,Regular,2021-03-23,arjun.joshi564@gmail.com,9776047764.0,Active
4627,Sai Patel,Female,68,Delhi,Maharashtra,20,Gold,2024-04-08,sai.patel548@gmail.com,9526341704.0,Active
4628,Kiran Verma,Female,22,Chennai,Telangana,28,Gold,2020-11-14,kiran.verma922@gmail.com,9468486182.0,Active
4629,Sneha Patel,Male,23,Chennai,Andhra Pradesh,7,Regular,2020-03-01,sneha.patel657@gmail.com,9182018650.0,Active
4630,Kiran Gupta,Male,36,Chennai,Uttar Pradesh,15,Gold,2020-11-01,kiran.gupta173@gmail.com,9196792100.0,ACTIVE
4631,Sai Gupta,Female,37,Delhi,Andhra Pradesh,18,Regular,2020-07-31,sai.gupta27@gmail.com,9714141709.0,
4632,Arjun Patel,Male,46,Hyderabad,Telangana,24,Regular,2021-07-24,arjun.patel612@gmail.com,9405269053.0,Active
4633,Vivaan Sharma,Male,69,Ahmedabad,West Bengal,30,Silver,2025-11-17,vivaan.sharma37@gmail.com,9105991406.0,Active
4634,Aarav Nair,Female,44,Mumbai,Telangana,16,Premium,2021-03-08,aarav.nair594@gmail.com,9119669222.0,Active
4635,Sai Verma,Female,62,Mumbai,Kerala,14,Regular,2023-02-04,sai.verma687@gmail.com,9119316548.0,Active
4636,Arjun Singh,Female,27,Chennai,Gujarat,3,Regular,2024-09-03,arjun.singh141@gmail.com,9341119800.0,Active
4637,Vivaan Gupta,Female,58,Delhi,Kerala,13,Regular,2024-11-19,vivaan.gupta264@gmail.com,9757233064.0,Inactive
4638,Aditya Nair,Female,44,Chennai,Gujarat,29,Silver,2024-10-12,aditya.nair785@gmail.com,9179679036.0,Active
4639,Aarav Rao,Female,59,Bengaluru,Delhi,28,Regular,2021-02-10,aarav.rao201@gmail.com,9898886896.0,Active
4640,Riya Gupta,Male,33,Kolkata,Delhi,16,Regular,2022-02-18,riya.gupta207@gmail.com,9891670669.0,Active
4641,Rohan Reddy,Female,29,Hyderabad,Tamil Nadu,12,Regular,2025-09-04,rohan.reddy459@gmail.com,9206837701.0,Active
4642,Aarav Singh,Male,43,Chennai,Delhi,13,Regular,2022-06-05,aarav.singh439@gmail.com,9670164764.0,Active
4643,Nikhil Patel,Male,34,Kolkata,Andhra Pradesh,1,Premium,2025-02-07,nikhil.patel942@gmail.com,9794933119.0,Active
4644,Nikhil Patel,Female,41,Mumbai,Andhra Pradesh,18,Regular,2024-08-03,nikhil.patel734@gmail.com,9627717088.0,Active
4645,Neha Patel,Male,51,Bengaluru,Kerala,18,Regular,2020-07-19,neha.patel410@gmail.com,9441212223.0,Active
4646,Diya Sharma,Female,69,Delhi,Andhra Pradesh,29,Regular,2022-03-13,diya.sharma596@gmail.com,9289288326.0,Active
4647,Kiran Joshi,Female,55,Ahmedabad,Kerala,4,Regular,2022-07-21,kiran.joshi458@gmail.com,9134401915.0,Active
4648,Rahul Singh,Female,56,Mumbai,Uttar Pradesh,22,Gold,2024-02-15,rahul.singh276@gmail.com,9388403319.0,Active
4649,Sai Nair,Male,63,Chennai,Telangana,13,Regular,2023-01-27,sai.nair640@gmail.com,9253191561.0,ACTIVE
4650,Ananya Verma,Female,38,Mumbai,Telangana,12,Regular,2024-03-03,ananya.verma497@gmail.com,9237588000.0,Inactive
4651,Rohan Sharma,Male,34,Delhi,Telangana,22,Gold,2021-09-02,rohan.sharma848@gmail.com,9662791415.0,ACTIVE
4652,Vikram Patel,Female,28,Bengaluru,Uttar Pradesh,3,Silver,2021-11-29,vikram.patel630@gmail.com,9651221743.0,Active
4653,Riya Joshi,Female,41,Ahmedabad,Gujarat,28,Regular,2021-12-12,riya.joshi738@gmail.com,9488360019.0,ACTIVE
4654,Arjun Joshi,Female,65,Ahmedabad,Gujarat,26,Regular,2023-04-27,arjun.joshi324@gmail.com,9392696831.0,Active
4655,Diya Reddy,Female,35,Delhi,Telangana,21,Regular,2025-07-07,diya.reddy745@gmail.com,9624128662.0,Active
4656,Sai Nair,Female,36,Chennai,Telangana,4,Silver,2025-11-03,sai.nair701@gmail.com,9746733482.0,ACTIVE
4657,Sai Verma,Female,20,Chennai,Telangana,26,Premium,2021-11-06,sai.verma745@gmail.com,9246761708.0,
4658,Diya Joshi,Male,50,Bengaluru,Andhra Pradesh,26,Silver,2024-06-19,diya.joshi571@gmail.com,9456213291.0,Active
4659,Kavya Kumar,Male,20,Chennai,Tamil Nadu,2,Regular,2024-07-22,kavya.kumar798@gmail.com,9865643968.0,Active
4660,Rohan Joshi,Female,37,Delhi,Tamil Nadu,29,Regular,2024-08-24,rohan.joshi316@gmail.com,9079640472.0,Active
4661,Rohan Patel,Male,25,Mumbai,Telangana,4,Regular,2021-06-21,rohan.patel895@gmail.com,9745452779.0,Active
4662,Vivaan Joshi,Male,49,Delhi,Uttar Pradesh,6,Gold,2021-03-02,vivaan.joshi868@gmail.com,9763799135.0,Active
4663,Ishaan Reddy,Male,40,Mumbai,Telangana,6,Regular,2025-02-05,ishaan.reddy347@gmail.com,9818765392.0,Active
4664,Aisha Rao,Male,42,Ahmedabad,Telangana,25,Regular,2024-01-24,aisha.rao194@gmail.com,9970885591.0,Active
4665,Rohan Verma,Female,26,Pune,Karnataka,28,Regular,2020-03-20,rohan.verma722@gmail.com,9422383752.0,Active
4666,Vikram Joshi,Female,48,Mumbai,Uttar Pradesh,26,Gold,2023-12-05,vikram.joshi557@gmail.com,9261753687.0,Active
4667,Ananya Gupta,Female,29,Pune,Karnataka,5,Silver,2025-11-06,ananya.gupta670@gmail.com,9911751632.0,Active
4668,Rahul Joshi,Female,18,Chennai,Andhra Pradesh,12,Premium,2023-08-22,rahul.joshi197@gmail.com,9611469109.0,Active
4669,Sneha Verma,Male,57,Chennai,Tamil Nadu,4,Silver,2020-08-21,sneha.verma945@gmail.com,9360532243.0,Active
4670,Sai Patel,Male,37,Mumbai,Uttar Pradesh,30,Gold,2020-09-15,sai.patel873@gmail.com,9836304567.0,Active
4671,Sai Joshi,Male,63,Mumbai,Maharashtra,19,Regular,2023-12-20,sai.joshi422@gmail.com,9636317711.0,Active
4672,Aarav Singh,Female,63,Ahmedabad,Kerala,5,Silver,2025-11-06,aarav.singh237@gmail.com,9994165317.0,Active
4673,Sai Reddy,Male,68,Mumbai,Karnataka,18,Regular,2023-09-25,sai.reddy523@gmail.com,9720481642.0,Active
4674,Nikhil Kumar,Male,26,Bengaluru,Gujarat,23,Gold,2023-11-16,nikhil.kumar656@gmail.com,9628293581.0,Active
4675,Diya Reddy,Male,27,Pune,Gujarat,19,Regular,2025-07-18,diya.reddy48@gmail.com,9449264017.0,Active
4676,Aditya Patel,Female,32,Chennai,Uttar Pradesh,19,Premium,2021-07-15,aditya.patel140@gmail.com,9284144310.0,Active
4677,Ananya Singh,Male,50,Kolkata,West Bengal,17,Gold,2020-03-22,ananya.singh291@gmail.com,9101715186.0,Active
4678,Neha Gupta,Female,52,Kolkata,Kerala,9,Silver,2023-06-18,neha.gupta841@gmail.com,9040004151.0,active
4679,Aditya Joshi,Female,43,Delhi,Andhra Pradesh,14,Silver,2025-12-10,aditya.joshi51@gmail.com,9814884489.0,Active
4680,Ishaan Reddy,Female,55,Hyderabad,Tamil Nadu,9,Silver,2023-09-12,ishaan.reddy822@gmail.com,9250437810.0,Active
4681,Ananya Sharma,Male,19,Pune,Uttar Pradesh,13,Regular,2025-10-05,ananya.sharma155@gmail.com,9210720962.0,Active
4682,Aisha Singh,Male,68,Chennai,Andhra Pradesh,10,Silver,2022-12-19,aisha.singh425@gmail.com,9190212631.0,Active
4683,Neha Nair,Female,60,Hyderabad,West Bengal,25,Silver,2021-07-04,neha.nair898@gmail.com,9101632417.0,Active
4684,Vivaan Rao,Male,46,Ahmedabad,Delhi,4,Premium,2025-05-14,vivaan.rao757@gmail.com,9920008722.0,ACTIVE
4685,Arjun Kumar,Female,58,Delhi,Gujarat,5,Gold,2025-09-17,arjun.kumar761@gmail.com,9969762975.0,Active
4686,Vikram Gupta,Male,40,Chennai,Andhra Pradesh,22,Regular,2022-10-11,vikram.gupta596@gmail.com,9017056090.0,Active
4687,Rahul Sharma,Female,44,Delhi,Maharashtra,7,Gold,2021-04-11,rahul.sharma6@gmail.com,9462559681.0,Active
4688,Sneha Singh,Female,63,Bengaluru,West Bengal,9,Regular,2020-06-08,sneha.singh445@gmail.com,9526332140.0,Active
4689,Priya Patel,Female,26,Kolkata,Uttar Pradesh,2,Silver,2024-03-11,priya.patel381@gmail.com,9403050165.0,Inactive
4690,Ishaan Singh,Male,49,Kolkata,Andhra Pradesh,6,Silver,2021-02-05,ishaan.singh694@gmail.com,9153793541.0,Active
4691,Meera Singh,Male,62,Hyderabad,West Bengal,11,Gold,2022-05-30,meera.singh567@gmail.com,9379576611.0,Active
4692,Ishaan Verma,Female,64,Chennai,Tamil Nadu,21,Silver,2025-04-14,ishaan.verma519@gmail.com,9812464071.0,active
4693,Aisha Verma,Male,49,Kolkata,Delhi,11,Silver,2022-04-19,aisha.verma837@gmail.com,9412070877.0,Active
4694,Vivaan Patel,Male,68,Bengaluru,Andhra Pradesh,11,Regular,2023-08-10,vivaan.patel53@gmail.com,9485260923.0,Active
4695,Sai Singh,Male,37,Bengaluru,Gujarat,23,Silver,2024-08-21,sai.singh360@gmail.com,9544491954.0,Active
4696,Rahul Gupta,Female,70,Kolkata,West Bengal,18,Regular,2021-11-04,rahul.gupta488@gmail.com,9926644828.0,Active
4697,Aarav Verma,Male,46,Kolkata,Kerala,1,Regular,2021-11-04,aarav.verma16@gmail.com,9095445126.0,Active
4698,Kavya Joshi,Male,34,Chennai,Karnataka,6,Regular,2023-04-25,kavya.joshi920@gmail.com,9732408882.0,Active
4699,Kavya Sharma,Male,49,Mumbai,Tamil Nadu,27,Gold,2023-03-02,kavya.sharma322@gmail.com,9453066774.0,Active
4700,Aisha Nair,Male,68,Mumbai,Tamil Nadu,12,Regular,2021-07-23,aisha.nair136@gmail.com,9372861637.0,
4701,Arjun Verma,Female,26,Ahmedabad,Telangana,26,Gold,2023-03-30,arjun.verma835@gmail.com,9927235519.0,Active
4702,Diya Patel,Female,64,Pune,Andhra Pradesh,28,Regular,2024-06-08,diya.patel563@gmail.com,9625029135.0,Active
4703,Rohan Joshi,Female,69,Bengaluru,Delhi,29,Silver,2022-09-01,rohan.joshi661@gmail.com,9475687916.0,Active
4704,Vivaan Sharma,Male,19,Ahmedabad,Maharashtra,20,Silver,2025-05-29,vivaan.sharma710@gmail.com,9573789577.0,Active
4705,Kavya Rao,Female,62,Hyderabad,Telangana,22,Premium,2022-03-18,kavya.rao624@gmail.com,9122076671.0,Active
4706,Ananya Singh,Male,70,Pune,Telangana,25,Silver,2020-06-04,ananya.singh666@gmail.com,9378013493.0,Active
4707,Aarav Patel,Female,52,Mumbai,Delhi,25,Premium,2022-11-17,aarav.patel328@gmail.com,9365694543.0,Inactive
4708,Rohan Gupta,Female,45,Mumbai,Maharashtra,25,Silver,2023-01-18,rohan.gupta465@gmail.com,9845984308.0,Active
4709,Neha Joshi,Female,47,Hyderabad,Karnataka,16,Regular,2025-03-14,neha.joshi789@gmail.com,9224932155.0,Active
4710,Sneha Verma,Male,47,Delhi,Gujarat,24,Gold,2022-01-11,sneha.verma892@gmail.com,9642170758.0,Active
4711,Aditya Reddy,Female,53,Bengaluru,Uttar Pradesh,10,Regular,2025-03-09,aditya.reddy236@gmail.com,9482035101.0,Active
4712,Kiran Rao,Female,55,Hyderabad,Telangana,9,Premium,2024-10-14,kiran.rao672@gmail.com,9550052901.0,Inactive
4713,Kiran Patel,Male,44,Hyderabad,Telangana,28,Regular,2023-01-11,kiran.patel571@gmail.com,9795578869.0,Active
4714,Riya Reddy,Male,57,Hyderabad,Delhi,19,Gold,2020-02-15,riya.reddy648@gmail.com,9026951734.0,Active
4715,Ananya Joshi,Male,57,Kolkata,Karnataka,7,Premium,2023-12-15,ananya.joshi832@gmail.com,9561741929.0,Active
4716,Sai Gupta,Female,70,Hyderabad,Tamil Nadu,12,Silver,2020-03-12,sai.gupta965@gmail.com,9334067384.0,Active
4717,Rohan Patel,Female,47,Chennai,Tamil Nadu,12,Gold,2021-05-20,rohan.patel966@gmail.com,9011178950.0,Active
4718,Aisha Nair,Male,59,Mumbai,Karnataka,27,Regular,2022-11-24,aisha.nair122@gmail.com,9719956294.0,Active
4719,Meera Nair,Male,53,Chennai,Telangana,26,Silver,2024-01-27,meera.nair973@gmail.com,9224702637.0,Active
4720,Priya Patel,Male,51,Bengaluru,Maharashtra,8,Gold,2022-03-21,priya.patel601@gmail.com,9375870455.0,Active
4721,Rohan Patel,Female,21,Chennai,Gujarat,21,Gold,2022-06-26,rohan.patel35@gmail.com,9495875119.0,Active
4722,Diya Reddy,Female,47,Ahmedabad,Uttar Pradesh,28,Gold,2024-01-30,diya.reddy26@gmail.com,9801392871.0,Active
4723,Sai Patel,Male,20,Kolkata,Tamil Nadu,6,Regular,2023-07-12,sai.patel123@gmail.com,9293196088.0,Active
4724,Vivaan Nair,Female,59,Ahmedabad,Kerala,25,Regular,2020-05-20,vivaan.nair322@gmail.com,9555249954.0,Active
4725,Ananya Singh,Female,39,Kolkata,Telangana,29,Regular,2021-02-19,ananya.singh860@gmail.com,9389986833.0,Active
4726,Kavya Verma,Male,68,Chennai,Gujarat,17,Regular,2020-03-01,kavya.verma264@gmail.com,9418148417.0,Active
4727,Rohan Rao,Male,65,Bengaluru,Gujarat,12,Premium,2022-11-14,rohan.rao381@gmail.com,9426405798.0,Active
4728,Nikhil Verma,Male,62,Pune,Telangana,18,Silver,2020-04-06,nikhil.verma868@gmail.com,9783237221.0,Active
4729,Vikram Gupta,Male,45,Delhi,Uttar Pradesh,13,Silver,2023-10-12,vikram.gupta14@gmail.com,9347839297.0,Inactive
4730,Aisha Patel,Male,34,Hyderabad,Gujarat,18,Silver,2022-01-06,aisha.patel809@gmail.com,9776117603.0,Active
4731,Priya Reddy,Male,59,Pune,Delhi,18,Silver,2020-11-24,priya.reddy225@gmail.com,9554799958.0,Active
4732,Rohan Sharma,Male,68,Delhi,Maharashtra,16,Gold,2022-06-21,rohan.sharma872@gmail.com,9762475319.0,Active
4733,Aditya Gupta,Female,35,Mumbai,Karnataka,13,Regular,2023-01-21,aditya.gupta433@gmail.com,9904947490.0,Active
4734,Aisha Kumar,Female,65,Mumbai,Kerala,28,Gold,2024-08-10,aisha.kumar344@gmail.com,9119258837.0,Active
4735,Sai Verma,Male,56,Hyderabad,Kerala,11,Silver,2025-05-21,sai.verma430@gmail.com,9794082116.0,Active
4736,Arjun Joshi,Female,48,Pune,Telangana,29,Regular,2021-08-24,arjun.joshi894@gmail.com,9347973283.0,Active
4737,Rahul Gupta,Male,68,Kolkata,Gujarat,2,Silver,2021-02-20,rahul.gupta158@gmail.com,9272502444.0,Active
4738,Riya Reddy,Female,40,Kolkata,Andhra Pradesh,25,Premium,2021-09-18,riya.reddy768@gmail.com,9497591525.0,Active
4739,Aisha Verma,Male,25,Pune,West Bengal,7,Regular,2020-05-12,aisha.verma105@gmail.com,9878969041.0,active
4740,Neha Joshi,Male,63,Ahmedabad,Telangana,5,Regular,2020-01-15,neha.joshi687@gmail.com,9897088111.0,Active
4741,Riya Singh,Male,44,Bengaluru,Tamil Nadu,5,Silver,2021-04-04,riya.singh180@gmail.com,9948346025.0,Active
4742,Ishaan Kumar,Male,23,Mumbai,Tamil Nadu,14,Regular,2023-06-11,ishaan.kumar839@gmail.com,9387106725.0,Inactive
4743,Ishaan Verma,Male,44,Delhi,Karnataka,15,Premium,2021-04-19,ishaan.verma19@gmail.com,9999521965.0,Inactive
4744,Ishaan Singh,Male,66,Pune,Andhra Pradesh,23,Silver,2023-06-09,ishaan.singh219@gmail.com,9028328111.0,active
4745,Rohan Joshi,Female,43,Ahmedabad,Telangana,13,Regular,2025-12-15,rohan.joshi866@gmail.com,9886051777.0,Active
4746,Meera Nair,Male,26,Bengaluru,Kerala,7,Regular,2020-04-27,meera.nair56@gmail.com,9917419031.0,Active
4747,Vikram Verma,Female,51,Chennai,Telangana,4,Regular,2024-11-01,vikram.verma670@gmail.com,9725603060.0,Inactive
4748,Sneha Nair,Male,59,Hyderabad,Telangana,11,Silver,2022-10-29,sneha.nair203@gmail.com,9529682464.0,Active
4749,Priya Rao,Female,22,Mumbai,Kerala,4,Regular,2025-11-26,priya.rao409@gmail.com,9986004085.0,Active
4750,Sneha Nair,Female,19,Chennai,Gujarat,22,Regular,2021-12-27,sneha.nair979@gmail.com,9856518421.0,ACTIVE
4751,Rahul Singh,Female,70,Pune,Tamil Nadu,1,Regular,2024-10-29,rahul.singh44@gmail.com,9324949926.0,
4752,Rahul Nair,Female,40,Hyderabad,Delhi,14,Regular,2021-08-11,rahul.nair2@gmail.com,9859969426.0,ACTIVE
4753,Aarav Gupta,Male,67,Hyderabad,Delhi,20,Regular,2020-11-19,aarav.gupta815@gmail.com,9899527433.0,Active
4754,Aditya Verma,Male,35,Hyderabad,Tamil Nadu,2,Silver,2023-02-25,aditya.verma967@gmail.com,9639442435.0,Active
4755,Priya Rao,Female,54,Delhi,Karnataka,2,Gold,2022-01-18,priya.rao959@gmail.com,9771420009.0,Active
4756,Rohan Reddy,Female,22,Pune,Kerala,12,Silver,2025-10-28,rohan.reddy930@gmail.com,9292881949.0,Active
4757,Nikhil Reddy,Male,28,Ahmedabad,West Bengal,2,Silver,2020-10-01,nikhil.reddy610@gmail.com,9973898612.0,ACTIVE
4758,Riya Joshi,Female,65,Mumbai,Uttar Pradesh,2,Regular,2021-08-12,riya.joshi851@gmail.com,9939036746.0,ACTIVE
4759,Rohan Singh,Female,65,Pune,Tamil Nadu,15,Silver,2025-05-17,rohan.singh588@gmail.com,9358987642.0,ACTIVE
4760,Rohan Gupta,Female,44,Kolkata,Tamil Nadu,10,Regular,2020-05-31,rohan.gupta480@gmail.com,9667058047.0,Active
4761,Ishaan Nair,Male,39,Pune,Kerala,3,Regular,2025-05-08,ishaan.nair624@gmail.com,9841516898.0,
4762,Vivaan Joshi,Female,31,Kolkata,Gujarat,5,Gold,2021-02-28,vivaan.joshi837@gmail.com,9152066372.0,Active
4763,Kiran Verma,Female,60,Pune,Karnataka,21,Premium,2022-02-04,kiran.verma415@gmail.com,9604758899.0,Active
4764,Vivaan Rao,Female,46,Pune,Tamil Nadu,29,Regular,2023-07-17,vivaan.rao60@gmail.com,9770254950.0,Active
4765,Arjun Verma,Female,50,Pune,Gujarat,16,Regular,2020-02-08,arjun.verma54@gmail.com,9616217501.0,Active
4766,Sai Joshi,Female,67,Ahmedabad,Maharashtra,17,Regular,2021-06-05,sai.joshi843@gmail.com,9004535858.0,Active
4767,Kavya Kumar,Female,47,Bengaluru,Andhra Pradesh,11,Silver,2021-10-23,kavya.kumar236@gmail.com,9584875014.0,Active
4768,Vikram Rao,Male,51,Delhi,Maharashtra,14,Regular,2021-08-19,vikram.rao988@gmail.com,9657677351.0,Active
4769,Ananya Reddy,Female,55,Chennai,Karnataka,17,Regular,2023-03-27,ananya.reddy614@gmail.com,9954392120.0,
4770,Kiran Kumar,Female,59,Kolkata,Tamil Nadu,3,Regular,2022-09-11,kiran.kumar160@gmail.com,9533467668.0,active
4771,Priya Gupta,Female,42,Pune,Gujarat,14,Premium,2023-01-31,priya.gupta802@gmail.com,9563466908.0,Active
4772,Ananya Rao,Female,61,Hyderabad,Karnataka,21,Regular,2022-01-29,ananya.rao475@gmail.com,9567894798.0,Active
4773,Rahul Singh,Male,35,Delhi,Kerala,1,Gold,2020-10-30,rahul.singh447@gmail.com,9106262595.0,Active
4774,Neha Gupta,Female,59,Pune,Telangana,2,Regular,2025-01-08,neha.gupta52@gmail.com,9959613150.0,Active
4775,Nikhil Kumar,Female,33,Kolkata,Karnataka,12,Premium,2021-04-19,nikhil.kumar332@gmail.com,9225496845.0,Active
4776,Ishaan Joshi,Male,59,Chennai,Andhra Pradesh,10,Silver,2020-12-24,ishaan.joshi865@gmail.com,9565156650.0,Active
4777,Sai Sharma,Male,51,Hyderabad,Uttar Pradesh,9,Regular,2023-06-27,sai.sharma300@gmail.com,9885831732.0,ACTIVE
4778,Arjun Singh,Female,58,Hyderabad,Telangana,10,Gold,2021-03-22,arjun.singh114@gmail.com,9052574588.0,Active
4779,Riya Kumar,Female,41,Bengaluru,Telangana,7,Silver,2024-07-14,riya.kumar621@gmail.com,9096008112.0,Active
4780,Kavya Nair,Female,53,Mumbai,Delhi,13,Regular,2025-08-16,kavya.nair417@gmail.com,9917639358.0,Active
4781,Kavya Verma,Male,56,Chennai,Maharashtra,2,Gold,2025-10-25,kavya.verma683@gmail.com,9466904293.0,Active
4782,Kiran Joshi,Female,42,Mumbai,Karnataka,23,Silver,2021-08-31,kiran.joshi197@gmail.com,9931623422.0,Inactive
4783,Meera Patel,Male,32,Mumbai,Kerala,1,Regular,2024-07-06,meera.patel956@gmail.com,9523055478.0,Active
4784,Vikram Kumar,Female,40,Mumbai,Kerala,20,Silver,2025-04-25,vikram.kumar587@gmail.com,9967103200.0,Active
4785,Aarav Reddy,Male,39,Delhi,West Bengal,27,Regular,2022-08-23,aarav.reddy101@gmail.com,9688572812.0,ACTIVE
4786,Arjun Sharma,Female,66,Bengaluru,Karnataka,1,Premium,2021-06-28,arjun.sharma888@gmail.com,9412521254.0,Active
4787,Neha Patel,Female,23,Ahmedabad,Kerala,2,Regular,2021-11-12,neha.patel474@gmail.com,9580328875.0,active
4788,Vikram Joshi,Male,48,Bengaluru,Andhra Pradesh,30,Gold,2025-01-15,vikram.joshi831@gmail.com,9999110174.0,Active
4789,Nikhil Kumar,Female,33,Hyderabad,Gujarat,18,Regular,2024-06-11,nikhil.kumar73@gmail.com,9598370162.0,Active
4790,Aarav Sharma,Female,55,Mumbai,Delhi,17,Gold,2021-11-18,aarav.sharma952@gmail.com,9808487304.0,
4791,Kavya Gupta,Male,31,Pune,Maharashtra,8,Regular,2023-02-24,kavya.gupta823@gmail.com,9318092942.0,Active
4792,Neha Rao,Male,56,Chennai,Delhi,5,Gold,2024-04-03,neha.rao165@gmail.com,9864282340.0,active
4793,Ananya Patel,Female,41,Bengaluru,Maharashtra,18,Gold,2020-12-19,ananya.patel999@gmail.com,9221969803.0,Active
4794,Nikhil Gupta,Female,69,Pune,Uttar Pradesh,14,Silver,2024-03-08,nikhil.gupta307@gmail.com,9254095028.0,Active
4795,Sneha Verma,Male,70,Bengaluru,Maharashtra,22,Silver,2024-10-27,sneha.verma604@gmail.com,9981447409.0,Active
4796,Aisha Nair,Male,45,Kolkata,Maharashtra,17,Regular,2022-11-10,aisha.nair200@gmail.com,9958890744.0,Active
4797,Rahul Gupta,Male,22,Mumbai,West Bengal,27,Regular,2021-01-01,rahul.gupta898@gmail.com,9133951915.0,Active
4798,Kavya Verma,Male,21,Chennai,Andhra Pradesh,5,Regular,2022-04-24,kavya.verma997@gmail.com,9779301696.0,Inactive
4799,Kiran Joshi,Male,22,Mumbai,Karnataka,25,Regular,2022-08-17,kiran.joshi892@gmail.com,9757770949.0,Active
4800,Diya Patel,Male,47,Mumbai,Delhi,29,Gold,2020-09-01,diya.patel221@gmail.com,9251218141.0,Active
4801,Sneha Patel,Female,31,Hyderabad,West Bengal,4,Regular,2025-06-18,sneha.patel934@gmail.com,9613070934.0,Active
4802,Vivaan Kumar,Male,33,Mumbai,Karnataka,17,Regular,2025-11-29,vivaan.kumar565@gmail.com,9080987918.0,Active
4803,Diya Joshi,Female,24,Bengaluru,Uttar Pradesh,13,Silver,2023-04-16,diya.joshi627@gmail.com,9584433528.0,Active
4804,Vikram Gupta,Female,24,Mumbai,Kerala,2,Premium,2024-10-28,vikram.gupta549@gmail.com,9608770519.0,Active
4805,Ananya Patel,Male,48,Ahmedabad,Gujarat,6,Silver,2022-08-19,ananya.patel737@gmail.com,9562086473.0,
4806,Priya Rao,Male,51,Kolkata,West Bengal,4,Premium,2024-05-08,priya.rao996@gmail.com,9050630776.0,Active
4807,Arjun Reddy,Female,29,Delhi,Gujarat,8,Regular,2021-03-02,arjun.reddy907@gmail.com,9900027398.0,Active
4808,Rohan Singh,Male,36,Mumbai,Delhi,18,Silver,2022-11-20,rohan.singh55@gmail.com,9383685793.0,Active
4809,Sneha Joshi,Male,40,Bengaluru,Maharashtra,24,Regular,2025-11-20,sneha.joshi332@gmail.com,9573792634.0,Active
4810,Vivaan Kumar,Male,26,Bengaluru,Maharashtra,8,Gold,2023-06-28,vivaan.kumar88@gmail.com,9024918653.0,active
4811,Diya Verma,Female,66,Ahmedabad,Tamil Nadu,16,Silver,2024-08-09,diya.verma322@gmail.com,9093196869.0,
4812,Kiran Sharma,Male,57,Bengaluru,Tamil Nadu,10,Silver,2023-03-08,kiran.sharma883@gmail.com,9428504571.0,Active
4813,Ishaan Reddy,Female,32,Hyderabad,Karnataka,25,Regular,2024-01-14,ishaan.reddy289@gmail.com,9998235993.0,Active
4814,Sai Kumar,Female,69,Hyderabad,Tamil Nadu,14,Silver,2022-05-31,sai.kumar380@gmail.com,9102186252.0,
4815,Rahul Kumar,Female,68,Kolkata,Gujarat,12,Regular,2024-09-30,rahul.kumar472@gmail.com,9286522590.0,
4816,Aarav Sharma,Female,43,Bengaluru,Telangana,11,Regular,2021-07-15,aarav.sharma590@gmail.com,9381697020.0,Inactive
4817,Rohan Nair,Male,39,Chennai,Maharashtra,23,Regular,2021-02-24,rohan.nair804@gmail.com,9346946698.0,Active
4818,Nikhil Reddy,Male,61,Pune,Kerala,29,Gold,2020-05-02,nikhil.reddy261@gmail.com,9415783361.0,Active
4819,Aditya Verma,Female,51,Bengaluru,Delhi,19,Regular,2021-11-30,aditya.verma13@gmail.com,9905644894.0,Active
4820,Kiran Verma,Male,61,Chennai,Delhi,13,Regular,2024-07-19,kiran.verma31@gmail.com,9672185419.0,Active
4821,Meera Verma,Male,64,Hyderabad,Karnataka,9,Regular,2021-07-01,meera.verma941@gmail.com,9616370587.0,Active
4822,Ishaan Reddy,Female,23,Kolkata,Maharashtra,11,Gold,2024-10-28,ishaan.reddy19@gmail.com,9409008990.0,Active
4823,Aisha Joshi,Male,40,Hyderabad,Tamil Nadu,7,Gold,2023-01-23,aisha.joshi90@gmail.com,9499236893.0,ACTIVE
4824,Aarav Singh,Male,68,Mumbai,Gujarat,16,Premium,2024-10-16,aarav.singh426@gmail.com,9207750879.0,Active
4825,Sneha Kumar,Female,32,Delhi,Karnataka,10,Regular,2025-05-15,sneha.kumar617@gmail.com,9735366615.0,Active
4826,Ananya Patel,Female,41,Mumbai,West Bengal,7,Regular,2023-03-05,ananya.patel651@gmail.com,9041193311.0,Active
4827,Riya Rao,Female,35,Ahmedabad,Andhra Pradesh,26,Premium,2020-08-23,riya.rao383@gmail.com,9638514222.0,Active
4828,Kavya Kumar,Female,62,Bengaluru,Uttar Pradesh,3,Premium,2021-08-15,kavya.kumar651@gmail.com,9296355902.0,Active
4829,Neha Gupta,Male,64,Kolkata,Delhi,20,Gold,2022-12-27,neha.gupta207@gmail.com,9016104150.0,Active
4830,Ananya Gupta,Female,41,Mumbai,West Bengal,7,Gold,2024-06-06,ananya.gupta847@gmail.com,9243382540.0,Active
4831,Rahul Nair,Male,24,Kolkata,West Bengal,10,Gold,2025-09-22,rahul.nair490@gmail.com,9441808999.0,Active
4832,Diya Patel,Female,22,Pune,Maharashtra,3,Silver,2022-01-29,diya.patel434@gmail.com,9642589109.0,Active
4833,Arjun Joshi,Female,40,Delhi,West Bengal,9,Silver,2025-10-14,arjun.joshi709@gmail.com,9835310617.0,Active
4834,Priya Sharma,Male,23,Hyderabad,Kerala,2,Regular,2021-10-14,priya.sharma774@gmail.com,9970548805.0,Active
4835,Arjun Patel,Female,56,Hyderabad,Delhi,9,Gold,2025-12-06,arjun.patel961@gmail.com,9409942158.0,Active
4836,Aarav Kumar,Female,69,Mumbai,Delhi,6,Silver,2020-09-30,aarav.kumar867@gmail.com,9583402012.0,Active
4837,Vivaan Rao,Female,39,Kolkata,Karnataka,15,Regular,2025-02-09,vivaan.rao754@gmail.com,9173341208.0,Active
4838,Nikhil Patel,Male,51,Mumbai,Kerala,3,Gold,2022-06-09,nikhil.patel473@gmail.com,9740169460.0,Active
4839,Priya Sharma,Female,19,Pune,Delhi,13,Regular,2023-12-23,priya.sharma294@gmail.com,9497213813.0,Active
4840,Meera Joshi,Male,26,Mumbai,Tamil Nadu,30,Gold,2022-03-30,meera.joshi772@gmail.com,9799573463.0,Active
4841,Arjun Reddy,Female,65,Bengaluru,Maharashtra,3,Silver,2023-07-01,arjun.reddy577@gmail.com,9724371552.0,Active
4842,Nikhil Rao,Female,18,Chennai,Delhi,1,Regular,2020-08-03,nikhil.rao690@gmail.com,9078246329.0,Active
4843,Aisha Gupta,Male,54,Kolkata,Telangana,26,Regular,2024-08-15,aisha.gupta556@gmail.com,9722840010.0,Inactive
4844,Aarav Patel,Male,50,Chennai,Gujarat,9,Silver,2022-07-17,aarav.patel199@gmail.com,9399612853.0,Inactive
4845,Meera Verma,Female,68,Ahmedabad,Uttar Pradesh,21,Regular,2024-08-11,meera.verma684@gmail.com,9461581571.0,Active
4846,Diya Joshi,Female,21,Kolkata,Uttar Pradesh,1,Regular,2025-05-01,diya.joshi623@gmail.com,9251671112.0,Active
4847,Rohan Rao,Male,22,Bengaluru,Andhra Pradesh,28,Regular,2021-06-16,rohan.rao444@gmail.com,9951415919.0,Active
4848,Diya Rao,Male,27,Mumbai,Tamil Nadu,20,Regular,2020-12-03,diya.rao415@gmail.com,9425633836.0,Active
4849,Diya Reddy,Female,52,Kolkata,Maharashtra,2,Regular,2024-12-05,diya.reddy152@gmail.com,9713842927.0,Active
4850,Riya Nair,Female,36,Delhi,Karnataka,7,Gold,2025-10-28,riya.nair254@gmail.com,9298021839.0,Active
4851,Aarav Reddy,Female,32,Hyderabad,Tamil Nadu,24,Silver,2024-01-15,aarav.reddy424@gmail.com,9670947085.0,Active
4852,Kiran Singh,Male,53,Delhi,Andhra Pradesh,25,Silver,2022-06-07,kiran.singh484@gmail.com,9145855734.0,Active
4853,Sneha Kumar,Male,31,Hyderabad,Karnataka,18,Gold,2020-02-10,sneha.kumar197@gmail.com,9443916818.0,Active
4854,Arjun Gupta,Female,39,Bengaluru,Gujarat,24,Silver,2020-07-03,arjun.gupta277@gmail.com,9020760201.0,Active
4855,Sai Reddy,Male,37,Delhi,Tamil Nadu,27,Silver,2022-08-05,sai.reddy231@gmail.com,9101368847.0,Active
4856,Neha Verma,Female,51,Chennai,Karnataka,5,Regular,2021-09-15,neha.verma419@gmail.com,9106095878.0,Active
4857,Arjun Kumar,Female,32,Bengaluru,Tamil Nadu,24,Silver,2025-10-25,arjun.kumar88@gmail.com,9443961743.0,Active
4858,Aditya Rao,Female,53,Kolkata,Maharashtra,13,Silver,2024-06-12,aditya.rao620@gmail.com,9626252664.0,Active
4859,Meera Verma,Female,68,Bengaluru,Gujarat,16,Silver,2020-11-16,meera.verma370@gmail.com,9487741457.0,Inactive
4860,Sai Nair,Male,32,Pune,West Bengal,10,Gold,2024-03-07,sai.nair746@gmail.com,9621010159.0,Active
4861,Kiran Rao,Female,29,Hyderabad,Tamil Nadu,24,Regular,2025-12-25,kiran.rao236@gmail.com,9175459337.0,Active
4862,Kavya Nair,Male,43,Bengaluru,Kerala,17,Regular,2025-06-24,kavya.nair630@gmail.com,9656523904.0,Active
4863,Meera Kumar,Female,57,Kolkata,Gujarat,16,Gold,2025-10-14,meera.kumar572@gmail.com,9970343100.0,Active
4864,Sneha Singh,Male,54,Chennai,Telangana,29,Regular,2025-02-09,sneha.singh346@gmail.com,9522404175.0,Active
4865,Meera Verma,Male,31,Delhi,West Bengal,29,Premium,2021-03-08,meera.verma837@gmail.com,9288895247.0,Active
4866,Ananya Rao,Female,59,Ahmedabad,Maharashtra,16,Regular,2020-09-08,ananya.rao171@gmail.com,9839719778.0,Active
4867,Aisha Kumar,Male,32,Ahmedabad,Telangana,29,Silver,2021-06-22,aisha.kumar530@gmail.com,9328940278.0,Active
4868,Arjun Reddy,Female,18,Chennai,West Bengal,30,Silver,2023-11-30,arjun.reddy994@gmail.com,9870405076.0,Active
4869,Kiran Gupta,Male,48,Mumbai,Gujarat,24,Gold,2025-05-28,kiran.gupta935@gmail.com,9568099943.0,Active
4870,Arjun Rao,Male,52,Ahmedabad,Maharashtra,14,Regular,2025-12-15,arjun.rao797@gmail.com,9023681175.0,Active
4871,Neha Kumar,Female,22,Mumbai,Kerala,15,Premium,2022-10-09,neha.kumar674@gmail.com,9321561972.0,ACTIVE
4872,Priya Gupta,Female,25,Ahmedabad,Andhra Pradesh,3,Silver,2023-11-11,priya.gupta774@gmail.com,9709703969.0,Active
4873,Aditya Kumar,Female,44,Chennai,Telangana,25,Gold,2022-03-31,aditya.kumar847@gmail.com,9464783382.0,Active
4874,Neha Gupta,Male,66,Pune,Andhra Pradesh,17,Regular,2023-03-03,neha.gupta559@gmail.com,9976366324.0,active
4875,Rohan Rao,Female,40,Ahmedabad,Telangana,2,Regular,2025-02-12,rohan.rao407@gmail.com,9445209029.0,
4876,Ananya Joshi,Female,55,Ahmedabad,Uttar Pradesh,14,Regular,2025-09-02,ananya.joshi335@gmail.com,9232207286.0,Active
4877,Aditya Gupta,Female,39,Chennai,Kerala,15,Regular,2022-01-22,aditya.gupta151@gmail.com,9238916977.0,active
4878,Vivaan Singh,Female,28,Delhi,Tamil Nadu,13,Regular,2020-12-03,vivaan.singh500@gmail.com,9602687940.0,Active
4879,Aisha Verma,Female,50,Ahmedabad,Delhi,26,Premium,2024-06-01,aisha.verma525@gmail.com,9340570724.0,Active
4880,Arjun Nair,Female,25,Bengaluru,Telangana,5,Regular,2023-03-02,arjun.nair897@gmail.com,9776016743.0,
4881,Vivaan Verma,Female,36,Bengaluru,Uttar Pradesh,13,Regular,2020-08-28,vivaan.verma243@gmail.com,9934198992.0,Active
4882,Diya Sharma,Female,31,Mumbai,Tamil Nadu,14,Regular,2022-02-06,diya.sharma616@gmail.com,9912488864.0,Active
4883,Meera Kumar,Male,43,Pune,Telangana,1,Silver,2020-01-09,meera.kumar979@gmail.com,9012407999.0,Active
4884,Kavya Verma,Male,46,Hyderabad,Telangana,10,Silver,2020-10-25,kavya.verma701@gmail.com,9885403502.0,Active
4885,Diya Kumar,Male,32,Delhi,Karnataka,6,Regular,2020-10-23,diya.kumar643@gmail.com,9291210234.0,ACTIVE
4886,Kiran Rao,Female,54,Delhi,Andhra Pradesh,5,Gold,2023-11-27,kiran.rao927@gmail.com,9667374109.0,active
4887,Priya Joshi,Female,23,Mumbai,Telangana,30,Regular,2024-04-10,priya.joshi154@gmail.com,9566203571.0,Active
4888,Arjun Sharma,Male,24,Kolkata,Karnataka,11,Premium,2022-03-17,arjun.sharma288@gmail.com,9526673031.0,Active
4889,Neha Joshi,Female,42,Mumbai,Gujarat,19,Silver,2022-06-11,neha.joshi947@gmail.com,9016891302.0,Active
4890,Sneha Gupta,Male,45,Mumbai,Andhra Pradesh,10,Regular,2022-05-30,sneha.gupta29@gmail.com,9105792417.0,
4891,Rohan Rao,Male,46,Hyderabad,Uttar Pradesh,1,Regular,2021-08-05,rohan.rao841@gmail.com,9123470347.0,Active
4892,Ishaan Sharma,Female,62,Mumbai,Karnataka,7,Regular,2023-09-02,ishaan.sharma279@gmail.com,9731808520.0,Active
4893,Aditya Joshi,Female,37,Bengaluru,Maharashtra,27,Regular,2024-09-09,aditya.joshi681@gmail.com,9125752689.0,Active
4894,Vikram Joshi,Female,39,Delhi,Uttar Pradesh,3,Regular,2020-11-18,vikram.joshi566@gmail.com,9616689118.0,Active
4895,Diya Rao,Female,43,Ahmedabad,Kerala,20,Gold,2023-11-28,diya.rao613@gmail.com,9068165704.0,Active
4896,Kavya Sharma,Male,61,Hyderabad,Andhra Pradesh,1,Premium,2021-02-04,kavya.sharma99@gmail.com,9794307919.0,Active
4897,Meera Joshi,Female,63,Kolkata,Uttar Pradesh,12,Gold,2020-06-01,meera.joshi39@gmail.com,9981699814.0,ACTIVE
4898,Rohan Gupta,Female,59,Hyderabad,Gujarat,13,Regular,2021-03-09,rohan.gupta755@gmail.com,9247922686.0,Active
4899,Vivaan Nair,Male,49,Hyderabad,Telangana,15,Regular,2024-10-12,vivaan.nair875@gmail.com,9525516549.0,Active
4900,Rohan Nair,Female,29,Kolkata,Maharashtra,16,Gold,2022-11-25,rohan.nair266@gmail.com,9533867516.0,Active
4901,Vikram Kumar,Male,54,Kolkata,Maharashtra,4,Regular,2024-07-17,vikram.kumar738@gmail.com,9195374891.0,Active
4902,Rohan Nair,Female,42,Bengaluru,Uttar Pradesh,6,Gold,2022-06-23,rohan.nair753@gmail.com,9312393640.0,Active
4903,Neha Gupta,Male,54,Kolkata,Delhi,12,Gold,2024-09-14,neha.gupta388@gmail.com,9941302171.0,Active
4904,Kiran Joshi,Male,66,Hyderabad,Tamil Nadu,25,Silver,2024-07-16,kiran.joshi638@gmail.com,9417778191.0,Active
4905,Meera Sharma,Male,66,Ahmedabad,Andhra Pradesh,14,Gold,2020-01-28,meera.sharma667@gmail.com,9440796806.0,Active
4906,Aditya Rao,Female,34,Mumbai,Delhi,27,Regular,2020-01-24,aditya.rao462@gmail.com,9760623387.0,Inactive
4907,Rohan Verma,Male,70,Ahmedabad,Kerala,29,Silver,2020-11-26,rohan.verma93@gmail.com,9610565503.0,Inactive
4908,Sneha Nair,Female,55,Pune,Delhi,30,Silver,2022-08-21,sneha.nair617@gmail.com,9241344239.0,Active
4909,Meera Sharma,Female,55,Hyderabad,Kerala,11,Regular,2021-08-18,meera.sharma370@gmail.com,9971988009.0,Active
4910,Aarav Gupta,Female,38,Kolkata,Gujarat,14,Regular,2021-06-29,aarav.gupta173@gmail.com,9382357806.0,Active
4911,Rohan Patel,Female,53,Mumbai,West Bengal,23,Regular,2020-05-27,rohan.patel480@gmail.com,9593678581.0,Active
4912,Ishaan Joshi,Female,64,Delhi,Telangana,17,Premium,2022-11-06,ishaan.joshi368@gmail.com,9041408924.0,Active
4913,Ananya Nair,Male,66,Hyderabad,West Bengal,5,Silver,2022-03-01,ananya.nair969@gmail.com,9228017660.0,Active
4914,Neha Gupta,Female,18,Hyderabad,Telangana,23,Regular,2024-05-24,neha.gupta987@gmail.com,9985864698.0,Active
4915,Sneha Kumar,Female,63,Chennai,Gujarat,10,Premium,2024-09-06,sneha.kumar88@gmail.com,9582254126.0,Active
4916,Arjun Joshi,Female,60,Chennai,Delhi,9,Regular,2024-01-25,arjun.joshi174@gmail.com,9779908186.0,Active
4917,Aditya Reddy,Male,42,Hyderabad,Gujarat,13,Gold,2024-05-11,aditya.reddy604@gmail.com,9338687028.0,Active
4918,Riya Reddy,Male,21,Delhi,Andhra Pradesh,16,Premium,2021-05-29,riya.reddy444@gmail.com,9645058290.0,Inactive
4919,Aditya Verma,Female,37,Kolkata,Maharashtra,26,Regular,2022-02-26,aditya.verma347@gmail.com,9678072008.0,Active
4920,Vikram Verma,Female,52,Bengaluru,Delhi,4,Regular,2021-06-24,vikram.verma298@gmail.com,9997096091.0,
4921,Vivaan Nair,Female,46,Chennai,Tamil Nadu,27,Regular,2023-10-08,vivaan.nair755@gmail.com,9366250623.0,
4922,Priya Joshi,Male,55,Ahmedabad,Delhi,13,Gold,2021-04-03,priya.joshi138@gmail.com,9829656146.0,Active
4923,Kavya Singh,Male,42,Pune,Tamil Nadu,13,Regular,2022-04-15,kavya.singh258@gmail.com,9325868958.0,Active
4924,Neha Singh,Female,58,Mumbai,Gujarat,3,Silver,2025-07-16,neha.singh61@gmail.com,9854598773.0,Active
4925,Aarav Rao,Male,21,Ahmedabad,Maharashtra,18,Regular,2020-01-25,aarav.rao675@gmail.com,9938235291.0,Active
4926,Arjun Patel,Male,36,Kolkata,Kerala,17,Silver,2020-04-11,arjun.patel267@gmail.com,9258545838.0,Active
4927,Vikram Kumar,Male,39,Hyderabad,Delhi,15,Premium,2024-02-21,vikram.kumar696@gmail.com,9292020662.0,Active
4928,Arjun Patel,Male,45,Ahmedabad,Kerala,30,Gold,2024-09-12,arjun.patel825@gmail.com,9106758461.0,Inactive
4929,Meera Kumar,Female,56,Ahmedabad,Andhra Pradesh,10,Silver,2023-03-09,meera.kumar64@gmail.com,9157729112.0,Active
4930,Diya Joshi,Female,57,Mumbai,Tamil Nadu,22,Silver,2024-01-06,diya.joshi643@gmail.com,9401641457.0,Active
4931,Aisha Singh,Male,24,Kolkata,Delhi,18,Regular,2023-07-15,aisha.singh154@gmail.com,9580994697.0,Active
4932,Rohan Gupta,Male,28,Mumbai,Kerala,9,Silver,2021-03-06,rohan.gupta600@gmail.com,9810240547.0,Active
4933,Aditya Singh,Male,39,Pune,Tamil Nadu,3,Gold,2024-06-23,aditya.singh846@gmail.com,9247832316.0,Active
4934,Priya Patel,Female,65,Hyderabad,Uttar Pradesh,12,Regular,2023-02-16,priya.patel819@gmail.com,9524390066.0,Active
4935,Meera Kumar,Male,68,Hyderabad,Andhra Pradesh,29,Regular,2020-09-02,meera.kumar302@gmail.com,9034187268.0,Active
4936,Kavya Sharma,Female,65,Bengaluru,Maharashtra,30,Regular,2021-06-14,kavya.sharma854@gmail.com,9628832001.0,Active
4937,Priya Joshi,Male,43,Mumbai,Tamil Nadu,8,Regular,2023-09-02,priya.joshi583@gmail.com,9250884059.0,Active
4938,Diya Verma,Female,59,Mumbai,Gujarat,19,Silver,2020-05-19,diya.verma327@gmail.com,9037052975.0,Active
4939,Kavya Sharma,Female,65,Chennai,West Bengal,18,Regular,2021-09-08,kavya.sharma913@gmail.com,9760264104.0,Active
4940,Sai Nair,Female,23,Hyderabad,West Bengal,6,Regular,2024-06-08,sai.nair489@gmail.com,9417863699.0,Active
4941,Priya Singh,Female,31,Bengaluru,West Bengal,3,Gold,2022-01-26,priya.singh563@gmail.com,9177849228.0,Active
4942,Kiran Reddy,Male,29,Hyderabad,Tamil Nadu,8,Regular,2020-10-28,kiran.reddy859@gmail.com,9419397264.0,Inactive
4943,Ishaan Gupta,Male,70,Pune,Andhra Pradesh,12,Silver,2022-07-09,ishaan.gupta273@gmail.com,9912992269.0,Active
4944,Aisha Verma,Male,66,Chennai,West Bengal,21,Silver,2024-10-11,aisha.verma449@gmail.com,9676192659.0,Active
4945,Kiran Sharma,Female,50,Mumbai,Delhi,22,Regular,2022-12-27,kiran.sharma584@gmail.com,9250422123.0,
4946,Diya Rao,Female,57,Bengaluru,Tamil Nadu,27,Gold,2026-01-05,diya.rao815@gmail.com,9117254750.0,ACTIVE
4947,Aarav Rao,Female,42,Delhi,Gujarat,10,Regular,2025-01-28,aarav.rao867@gmail.com,9994861179.0,Active
4948,Rohan Reddy,Male,68,Bengaluru,Uttar Pradesh,9,Regular,2022-07-02,rohan.reddy97@gmail.com,9807214995.0,Active
4949,Rohan Gupta,Female,54,Bengaluru,Kerala,9,Premium,2025-08-27,rohan.gupta309@gmail.com,9299790567.0,active
4950,Riya Nair,Female,41,Delhi,Uttar Pradesh,10,Regular,2023-12-02,riya.nair520@gmail.com,9673921010.0,Active
4951,Vikram Joshi,Male,19,Delhi,Maharashtra,27,Gold,2022-04-09,vikram.joshi487@gmail.com,9423921464.0,Active
4952,Priya Nair,Male,65,Delhi,Karnataka,3,Gold,2020-01-09,priya.nair751@gmail.com,9221955115.0,Active
4953,Meera Gupta,Female,64,Kolkata,Gujarat,11,Silver,2020-06-20,meera.gupta870@gmail.com,9530644129.0,Active
4954,Priya Gupta,Female,41,Mumbai,Tamil Nadu,27,Regular,2025-07-20,priya.gupta505@gmail.com,9728705634.0,Active
4955,Sai Reddy,Female,31,Hyderabad,Kerala,29,Regular,2022-08-22,sai.reddy110@gmail.com,9952252870.0,Active
4956,Arjun Verma,Male,48,Chennai,Gujarat,19,Regular,2020-03-29,arjun.verma554@gmail.com,9119086644.0,Active
4957,Diya Verma,Male,57,Chennai,Tamil Nadu,6,Regular,2020-10-26,diya.verma421@gmail.com,9895043597.0,Active
4958,Kavya Gupta,Male,68,Delhi,West Bengal,21,Silver,2024-07-03,kavya.gupta464@gmail.com,9119820717.0,Active
4959,Kavya Verma,Male,66,Ahmedabad,Telangana,6,Gold,2025-07-16,kavya.verma691@gmail.com,9946849695.0,active
4960,Aarav Joshi,Male,59,Ahmedabad,Karnataka,2,Regular,2022-12-14,aarav.joshi850@gmail.com,9778844088.0,ACTIVE
4961,Nikhil Joshi,Female,60,Bengaluru,Karnataka,6,Gold,2022-07-27,nikhil.joshi151@gmail.com,9737101896.0,Active
4962,Sai Kumar,Male,59,Delhi,Andhra Pradesh,10,Silver,2025-07-20,sai.kumar240@gmail.com,9398501739.0,Active
4963,Riya Gupta,Female,18,Bengaluru,Delhi,15,Gold,2020-08-19,riya.gupta867@gmail.com,9582116714.0,Active
4964,Meera Patel,Male,57,Delhi,Kerala,5,Silver,2024-07-21,meera.patel409@gmail.com,9706704049.0,Active
4965,Vikram Patel,Female,38,Pune,Gujarat,19,Regular,2024-04-19,vikram.patel925@gmail.com,9889744233.0,Active
4966,Rahul Joshi,Female,38,Hyderabad,Uttar Pradesh,28,Regular,2021-03-31,rahul.joshi576@gmail.com,9151181826.0,Active
4967,Aarav Kumar,Female,58,Mumbai,Uttar Pradesh,9,Regular,2020-06-28,aarav.kumar292@gmail.com,9537950684.0,Active
4968,Aisha Singh,Female,20,Mumbai,Delhi,6,Premium,2022-08-16,aisha.singh298@gmail.com,9840051938.0,Active
4969,Rahul Patel,Female,45,Hyderabad,Tamil Nadu,27,Regular,2021-08-05,rahul.patel319@gmail.com,9487976447.0,Active
4970,Aditya Patel,Female,63,Delhi,Gujarat,26,Regular,2025-04-14,aditya.patel870@gmail.com,9650375640.0,Active
4971,Sneha Sharma,Female,61,Ahmedabad,Uttar Pradesh,5,Gold,2023-05-30,sneha.sharma41@gmail.com,9583282349.0,Active
4972,Diya Singh,Female,57,Pune,West Bengal,28,Premium,2022-07-01,diya.singh753@gmail.com,9680881421.0,Active
4973,Ishaan Sharma,Male,68,Mumbai,Kerala,17,Gold,2023-08-27,ishaan.sharma12@gmail.com,9355270012.0,Active
4974,Nikhil Gupta,Female,28,Pune,Andhra Pradesh,19,Regular,2020-12-10,nikhil.gupta692@gmail.com,9126687367.0,Active
4975,Diya Singh,Female,22,Bengaluru,West Bengal,24,Gold,2020-02-26,diya.singh600@gmail.com,9521926523.0,Active
4976,Arjun Reddy,Male,30,Delhi,Tamil Nadu,11,Gold,2021-07-30,arjun.reddy863@gmail.com,9847238969.0,Active
4977,Kavya Rao,Female,51,Pune,Telangana,6,Gold,2020-08-04,kavya.rao844@gmail.com,9313606151.0,Active
4978,Rahul Joshi,Male,57,Mumbai,Karnataka,4,Regular,2024-04-27,rahul.joshi27@gmail.com,9475918225.0,Active
4979,Vivaan Patel,Male,67,Bengaluru,Kerala,2,Silver,2023-01-27,vivaan.patel594@gmail.com,9306670722.0,Active
4980,Aarav Rao,Female,67,Kolkata,Delhi,4,Premium,2020-02-12,aarav.rao820@gmail.com,9747437722.0,Active
4981,Sai Joshi,Male,70,Chennai,Andhra Pradesh,1,Regular,2025-06-24,sai.joshi771@gmail.com,9906733514.0,Active
4982,Rahul Nair,Female,58,Ahmedabad,Gujarat,16,Gold,2026-01-01,rahul.nair480@gmail.com,9622031702.0,
4983,Rohan Patel,Female,66,Delhi,Gujarat,4,Gold,2020-05-21,rohan.patel161@gmail.com,9468559374.0,Active
4984,Nikhil Reddy,Male,18,Ahmedabad,Karnataka,3,Gold,2024-12-12,nikhil.reddy655@gmail.com,9549854628.0,Active
4985,Priya Verma,Female,28,Pune,Uttar Pradesh,25,Regular,2022-05-26,priya.verma876@gmail.com,9866108871.0,Inactive
4986,Aisha Gupta,Female,48,Kolkata,Delhi,5,Gold,2023-06-30,aisha.gupta85@gmail.com,9391647251.0,Active
4987,Vivaan Gupta,Female,22,Ahmedabad,Karnataka,17,Silver,2025-07-29,vivaan.gupta368@gmail.com,9691641769.0,Active
4988,Nikhil Joshi,Female,61,Bengaluru,Tamil Nadu,22,Gold,2022-10-08,nikhil.joshi200@gmail.com,9683534606.0,Inactive
4989,Ishaan Patel,Male,54,Ahmedabad,Tamil Nadu,9,Regular,2021-12-09,ishaan.patel121@gmail.com,9193517018.0,Active
4990,Sneha Nair,Female,20,Bengaluru,Karnataka,24,Gold,2025-12-17,sneha.nair560@gmail.com,9825132171.0,Active
4991,Neha Joshi,Female,37,Bengaluru,Gujarat,21,Gold,2024-08-25,neha.joshi726@gmail.com,9755868829.0,Active
4992,Diya Rao,Male,31,Ahmedabad,Maharashtra,25,Silver,2023-08-08,diya.rao795@gmail.com,9449585895.0,Active
4993,Neha Rao,Female,68,Hyderabad,West Bengal,4,Premium,2023-09-06,neha.rao2@gmail.com,9455858850.0,Active
4994,Diya Reddy,Male,38,Delhi,Telangana,10,Regular,2020-02-04,diya.reddy435@gmail.com,9685864586.0,Active
4995,Nikhil Singh,Male,18,Bengaluru,Tamil Nadu,14,Silver,2020-02-03,nikhil.singh646@gmail.com,9007855233.0,Active
4996,Vivaan Nair,Male,70,Hyderabad,Gujarat,25,Regular,2020-03-26,vivaan.nair180@gmail.com,9544115754.0,Active
4997,Kiran Nair,Female,55,Bengaluru,Maharashtra,27,Regular,2021-02-04,kiran.nair472@gmail.com,9132861341.0,Active
4998,Nikhil Rao,Male,57,Hyderabad,Kerala,1,Gold,2023-05-26,nikhil.rao215@gmail.com,9455934679.0,Active
4999,Meera Reddy,Male,40,Pune,West Bengal,15,Silver,2020-06-06,meera.reddy573@gmail.com,9357755040.0,Active
5000,Sneha Rao,Female,60,Pune,Maharashtra,3,Gold,2020-11-29,sneha.rao261@gmail.com,9139247102.0,Active
