ReturnID,OrderID,ProductID,ReturnReason,ReturnDate,RefundAmount
1,363,315,Wrong Item,2026-06-05,22346.3
2,18473,936,Damaged,2025-01-22,20509.93
3,12042,608,Changed Mind,2026-04-27,6607.78
4,138,373,Missing Parts,2024-05-11,6994.53
5,20681,331,Defective,2027-01-18,2696.34
6,1904,94,Defective,2026-02-10,20731.06
7,12131,381,Late Delivery,2025-09-02,1874.01
8,129,94,Defective,2024-10-11,7812.73
9,863,390,Wrong Item,2026-01-11,9179.32
10,5728,820,Changed Mind,2024-03-14,1361.04
11,18369,86,Defective,2025-04-10,5233.07
12,2395,965,Changed Mind,2024-02-17,8661.54
13,19878,424,Damaged,2023-04-14,24452.15
14,6914,615,Missing Parts,2025-01-12,21846.33
15,23704,768,Late Delivery,2023-07-27,3714.56
16,11635,899,Damaged,2025-03-15,10052.82
17,10524,825,Late Delivery,2026-06-07,8063.42
18,3346,722,Defective,2026-06-26,10289.48
19,18506,946,Defective,2024-11-03,18856.5
20,23401,766,Defective,2026-10-30,4210.48
21,17467,328,Damaged,2026-05-29,8511.41
22,18243,992,Wrong Item,2024-07-26,998.58
23,1769,774,Defective,2024-01-16,23566.93
24,2561,352,Missing Parts,2026-03-26,6955.19
25,13656,408,Damaged,2023-06-06,12866.87
26,11957,78,Damaged,2026-08-04,21747.67
27,6941,838,Defective,2024-02-25,10760.07
28,21392,767,Late Delivery,2025-06-18,1341.74
29,6456,4,Changed Mind,2027-01-07,17763.05
30,999999,312,Late Delivery,2023-02-22,22100.56
31,999999,803,Wrong Item,2024-02-05,14026.32
32,999999,235,Missing Parts,2025-06-04,2417.44
33,999999,44,Wrong Item,2024-12-11,15442.94
34,999999,423,Wrong Item,2024-12-13,992.52
35,999999,150,Missing Parts,2026-06-12,8619.86
36,999999,539,Late Delivery,2025-05-08,7673.37
37,999999,626,Changed Mind,2023-06-22,24970.57
38,999999,216,Defective,2026-12-13,18896.99
39,999999,123,Defective,2023-03-09,3982.28
40,999999,704,Late Delivery,2025-09-04,9061.74
41,999999,845,Late Delivery,2025-04-25,331.86
42,999999,360,Changed Mind,2025-05-20,18879.93
43,6245,447,Late Delivery,2025-07-26,6774.95
44,16229,64,Wrong Item,2026-03-19,13233.51
45,2077,356,Late Delivery,2023-05-02,23273.42
46,1383,259,Defective,2024-06-02,2970.47
47,21063,499,Defective,2025-11-07,11545.73
48,11272,319,Damaged,2026-07-01,23342.79
49,5525,531,Damaged,2025-03-23,10314.14
50,8802,237,Changed Mind,2023-11-26,24355.39
51,12764,181,Late Delivery,2023-11-22,3560.7
52,3775,286,Late Delivery,2025-09-19,15531.29
53,20420,357,Defective,2025-07-06,22707.35
54,6053,549,Wrong Item,2026-10-04,19936.59
55,2872,809,Damaged,2026-05-09,13396.28
56,24577,406,Damaged,2025-02-15,18058.53
57,21459,455,Changed Mind,2023-03-14,15592.5
58,13322,622,Wrong Item,2026-04-26,17438.39
59,7253,861,Late Delivery,2024-12-27,16059.93
60,3956,496,Late Delivery,2023-09-09,999999.0
61,4070,314,Changed Mind,2026-05-08,999999.0
62,13944,62,Late Delivery,2023-07-01,999999.0
63,5516,395,Defective,2024-10-06,999999.0
64,10059,26,Late Delivery,2026-03-03,999999.0
65,17002,765,Changed Mind,2023-02-25,999999.0
66,11980,993,Late Delivery,2024-12-20,999999.0
67,22334,677,Wrong Item,2025-05-21,999999.0
68,17634,377,Missing Parts,2024-10-28,999999.0
69,10527,330,Wrong Item,2024-04-17,999999.0
70,672,845,Defective,2024-04-02,999999.0
71,16377,541,Late Delivery,2026-12-08,1191.97
72,9861,669,Changed Mind,2024-11-26,11195.1
73,22382,20,Changed Mind,2023-03-25,9880.5
74,1581,71,Damaged,2024-03-18,24831.61
75,16418,830,Wrong Item,2023-11-27,19727.27
76,6866,109,Defective,2024-09-18,22634.35
77,12032,310,Changed Mind,2026-07-18,16856.53
78,18331,562,Defective,2025-01-13,4755.64
79,4157,770,Wrong Item,2023-11-17,8768.91
80,336,266,Wrong Item,2024-07-24,22783.94
81,14926,863,Damaged,2024-11-10,4744.03
82,17813,484,Wrong Item,2024-01-15,3925.31
83,13128,191,Damaged,2024-01-25,21821.16
84,10510,488,Late Delivery,2026-05-17,17346.91
85,10281,761,Missing Parts,2023-02-04,24170.65
86,20484,680,Late Delivery,2026-11-15,19123.92
87,8827,123,Late Delivery,2024-06-25,10798.73
88,19013,412,Wrong Item,2026-10-09,18290.44
89,1254,290,Missing Parts,2025-12-15,22106.88
90,7388,9,Late Delivery,2025-09-19,16413.52
91,299,822,Changed Mind,2024-03-06,13495.5
92,7858,103,Wrong Item,2026-04-08,21201.63
93,22453,204,Missing Parts,2023-05-31,22259.81
94,11844,482,Wrong Item,2023-12-04,18832.12
95,1183,596,Damaged,2025-06-26,18460.25
96,8644,686,Damaged,2024-05-14,24285.63
97,15639,606,Wrong Item,2023-01-02,3917.83
98,983,924,Late Delivery,2024-10-03,6734.73
99,23660,682,Defective,2026-08-19,10330.7
100,22614,893,Changed Mind,2023-07-25,12809.26
101,123,1,Damaged,2025-02-03,17243.92
102,18843,351,Late Delivery,2025-01-02,14493.41
103,74,215,Defective,2026-06-20,17107.87
104,23663,945,Damaged,2023-01-10,24259.48
105,2109,722,Damaged,2024-02-18,9151.79
106,3147,610,Changed Mind,2023-09-04,9300.47
107,12189,930,Wrong Item,2024-04-08,17194.66
108,17763,241,Wrong Item,2023-04-02,16925.76
109,5968,800,Damaged,2024-08-18,7385.12
110,4487,721,Missing Parts,2023-02-07,14895.88
111,13649,561,Damaged,2025-04-12,23130.22
112,22143,395,Damaged,2025-05-10,10638.52
113,21533,660,Defective,2024-06-13,1893.51
114,12584,72,Missing Parts,2026-10-25,19308.01
115,13193,687,Changed Mind,2024-09-24,7539.74
116,17701,22,Late Delivery,2024-09-18,19639.94
117,4072,366,Defective,2024-08-20,20724.69
118,9613,424,Wrong Item,2026-03-07,22307.28
119,17050,768,Late Delivery,2025-02-17,11812.21
120,7370,49,Missing Parts,2026-09-15,897.45
121,10546,425,Damaged,2025-10-22,7044.02
122,23821,750,Wrong Item,2023-02-25,11770.96
123,6496,249,Changed Mind,2024-06-03,6569.16
124,771,445,Wrong Item,2024-03-25,3958.1
125,21987,80,Wrong Item,2025-01-07,9998.85
126,14248,394,Late Delivery,2026-02-16,11038.3
127,24133,778,Changed Mind,2025-01-14,20917.89
128,249,184,Late Delivery,2026-06-28,20550.26
129,5090,701,Wrong Item,2025-10-19,21389.27
130,17870,796,Late Delivery,2023-12-17,24790.23
131,1445,909,Changed Mind,2023-06-09,21027.54
132,13243,439,Damaged,2025-08-22,4344.48
133,20177,790,Damaged,2024-12-30,16991.61
134,2318,90,Damaged,2024-04-15,3612.23
135,15843,804,Changed Mind,2026-05-08,4322.99
136,17126,313,Missing Parts,2026-07-30,1707.68
137,11155,837,Late Delivery,2025-09-02,8961.54
138,22823,579,Missing Parts,2023-08-25,7034.92
139,4642,891,Damaged,2024-01-20,4125.04
140,19766,980,Damaged,2024-02-14,2305.09
141,1476,391,Wrong Item,2023-08-05,22665.97
142,6583,843,Wrong Item,2025-12-07,10678.13
143,9572,8,Damaged,2024-07-13,14398.37
144,6483,949,Wrong Item,2025-03-06,13037.06
145,20740,13,Changed Mind,2025-10-05,9628.65
146,126,767,Late Delivery,2026-11-25,17678.77
147,14230,863,Wrong Item,2023-11-18,10150.41
148,2950,533,Wrong Item,2024-12-26,24633.75
149,1478,515,Defective,2024-12-28,9139.76
150,2527,780,Unknown,2025-10-16,9813.65
151,5189,177,Unknown,2023-08-01,6517.42
152,11520,254,Unknown,2025-05-11,10875.32
153,13912,956,Unknown,2025-02-20,11283.01
154,8533,7,Unknown,2024-12-08,22685.96
155,1257,597,Unknown,2023-10-12,20606.96
156,15508,351,Unknown,2024-11-23,14112.62
157,12725,608,Unknown,2024-08-07,2636.48
158,21489,645,Unknown,2025-10-17,20618.25
159,9086,934,Unknown,2023-07-27,664.46
160,771,974,Unknown,2024-03-24,9901.41
161,15842,483,Unknown,2026-11-28,12715.63
162,13075,856,Unknown,2023-02-06,5105.18
163,9131,505,Unknown,2024-10-14,19278.54
164,18776,943,Unknown,2023-01-29,21271.65
165,21532,295,Unknown,2026-07-28,24443.64
166,5024,551,Unknown,2024-05-14,4888.98
167,7235,372,Unknown,2026-09-02,406.98
168,3951,386,Unknown,2025-08-30,15964.82
169,22167,844,Unknown,2023-10-04,16233.65
170,580,655,Unknown,2023-12-12,10634.13
171,60,453,Missing Parts,2026-06-03,12493.7
172,24357,412,Defective,2025-02-14,7399.36
173,4217,260,Wrong Item,2025-08-06,24177.63
174,7910,206,Defective,2025-10-09,13824.42
175,2201,973,Defective,2024-05-10,12579.63
176,6847,535,Missing Parts,2023-07-21,20655.25
177,5078,499,Late Delivery,2025-01-17,2662.02
178,3165,283,Late Delivery,2025-02-19,6430.89
179,11329,603,Missing Parts,2023-03-31,3148.06
180,4605,930,Late Delivery,2023-10-12,15371.95
181,14816,212,Missing Parts,2023-11-09,772.87
182,6040,116,Wrong Item,2026-10-10,11068.64
183,15070,85,Defective,2026-04-12,2997.81
184,17363,442,Missing Parts,2026-08-22,3870.62
185,2328,159,Changed Mind,2024-11-12,3077.79
186,6098,416,Late Delivery,2023-02-09,10554.77
187,15868,590,Defective,2025-03-23,496.97
188,22340,200,Changed Mind,2024-05-20,18296.22
189,13553,692,Missing Parts,2023-02-16,1125.84
190,1966,692,Missing Parts,2024-12-27,15768.99
191,11080,945,Late Delivery,2025-06-24,3746.08
192,22427,940,Damaged,2026-04-30,5382.78
193,22546,230,Damaged,2025-12-04,9359.85
194,2071,237,Late Delivery,2025-06-12,3352.15
195,7314,831,Damaged,2024-06-15,1552.42
196,11621,175,Wrong Item,2024-08-15,5381.64
197,6209,831,Late Delivery,2023-04-28,9137.29
198,3516,414,Damaged,2026-11-29,2184.71
199,13841,82,Late Delivery,2025-12-23,18853.81
200,5116,678,Missing Parts,2024-12-18,16256.99
201,3304,185,Changed Mind,2024-05-29,10493.93
202,577,208,Changed Mind,2023-08-12,5909.06
203,3479,596,Damaged,2025-03-28,22885.96
204,2194,329,Missing Parts,2025-09-07,5551.69
205,18172,297,Missing Parts,2026-01-09,8862.51
206,891,900,Late Delivery,2023-01-21,1669.35
207,2158,470,Changed Mind,2024-03-31,18983.3
208,16880,750,Damaged,2025-11-03,17236.79
209,13913,131,Changed Mind,2024-11-11,4771.98
210,2984,510,Damaged,2023-04-10,10989.23
211,11,190,Missing Parts,2023-08-03,16600.79
212,15627,578,Defective,2023-09-02,2822.79
213,9243,538,Wrong Item,2023-08-29,20039.07
214,20683,669,Defective,2023-06-18,14435.38
215,18520,974,Missing Parts,2025-05-18,14798.26
216,23775,846,Late Delivery,2023-06-24,24815.8
217,22239,206,Damaged,2024-11-13,4778.73
218,21631,846,Wrong Item,2023-07-08,19360.16
219,22528,528,Defective,2023-08-18,20280.4
220,8054,975,Missing Parts,2023-05-22,15437.33
221,19040,692,Late Delivery,2024-03-07,1100.44
222,10931,3,Defective,2023-06-24,19039.07
223,22532,163,Changed Mind,2023-08-28,6430.06
224,18918,884,Wrong Item,2025-01-10,19344.15
225,24683,927,Missing Parts,2026-07-01,24514.16
226,3701,747,Wrong Item,2026-05-12,22711.91
227,5491,470,Defective,2023-08-26,19934.0
228,7502,200,Defective,2026-09-02,5614.65
229,19222,101,Defective,2023-07-23,9029.45
230,2334,722,Damaged,2025-06-01,10080.04
231,12000,990,Changed Mind,2023-06-30,9487.18
232,14287,659,Wrong Item,2026-12-01,5904.83
233,11016,160,Damaged,2025-02-06,11868.05
234,5185,317,Defective,2025-06-29,19577.85
235,18792,355,Late Delivery,2023-06-10,22321.21
236,13133,630,Damaged,2023-03-03,19091.25
237,2259,753,Missing Parts,2023-07-10,12660.45
238,18025,568,Wrong Item,2024-09-16,21766.14
239,14040,637,Late Delivery,2024-05-24,19216.49
240,12621,546,Late Delivery,2026-05-04,11182.24
241,566,743,Damaged,2025-07-13,3976.18
242,7509,250,Defective,2023-07-25,721.17
243,18269,205,Changed Mind,2023-03-04,3524.27
244,6721,9,Changed Mind,2025-06-26,9234.27
245,6112,548,Late Delivery,2025-06-02,4352.58
246,2091,347,Damaged,2025-08-06,6971.2
247,8588,257,Late Delivery,2025-03-05,23950.68
248,6305,396,Missing Parts,2023-03-21,21522.98
249,6690,181,Changed Mind,2023-06-13,17558.49
250,5662,586,Damaged,2025-09-23,6869.69
251,9520,973,Late Delivery,2024-01-07,166.16
252,21575,776,Missing Parts,2023-03-31,21511.53
253,19163,758,Late Delivery,2025-07-06,3111.56
254,5141,273,Missing Parts,2025-03-31,16608.48
255,11880,963,Missing Parts,2024-10-01,1934.8
256,15573,849,Wrong Item,2024-06-26,17511.87
257,14749,111,Defective,2024-06-11,18492.22
258,21422,456,Changed Mind,2024-08-13,22911.23
259,4588,683,Wrong Item,2024-06-27,5490.76
260,13475,778,Late Delivery,2024-07-08,18681.06
261,3212,432,Changed Mind,2025-07-29,15772.38
262,4028,114,Missing Parts,2026-05-24,7568.56
263,18369,961,Missing Parts,2025-04-08,6022.44
264,8417,273,Damaged,2024-05-01,21854.15
265,2480,756,Damaged,2024-05-08,8608.03
266,4732,650,Defective,2024-12-18,372.62
267,13277,432,Changed Mind,2026-02-11,17371.74
268,24941,662,Late Delivery,2023-01-21,19413.01
269,12472,177,Defective,2024-10-29,2251.06
270,2051,674,Damaged,2026-05-04,20825.83
271,5937,490,Late Delivery,2023-12-08,14937.03
272,4105,407,Defective,2026-10-21,5426.26
273,23143,507,Defective,2025-04-22,17246.33
274,2808,323,Wrong Item,2024-03-07,15905.46
275,22352,652,Late Delivery,2025-01-10,15202.9
276,19116,868,Wrong Item,2026-10-16,24488.64
277,20316,142,Damaged,2026-10-15,14353.59
278,18479,534,Defective,2025-06-30,17749.93
279,7011,765,Damaged,2023-11-16,12470.05
280,11594,281,Damaged,2026-09-07,12428.0
281,11163,193,Damaged,2024-05-01,16403.19
282,18322,94,Late Delivery,2024-10-12,11743.35
283,1100,90,Changed Mind,2025-03-04,19377.95
284,14133,331,Missing Parts,2026-03-14,610.82
285,18817,866,Late Delivery,2023-04-16,20865.04
286,2381,543,Defective,2026-08-23,9622.64
287,19353,266,Late Delivery,2026-02-24,2105.93
288,21113,688,Missing Parts,2023-12-22,1098.1
289,1410,197,Changed Mind,2024-04-06,17179.35
290,3684,218,Defective,2025-03-22,11396.11
291,18381,635,Missing Parts,2024-12-06,5260.03
292,8612,982,Defective,2024-02-01,5889.56
293,2524,980,Wrong Item,2024-12-23,5708.19
294,14052,312,Late Delivery,2023-07-12,1887.14
295,24474,932,Late Delivery,2025-01-17,13619.32
296,18087,914,Missing Parts,2023-09-02,23478.2
297,24307,144,Changed Mind,2026-12-22,17445.6
298,9934,126,Changed Mind,2023-02-24,9640.67
299,17576,187,Wrong Item,2023-12-14,19424.32
300,13758,177,Defective,2024-11-14,8745.04
301,19844,599,Changed Mind,2025-11-29,23160.25
302,15952,551,Defective,2025-09-25,15878.87
303,8946,858,Missing Parts,2023-09-22,7180.08
304,7731,618,Wrong Item,2023-06-25,7613.45
305,20263,483,Changed Mind,2023-07-07,16067.95
306,2172,553,Defective,2024-01-06,17076.53
307,17248,143,Missing Parts,2023-06-14,2404.56
308,24185,122,Late Delivery,2025-04-06,10805.03
309,9929,899,Wrong Item,2026-11-09,12061.5
310,21579,345,Changed Mind,2025-07-26,6233.13
311,15926,242,Late Delivery,2025-04-11,22735.22
312,16284,620,Changed Mind,2025-03-01,20882.05
313,18651,525,Late Delivery,2025-05-31,22508.49
314,1920,863,Damaged,2025-03-29,6306.32
315,24711,802,Damaged,2023-03-22,22179.55
316,15725,856,Defective,2023-06-08,19983.23
317,21827,229,Missing Parts,2023-11-29,7261.39
318,11453,851,Changed Mind,2026-12-12,13272.51
319,19846,743,Missing Parts,2023-02-11,20199.15
320,23646,878,Missing Parts,2024-04-21,23242.19
321,12281,585,Defective,2024-12-02,17713.83
322,8320,664,Missing Parts,2023-03-27,17116.23
323,2955,962,Wrong Item,2026-08-12,23324.11
324,13659,947,Late Delivery,2026-07-29,4361.27
325,6584,517,Defective,2025-12-04,20161.32
326,20279,212,Damaged,2024-12-18,20152.88
327,5494,61,Damaged,2025-08-30,21935.48
328,391,885,Late Delivery,2024-06-10,12706.97
329,2506,328,Changed Mind,2023-05-04,6997.5
330,12519,325,Changed Mind,2024-05-29,11156.33
331,18453,646,Damaged,2025-08-25,17616.01
332,17380,891,Late Delivery,2027-01-02,23963.86
333,8545,251,Defective,2026-01-05,15334.47
334,3579,79,Late Delivery,2023-04-08,18182.8
335,5759,320,Missing Parts,2023-11-03,15643.78
336,123,144,Defective,2025-02-09,527.84
337,10005,657,Late Delivery,2024-04-03,9056.53
338,22524,723,Defective,2026-02-22,10291.16
339,18393,110,Missing Parts,2026-02-06,21659.85
340,3864,360,Damaged,2025-10-14,9741.0
341,13728,419,Defective,2026-09-13,3583.27
342,11611,282,Defective,2023-08-11,16373.12
343,6689,454,Wrong Item,2026-07-31,5356.32
344,9927,490,Late Delivery,2026-07-15,16612.08
345,11684,277,Missing Parts,2023-08-10,21380.91
346,13490,778,Changed Mind,2023-07-02,5094.6
347,16703,511,Damaged,2024-08-05,10976.01
348,2768,581,Changed Mind,2023-09-18,2579.75
349,14008,724,Defective,2026-03-18,7953.29
350,9956,956,Defective,2025-04-19,3150.31
351,17295,424,Missing Parts,2026-03-09,13856.18
352,11352,377,Changed Mind,2025-08-01,3588.18
353,7106,14,Defective,2025-08-23,13441.17
354,9204,293,Missing Parts,2024-10-28,19515.59
355,10051,44,Damaged,2024-02-06,16438.57
356,13414,908,Defective,2026-01-20,16278.33
357,9591,279,Late Delivery,2026-08-05,19260.24
358,21438,926,Damaged,2026-03-13,3639.28
359,15112,340,Missing Parts,2024-10-09,7660.38
360,18290,106,Changed Mind,2023-06-11,24328.84
361,6241,434,Late Delivery,2025-12-16,17041.49
362,6277,318,Late Delivery,2024-09-20,17895.57
363,22847,253,Wrong Item,2026-06-29,18097.2
364,6918,843,Damaged,2025-02-01,16498.68
365,19146,873,Missing Parts,2025-06-30,16040.22
366,18464,170,Missing Parts,2026-09-08,17443.19
367,23347,43,Wrong Item,2024-05-15,3480.84
368,12136,545,Late Delivery,2026-06-20,17794.47
369,11481,17,Changed Mind,2026-05-24,23016.77
370,11033,58,Wrong Item,2023-01-07,20049.9
371,6834,89,Damaged,2027-01-14,21392.31
372,21382,704,Defective,2026-09-02,1235.63
373,8791,888,Damaged,2026-08-16,22780.28
374,13071,209,Missing Parts,2025-08-18,5759.26
375,615,924,Changed Mind,2024-04-09,19025.41
376,11764,71,Wrong Item,2024-03-31,16191.49
377,19703,657,Wrong Item,2023-08-01,14507.72
378,16825,509,Defective,2024-02-17,15143.67
379,6297,192,Wrong Item,2023-11-23,5584.13
380,13739,625,Late Delivery,2023-04-08,4022.89
381,7802,427,Late Delivery,2025-03-10,23633.85
382,7010,163,Missing Parts,2024-06-02,18536.57
383,22049,371,Damaged,2026-07-21,19069.1
384,18886,850,Missing Parts,2024-11-26,19067.06
385,2782,618,Defective,2026-08-23,18954.83
386,16032,968,Changed Mind,2026-08-03,15070.69
387,16616,109,Missing Parts,2024-04-14,1260.27
388,7012,857,Missing Parts,2023-07-12,2755.7
389,14559,764,Late Delivery,2024-08-08,19899.18
390,10581,894,Missing Parts,2026-07-15,18682.01
391,14593,99,Late Delivery,2026-08-28,15847.68
392,19475,455,Defective,2023-12-14,8681.9
393,11681,489,Missing Parts,2023-07-27,22799.92
394,24702,932,Late Delivery,2023-01-21,22067.48
395,7566,221,Changed Mind,2025-05-05,16308.21
396,21558,692,Late Delivery,2026-09-19,24023.34
397,13839,927,Damaged,2023-02-25,18287.28
398,7476,611,Defective,2025-06-05,22568.63
399,7124,760,Changed Mind,2024-10-19,8141.89
400,7995,48,Defective,2023-06-12,1999.78
401,8901,308,Late Delivery,2025-11-26,20968.36
402,5378,323,Changed Mind,2024-12-04,5883.29
403,6453,612,Defective,2026-07-06,3486.19
404,1827,409,Missing Parts,2023-12-25,8956.04
405,14116,72,Wrong Item,2026-05-25,15290.5
406,4906,248,Damaged,2023-01-28,13983.52
407,9596,954,Changed Mind,2023-03-08,19443.95
408,17591,316,Defective,2026-01-15,16672.55
409,7584,411,Late Delivery,2025-01-05,920.53
410,11384,975,Changed Mind,2023-12-21,13273.14
411,21380,176,Missing Parts,2026-05-24,22775.01
412,5661,92,Defective,2024-09-26,12470.99
413,7002,68,Late Delivery,2025-06-25,9099.76
414,14279,721,Wrong Item,2025-05-15,967.1
415,5540,789,Missing Parts,2024-01-09,17644.35
416,5927,779,Late Delivery,2025-02-08,281.4
417,5639,120,Damaged,2024-12-05,20457.14
418,19781,573,Damaged,2026-08-16,5259.24
419,2637,719,Defective,2026-04-12,11449.13
420,5243,938,Damaged,2024-12-29,22798.73
421,4298,409,Damaged,2026-01-24,15333.96
422,16778,485,Defective,2026-08-31,10856.24
423,24024,148,Changed Mind,2026-10-01,14716.9
424,6504,615,Defective,2025-11-07,5459.35
425,10164,21,Late Delivery,2025-01-14,10450.9
426,19545,654,Late Delivery,2024-12-09,18932.01
427,13112,387,Changed Mind,2026-08-25,10930.03
428,6526,508,Damaged,2025-05-29,1004.29
429,9733,488,Damaged,2025-05-31,13555.87
430,23872,704,Wrong Item,2025-03-07,9947.02
431,17782,553,Wrong Item,2026-12-15,19533.92
432,299,776,Defective,2024-03-17,855.24
433,14191,127,Damaged,2023-04-06,9349.56
434,19863,744,Changed Mind,2026-08-04,19753.49
435,254,4,Late Delivery,2024-08-29,17694.75
436,4630,432,Defective,2024-05-10,2529.53
437,8890,165,Late Delivery,2026-08-11,10434.55
438,1853,262,Late Delivery,2026-07-17,20931.11
439,22029,331,Defective,2025-03-06,13092.99
440,18057,627,Defective,2025-12-01,1970.37
441,16818,242,Wrong Item,2026-07-19,3309.0
442,18611,305,Missing Parts,2024-03-11,9186.29
443,9734,86,Wrong Item,2025-03-09,20700.91
444,23045,922,Late Delivery,2025-10-20,3434.84
445,16412,451,Changed Mind,2024-12-21,1052.53
446,3346,872,Late Delivery,2026-07-07,189.48
447,23804,230,Damaged,2024-10-17,1842.87
448,11528,723,Missing Parts,2026-11-01,4512.51
449,18457,701,Damaged,2026-02-03,15839.51
450,1802,995,Changed Mind,2026-04-16,13208.92
451,10480,574,Wrong Item,2026-10-29,12666.29
452,2162,423,Late Delivery,2023-06-06,17462.38
453,16897,402,Damaged,2024-12-07,8061.91
454,11619,889,Changed Mind,2025-03-27,23122.91
455,3046,42,Changed Mind,2023-01-28,10921.47
456,3733,357,Damaged,2026-06-27,11867.42
457,12993,420,Defective,2026-08-23,22047.38
458,18796,354,Changed Mind,2026-12-18,14176.67
459,11299,883,Missing Parts,2023-08-13,2881.9
460,2572,76,Defective,2024-12-26,15260.59
461,2138,680,Missing Parts,2024-02-12,10512.84
462,8159,336,Changed Mind,2025-01-26,20049.46
463,17067,761,Wrong Item,2026-12-06,15292.72
464,6715,691,Late Delivery,2024-11-01,4993.76
465,805,616,Wrong Item,2025-10-03,3590.72
466,20717,136,Late Delivery,2024-01-25,6873.27
467,12379,784,Wrong Item,2023-07-30,6284.34
468,23106,408,Damaged,2025-06-26,16506.38
469,21911,652,Late Delivery,2024-02-12,16697.98
470,2789,565,Changed Mind,2023-09-27,8487.25
471,9861,845,Changed Mind,2024-11-25,15295.01
472,15609,881,Damaged,2026-04-24,17945.68
473,15106,228,Wrong Item,2025-03-02,1259.43
474,13467,216,Defective,2025-04-08,24974.32
475,17090,830,Defective,2023-03-26,18880.97
476,15512,164,Late Delivery,2026-11-18,8204.26
477,11265,572,Wrong Item,2025-05-31,18564.39
478,20800,304,Changed Mind,2024-01-23,12078.68
479,10562,743,Late Delivery,2026-10-16,8260.7
480,10812,117,Late Delivery,2026-11-19,6243.65
481,2391,433,Late Delivery,2027-01-11,18377.26
482,7657,236,Wrong Item,2025-09-27,139.22
483,9975,285,Defective,2024-08-23,23163.38
484,17161,105,Wrong Item,2026-09-03,11562.94
485,1060,36,Wrong Item,2026-12-12,11869.36
486,15573,498,Damaged,2024-07-06,767.01
487,7093,199,Defective,2025-07-18,10515.9
488,16248,720,Damaged,2024-01-09,11594.73
489,4224,709,Damaged,2025-05-10,21301.61
490,6203,950,Defective,2024-04-25,7173.48
491,8556,921,Late Delivery,2026-10-24,8735.29
492,6457,38,Defective,2025-04-14,1061.8
493,11767,593,Missing Parts,2025-09-13,17594.44
494,1400,836,Late Delivery,2025-08-07,15796.84
495,2150,999,Wrong Item,2026-08-04,21763.39
496,2497,71,Defective,2024-05-31,10293.09
497,6924,187,Late Delivery,2026-04-19,6584.75
498,5141,145,Late Delivery,2025-04-03,17553.3
499,4641,214,Missing Parts,2026-09-28,8953.55
500,5212,434,Damaged,2025-06-29,20410.88
501,10162,961,Wrong Item,2025-12-18,8965.45
502,10999,799,Defective,2023-02-10,4124.57
503,1759,399,Defective,2025-06-06,8755.91
504,8804,847,Late Delivery,2026-05-20,17340.8
505,16641,890,Missing Parts,2024-03-19,19247.63
506,1100,34,Wrong Item,2025-03-04,10827.02
507,253,832,Late Delivery,2026-09-17,16678.51
508,3660,269,Wrong Item,2023-08-30,3186.38
509,4067,140,Damaged,2026-07-07,6966.37
510,23451,720,Defective,2026-02-10,11739.83
511,16237,429,Changed Mind,2026-02-27,15617.97
512,8306,745,Changed Mind,2026-11-11,6599.8
513,1197,30,Missing Parts,2026-10-30,3786.64
514,21374,652,Damaged,2025-08-12,14943.92
515,8149,641,Late Delivery,2023-05-04,9358.01
516,22179,990,Wrong Item,2024-04-17,418.74
517,4902,991,Defective,2024-09-30,9802.57
518,22521,145,Missing Parts,2023-12-19,23482.0
519,7053,124,Missing Parts,2024-06-26,16282.69
520,23652,522,Changed Mind,2025-12-01,17441.04
521,22619,869,Late Delivery,2024-10-12,3073.64
522,14427,730,Defective,2023-06-22,13724.4
523,17063,972,Missing Parts,2025-12-31,5065.8
524,14517,148,Wrong Item,2023-12-25,20443.23
525,3896,953,Wrong Item,2024-05-25,7234.86
526,16255,104,Wrong Item,2024-01-26,22037.74
527,22524,297,Wrong Item,2026-02-24,5940.66
528,14654,183,Missing Parts,2025-06-11,21057.86
529,16183,58,Changed Mind,2023-10-10,21652.91
530,912,491,Damaged,2025-09-30,5030.72
531,11832,229,Defective,2026-09-22,4240.1
532,5910,4,Damaged,2026-08-04,20509.92
533,7944,281,Defective,2023-08-30,2113.11
534,10746,916,Changed Mind,2025-05-05,12012.17
535,2240,378,Damaged,2023-09-20,3032.11
536,8941,118,Late Delivery,2026-07-01,18936.05
537,24375,585,Damaged,2023-09-06,115.92
538,19349,202,Defective,2025-06-08,21686.69
539,11558,798,Late Delivery,2026-02-06,5018.51
540,20383,620,Wrong Item,2025-05-12,20892.24
541,7244,768,Defective,2024-03-26,4093.35
542,8433,253,Defective,2024-06-15,3152.54
543,5693,883,Defective,2026-04-27,12461.14
544,8791,634,Missing Parts,2026-08-17,15916.64
545,7336,284,Changed Mind,2026-09-18,12170.78
546,20547,662,Missing Parts,2024-07-25,24593.9
547,20298,267,Missing Parts,2024-08-01,4176.89
548,14216,114,Wrong Item,2023-02-04,20452.33
549,11652,688,Late Delivery,2023-04-14,16738.17
550,3089,481,Late Delivery,2023-01-07,237.35
551,24768,747,Damaged,2024-11-15,13093.87
552,20149,815,Defective,2023-05-16,2393.84
553,5194,7,Damaged,2024-02-07,14351.42
554,12991,468,Changed Mind,2024-08-04,18956.59
555,6600,397,Missing Parts,2025-08-31,14564.63
556,18530,875,Missing Parts,2025-07-02,12376.49
557,4244,249,Late Delivery,2023-07-09,2330.23
558,24735,409,Damaged,2023-09-21,20422.3
559,18035,330,Damaged,2024-06-24,207.78
560,17110,656,Damaged,2023-07-10,7834.21
561,9178,29,Late Delivery,2026-04-21,22963.77
562,5705,928,Missing Parts,2023-07-21,1531.11
563,6484,349,Late Delivery,2025-04-04,23339.31
564,18916,32,Defective,2024-10-18,5402.52
565,19131,513,Changed Mind,2024-01-18,21243.66
566,13442,264,Defective,2026-01-14,24547.81
567,7476,45,Damaged,2025-05-30,11199.82
568,16887,182,Defective,2024-06-05,14328.01
569,24603,921,Late Delivery,2024-08-03,13869.39
570,1765,509,Damaged,2024-03-10,11169.69
571,14,373,Missing Parts,2025-09-14,19085.43
572,19703,435,Damaged,2023-08-01,14161.05
573,12999,260,Wrong Item,2025-08-28,20485.62
574,5876,343,Defective,2025-02-28,3366.26
575,23644,804,Changed Mind,2023-07-03,5470.03
576,394,449,Late Delivery,2023-06-06,4592.53
577,5998,310,Changed Mind,2025-05-23,18633.02
578,2208,159,Defective,2023-04-14,15460.83
579,19726,192,Damaged,2024-06-23,12103.17
580,15534,724,Damaged,2024-05-26,7681.66
581,21917,232,Late Delivery,2023-11-23,12718.0
582,24434,444,Damaged,2023-01-11,16548.4
583,12132,19,Changed Mind,2027-01-13,17748.04
584,8727,933,Damaged,2024-03-20,2428.32
585,18790,761,Wrong Item,2023-03-23,21125.14
586,18955,822,Defective,2026-02-16,8430.52
587,15069,530,Changed Mind,2027-01-03,12221.46
588,18964,850,Changed Mind,2023-11-03,15817.39
589,12496,85,Late Delivery,2023-06-27,13413.33
590,5757,488,Defective,2025-01-13,22189.96
591,20924,144,Wrong Item,2026-12-16,8375.41
592,16859,329,Damaged,2023-12-10,13416.33
593,11899,73,Damaged,2026-05-24,10309.75
594,17982,465,Late Delivery,2025-07-22,10437.8
595,18493,766,Damaged,2025-05-06,7877.88
596,4796,166,Missing Parts,2024-06-25,18996.63
597,19409,63,Changed Mind,2024-11-21,24592.96
598,21902,579,Missing Parts,2024-05-23,14817.18
599,5195,175,Defective,2023-06-19,13111.13
600,22731,380,Late Delivery,2025-05-29,21954.0
601,749,274,Late Delivery,2026-06-21,15985.31
602,6251,943,Damaged,2026-01-31,14860.34
603,23283,147,Damaged,2025-10-15,12994.08
604,10730,298,Damaged,2023-05-16,16465.21
605,9365,332,Defective,2025-11-02,11602.81
606,8112,179,Changed Mind,2025-07-04,2817.16
607,16363,779,Missing Parts,2026-01-04,14741.62
608,19399,275,Wrong Item,2023-04-06,7255.02
609,1231,749,Changed Mind,2025-09-24,6321.27
610,17738,751,Wrong Item,2024-02-13,21073.49
611,13548,231,Defective,2023-05-30,17956.69
612,13289,76,Wrong Item,2023-12-26,16553.12
613,4852,31,Defective,2025-03-04,623.4
614,18223,982,Wrong Item,2024-07-19,19217.11
615,6398,178,Late Delivery,2025-05-12,10867.8
616,17447,957,Late Delivery,2023-12-26,7405.37
617,799,820,Damaged,2025-08-24,9182.34
618,15244,297,Damaged,2023-11-09,12989.28
619,19099,468,Missing Parts,2024-08-21,2252.33
620,12529,763,Missing Parts,2024-05-06,12795.44
621,24441,387,Changed Mind,2023-06-10,22351.14
622,21402,180,Damaged,2025-02-16,23453.03
623,18604,603,Missing Parts,2023-12-04,1081.55
624,5276,179,Damaged,2024-03-27,19339.44
625,16404,245,Damaged,2023-11-08,8288.89
626,14087,819,Late Delivery,2025-01-18,21621.2
627,21345,582,Damaged,2024-07-08,1201.85
628,21940,970,Damaged,2025-01-15,22645.87
629,23479,607,Changed Mind,2024-06-12,18867.36
630,7275,830,Damaged,2025-02-25,733.14
631,17047,395,Late Delivery,2025-06-30,7517.94
632,24697,987,Wrong Item,2023-08-06,20738.2
633,17695,763,Late Delivery,2026-12-08,16670.92
634,3752,262,Late Delivery,2026-06-22,420.41
635,18349,726,Defective,2025-09-26,6859.88
636,10615,624,Damaged,2025-07-10,9498.37
637,2628,477,Damaged,2023-10-01,11650.42
638,6964,798,Changed Mind,2024-06-24,13706.91
639,5144,68,Missing Parts,2026-01-24,16996.17
640,5043,8,Defective,2023-03-09,7756.01
641,3915,700,Changed Mind,2024-03-03,20983.26
642,4241,456,Late Delivery,2023-08-08,23236.38
643,23241,336,Missing Parts,2024-01-24,22428.28
644,16736,795,Defective,2024-09-29,22792.21
645,15104,153,Missing Parts,2025-11-23,14638.47
646,11484,663,Damaged,2024-11-07,22197.59
647,730,508,Defective,2025-11-30,18819.57
648,14263,235,Wrong Item,2023-12-07,19251.67
649,13877,62,Changed Mind,2025-12-23,22796.5
650,5449,532,Defective,2025-06-22,12623.81
651,24767,169,Defective,2025-07-22,14789.74
652,22872,232,Defective,2025-06-24,9242.38
653,24643,572,Missing Parts,2026-12-30,14105.07
654,5164,113,Wrong Item,2024-05-26,21559.12
655,183,865,Missing Parts,2026-08-09,22083.93
656,5720,360,Defective,2027-01-02,12252.57
657,24752,771,Missing Parts,2023-05-23,8427.77
658,5134,23,Changed Mind,2023-08-06,22984.2
659,1325,503,Late Delivery,2023-02-28,11006.58
660,10588,180,Late Delivery,2023-10-30,10757.06
661,9992,1000,Wrong Item,2025-06-25,3202.66
662,15120,287,Wrong Item,2025-02-21,11352.46
663,9303,284,Changed Mind,2024-10-21,20763.31
664,22878,611,Late Delivery,2023-02-03,22918.32
665,516,928,Defective,2026-01-28,21972.76
666,15450,417,Wrong Item,2025-01-11,5053.35
667,17502,59,Changed Mind,2026-03-19,17299.22
668,5436,306,Late Delivery,2023-01-25,12441.67
669,24175,999,Changed Mind,2024-03-26,8745.89
670,9565,375,Missing Parts,2023-09-28,20094.82
671,12694,693,Defective,2026-03-28,2818.02
672,3307,757,Defective,2026-04-27,8692.65
673,4854,817,Damaged,2023-09-05,16414.37
674,22005,89,Missing Parts,2023-05-21,15828.75
675,24772,69,Damaged,2024-11-10,2925.2
676,8506,811,Changed Mind,2024-12-13,20321.41
677,17799,951,Changed Mind,2024-10-01,16931.25
678,24304,840,Missing Parts,2026-12-23,15980.69
679,19837,415,Damaged,2023-09-20,11177.52
680,20090,939,Damaged,2024-07-11,10725.35
681,22226,94,Missing Parts,2024-07-02,6122.9
682,19526,805,Changed Mind,2025-11-26,17108.74
683,10700,225,Missing Parts,2023-06-10,9284.94
684,5327,869,Late Delivery,2023-07-25,951.0
685,3488,90,Wrong Item,2023-05-17,21085.23
686,22447,843,Missing Parts,2024-08-04,9923.11
687,605,629,Changed Mind,2026-06-04,11520.71
688,15860,454,Defective,2023-09-30,1330.93
689,5366,348,Defective,2025-10-20,12608.76
690,21349,318,Changed Mind,2024-06-06,9517.25
691,12310,855,Defective,2026-03-03,13780.67
692,2005,672,Late Delivery,2025-01-29,11780.42
693,11649,196,Changed Mind,2023-12-10,12701.09
694,16371,341,Late Delivery,2025-06-30,17836.38
695,20568,957,Missing Parts,2024-07-01,2090.07
696,9307,923,Late Delivery,2024-04-05,2996.82
697,22747,54,Changed Mind,2025-10-30,1698.35
698,1184,39,Missing Parts,2026-11-24,1711.02
699,12891,405,Missing Parts,2026-05-08,1150.01
700,23221,697,Late Delivery,2024-08-12,16135.68
701,10141,912,Damaged,2024-05-24,22907.43
702,9351,14,Defective,2024-12-22,2767.33
703,9786,692,Defective,2026-02-17,13459.16
704,15722,31,Changed Mind,2025-11-14,6125.42
705,3650,640,Damaged,2023-01-23,15769.22
706,18968,940,Damaged,2024-07-29,4659.73
707,670,609,Late Delivery,2024-09-11,22595.02
708,23880,540,Late Delivery,2027-01-05,5703.6
709,915,612,Damaged,2023-03-25,13396.43
710,4676,321,Missing Parts,2026-09-13,24947.6
711,23746,91,Wrong Item,2025-01-19,18601.18
712,14087,430,Defective,2025-01-31,2882.75
713,24857,735,Late Delivery,2026-11-06,1308.74
714,19704,20,Damaged,2023-04-25,12413.39
715,5484,686,Damaged,2026-03-23,1620.31
716,22275,152,Wrong Item,2023-02-06,8799.63
717,6420,170,Wrong Item,2024-04-22,4388.78
718,20697,852,Missing Parts,2025-04-11,12876.47
719,3384,457,Damaged,2024-04-28,275.3
720,10525,857,Wrong Item,2023-12-07,11410.11
721,8461,837,Changed Mind,2026-09-09,16109.83
722,13213,442,Changed Mind,2023-07-15,23618.74
723,17211,215,Defective,2023-04-15,21140.3
724,10292,675,Wrong Item,2023-01-28,21512.13
725,2779,938,Missing Parts,2024-06-28,6000.89
726,15781,759,Late Delivery,2025-07-19,8070.47
727,23329,200,Damaged,2024-07-11,2221.36
728,20288,349,Late Delivery,2026-09-11,11294.2
729,22340,120,Late Delivery,2024-05-19,7022.9
730,12289,571,Late Delivery,2025-09-28,22249.74
731,17678,659,Late Delivery,2023-05-21,3088.63
732,7365,23,Wrong Item,2023-04-30,20946.62
733,667,893,Defective,2024-03-13,23624.81
734,4561,155,Damaged,2026-04-13,21870.9
735,17203,561,Damaged,2023-10-21,15343.93
736,7338,287,Wrong Item,2025-07-14,8855.62
737,3711,313,Missing Parts,2026-11-15,9657.16
738,13204,186,Damaged,2026-06-25,2417.99
739,21635,511,Wrong Item,2024-12-18,1013.02
740,7889,419,Missing Parts,2023-10-22,13748.56
741,1555,317,Changed Mind,2023-02-12,20509.59
742,5851,389,Damaged,2025-03-07,17643.44
743,11173,244,Changed Mind,2024-05-03,20004.89
744,6485,885,Late Delivery,2025-12-15,2810.76
745,22730,997,Damaged,2026-08-15,24257.11
746,19917,463,Changed Mind,2024-10-17,21791.16
747,10120,179,Defective,2025-05-05,17808.24
748,199,755,Wrong Item,2026-04-24,16319.82
749,2511,424,Defective,2023-06-24,10276.2
750,11610,597,Defective,2025-01-08,3750.51
751,19892,711,Damaged,2024-07-19,24593.07
752,14380,516,Damaged,2023-10-10,14061.51
753,5212,34,Wrong Item,2025-07-03,14069.72
754,524,442,Changed Mind,2023-06-18,3652.9
755,24367,590,Damaged,2023-11-08,585.19
756,19160,850,Late Delivery,2023-11-18,6946.05
757,7779,907,Defective,2023-09-16,20261.98
758,2185,560,Damaged,2023-06-26,9439.54
759,21232,804,Wrong Item,2026-12-09,21319.9
760,3369,865,Defective,2024-12-11,7007.0
761,16271,30,Defective,2024-03-03,4833.15
762,14602,659,Late Delivery,2024-09-09,18233.69
763,7410,764,Damaged,2025-06-27,6612.52
764,15381,43,Late Delivery,2026-10-18,14906.35
765,23406,48,Changed Mind,2023-08-15,9431.59
766,17424,650,Late Delivery,2024-03-21,6828.11
767,9953,673,Late Delivery,2025-10-11,6358.08
768,14419,985,Missing Parts,2024-03-09,10903.34
769,21628,19,Wrong Item,2025-12-08,13904.11
770,21826,709,Defective,2025-10-31,24480.33
771,10418,560,Damaged,2023-05-18,10982.06
772,16554,480,Damaged,2026-01-24,23516.89
773,8579,304,Late Delivery,2024-02-09,11807.54
774,11553,295,Wrong Item,2023-07-20,2299.49
775,20729,220,Missing Parts,2024-08-19,489.09
776,11260,164,Damaged,2026-08-18,3902.26
777,22521,721,Late Delivery,2023-12-23,7226.79
778,13818,874,Missing Parts,2025-02-23,342.33
779,24880,346,Changed Mind,2026-01-29,6069.19
780,22724,349,Late Delivery,2026-12-22,11169.23
781,9636,851,Defective,2025-03-03,9501.91
782,584,513,Late Delivery,2025-11-23,24906.56
783,5698,721,Defective,2024-07-31,20592.05
784,14431,899,Defective,2025-05-13,897.22
785,20792,767,Missing Parts,2025-08-14,16710.2
786,7853,97,Damaged,2026-11-22,8336.41
787,538,137,Missing Parts,2023-03-07,23590.2
788,10492,34,Missing Parts,2025-01-31,17598.33
789,13934,632,Late Delivery,2023-06-26,24602.02
790,20156,868,Late Delivery,2025-03-25,12849.96
791,13769,66,Defective,2025-06-28,1342.9
792,5359,992,Damaged,2025-10-02,19262.55
793,14808,802,Late Delivery,2023-10-30,23240.66
794,2073,778,Wrong Item,2024-09-13,23019.22
795,21778,127,Wrong Item,2024-04-11,7245.66
796,5357,311,Damaged,2024-09-11,12618.52
797,10822,913,Damaged,2024-12-13,20858.85
798,17215,842,Wrong Item,2025-12-17,13401.27
799,3897,835,Damaged,2026-08-13,4826.27
800,11832,313,Changed Mind,2026-09-22,20357.02
801,24145,55,Late Delivery,2025-04-17,5249.08
802,11672,374,Late Delivery,2023-04-10,10301.94
803,16316,602,Changed Mind,2024-07-19,7430.72
804,9547,474,Missing Parts,2024-10-27,14346.17
805,4584,627,Damaged,2025-08-08,18536.87
806,24625,666,Damaged,2023-02-22,8813.72
807,5743,953,Missing Parts,2025-03-23,11270.43
808,13341,441,Wrong Item,2025-09-19,4230.63
809,18317,707,Damaged,2026-08-28,22028.96
810,11868,139,Late Delivery,2026-06-01,3444.96
811,24061,350,Missing Parts,2025-12-26,20509.38
812,775,81,Missing Parts,2025-10-28,22248.69
813,780,502,Missing Parts,2024-06-10,6490.4
814,11970,816,Late Delivery,2024-01-19,9278.83
815,17035,133,Wrong Item,2026-08-19,10328.85
816,21115,349,Late Delivery,2026-06-14,7038.02
817,13229,821,Defective,2023-03-04,18914.45
818,15814,324,Late Delivery,2024-12-22,8264.67
819,18870,713,Wrong Item,2027-01-01,11055.41
820,8988,946,Wrong Item,2024-05-15,11390.76
821,2030,674,Wrong Item,2024-10-05,16281.4
822,3101,447,Defective,2024-05-24,15406.44
823,23498,207,Defective,2026-06-16,18335.61
824,9394,384,Missing Parts,2026-07-19,1691.33
825,22797,737,Late Delivery,2025-07-31,1205.2
826,7682,864,Changed Mind,2025-04-27,8465.29
827,22805,34,Late Delivery,2026-04-05,11990.14
828,19022,927,Changed Mind,2024-10-09,11036.29
829,10019,595,Missing Parts,2025-12-28,23364.3
830,19961,352,Missing Parts,2026-04-04,16998.22
831,8811,556,Late Delivery,2026-06-16,4754.75
832,23181,545,Defective,2026-09-01,20148.7
833,8573,137,Changed Mind,2026-05-23,9849.75
834,8809,527,Changed Mind,2023-11-02,6104.26
835,10222,464,Damaged,2023-05-17,22279.32
836,12321,297,Late Delivery,2024-01-22,19040.25
837,2807,476,Defective,2025-03-03,18562.17
838,19476,498,Damaged,2026-09-07,4855.48
839,7041,539,Defective,2024-05-28,11604.88
840,18089,810,Wrong Item,2024-03-30,23595.21
841,4928,692,Missing Parts,2025-04-16,2396.65
842,9439,902,Missing Parts,2023-10-04,1393.14
843,2157,467,Defective,2026-02-03,21822.23
844,14332,26,Wrong Item,2026-01-01,24497.22
845,584,601,Late Delivery,2025-11-29,11086.87
846,11793,435,Changed Mind,2025-07-31,20237.52
847,17036,477,Changed Mind,2026-06-03,19108.41
848,5240,943,Damaged,2024-05-26,12245.8
849,9253,677,Wrong Item,2025-10-08,17262.2
850,12803,288,Missing Parts,2023-07-21,15275.74
851,20656,916,Wrong Item,2024-10-01,11298.03
852,10250,365,Wrong Item,2025-01-26,16322.8
853,16058,520,Wrong Item,2024-06-20,2372.42
854,3771,236,Wrong Item,2025-10-05,18671.8
855,20909,115,Late Delivery,2024-01-29,4211.35
856,24649,955,Missing Parts,2026-05-02,10695.42
857,3205,305,Damaged,2026-06-15,17841.96
858,3798,221,Defective,2025-08-18,987.14
859,14550,238,Missing Parts,2025-12-23,24455.13
860,1572,94,Damaged,2026-08-03,1482.14
861,2717,54,Wrong Item,2025-02-07,24039.43
862,7263,49,Damaged,2024-11-22,10283.4
863,21017,553,Late Delivery,2025-03-18,22570.25
864,22607,638,Changed Mind,2026-12-28,17737.04
865,16903,372,Damaged,2025-09-12,18543.52
866,20100,458,Late Delivery,2025-07-02,13142.9
867,19789,484,Damaged,2026-04-21,20314.4
868,11680,946,Damaged,2025-03-02,374.36
869,20532,56,Wrong Item,2024-07-15,13214.64
870,21567,857,Defective,2023-09-24,22430.4
871,16725,755,Changed Mind,2024-04-12,7510.79
872,1869,31,Missing Parts,2025-05-23,12317.28
873,24051,403,Missing Parts,2024-12-02,18527.79
874,14380,307,Changed Mind,2023-10-03,23575.49
875,19203,35,Missing Parts,2025-04-23,13837.49
876,18135,263,Damaged,2025-08-10,3488.14
877,9265,773,Missing Parts,2023-02-20,1211.75
878,13101,757,Missing Parts,2025-02-02,7944.0
879,24680,481,Changed Mind,2023-11-27,23318.05
880,11087,18,Late Delivery,2024-05-04,13107.98
881,12712,747,Wrong Item,2026-07-18,17318.23
882,20074,180,Late Delivery,2023-07-26,10866.51
883,12155,644,Wrong Item,2025-03-10,12781.89
884,23066,474,Defective,2024-05-14,24086.67
885,12285,563,Missing Parts,2024-06-25,3849.09
886,17797,573,Missing Parts,2024-12-16,3705.38
887,13766,787,Defective,2023-05-20,3647.02
888,3847,991,Missing Parts,2026-10-06,7289.98
889,14178,653,Damaged,2026-12-19,21726.11
890,12231,874,Changed Mind,2024-04-14,11337.27
891,21888,772,Defective,2026-07-24,17726.85
892,7554,29,Late Delivery,2025-06-07,16732.33
893,11648,623,Damaged,2024-01-11,10669.38
894,22097,966,Wrong Item,2024-06-07,24049.15
895,48,965,Defective,2024-01-17,11414.56
896,21090,864,Wrong Item,2023-07-28,8275.04
897,26,178,Wrong Item,2026-08-23,13899.44
898,24245,173,Missing Parts,2023-05-08,3076.81
899,194,783,Missing Parts,2025-04-01,18260.34
900,2490,981,Missing Parts,2027-01-03,23212.91
901,9841,890,Changed Mind,2024-12-22,9265.05
902,2020,414,Changed Mind,2026-12-24,5395.66
903,17820,382,Wrong Item,2026-05-15,17280.23
904,6394,370,Late Delivery,2026-06-13,11354.36
905,3923,885,Wrong Item,2025-06-18,13142.34
906,16141,777,Damaged,2025-11-12,3080.32
907,19517,38,Damaged,2026-09-28,7765.9
908,5978,704,Missing Parts,2025-01-06,1931.47
909,14303,169,Damaged,2026-07-15,3489.3
910,23857,241,Changed Mind,2026-12-12,16160.02
911,15748,613,Wrong Item,2026-01-28,6474.85
912,9948,179,Damaged,2026-07-21,6703.34
913,16943,819,Changed Mind,2024-04-18,5247.09
914,16566,485,Wrong Item,2023-11-25,8792.96
915,12141,722,Late Delivery,2026-07-08,22724.79
916,14061,268,Defective,2024-08-25,11400.22
917,9204,217,Late Delivery,2024-11-09,173.12
918,4501,453,Defective,2024-06-19,12514.09
919,16741,243,Late Delivery,2023-06-07,3106.15
920,8110,666,Missing Parts,2026-10-13,6865.49
921,20642,102,Damaged,2024-12-16,3237.38
922,14166,14,Late Delivery,2024-06-01,14252.24
923,2737,693,Defective,2025-09-20,23929.47
924,16482,829,Late Delivery,2026-09-17,16911.16
925,12041,678,Damaged,2024-08-27,994.15
926,10115,519,Defective,2026-03-12,20837.05
927,4061,614,Defective,2026-08-16,15254.71
928,13143,350,Late Delivery,2023-03-21,24316.66
929,14422,285,Changed Mind,2024-04-20,22917.27
930,14263,971,Wrong Item,2023-12-06,1354.49
931,19313,9,Wrong Item,2026-09-08,21914.6
932,5240,470,Changed Mind,2024-05-19,7387.92
933,8121,514,Defective,2025-04-15,3679.01
934,23771,822,Missing Parts,2025-04-28,2585.05
935,5614,177,Missing Parts,2026-08-17,10581.91
936,6768,679,Missing Parts,2024-03-25,5283.07
937,19681,253,Changed Mind,2024-11-13,10552.94
938,506,319,Defective,2023-09-10,20697.2
939,14678,503,Wrong Item,2024-03-19,16743.55
940,14045,859,Changed Mind,2024-10-29,12888.38
941,19722,992,Missing Parts,2025-10-23,6453.83
942,748,830,Defective,2026-12-17,19265.16
943,7525,638,Damaged,2024-09-01,14386.91
944,20056,659,Wrong Item,2025-07-28,17651.82
945,11459,616,Defective,2026-02-27,2115.36
946,17994,901,Defective,2025-02-15,2741.94
947,13638,860,Defective,2025-09-24,3197.98
948,3911,672,Defective,2026-11-27,8687.31
949,18522,597,Late Delivery,2023-01-17,8323.85
950,551,214,Missing Parts,2026-02-17,9586.1
951,8616,153,Changed Mind,2025-03-01,23724.74
952,9058,534,Defective,2024-10-31,19601.76
953,10605,975,Defective,2025-10-18,3640.44
954,15325,37,Defective,2026-02-15,283.54
955,13022,396,Defective,2025-05-19,20599.37
956,21245,473,Late Delivery,2023-12-03,21464.63
957,310,292,Late Delivery,2025-05-02,18296.07
958,19770,947,Damaged,2025-04-15,4121.23
959,10578,977,Missing Parts,2026-05-26,6614.83
960,23167,263,Late Delivery,2026-09-17,22495.79
961,21629,788,Changed Mind,2025-05-03,7646.58
962,22082,49,Wrong Item,2026-05-08,15003.59
963,1032,63,Damaged,2025-02-09,19046.37
964,18224,630,Defective,2024-06-20,24277.21
965,7644,175,Damaged,2024-02-25,15841.34
966,8508,829,Damaged,2026-05-07,4970.98
967,9495,813,Defective,2026-08-06,13966.96
968,19115,71,Late Delivery,2025-12-29,3960.29
969,10393,328,Changed Mind,2023-03-25,20265.65
970,23601,101,Wrong Item,2025-09-01,5664.97
971,17237,22,Wrong Item,2026-07-10,2889.37
972,16847,314,Changed Mind,2023-07-02,21297.57
973,10724,295,Wrong Item,2024-03-04,8993.97
974,18663,600,Defective,2023-03-10,20696.82
975,15521,884,Changed Mind,2026-10-15,569.34
976,1603,272,Defective,2026-01-30,11880.81
977,11816,395,Late Delivery,2024-03-08,3177.92
978,10353,583,Damaged,2024-01-03,20177.53
979,11417,842,Late Delivery,2025-11-30,6386.0
980,5692,735,Damaged,2023-12-05,11592.84
981,8988,122,Wrong Item,2024-05-21,20013.47
982,5646,631,Missing Parts,2023-05-27,14592.82
983,20498,683,Missing Parts,2025-12-13,15256.88
984,16280,850,Changed Mind,2023-11-11,404.75
985,10269,759,Changed Mind,2025-02-28,19650.86
986,7018,445,Damaged,2026-02-06,18137.27
987,18641,157,Defective,2025-01-10,15380.67
988,12822,12,Defective,2023-06-29,23958.86
989,10926,829,Missing Parts,2025-06-15,3952.71
990,16539,765,Late Delivery,2026-12-10,22102.55
991,6818,434,Damaged,2024-05-29,442.99
992,10484,106,Changed Mind,2023-02-28,18567.6
993,5426,431,Changed Mind,2025-12-29,9246.58
994,16587,191,Defective,2024-01-03,3983.31
995,3304,73,Missing Parts,2024-05-22,24163.26
996,1197,52,Defective,2026-11-06,5361.44
997,22898,913,Changed Mind,2026-04-14,17993.81
998,19993,422,Wrong Item,2025-12-03,15215.87
999,10283,131,Changed Mind,2026-02-10,7389.23
1000,23163,722,Wrong Item,2023-11-21,8558.35
1001,10954,830,Changed Mind,2024-04-02,11909.56
1002,21222,477,Changed Mind,2023-12-02,16901.64
1003,4622,942,Damaged,2025-02-10,1987.08
1004,9404,964,Defective,2026-08-03,2665.36
1005,1544,50,Late Delivery,2025-03-01,7165.29
1006,5473,94,Damaged,2023-09-03,23707.49
1007,17601,634,Damaged,2023-10-08,7088.86
1008,12739,757,Late Delivery,2025-08-28,21398.17
1009,5290,169,Missing Parts,2024-01-23,2868.38
1010,13349,223,Defective,2023-09-17,6872.23
1011,21908,96,Defective,2025-08-13,18302.25
1012,22049,395,Late Delivery,2026-07-22,8297.31
1013,6717,743,Changed Mind,2023-09-05,8829.31
1014,16727,132,Damaged,2026-04-25,4009.8
1015,16982,607,Defective,2023-08-03,7892.78
1016,13674,47,Late Delivery,2023-04-28,5660.96
1017,3221,345,Damaged,2026-12-27,18859.08
1018,21600,510,Wrong Item,2025-10-14,16342.81
1019,9921,284,Wrong Item,2026-12-02,21501.59
1020,4969,558,Damaged,2026-04-24,12107.04
1021,17734,290,Damaged,2026-04-02,2938.8
1022,1239,567,Late Delivery,2024-12-23,6918.93
1023,5176,869,Defective,2026-07-13,3372.75
1024,23168,536,Changed Mind,2026-07-30,1357.88
1025,23639,501,Wrong Item,2023-06-23,15710.49
1026,18336,552,Defective,2026-12-11,4858.22
1027,8145,543,Damaged,2025-05-30,18513.81
1028,21098,116,Changed Mind,2024-10-19,20263.74
1029,3428,102,Defective,2025-10-28,13527.55
1030,9323,136,Missing Parts,2026-10-10,1655.01
1031,14884,543,Missing Parts,2024-05-03,12518.26
1032,13105,962,Missing Parts,2023-10-01,22181.59
1033,3629,642,Late Delivery,2026-01-23,14403.22
1034,19594,899,Changed Mind,2025-11-21,14966.57
1035,22172,145,Damaged,2023-05-14,15903.19
1036,5611,529,Missing Parts,2025-01-21,15381.96
1037,651,530,Defective,2023-05-09,14987.52
1038,19398,633,Missing Parts,2026-05-21,19286.83
1039,5554,664,Wrong Item,2025-03-12,7992.16
1040,9094,371,Defective,2024-06-16,5283.63
1041,23154,546,Defective,2025-03-11,24918.07
1042,12297,225,Missing Parts,2023-01-22,16601.96
1043,5626,682,Defective,2027-01-03,17267.48
1044,12293,684,Changed Mind,2023-12-31,5145.81
1045,18713,985,Missing Parts,2026-07-03,10301.61
1046,19004,228,Wrong Item,2026-01-24,17504.95
1047,21156,769,Wrong Item,2024-12-19,11592.6
1048,11425,307,Wrong Item,2025-11-28,15970.5
1049,14773,773,Damaged,2026-05-19,6674.83
1050,6620,245,Missing Parts,2024-03-19,15498.37
1051,23676,318,Defective,2023-03-25,385.63
1052,13435,275,Defective,2024-03-08,515.98
1053,9224,197,Missing Parts,2024-05-17,22874.67
1054,18044,959,Wrong Item,2025-03-27,7633.11
1055,3134,283,Missing Parts,2024-09-25,4030.35
1056,19465,212,Late Delivery,2023-05-18,19897.65
1057,24995,260,Late Delivery,2023-06-25,16693.97
1058,3249,181,Missing Parts,2025-08-22,11912.94
1059,4465,359,Wrong Item,2024-06-19,23678.84
1060,5625,920,Late Delivery,2025-10-27,19130.36
1061,9797,3,Damaged,2024-01-28,8104.69
1062,12985,65,Missing Parts,2025-03-24,11874.61
1063,22966,521,Changed Mind,2026-08-22,10869.96
1064,2195,88,Missing Parts,2024-08-02,9519.97
1065,14801,308,Damaged,2024-11-28,7215.14
1066,15967,699,Changed Mind,2025-01-09,10846.2
1067,10699,345,Damaged,2025-04-06,752.35
1068,23708,6,Changed Mind,2026-01-22,13704.08
1069,834,700,Changed Mind,2025-08-06,4680.2
1070,200,267,Damaged,2023-06-02,428.96
1071,6972,253,Damaged,2023-07-24,7967.41
1072,19683,40,Late Delivery,2023-05-03,3542.44
1073,2744,634,Missing Parts,2023-02-10,19082.09
1074,14829,169,Damaged,2025-02-07,24825.86
1075,4820,327,Wrong Item,2025-05-06,1269.63
1076,18910,360,Damaged,2024-04-15,21350.69
1077,4433,993,Defective,2027-01-06,22757.77
1078,7346,454,Late Delivery,2024-04-11,11020.25
1079,19173,427,Damaged,2025-03-07,18466.79
1080,22106,988,Damaged,2024-11-01,16280.68
1081,18494,95,Damaged,2024-02-10,22473.8
1082,20411,124,Changed Mind,2026-08-22,6805.25
1083,13972,698,Late Delivery,2025-01-24,17704.98
1084,12029,456,Late Delivery,2025-04-07,7006.45
1085,14078,867,Damaged,2024-02-03,2328.46
1086,20656,929,Changed Mind,2024-09-24,1750.76
1087,2964,764,Changed Mind,2026-09-11,17399.89
1088,11715,661,Defective,2023-12-04,6940.21
1089,2309,661,Defective,2023-08-29,12671.75
1090,23325,134,Defective,2024-07-02,22499.84
1091,16508,273,Missing Parts,2027-01-06,17844.55
1092,15277,190,Missing Parts,2023-10-16,5351.8
1093,23998,257,Missing Parts,2025-04-12,12594.92
1094,17876,767,Wrong Item,2023-08-01,14990.63
1095,6047,436,Wrong Item,2023-10-18,16129.22
1096,18839,118,Changed Mind,2023-04-20,8311.69
1097,20488,772,Defective,2024-01-31,13004.43
1098,14780,559,Changed Mind,2024-03-23,15572.12
1099,17916,498,Defective,2026-04-21,2661.98
1100,4602,374,Damaged,2023-04-19,19777.9
1101,15820,313,Late Delivery,2023-03-17,21541.55
1102,14753,120,Changed Mind,2026-11-21,2179.68
1103,9648,213,Damaged,2026-06-15,4054.95
1104,16280,509,Missing Parts,2023-11-15,19428.29
1105,9314,71,Late Delivery,2026-06-09,2817.42
1106,5116,305,Missing Parts,2024-12-29,9687.5
1107,18454,526,Wrong Item,2026-12-24,1108.26
1108,12489,588,Damaged,2024-04-29,14760.99
1109,8549,553,Damaged,2024-04-08,16313.21
1110,6627,501,Late Delivery,2026-06-09,2136.43
1111,15204,665,Late Delivery,2025-07-10,8142.5
1112,2410,19,Missing Parts,2025-08-15,18887.8
1113,1188,575,Wrong Item,2025-06-22,8181.82
1114,6424,513,Damaged,2024-12-19,21591.64
1115,1276,79,Wrong Item,2026-03-31,10401.65
1116,7975,169,Wrong Item,2026-07-17,10044.86
1117,22107,875,Defective,2025-04-12,22988.99
1118,1974,288,Missing Parts,2026-08-13,17547.32
1119,12643,797,Defective,2025-07-17,5119.09
1120,9092,693,Damaged,2025-02-25,24334.29
1121,21823,435,Damaged,2025-03-09,9882.38
1122,20467,890,Missing Parts,2026-09-14,20024.45
1123,16003,570,Changed Mind,2023-05-31,3064.68
1124,11507,191,Late Delivery,2025-05-26,19284.83
1125,21398,995,Missing Parts,2024-04-13,5646.95
1126,17541,626,Wrong Item,2024-10-01,7434.84
1127,5719,247,Changed Mind,2026-10-13,20539.1
1128,24896,975,Defective,2023-02-16,13371.48
1129,18514,164,Changed Mind,2023-09-15,23909.7
1130,16461,675,Damaged,2025-01-13,4717.05
1131,24181,84,Missing Parts,2024-04-21,7761.35
1132,18139,540,Changed Mind,2023-08-25,11111.24
1133,15404,589,Changed Mind,2023-09-03,11215.17
1134,21244,980,Missing Parts,2026-06-19,4374.78
1135,16783,198,Changed Mind,2023-09-16,16876.53
1136,24297,337,Late Delivery,2023-10-23,9040.83
1137,4209,930,Changed Mind,2023-07-15,23850.69
1138,12284,344,Wrong Item,2026-01-29,721.71
1139,20817,851,Missing Parts,2023-03-08,20586.79
1140,12765,298,Damaged,2024-12-07,7475.08
1141,3365,950,Missing Parts,2023-09-08,18323.55
1142,3745,324,Late Delivery,2024-12-30,8090.34
1143,4142,338,Wrong Item,2024-10-27,7381.23
1144,17091,440,Wrong Item,2023-06-28,22767.22
1145,12075,453,Defective,2024-01-12,13077.85
1146,14423,91,Defective,2026-04-10,1657.72
1147,13453,585,Damaged,2026-06-19,11440.14
1148,1603,587,Damaged,2026-01-25,13801.19
1149,15878,948,Defective,2023-12-03,16369.31
1150,2934,841,Defective,2024-11-16,16844.43
1151,6579,762,Wrong Item,2024-05-29,20859.03
1152,9343,738,Changed Mind,2026-09-02,15806.42
1153,3944,384,Defective,2025-05-16,16313.18
1154,23679,392,Missing Parts,2024-01-23,18715.62
1155,760,600,Wrong Item,2025-07-31,17339.82
1156,4890,809,Late Delivery,2023-05-04,19596.82
1157,3233,296,Missing Parts,2025-08-11,24185.71
1158,24240,1000,Missing Parts,2025-02-03,15367.12
1159,6223,164,Damaged,2023-08-13,19680.73
1160,6985,430,Changed Mind,2025-02-20,20039.5
1161,1313,891,Wrong Item,2024-01-03,19737.68
1162,13191,411,Missing Parts,2026-05-09,405.42
1163,22606,579,Wrong Item,2024-03-03,1352.29
1164,20811,744,Changed Mind,2026-02-17,19482.82
1165,13354,537,Damaged,2024-05-03,5771.28
1166,10107,628,Changed Mind,2026-06-11,19980.22
1167,10258,282,Late Delivery,2023-11-07,22739.06
1168,4153,521,Wrong Item,2025-09-27,14925.76
1169,7375,872,Wrong Item,2026-07-28,6910.54
1170,24840,9,Late Delivery,2025-05-26,8789.01
1171,1635,305,Damaged,2023-04-06,19323.94
1172,13934,130,Defective,2023-06-24,5625.84
1173,8895,745,Damaged,2023-02-24,6940.43
1174,704,92,Defective,2025-06-22,6795.15
1175,11306,435,Damaged,2025-03-10,16429.91
1176,4004,434,Defective,2023-05-10,374.91
1177,4978,503,Missing Parts,2024-08-03,16270.96
1178,16424,840,Damaged,2026-03-11,16753.49
1179,21808,564,Defective,2026-12-22,17200.94
1180,21286,90,Defective,2024-08-12,22961.36
1181,11344,671,Defective,2024-07-22,14087.78
1182,16118,894,Defective,2025-02-22,9871.4
1183,5237,427,Changed Mind,2025-03-28,9664.9
1184,13808,789,Wrong Item,2026-06-22,3657.92
1185,973,971,Wrong Item,2024-12-25,1167.2
1186,13227,710,Late Delivery,2023-03-04,2839.08
1187,19593,582,Wrong Item,2025-12-07,17542.57
1188,12978,250,Changed Mind,2023-10-17,15661.03
1189,20717,854,Wrong Item,2024-02-05,11427.38
1190,4766,801,Late Delivery,2025-04-10,2695.86
1191,313,552,Missing Parts,2025-02-17,18485.59
1192,22529,682,Wrong Item,2024-05-05,16695.89
1193,13521,915,Damaged,2023-08-03,6312.91
1194,23693,699,Late Delivery,2024-01-19,15244.54
1195,13984,879,Missing Parts,2024-01-17,8964.76
1196,7128,796,Damaged,2024-04-17,5161.41
1197,23345,253,Defective,2026-10-22,6342.62
1198,1105,700,Late Delivery,2023-08-02,2316.62
1199,2702,158,Late Delivery,2025-05-16,5396.98
1200,5935,429,Missing Parts,2023-08-05,13150.06
1201,5750,746,Missing Parts,2024-06-05,17694.57
1202,8633,371,Missing Parts,2024-12-21,16312.83
1203,12745,649,Damaged,2026-12-30,23409.39
1204,24182,66,Changed Mind,2026-05-20,23536.14
1205,18945,51,Wrong Item,2023-12-15,17183.72
1206,20017,990,Missing Parts,2025-11-21,23481.64
1207,4616,92,Defective,2023-12-18,22596.97
1208,9552,606,Defective,2024-09-04,3746.78
1209,5353,568,Late Delivery,2024-03-29,7137.81
1210,18231,365,Defective,2024-12-19,11376.29
1211,2247,183,Late Delivery,2024-05-08,17863.03
1212,22318,965,Changed Mind,2024-12-30,13696.26
1213,6839,866,Late Delivery,2024-03-13,20115.38
1214,13130,34,Missing Parts,2024-04-30,13243.98
1215,6002,597,Changed Mind,2024-03-23,23718.78
1216,5951,245,Late Delivery,2026-11-24,9482.55
1217,12602,448,Damaged,2024-06-06,10027.6
1218,718,336,Defective,2023-11-20,11813.01
1219,21530,741,Wrong Item,2026-10-18,21240.97
1220,19991,280,Damaged,2023-09-26,10592.31
1221,8366,862,Changed Mind,2025-07-29,15461.01
1222,2607,9,Late Delivery,2024-01-29,19949.32
1223,3986,472,Missing Parts,2023-08-07,9884.9
1224,8935,390,Changed Mind,2023-01-30,8790.77
1225,5722,903,Changed Mind,2026-11-18,3234.39
1226,4543,459,Damaged,2026-10-11,12865.69
1227,20259,323,Defective,2024-09-13,21602.43
1228,18104,908,Wrong Item,2026-06-09,20996.46
1229,9530,439,Missing Parts,2024-09-20,18464.4
1230,12982,880,Wrong Item,2026-06-07,19424.96
1231,16271,450,Changed Mind,2024-03-18,18252.51
1232,10628,719,Late Delivery,2024-07-20,3312.82
1233,20115,649,Wrong Item,2025-03-28,4919.81
1234,12477,590,Missing Parts,2025-07-14,541.72
1235,12091,155,Defective,2026-10-18,18567.63
1236,21396,734,Wrong Item,2023-08-31,10747.57
1237,6494,173,Missing Parts,2026-08-27,22311.9
1238,15643,991,Changed Mind,2024-02-15,14374.06
1239,5715,219,Defective,2024-07-15,4028.67
1240,8740,321,Missing Parts,2023-10-10,10289.81
1241,6191,216,Defective,2025-01-31,2610.1
1242,14468,35,Wrong Item,2023-03-26,10234.83
1243,15435,382,Changed Mind,2023-02-14,21098.71
1244,5438,243,Late Delivery,2025-06-21,13633.13
1245,20098,437,Damaged,2026-08-14,23459.66
1246,7891,710,Missing Parts,2025-04-29,5336.14
1247,7986,639,Late Delivery,2024-02-11,22356.88
1248,568,789,Defective,2025-04-03,22756.44
1249,5986,843,Damaged,2026-06-26,9244.19
1250,18752,486,Missing Parts,2026-06-04,1781.38
1251,618,258,Defective,2025-07-26,20974.43
1252,9980,176,Defective,2026-10-25,2817.38
1253,10464,753,Defective,2026-02-01,12262.8
1254,17419,710,Missing Parts,2023-11-04,2337.42
1255,17344,961,Missing Parts,2024-08-02,23417.78
1256,7221,869,Changed Mind,2026-07-13,1100.93
1257,11762,35,Changed Mind,2023-01-29,6882.71
1258,11076,226,Defective,2026-01-26,4046.5
1259,6519,796,Defective,2026-08-14,9403.79
1260,21789,147,Changed Mind,2025-12-31,6739.42
1261,19731,478,Damaged,2025-11-28,8919.65
1262,6812,69,Late Delivery,2025-02-15,956.56
1263,20610,828,Missing Parts,2024-08-04,13497.48
1264,19484,121,Damaged,2025-03-17,14379.2
1265,134,617,Defective,2026-12-27,21444.11
1266,4553,869,Late Delivery,2026-03-06,5393.85
1267,17934,191,Wrong Item,2026-04-19,10784.48
1268,7649,758,Wrong Item,2025-01-18,21806.67
1269,22578,85,Defective,2023-06-15,10314.48
1270,2353,296,Changed Mind,2026-07-18,14216.05
1271,16783,781,Wrong Item,2023-09-18,8925.44
1272,11488,420,Wrong Item,2024-12-30,23787.14
1273,6667,580,Damaged,2026-11-29,16907.88
1274,14330,630,Wrong Item,2025-06-18,16819.72
1275,5079,509,Damaged,2023-12-22,24034.06
1276,24963,45,Missing Parts,2025-07-04,6971.6
1277,2359,113,Changed Mind,2024-07-30,4525.1
1278,21690,325,Wrong Item,2024-01-25,19736.46
1279,12370,345,Defective,2024-02-09,3662.3
1280,5412,249,Defective,2023-07-08,5040.93
1281,6682,846,Wrong Item,2026-12-11,6782.06
1282,3497,438,Missing Parts,2025-02-21,3738.94
1283,1426,410,Late Delivery,2024-11-06,22612.59
1284,2834,131,Damaged,2024-03-01,20334.57
1285,12289,56,Wrong Item,2025-10-03,5918.98
1286,12466,660,Changed Mind,2026-11-28,11614.16
1287,8027,670,Changed Mind,2024-03-04,16143.99
1288,2881,968,Changed Mind,2025-03-08,14128.68
1289,24738,904,Wrong Item,2023-01-15,2043.31
1290,15023,503,Changed Mind,2025-11-26,16537.58
1291,2836,534,Changed Mind,2024-03-18,7766.26
1292,15556,707,Defective,2026-09-29,13983.11
1293,13331,938,Missing Parts,2024-08-05,20708.9
1294,3175,121,Changed Mind,2025-07-28,17764.72
1295,6062,46,Missing Parts,2025-11-03,14734.19
1296,2136,647,Late Delivery,2025-07-23,17421.44
1297,8671,460,Defective,2026-04-25,18519.06
1298,23395,798,Late Delivery,2023-02-14,6852.87
1299,11838,158,Changed Mind,2024-11-29,6029.11
1300,14543,123,Damaged,2024-06-06,962.6
1301,10456,392,Missing Parts,2024-12-22,11793.29
1302,5883,60,Missing Parts,2026-06-14,7197.4
1303,21450,682,Damaged,2024-04-23,8931.06
1304,5970,208,Damaged,2026-07-04,6701.2
1305,20199,403,Changed Mind,2023-07-17,7913.48
1306,15984,611,Damaged,2023-05-25,18380.01
1307,7566,921,Missing Parts,2025-05-22,9445.79
1308,16259,584,Missing Parts,2023-09-12,12519.12
1309,5841,455,Damaged,2024-03-31,23267.93
1310,8516,203,Wrong Item,2025-01-24,6668.52
1311,16115,631,Missing Parts,2024-02-07,24052.43
1312,7214,498,Late Delivery,2026-11-03,5623.84
1313,21347,283,Late Delivery,2024-12-23,175.23
1314,16193,261,Damaged,2026-04-03,11737.11
1315,19162,605,Defective,2023-12-13,16557.28
1316,6035,977,Missing Parts,2023-05-25,13565.68
1317,19778,580,Changed Mind,2025-04-26,10051.47
1318,23472,283,Defective,2026-05-01,15873.65
1319,17974,282,Late Delivery,2025-07-02,13740.52
1320,15483,96,Missing Parts,2025-09-14,21402.27
1321,4451,237,Wrong Item,2026-06-26,3057.83
1322,12586,519,Changed Mind,2024-07-21,11406.81
1323,2348,116,Missing Parts,2023-04-16,21613.93
1324,11589,301,Changed Mind,2026-08-17,14141.88
1325,19319,697,Defective,2026-10-02,24274.28
1326,11802,962,Late Delivery,2023-07-01,8716.73
1327,11538,10,Defective,2023-02-23,3302.73
1328,3065,371,Changed Mind,2023-07-12,13057.13
1329,23460,488,Wrong Item,2026-06-22,8596.96
1330,4694,402,Damaged,2025-12-27,7718.9
1331,19304,13,Late Delivery,2025-09-05,1018.6
1332,23079,161,Wrong Item,2024-06-28,6144.71
1333,19171,810,Changed Mind,2024-06-17,13141.14
1334,10708,123,Late Delivery,2024-01-13,12645.34
1335,15574,178,Changed Mind,2023-08-24,3855.39
1336,13115,526,Defective,2026-08-06,14249.53
1337,23310,557,Wrong Item,2026-06-12,22318.92
1338,5100,613,Changed Mind,2025-08-03,23295.95
1339,15919,411,Missing Parts,2023-11-27,14030.93
1340,7042,285,Late Delivery,2026-09-15,18784.54
1341,14675,671,Late Delivery,2024-12-05,17395.07
1342,21153,400,Damaged,2025-12-16,15561.1
1343,5184,560,Damaged,2026-02-13,5390.11
1344,96,200,Defective,2026-07-28,21109.87
1345,23764,350,Changed Mind,2024-11-30,23533.96
1346,18166,869,Damaged,2023-06-13,4347.49
1347,21831,768,Missing Parts,2024-05-08,1746.84
1348,7117,270,Damaged,2023-10-05,13280.22
1349,6623,455,Changed Mind,2024-09-26,8567.28
1350,1253,196,Damaged,2026-10-10,2863.55
1351,19651,283,Wrong Item,2023-06-08,24598.37
1352,22894,789,Changed Mind,2025-10-05,10646.14
1353,15272,298,Wrong Item,2025-01-14,1381.33
1354,17593,121,Missing Parts,2024-01-24,4732.43
1355,1050,7,Wrong Item,2024-08-10,16440.37
1356,19949,961,Damaged,2026-12-24,10237.43
1357,1338,948,Wrong Item,2024-05-13,202.03
1358,6652,872,Missing Parts,2026-05-14,2505.29
1359,21131,716,Wrong Item,2025-02-13,4075.89
1360,12267,3,Missing Parts,2023-10-21,980.55
1361,2743,281,Changed Mind,2024-03-04,4756.5
1362,21621,958,Missing Parts,2024-10-15,20295.41
1363,20079,235,Damaged,2025-12-28,8458.39
1364,14403,451,Changed Mind,2026-05-17,10273.57
1365,4025,893,Missing Parts,2026-05-29,20393.91
1366,18216,198,Damaged,2025-03-02,14203.56
1367,15706,661,Missing Parts,2024-08-10,21900.65
1368,7824,481,Damaged,2023-08-08,8895.44
1369,3138,935,Changed Mind,2023-11-12,2348.6
1370,6626,63,Damaged,2025-12-28,23960.69
1371,1190,767,Defective,2023-10-18,10313.96
1372,1008,455,Defective,2026-05-11,3446.77
1373,19279,769,Missing Parts,2024-07-16,16900.57
1374,22709,826,Defective,2024-04-27,5234.32
1375,7562,753,Defective,2023-05-23,6114.26
1376,16639,373,Late Delivery,2023-08-28,19861.18
1377,11244,855,Wrong Item,2023-05-09,15202.47
1378,18373,867,Late Delivery,2026-04-25,8240.21
1379,5300,897,Late Delivery,2026-01-21,24840.24
1380,18806,564,Damaged,2026-03-09,2867.89
1381,8492,430,Changed Mind,2023-09-29,9835.09
1382,11903,350,Late Delivery,2026-02-10,11036.53
1383,8676,332,Missing Parts,2026-09-14,16809.61
1384,6053,647,Defective,2026-10-08,11565.05
1385,22988,376,Changed Mind,2023-11-02,11863.14
1386,14086,345,Missing Parts,2024-01-16,22073.02
1387,17414,144,Defective,2027-01-05,5146.76
1388,19024,241,Defective,2026-03-14,17664.12
1389,22497,146,Defective,2026-01-21,13796.5
1390,14718,360,Late Delivery,2026-08-16,16797.64
1391,15259,675,Late Delivery,2024-08-31,21621.76
1392,14462,507,Missing Parts,2024-08-24,20357.98
1393,14286,691,Missing Parts,2024-08-04,5298.49
1394,17836,669,Damaged,2026-01-07,1912.89
1395,24381,642,Defective,2024-02-17,10615.0
1396,1213,165,Damaged,2023-08-17,4637.74
1397,14753,754,Wrong Item,2026-11-16,23100.85
1398,1632,103,Damaged,2024-11-04,20001.25
1399,17769,51,Late Delivery,2024-04-21,17346.4
1400,15614,550,Missing Parts,2024-11-19,18639.69
1401,21558,670,Changed Mind,2026-09-04,24855.67
1402,22873,215,Missing Parts,2024-03-19,15642.64
1403,10284,531,Defective,2026-10-23,8269.85
1404,19746,394,Late Delivery,2023-06-27,21898.7
1405,12015,977,Damaged,2025-05-15,19364.59
1406,10919,73,Late Delivery,2024-09-30,14715.52
1407,4457,643,Late Delivery,2023-10-20,6465.15
1408,18709,546,Defective,2026-12-16,2934.11
1409,3612,565,Defective,2023-08-10,11764.37
1410,16426,385,Wrong Item,2023-08-04,21471.28
1411,4400,810,Wrong Item,2024-01-02,19372.98
1412,20444,318,Late Delivery,2026-07-26,4961.55
1413,7404,75,Damaged,2024-12-08,24941.28
1414,12067,397,Late Delivery,2023-03-29,8512.13
1415,14355,170,Damaged,2025-06-08,16848.78
1416,22276,831,Wrong Item,2023-09-11,20834.65
1417,24718,310,Damaged,2023-08-07,24827.24
1418,13769,107,Late Delivery,2025-06-27,2933.67
1419,11236,752,Late Delivery,2024-11-24,20778.25
1420,1189,971,Damaged,2025-01-12,10258.3
1421,6801,910,Missing Parts,2024-02-07,22227.32
1422,18911,747,Late Delivery,2026-10-04,14446.88
1423,2531,732,Defective,2026-09-21,16758.16
1424,9447,753,Defective,2023-07-06,13075.41
1425,17544,702,Wrong Item,2026-12-06,6087.96
1426,20410,472,Defective,2023-02-07,12478.68
1427,10782,224,Late Delivery,2025-05-23,22921.15
1428,18779,262,Changed Mind,2024-04-27,18591.85
1429,12303,485,Late Delivery,2023-09-05,16803.31
1430,22454,422,Defective,2024-08-22,21812.85
1431,2648,773,Damaged,2025-03-01,17816.49
1432,5405,499,Changed Mind,2023-09-25,16812.43
1433,22625,681,Late Delivery,2025-07-26,17191.37
1434,3341,898,Damaged,2024-08-19,10854.58
1435,3872,619,Changed Mind,2026-10-07,22001.16
1436,9960,79,Late Delivery,2026-12-10,13045.78
1437,3829,539,Late Delivery,2025-08-05,1247.91
1438,14219,72,Late Delivery,2023-01-27,9274.29
1439,15368,713,Wrong Item,2025-09-18,20039.07
1440,5479,202,Wrong Item,2023-04-13,21725.36
1441,24776,154,Wrong Item,2023-09-21,18978.84
1442,18901,384,Missing Parts,2024-07-16,15241.4
1443,20963,425,Wrong Item,2025-03-11,804.12
1444,8298,415,Missing Parts,2023-09-06,15409.97
1445,6213,982,Changed Mind,2026-08-07,17016.11
1446,18853,685,Wrong Item,2025-05-31,12261.03
1447,17648,399,Missing Parts,2023-07-20,6696.58
1448,15848,943,Missing Parts,2024-06-01,21176.6
1449,15311,625,Damaged,2026-10-26,14345.23
1450,11085,588,Wrong Item,2025-09-23,11973.31
1451,12706,842,Missing Parts,2025-10-18,3749.12
1452,3043,679,Missing Parts,2023-11-16,19279.6
1453,16675,69,Missing Parts,2024-08-07,21489.06
1454,4091,708,Missing Parts,2023-11-18,20653.68
1455,19267,357,Wrong Item,2026-01-13,17864.03
1456,191,904,Defective,2024-11-29,23073.57
1457,11368,395,Changed Mind,2023-05-05,16689.02
1458,20303,453,Missing Parts,2024-12-09,5113.73
1459,9196,109,Late Delivery,2024-03-28,3040.61
1460,2534,832,Damaged,2026-12-28,865.37
1461,24487,138,Changed Mind,2023-09-29,24059.45
1462,2758,596,Late Delivery,2023-06-04,19095.97
1463,21487,616,Defective,2024-10-03,8635.46
1464,15614,657,Late Delivery,2024-11-21,5303.26
1465,14669,7,Changed Mind,2024-01-10,2009.8
1466,19290,691,Defective,2024-06-18,20740.02
1467,14272,530,Defective,2023-02-26,5232.25
1468,12550,988,Late Delivery,2024-05-09,5354.78
1469,20561,868,Changed Mind,2024-07-18,11237.79
1470,12227,274,Changed Mind,2026-04-30,6399.77
1471,24484,902,Wrong Item,2025-03-01,6672.93
1472,17575,43,Late Delivery,2026-01-27,1464.61
1473,13300,798,Late Delivery,2024-05-23,8367.03
1474,16519,395,Late Delivery,2026-04-21,20852.9
1475,23672,574,Defective,2026-09-20,18093.2
1476,119,724,Defective,2024-11-26,15022.98
1477,19151,238,Changed Mind,2024-01-15,9381.99
1478,24874,57,Defective,2024-02-23,1751.84
1479,7969,788,Wrong Item,2025-07-19,8180.58
1480,6514,725,Late Delivery,2026-07-31,5567.05
1481,12059,706,Damaged,2024-08-22,11811.01
1482,19918,644,Wrong Item,2024-04-03,6851.43
1483,3154,704,Damaged,2026-08-22,20360.05
1484,1931,281,Changed Mind,2024-03-15,21030.53
1485,294,1000,Changed Mind,2024-01-25,14539.7
1486,15462,668,Wrong Item,2026-03-08,20694.19
1487,16343,476,Late Delivery,2024-08-13,24893.16
1488,17516,481,Defective,2026-01-06,14289.27
1489,15933,659,Damaged,2024-08-06,11168.15
1490,20740,486,Defective,2025-10-10,1971.43
1491,12014,942,Missing Parts,2024-03-27,4061.0
1492,4225,86,Damaged,2023-03-08,975.1
1493,21839,219,Wrong Item,2026-01-02,10279.43
1494,23,227,Changed Mind,2025-03-06,7316.31
1495,8185,212,Late Delivery,2024-04-24,21026.99
1496,23927,299,Defective,2026-04-14,5215.9
1497,6111,174,Late Delivery,2023-06-28,11651.85
1498,19305,280,Wrong Item,2026-01-04,3730.7
1499,1088,688,Missing Parts,2025-08-12,15501.62
1500,16963,294,Defective,2026-09-17,10446.13
1501,1900,260,Wrong Item,2026-03-07,189.54
1502,7698,336,Late Delivery,2023-03-07,7025.08
1503,12022,583,Damaged,2026-02-13,21359.8
1504,11886,440,Damaged,2026-11-01,2184.53
1505,5054,783,Changed Mind,2024-05-04,2317.23
1506,3763,611,Defective,2026-01-05,3582.97
1507,19109,472,Missing Parts,2025-05-09,23251.12
1508,9275,431,Defective,2024-01-05,15368.0
1509,3022,458,Missing Parts,2023-05-25,2233.11
1510,17569,810,Damaged,2025-06-14,13758.62
1511,1649,407,Changed Mind,2025-09-04,22652.46
1512,20485,133,Defective,2025-07-05,23593.47
1513,9573,547,Missing Parts,2026-07-27,7619.85
1514,14605,347,Changed Mind,2024-05-04,19652.86
1515,13802,81,Damaged,2025-05-28,5766.61
1516,23939,839,Wrong Item,2027-01-10,16505.92
1517,4678,716,Wrong Item,2026-03-12,2368.37
1518,15833,581,Defective,2025-09-11,12956.03
1519,18828,643,Missing Parts,2024-11-25,23081.61
1520,14238,322,Missing Parts,2023-09-06,23709.31
1521,11469,456,Late Delivery,2023-02-27,10634.07
1522,9066,403,Defective,2024-03-28,19097.42
1523,11608,451,Defective,2024-09-06,14025.21
1524,13126,605,Late Delivery,2023-08-20,2291.29
1525,1277,346,Late Delivery,2024-03-30,7255.58
1526,21997,487,Late Delivery,2024-10-12,1701.44
1527,13420,686,Changed Mind,2025-08-17,10432.25
1528,15851,435,Wrong Item,2024-04-26,5202.51
1529,5662,418,Changed Mind,2025-09-23,16046.32
1530,11737,132,Defective,2026-05-17,20377.0
1531,18843,19,Missing Parts,2025-01-10,1294.77
1532,15754,70,Late Delivery,2025-12-14,12005.82
1533,11262,729,Changed Mind,2026-05-30,8436.75
1534,11427,559,Wrong Item,2025-01-12,17167.18
1535,16931,820,Damaged,2026-04-24,16770.34
1536,8716,546,Defective,2024-02-04,129.36
1537,1781,881,Wrong Item,2024-02-26,17868.96
1538,16892,206,Missing Parts,2026-05-13,7646.02
1539,2655,550,Damaged,2025-06-11,7009.13
1540,8973,366,Changed Mind,2024-06-03,23177.84
1541,18581,918,Defective,2025-02-13,19504.17
1542,19304,610,Late Delivery,2025-09-02,19581.77
1543,11531,297,Late Delivery,2025-02-04,19086.84
1544,24278,530,Damaged,2023-11-18,9862.6
1545,2971,849,Missing Parts,2025-02-05,23958.13
1546,19724,406,Defective,2025-05-16,7966.3
1547,4271,52,Late Delivery,2025-04-30,8274.57
1548,5918,649,Damaged,2025-02-13,3921.32
1549,19731,865,Wrong Item,2025-11-28,2506.2
1550,6418,56,Defective,2026-04-10,16090.0
1551,18183,896,Late Delivery,2026-07-08,225.44
1552,231,956,Late Delivery,2026-02-23,12920.37
1553,18898,52,Missing Parts,2024-07-02,12979.5
1554,5934,695,Late Delivery,2024-09-08,19034.04
1555,13196,229,Late Delivery,2026-09-18,1248.28
1556,2957,30,Wrong Item,2024-06-28,24100.62
1557,10944,61,Wrong Item,2026-03-17,17637.3
1558,24571,30,Defective,2026-06-17,12123.92
1559,16813,939,Wrong Item,2025-05-07,3288.37
1560,6994,924,Wrong Item,2025-04-02,14149.06
1561,5228,316,Changed Mind,2026-09-15,18715.14
1562,24855,386,Damaged,2023-06-28,22326.7
1563,9588,567,Defective,2023-11-25,8863.68
1564,21922,269,Defective,2024-07-30,15439.09
1565,18871,113,Damaged,2024-02-21,9894.99
1566,23301,963,Damaged,2026-12-01,24646.67
1567,12825,288,Missing Parts,2024-06-01,11011.27
1568,19282,940,Changed Mind,2025-10-19,3894.82
1569,24509,119,Damaged,2026-08-26,20774.21
1570,15684,227,Defective,2024-02-25,10665.87
1571,21965,131,Defective,2023-12-21,20402.21
1572,16415,337,Wrong Item,2025-12-28,6550.2
1573,22213,339,Wrong Item,2023-11-03,22232.31
1574,21576,212,Damaged,2025-05-01,20518.88
1575,22067,121,Wrong Item,2026-08-14,15323.45
1576,9835,758,Wrong Item,2024-09-13,2628.03
1577,7011,143,Wrong Item,2023-11-17,6296.64
1578,12459,111,Missing Parts,2026-08-20,15668.52
1579,23262,317,Damaged,2023-02-28,20065.63
1580,13016,438,Wrong Item,2023-11-21,10578.17
1581,6936,429,Damaged,2026-04-29,6637.29
1582,5907,817,Late Delivery,2026-10-21,455.92
1583,14589,977,Defective,2026-04-09,1697.69
1584,24400,498,Damaged,2023-12-11,22470.93
1585,14233,303,Changed Mind,2024-05-15,9937.25
1586,21272,282,Late Delivery,2023-04-23,10153.81
1587,13640,258,Wrong Item,2023-11-26,13351.67
1588,16297,875,Damaged,2023-03-14,8678.38
1589,12957,860,Changed Mind,2024-10-29,4066.04
1590,1950,20,Defective,2026-09-21,20375.72
1591,6056,373,Damaged,2025-10-29,381.96
1592,3411,592,Late Delivery,2023-11-11,5636.79
1593,5561,884,Missing Parts,2023-09-09,19842.28
1594,1582,646,Wrong Item,2026-11-10,24207.22
1595,18548,324,Damaged,2023-10-19,22302.72
1596,21727,971,Changed Mind,2025-02-25,16731.8
1597,19677,787,Changed Mind,2024-02-12,7098.95
1598,12203,820,Wrong Item,2026-04-11,14593.31
1599,5624,411,Changed Mind,2025-06-02,6556.18
1600,10794,314,Missing Parts,2025-05-08,6320.3
1601,1450,931,Damaged,2023-04-14,7751.41
1602,22743,263,Damaged,2023-10-13,22430.21
1603,19474,504,Defective,2025-11-11,2855.39
1604,13883,560,Late Delivery,2024-07-10,12311.81
1605,21635,993,Damaged,2024-12-17,5168.74
1606,3498,608,Changed Mind,2025-02-06,12006.81
1607,6294,576,Defective,2023-06-29,9082.94
1608,8372,272,Wrong Item,2023-11-23,5203.08
1609,8914,384,Damaged,2025-10-26,9737.15
1610,6701,578,Damaged,2026-03-25,7604.46
1611,9692,972,Damaged,2023-09-17,22678.53
1612,18378,993,Late Delivery,2026-01-03,21569.97
1613,4251,812,Damaged,2023-02-15,22388.97
1614,23876,747,Changed Mind,2026-01-28,21960.38
1615,14694,390,Wrong Item,2025-01-26,8295.23
1616,23526,514,Wrong Item,2023-12-30,20299.44
1617,9893,646,Missing Parts,2025-09-07,21336.77
1618,18251,342,Wrong Item,2024-04-27,1752.78
1619,15271,653,Defective,2025-09-05,21313.18
1620,912,3,Damaged,2025-10-09,6575.92
1621,10143,160,Defective,2026-01-15,12556.33
1622,20394,564,Wrong Item,2023-11-13,7717.65
1623,4862,985,Missing Parts,2023-02-05,8607.14
1624,12334,668,Changed Mind,2024-04-10,6254.9
1625,5598,651,Late Delivery,2026-02-15,8140.3
1626,10645,992,Wrong Item,2026-02-13,13196.84
1627,12405,50,Missing Parts,2026-08-15,2535.54
1628,16413,328,Damaged,2024-11-19,18050.47
1629,23819,487,Changed Mind,2024-11-20,10885.66
1630,10252,796,Changed Mind,2025-10-11,16779.44
1631,13221,557,Damaged,2026-07-04,8246.71
1632,13074,45,Missing Parts,2023-01-18,6946.37
1633,6197,102,Changed Mind,2024-12-11,21137.01
1634,4140,934,Defective,2026-09-07,22185.02
1635,4083,498,Wrong Item,2023-07-27,1515.23
1636,2499,507,Missing Parts,2023-09-22,19744.35
1637,18268,910,Defective,2024-05-08,17279.22
1638,9230,848,Wrong Item,2024-09-23,9848.63
1639,20437,621,Changed Mind,2023-03-17,22091.98
1640,11739,914,Damaged,2025-10-22,1565.73
1641,11419,985,Changed Mind,2024-07-18,12869.89
1642,5762,4,Defective,2025-10-23,21523.05
1643,9029,165,Wrong Item,2026-09-01,24233.2
1644,5296,381,Defective,2025-06-03,13682.85
1645,24249,882,Wrong Item,2023-03-20,10646.86
1646,14149,949,Wrong Item,2025-07-26,727.42
1647,3441,874,Damaged,2023-06-18,9903.01
1648,8806,926,Changed Mind,2024-06-04,4044.12
1649,16173,917,Missing Parts,2025-09-03,8512.55
1650,2404,961,Changed Mind,2026-04-07,20583.07
1651,5664,245,Late Delivery,2023-03-20,24816.39
1652,7902,321,Missing Parts,2024-11-21,11028.42
1653,17294,224,Damaged,2026-04-28,20891.78
1654,6335,438,Damaged,2025-03-01,9531.39
1655,5616,612,Defective,2023-07-10,4303.94
1656,18230,917,Late Delivery,2025-06-21,6248.15
1657,15935,928,Wrong Item,2024-07-09,15500.48
1658,1627,197,Missing Parts,2024-02-10,6177.71
1659,3704,597,Changed Mind,2024-01-04,10674.25
1660,14178,667,Changed Mind,2026-12-20,11988.06
1661,17657,578,Changed Mind,2023-04-26,22668.47
1662,23088,200,Defective,2025-08-30,4667.55
1663,748,568,Defective,2026-12-16,11335.76
1664,24198,199,Missing Parts,2023-07-31,2086.89
1665,17037,970,Missing Parts,2023-11-15,19608.06
1666,7707,116,Late Delivery,2023-11-16,13999.46
1667,11217,496,Late Delivery,2025-03-12,23170.5
1668,10160,401,Missing Parts,2025-09-02,10413.59
1669,18420,352,Defective,2025-12-06,9290.38
1670,10908,161,Defective,2023-08-26,22897.29
1671,20560,428,Wrong Item,2024-10-15,13259.37
1672,10397,117,Damaged,2023-04-30,20998.34
1673,1947,462,Missing Parts,2026-10-03,1072.54
1674,22251,413,Damaged,2026-04-14,24159.82
1675,3491,678,Damaged,2025-04-05,3478.17
1676,11684,398,Defective,2023-08-21,11726.43
1677,704,465,Changed Mind,2025-06-14,17208.39
1678,13926,30,Missing Parts,2025-03-06,19609.56
1679,9838,769,Defective,2024-06-09,950.38
1680,14518,135,Defective,2024-07-16,21289.13
1681,22414,410,Wrong Item,2026-08-09,3820.96
1682,15348,678,Defective,2026-12-25,20369.61
1683,6425,653,Missing Parts,2025-04-13,11231.52
1684,18787,224,Defective,2025-01-16,20019.66
1685,12005,561,Missing Parts,2024-10-29,4901.61
1686,11777,491,Missing Parts,2026-09-04,23033.37
1687,12067,804,Late Delivery,2023-03-25,16246.53
1688,16855,835,Defective,2026-10-18,21320.74
1689,16526,984,Wrong Item,2023-09-10,22515.54
1690,20123,364,Wrong Item,2026-05-11,16632.59
1691,14506,857,Damaged,2024-08-14,22519.7
1692,18828,764,Missing Parts,2024-11-21,17456.29
1693,10962,324,Missing Parts,2024-08-30,8602.94
1694,8504,169,Changed Mind,2024-06-12,17681.94
1695,24638,351,Late Delivery,2024-06-28,1684.41
1696,12898,8,Defective,2025-06-17,8749.88
1697,21645,191,Late Delivery,2023-03-06,24045.13
1698,9015,700,Wrong Item,2025-06-21,22359.15
1699,15858,338,Damaged,2026-11-20,4071.0
1700,1166,103,Damaged,2025-02-05,11156.05
1701,17375,372,Missing Parts,2024-09-10,17345.84
1702,1393,245,Wrong Item,2023-07-30,9037.74
1703,3161,179,Missing Parts,2025-03-01,16307.81
1704,9723,173,Late Delivery,2025-04-16,14281.95
1705,7553,490,Late Delivery,2025-01-25,23993.34
1706,3436,889,Changed Mind,2027-01-11,14699.89
1707,23686,930,Defective,2026-04-10,13278.6
1708,6394,693,Damaged,2026-06-11,11700.88
1709,16511,391,Late Delivery,2025-05-23,6005.46
1710,4426,517,Defective,2024-01-15,17785.96
1711,6041,475,Defective,2025-06-13,13341.1
1712,2786,130,Late Delivery,2024-07-13,7201.57
1713,8994,239,Changed Mind,2025-07-22,17340.9
1714,17104,704,Late Delivery,2026-12-06,5937.57
1715,2625,252,Damaged,2024-02-23,11415.43
1716,15248,592,Defective,2024-05-12,3414.3
1717,1443,202,Wrong Item,2023-07-16,23832.78
1718,11160,270,Defective,2024-06-10,11152.36
1719,6326,653,Missing Parts,2024-08-27,8008.7
1720,2272,409,Changed Mind,2025-11-24,15065.61
1721,21561,800,Wrong Item,2024-10-31,20602.43
1722,7164,165,Late Delivery,2025-05-16,22268.37
1723,20843,591,Missing Parts,2023-06-13,11622.67
1724,14388,170,Damaged,2026-06-06,19316.09
1725,23986,567,Changed Mind,2024-05-27,18168.29
1726,24186,807,Defective,2025-04-03,9193.77
1727,15483,282,Changed Mind,2025-09-13,869.71
1728,19105,837,Wrong Item,2026-03-25,2788.25
1729,15115,605,Damaged,2024-12-03,23643.01
1730,11496,171,Defective,2023-01-17,9778.07
1731,14207,898,Changed Mind,2024-01-17,8108.73
1732,20135,388,Late Delivery,2023-07-04,2135.1
1733,12141,6,Late Delivery,2026-07-04,5514.58
1734,24101,532,Wrong Item,2024-12-20,18501.12
1735,15834,362,Missing Parts,2024-10-09,4820.74
1736,6757,982,Missing Parts,2024-04-28,6070.14
1737,15421,208,Damaged,2024-10-22,2681.92
1738,13897,969,Late Delivery,2026-05-08,3971.31
1739,20431,856,Late Delivery,2023-04-01,6062.48
1740,23978,807,Defective,2025-11-25,22775.95
1741,15998,316,Late Delivery,2025-05-02,5640.52
1742,1399,990,Changed Mind,2023-09-16,11966.91
1743,12589,648,Wrong Item,2025-10-05,7775.22
1744,13393,174,Wrong Item,2024-06-04,7827.0
1745,15483,552,Wrong Item,2025-09-20,9218.01
1746,13785,934,Defective,2023-07-02,2032.55
1747,24049,23,Changed Mind,2025-08-17,3638.7
1748,4178,451,Defective,2024-10-06,21854.84
1749,3071,347,Damaged,2024-04-17,5769.59
1750,17754,425,Late Delivery,2026-11-26,16579.97
1751,5082,327,Missing Parts,2025-09-08,23584.94
1752,14156,657,Defective,2026-09-01,10549.17
1753,851,124,Defective,2024-06-11,6061.13
1754,8520,893,Changed Mind,2026-08-25,2897.31
1755,1598,637,Wrong Item,2025-12-09,18793.39
1756,13064,917,Damaged,2025-12-12,17725.51
1757,9070,329,Late Delivery,2025-11-07,9834.29
1758,23929,375,Missing Parts,2024-04-20,21960.38
1759,11779,612,Defective,2023-05-20,17897.25
1760,12136,80,Damaged,2026-06-15,20883.38
1761,13293,111,Missing Parts,2025-03-11,4186.21
1762,23070,751,Changed Mind,2025-07-04,5437.91
1763,18458,502,Missing Parts,2024-05-14,3028.13
1764,24161,357,Damaged,2024-07-18,3544.38
1765,11965,796,Missing Parts,2026-07-22,12810.65
1766,20768,650,Changed Mind,2026-04-04,19548.29
1767,5505,367,Missing Parts,2025-12-12,11852.32
1768,1914,417,Changed Mind,2023-11-09,6248.79
1769,23131,693,Late Delivery,2024-05-21,22335.36
1770,16932,737,Missing Parts,2023-06-17,4147.41
1771,19334,591,Missing Parts,2023-11-26,3724.05
1772,4196,378,Damaged,2024-01-31,15199.13
1773,20086,719,Missing Parts,2023-12-04,24585.36
1774,14310,658,Damaged,2023-08-03,7787.2
1775,22347,888,Wrong Item,2024-01-28,17759.04
1776,9018,596,Late Delivery,2025-12-27,7605.05
1777,9636,277,Changed Mind,2025-02-28,16893.92
1778,4729,916,Wrong Item,2023-10-21,937.24
1779,14599,622,Defective,2024-07-21,20661.02
1780,19509,977,Missing Parts,2025-09-16,18107.5
1781,20310,453,Late Delivery,2025-09-08,7521.53
1782,12003,36,Missing Parts,2026-01-02,10338.66
1783,6331,143,Missing Parts,2023-07-25,13061.88
1784,21597,618,Wrong Item,2024-03-07,16042.36
1785,8,745,Missing Parts,2023-07-18,23464.69
1786,15404,221,Damaged,2023-09-10,3401.07
1787,20386,53,Missing Parts,2024-12-08,21870.93
1788,2762,695,Changed Mind,2026-02-18,8577.19
1789,23151,8,Wrong Item,2025-05-30,23992.19
1790,835,577,Changed Mind,2025-10-27,5401.53
1791,24902,604,Defective,2024-12-20,23154.89
1792,8533,233,Changed Mind,2024-11-28,5090.14
1793,12353,145,Changed Mind,2023-06-28,9754.96
1794,23239,61,Changed Mind,2026-05-19,8143.81
1795,15523,316,Defective,2026-12-17,20338.33
1796,4590,167,Wrong Item,2026-12-22,13952.58
1797,20432,426,Changed Mind,2027-01-02,21363.88
1798,17237,957,Changed Mind,2026-07-16,17859.72
1799,20666,130,Missing Parts,2024-05-26,6351.62
1800,14080,941,Defective,2025-07-03,3985.99
1801,308,211,Defective,2025-05-12,24852.71
1802,20420,857,Missing Parts,2025-07-08,22402.4
1803,20399,161,Defective,2026-09-24,2353.6
1804,20307,306,Damaged,2024-07-24,1549.97
1805,17379,336,Changed Mind,2024-11-11,17936.43
1806,2840,474,Damaged,2025-10-19,11116.93
1807,14581,857,Missing Parts,2026-08-07,24597.3
1808,9601,752,Late Delivery,2023-07-12,16137.13
1809,6887,514,Wrong Item,2024-09-09,7730.33
1810,14990,314,Wrong Item,2025-06-29,24141.09
1811,13981,188,Wrong Item,2026-03-10,21608.47
1812,4491,306,Missing Parts,2026-10-17,8158.91
1813,7677,255,Defective,2023-01-19,4426.56
1814,21388,515,Missing Parts,2025-04-06,16690.53
1815,14054,531,Defective,2025-12-22,6291.47
1816,799,19,Wrong Item,2025-08-30,10644.19
1817,9226,843,Changed Mind,2024-05-29,12873.39
1818,3897,147,Wrong Item,2026-08-13,5358.41
1819,15169,417,Damaged,2025-09-02,12801.95
1820,9807,903,Wrong Item,2026-10-05,4509.23
1821,8723,169,Late Delivery,2026-10-08,17369.07
1822,1611,499,Damaged,2024-03-01,1061.58
1823,8022,453,Changed Mind,2024-01-23,24519.39
1824,10031,189,Damaged,2026-09-01,14605.28
1825,19631,997,Late Delivery,2025-06-18,23646.9
1826,21249,952,Wrong Item,2025-06-18,1285.27
1827,1513,230,Late Delivery,2025-07-21,18440.87
1828,3847,635,Changed Mind,2026-10-07,9877.62
1829,17207,574,Wrong Item,2025-08-13,18332.55
1830,19777,70,Wrong Item,2025-07-30,1615.77
1831,14969,409,Wrong Item,2025-12-18,18840.7
1832,1076,533,Wrong Item,2026-08-05,3473.15
1833,2266,70,Late Delivery,2026-02-17,2229.84
1834,14197,522,Wrong Item,2023-02-26,17761.86
1835,10341,246,Late Delivery,2026-07-25,18200.12
1836,15573,6,Wrong Item,2024-07-06,2669.13
1837,1314,324,Late Delivery,2024-09-02,23941.88
1838,3097,916,Changed Mind,2026-11-14,17519.96
1839,10690,436,Late Delivery,2024-09-18,22625.28
1840,21300,921,Defective,2023-09-15,1858.8
1841,23206,814,Missing Parts,2024-05-11,20690.16
1842,10622,651,Missing Parts,2024-10-20,3762.82
1843,15825,645,Defective,2024-11-08,15941.98
1844,10151,841,Missing Parts,2023-06-08,15711.41
1845,834,426,Wrong Item,2025-08-11,2667.14
1846,10423,955,Damaged,2026-02-15,10738.39
1847,17160,437,Damaged,2023-12-09,6654.27
1848,17677,409,Defective,2026-10-29,15209.62
1849,4194,977,Wrong Item,2026-04-28,1233.12
1850,16641,550,Missing Parts,2024-04-05,16405.99
1851,2830,401,Missing Parts,2023-08-01,18808.06
1852,17408,228,Wrong Item,2023-06-16,15671.43
1853,20585,310,Damaged,2023-03-08,6121.77
1854,17442,238,Missing Parts,2023-03-26,14426.71
1855,8968,1000,Missing Parts,2024-06-06,22284.03
1856,2696,990,Late Delivery,2024-01-29,4201.14
1857,16431,229,Damaged,2026-08-08,15674.54
1858,4442,528,Defective,2024-05-03,18087.33
1859,9352,972,Changed Mind,2026-09-12,20146.83
1860,3403,506,Wrong Item,2025-10-27,1261.11
1861,828,749,Missing Parts,2023-01-19,12952.55
1862,11500,936,Late Delivery,2025-06-13,16788.93
1863,22939,478,Missing Parts,2025-09-16,5263.19
1864,4607,387,Late Delivery,2024-11-07,15831.75
1865,13777,290,Defective,2026-09-16,18199.77
1866,12305,772,Damaged,2025-08-27,20934.28
1867,24452,958,Changed Mind,2025-05-19,2761.66
1868,24399,10,Wrong Item,2025-04-12,19616.72
1869,15143,552,Wrong Item,2025-06-24,16532.64
1870,9597,879,Late Delivery,2026-09-16,4134.1
1871,9490,262,Wrong Item,2024-02-25,20939.3
1872,16135,410,Damaged,2023-09-10,14307.78
1873,19722,173,Late Delivery,2025-10-24,20265.25
1874,4456,155,Late Delivery,2026-04-27,9323.59
1875,8199,625,Defective,2026-01-23,12591.33
1876,15489,785,Wrong Item,2025-09-16,12539.19
1877,6880,843,Late Delivery,2026-12-18,15787.92
1878,2490,851,Damaged,2027-01-03,172.65
1879,24111,195,Changed Mind,2025-12-20,23377.86
1880,6883,909,Damaged,2023-04-22,21662.42
1881,12309,539,Defective,2023-10-05,14105.13
1882,1941,421,Late Delivery,2023-06-19,1213.05
1883,4681,342,Changed Mind,2026-01-12,17237.44
1884,1444,82,Wrong Item,2026-09-11,18069.89
1885,18363,636,Late Delivery,2025-01-14,5554.95
1886,8854,48,Damaged,2026-08-09,1812.18
1887,4754,235,Damaged,2023-09-11,24334.57
1888,12763,279,Missing Parts,2025-12-27,21952.61
1889,8448,659,Changed Mind,2023-09-20,21782.73
1890,9408,972,Late Delivery,2024-07-05,1139.32
1891,507,782,Wrong Item,2024-02-12,17852.38
1892,20620,797,Damaged,2026-11-12,13220.39
1893,20077,954,Missing Parts,2024-03-26,3487.52
1894,3217,978,Late Delivery,2026-12-02,20373.19
1895,24472,389,Late Delivery,2026-12-22,14319.53
1896,23748,839,Changed Mind,2024-02-22,19140.37
1897,23308,576,Damaged,2026-06-19,1512.99
1898,16869,844,Damaged,2023-09-24,2535.75
1899,945,729,Defective,2024-03-29,11984.55
1900,17185,164,Missing Parts,2026-06-05,23258.42
1901,15983,302,Late Delivery,2026-06-28,3182.88
1902,22882,180,Damaged,2025-03-15,17446.09
1903,17691,476,Late Delivery,2025-12-19,1875.73
1904,4902,750,Changed Mind,2024-10-16,13484.97
1905,22228,732,Damaged,2023-09-05,8521.6
1906,863,702,Late Delivery,2026-01-03,6483.22
1907,18941,90,Changed Mind,2025-04-25,18459.21
1908,15290,724,Damaged,2025-09-10,18469.27
1909,21954,140,Damaged,2023-10-15,10354.62
1910,16272,635,Missing Parts,2026-06-30,6145.32
1911,9970,35,Defective,2026-01-08,13077.8
1912,17879,14,Changed Mind,2026-06-14,24989.37
1913,2923,37,Damaged,2023-06-04,19011.54
1914,23959,473,Missing Parts,2023-07-18,2312.68
1915,24652,221,Damaged,2025-04-27,3038.84
1916,17108,559,Damaged,2024-11-20,583.79
1917,737,292,Defective,2026-04-07,952.72
1918,22068,652,Late Delivery,2023-03-03,9181.99
1919,19735,79,Late Delivery,2026-10-05,13250.07
1920,551,750,Changed Mind,2026-02-26,4711.9
1921,13515,598,Changed Mind,2023-01-23,11751.05
1922,19655,162,Missing Parts,2023-08-19,15448.33
1923,6476,486,Late Delivery,2024-01-01,11464.54
1924,6534,862,Changed Mind,2025-06-27,21144.48
1925,22524,250,Defective,2026-02-25,9493.51
1926,10883,948,Changed Mind,2023-04-14,15624.43
1927,23873,424,Changed Mind,2025-07-11,10873.68
1928,1460,896,Late Delivery,2024-04-08,15031.26
1929,14719,628,Damaged,2023-11-29,3765.09
1930,19581,370,Late Delivery,2024-08-05,6781.37
1931,19993,116,Changed Mind,2025-12-03,20713.99
1932,867,872,Damaged,2023-03-19,8349.83
1933,11721,110,Damaged,2026-12-11,16564.86
1934,3410,717,Missing Parts,2025-07-16,4706.25
1935,7071,193,Missing Parts,2025-05-30,6379.35
1936,19942,914,Missing Parts,2023-07-09,451.81
1937,15338,857,Changed Mind,2023-07-26,20977.09
1938,24634,889,Damaged,2023-05-16,17896.84
1939,21869,626,Changed Mind,2025-05-11,19679.89
1940,21113,465,Damaged,2023-12-23,17278.68
1941,12831,960,Late Delivery,2024-06-03,16364.57
1942,144,450,Wrong Item,2024-10-27,9224.2
1943,15832,236,Missing Parts,2025-03-30,20246.25
1944,22130,392,Wrong Item,2026-10-23,4816.8
1945,14215,301,Defective,2025-06-05,12732.22
1946,22547,534,Damaged,2025-02-19,13157.92
1947,16562,497,Missing Parts,2023-04-06,6121.21
1948,6990,839,Changed Mind,2025-11-05,14232.99
1949,6465,319,Damaged,2024-07-21,14619.44
1950,5932,938,Changed Mind,2026-07-31,3489.36
1951,22743,187,Changed Mind,2023-10-20,23324.11
1952,18682,928,Missing Parts,2024-03-24,7624.37
1953,343,280,Changed Mind,2026-03-12,24969.05
1954,2521,577,Wrong Item,2023-09-26,14403.13
1955,10346,506,Defective,2026-11-10,1086.68
1956,22439,587,Changed Mind,2024-01-30,4311.59
1957,111,251,Changed Mind,2026-05-10,14235.24
1958,21074,942,Late Delivery,2023-12-09,19107.42
1959,23544,130,Damaged,2024-10-22,3967.1
1960,14188,609,Damaged,2025-01-13,15385.43
1961,20651,448,Changed Mind,2025-07-31,6629.44
1962,15253,599,Wrong Item,2024-08-17,12680.68
1963,5265,135,Missing Parts,2024-02-09,24646.92
1964,7456,43,Missing Parts,2023-07-22,6666.39
1965,535,490,Damaged,2026-10-20,20480.59
1966,6675,866,Defective,2024-07-15,22036.53
1967,2938,387,Wrong Item,2023-02-10,2092.74
1968,14147,69,Late Delivery,2025-11-14,19998.88
1969,12746,706,Late Delivery,2024-01-30,8098.3
1970,24027,912,Changed Mind,2025-08-14,8095.72
1971,4059,991,Changed Mind,2026-02-14,22363.84
1972,3564,527,Wrong Item,2023-10-28,5977.46
1973,3614,411,Wrong Item,2024-09-23,19814.87
1974,24750,306,Damaged,2023-06-18,3894.05
1975,7591,135,Wrong Item,2025-02-08,5779.09
1976,592,963,Late Delivery,2026-02-22,2918.28
1977,2783,935,Missing Parts,2025-09-18,9258.4
1978,15728,141,Missing Parts,2026-04-12,21473.52
1979,806,657,Missing Parts,2023-08-29,22686.24
1980,4179,13,Missing Parts,2024-12-30,17075.52
1981,14290,766,Damaged,2025-03-06,4493.13
1982,20647,571,Late Delivery,2025-04-04,1531.3
1983,7372,880,Wrong Item,2026-06-25,12953.92
1984,13713,22,Missing Parts,2026-07-14,14161.93
1985,4658,161,Changed Mind,2026-07-31,14469.77
1986,9270,736,Missing Parts,2026-11-07,18549.92
1987,20273,554,Missing Parts,2024-08-02,20103.2
1988,24809,527,Changed Mind,2025-03-16,19095.74
1989,12787,526,Wrong Item,2026-10-07,7742.73
1990,7326,662,Changed Mind,2026-03-06,24803.54
1991,13762,323,Damaged,2023-12-25,13917.63
1992,23709,882,Late Delivery,2023-09-30,8761.13
1993,12973,234,Defective,2026-05-20,4213.36
1994,10605,623,Wrong Item,2025-10-12,23753.77
1995,21634,751,Changed Mind,2024-06-10,8920.44
1996,14287,954,Wrong Item,2026-11-23,15661.7
1997,8252,426,Missing Parts,2023-01-13,6578.01
1998,13430,228,Damaged,2025-04-14,11672.27
1999,8349,22,Damaged,2023-08-08,5265.56
2000,15387,620,Damaged,2023-02-19,6517.74
2001,1305,24,Damaged,2026-07-15,9416.18
2002,1079,976,Defective,2024-08-14,18587.2
2003,11419,61,Defective,2024-07-10,23414.6
2004,1471,230,Damaged,2023-08-01,239.36
2005,9119,973,Missing Parts,2025-01-20,20414.11
2006,6814,587,Defective,2024-04-11,24394.47
2007,10067,739,Defective,2026-12-18,20147.93
2008,24680,924,Defective,2023-11-26,13545.71
2009,15046,161,Damaged,2025-11-26,6422.88
2010,8507,100,Wrong Item,2025-06-07,11968.5
2011,15710,753,Defective,2024-07-26,18526.73
2012,12270,529,Defective,2024-07-31,5947.76
2013,9273,293,Missing Parts,2023-12-05,19766.19
2014,19380,412,Damaged,2024-04-07,3476.87
2015,5926,182,Late Delivery,2023-12-18,23766.0
2016,15779,979,Late Delivery,2025-12-01,21426.58
2017,11765,32,Missing Parts,2026-05-29,11559.32
2018,15697,997,Changed Mind,2026-10-06,19390.03
2019,20909,407,Missing Parts,2024-02-10,6060.74
2020,20305,518,Wrong Item,2025-10-25,5463.8
2021,22507,997,Damaged,2026-11-02,19282.71
2022,15098,917,Changed Mind,2023-07-06,2434.4
2023,7444,544,Late Delivery,2025-12-03,8880.52
2024,7257,264,Damaged,2024-11-12,8851.01
2025,997,512,Defective,2025-06-14,19515.72
2026,15082,781,Missing Parts,2023-12-26,4474.67
2027,23069,988,Late Delivery,2025-12-26,11386.42
2028,15416,105,Defective,2026-01-17,8167.71
2029,12228,485,Changed Mind,2023-10-29,1656.16
2030,19026,522,Defective,2023-02-07,5778.63
2031,346,691,Missing Parts,2026-05-08,3558.29
2032,7467,491,Damaged,2026-12-24,8879.19
2033,21346,3,Wrong Item,2023-12-05,12620.35
2034,7268,66,Changed Mind,2023-02-18,11647.42
2035,5769,506,Missing Parts,2023-03-13,6274.19
2036,3999,906,Damaged,2024-10-08,23730.53
2037,20277,547,Defective,2024-03-06,104.43
2038,8794,8,Missing Parts,2025-10-29,17934.26
2039,19394,716,Wrong Item,2024-03-17,11193.61
2040,6537,124,Changed Mind,2026-10-09,437.47
2041,9131,705,Missing Parts,2024-10-16,23689.33
2042,2854,627,Missing Parts,2024-04-21,17838.67
2043,7488,76,Defective,2024-02-15,18488.34
2044,8389,806,Damaged,2024-01-09,12366.97
2045,12072,747,Missing Parts,2025-07-10,14408.23
2046,12124,492,Defective,2026-01-18,14240.78
2047,19988,342,Missing Parts,2024-04-16,22607.65
2048,5425,419,Missing Parts,2023-04-04,7223.03
2049,6802,271,Wrong Item,2023-12-24,13651.95
2050,13421,481,Damaged,2024-07-12,15720.08
2051,10683,22,Wrong Item,2026-05-11,14566.21
2052,17520,41,Damaged,2025-04-24,198.81
2053,1865,756,Defective,2026-10-23,9393.71
2054,10965,738,Wrong Item,2024-12-14,1491.61
2055,11760,372,Wrong Item,2025-05-07,17733.83
2056,5644,921,Defective,2026-06-16,21763.59
2057,755,79,Wrong Item,2026-05-25,16521.84
2058,5629,529,Late Delivery,2023-03-31,5620.18
2059,24761,862,Late Delivery,2026-01-26,14031.16
2060,16693,632,Changed Mind,2025-08-23,11455.72
2061,23302,422,Missing Parts,2025-01-27,16936.11
2062,13882,387,Defective,2026-06-06,24199.65
2063,2459,857,Late Delivery,2023-01-15,9915.9
2064,13661,46,Wrong Item,2024-05-20,1486.64
2065,4458,507,Missing Parts,2024-05-05,14449.05
2066,22041,918,Defective,2024-11-17,5152.34
2067,9473,165,Wrong Item,2025-11-16,14863.13
2068,15494,421,Damaged,2025-08-05,12055.03
2069,11979,598,Changed Mind,2026-04-01,9350.23
2070,21912,62,Missing Parts,2024-05-27,12880.44
2071,14104,109,Damaged,2026-09-18,19912.09
2072,5918,269,Wrong Item,2025-02-06,19791.21
2073,15686,758,Wrong Item,2023-07-31,24715.12
2074,19688,854,Wrong Item,2025-08-01,13500.24
2075,7392,440,Defective,2026-11-22,17142.58
2076,7039,240,Changed Mind,2023-04-21,4469.35
2077,21959,971,Late Delivery,2026-05-12,22653.39
2078,13999,88,Damaged,2026-04-22,2027.81
2079,679,947,Damaged,2026-02-20,14643.13
2080,17517,662,Wrong Item,2026-06-27,2028.78
2081,14791,10,Wrong Item,2026-04-01,14434.12
2082,265,373,Wrong Item,2025-08-10,24589.01
2083,10964,93,Changed Mind,2024-08-13,5778.2
2084,8308,833,Late Delivery,2026-10-26,11145.57
2085,21725,481,Damaged,2025-12-10,2312.85
2086,21271,87,Changed Mind,2024-07-17,3215.66
2087,10736,633,Defective,2025-02-22,7904.8
2088,9773,414,Damaged,2025-01-09,5837.51
2089,171,494,Wrong Item,2025-01-30,14594.64
2090,11667,880,Wrong Item,2025-10-09,9870.67
2091,5534,576,Changed Mind,2024-10-06,23553.35
2092,333,506,Late Delivery,2023-03-04,22188.93
2093,10106,443,Wrong Item,2026-04-07,23130.73
2094,10524,607,Changed Mind,2026-06-04,15638.28
2095,16593,633,Late Delivery,2023-01-19,8489.58
2096,21793,300,Missing Parts,2025-07-24,11541.79
2097,23023,319,Defective,2025-07-30,1013.13
2098,15235,907,Changed Mind,2025-05-07,19800.24
2099,15701,213,Changed Mind,2023-03-14,12352.37
2100,19243,639,Late Delivery,2023-05-24,22231.16
2101,8606,803,Defective,2026-07-25,24678.34
2102,4668,84,Missing Parts,2024-05-13,1048.27
2103,5070,881,Damaged,2025-01-17,6686.99
2104,14223,837,Defective,2026-09-21,14612.4
2105,16015,851,Changed Mind,2024-04-26,8085.13
2106,21962,502,Late Delivery,2023-08-04,23008.34
2107,13917,30,Changed Mind,2023-07-04,22814.7
2108,6114,240,Damaged,2023-08-12,16555.55
2109,1945,264,Damaged,2025-06-26,22293.99
2110,1555,523,Damaged,2023-02-02,4882.46
2111,7938,837,Wrong Item,2026-02-01,2408.71
2112,12131,475,Defective,2025-09-06,7314.74
2113,15774,569,Wrong Item,2025-11-03,11028.47
2114,23710,674,Damaged,2023-08-10,4370.86
2115,8117,11,Late Delivery,2023-05-26,3380.56
2116,6002,8,Missing Parts,2024-03-27,11905.18
2117,1325,814,Damaged,2023-02-15,14943.46
2118,13437,553,Missing Parts,2024-04-06,1906.09
2119,13889,473,Late Delivery,2025-10-07,11905.14
2120,22885,309,Defective,2024-09-18,19079.44
2121,20589,375,Missing Parts,2024-04-27,23713.58
2122,720,503,Late Delivery,2026-08-11,13034.52
2123,5925,969,Defective,2026-01-25,20236.2
2124,20154,844,Late Delivery,2025-03-04,17867.54
2125,22045,525,Wrong Item,2026-06-07,3977.86
2126,13384,784,Defective,2026-07-05,19459.29
2127,11559,921,Late Delivery,2026-03-14,17395.14
2128,22233,437,Defective,2024-05-06,2283.09
2129,24194,745,Missing Parts,2024-08-12,23927.24
2130,4280,597,Defective,2025-09-08,9201.78
2131,14224,874,Changed Mind,2024-06-11,14487.38
2132,22249,398,Damaged,2026-09-19,11398.32
2133,24462,369,Wrong Item,2024-11-18,17033.25
2134,14667,194,Damaged,2026-02-13,18744.2
2135,8971,907,Damaged,2023-07-24,19111.54
2136,16110,972,Missing Parts,2025-05-24,11833.39
2137,10936,661,Late Delivery,2023-10-11,19894.93
2138,10763,80,Defective,2025-10-13,19258.31
2139,14335,365,Damaged,2024-11-20,9038.43
2140,1508,623,Defective,2026-09-17,6044.28
2141,18803,24,Defective,2026-07-30,16439.0
2142,15237,236,Wrong Item,2024-04-04,17639.74
2143,582,551,Damaged,2026-10-05,7618.7
2144,20453,232,Late Delivery,2026-05-26,21699.29
2145,10,148,Missing Parts,2024-11-13,17528.94
2146,24764,225,Damaged,2024-03-17,2219.3
2147,7119,959,Defective,2025-06-05,7624.8
2148,7149,950,Wrong Item,2025-08-07,19726.79
2149,5869,980,Wrong Item,2023-02-24,13374.92
2150,12078,984,Defective,2023-01-28,9387.86
2151,14943,659,Missing Parts,2025-06-27,6191.08
2152,5743,939,Damaged,2025-03-20,1185.0
2153,3399,117,Defective,2025-03-17,14287.67
2154,12502,517,Changed Mind,2026-10-16,9665.64
2155,10055,600,Changed Mind,2026-04-05,22172.42
2156,17346,549,Damaged,2026-03-22,11103.06
2157,17887,278,Damaged,2026-04-07,1844.75
2158,21243,614,Wrong Item,2025-06-21,6724.12
2159,15461,951,Wrong Item,2023-11-24,18333.23
2160,4555,560,Defective,2023-10-01,23431.61
2161,19352,105,Late Delivery,2026-08-23,9170.04
2162,12475,388,Late Delivery,2023-08-03,1410.27
2163,23735,572,Changed Mind,2023-03-12,24698.75
2164,14108,881,Wrong Item,2024-12-04,13266.91
2165,7170,369,Damaged,2025-09-04,16824.38
2166,14560,412,Defective,2024-06-02,8702.83
2167,5176,438,Changed Mind,2026-07-18,6149.24
2168,973,88,Late Delivery,2024-12-25,24631.38
2169,14847,185,Changed Mind,2026-09-05,16737.36
2170,3041,364,Changed Mind,2025-04-26,9817.71
2171,7334,515,Damaged,2024-05-16,2741.7
2172,18080,136,Late Delivery,2026-10-08,20801.85
2173,19874,584,Late Delivery,2025-08-22,20121.03
2174,21906,950,Missing Parts,2026-03-25,1787.44
2175,8049,234,Defective,2026-09-02,8589.7
2176,8326,753,Late Delivery,2025-01-13,22519.09
2177,10675,178,Defective,2023-11-19,4723.96
2178,8301,101,Damaged,2025-06-02,7115.45
2179,14566,487,Missing Parts,2026-12-21,3458.74
2180,24237,313,Defective,2025-11-30,6067.88
2181,9760,640,Defective,2025-11-09,22272.18
2182,19714,795,Missing Parts,2023-08-13,21663.32
2183,4077,163,Defective,2026-06-26,11372.84
2184,21098,393,Missing Parts,2024-10-20,21391.86
2185,23140,667,Defective,2025-12-16,13934.18
2186,9950,570,Damaged,2026-11-15,16908.75
2187,17666,151,Defective,2026-09-03,22614.99
2188,2097,586,Defective,2026-02-22,19121.89
2189,6143,839,Damaged,2025-11-23,7846.08
2190,7692,559,Damaged,2023-07-14,22413.8
2191,2799,7,Damaged,2024-02-19,1190.76
2192,12453,821,Defective,2026-06-16,14735.85
2193,663,965,Defective,2023-10-15,12266.92
2194,9464,868,Late Delivery,2024-08-29,11396.47
2195,12675,758,Missing Parts,2023-04-16,2933.49
2196,12613,995,Damaged,2025-06-15,5012.73
2197,4579,878,Damaged,2024-04-21,6889.94
2198,24518,761,Late Delivery,2026-01-08,16463.56
2199,3618,726,Changed Mind,2023-02-25,21934.33
2200,22780,154,Damaged,2026-03-04,7133.85
2201,11757,197,Late Delivery,2026-12-26,11404.99
2202,13047,230,Missing Parts,2024-05-18,13997.59
2203,3357,106,Defective,2026-09-23,5934.18
2204,2186,594,Late Delivery,2025-12-15,12481.4
2205,4160,588,Damaged,2026-03-28,7301.42
2206,22711,671,Wrong Item,2024-09-08,20509.51
2207,7621,831,Missing Parts,2024-05-03,316.6
2208,23595,253,Missing Parts,2023-12-28,6839.79
2209,5580,322,Damaged,2026-07-09,4643.19
2210,15914,87,Damaged,2025-07-10,7966.12
2211,8395,950,Damaged,2024-09-18,12628.84
2212,17170,852,Changed Mind,2026-07-11,18873.85
2213,23378,857,Missing Parts,2024-04-09,2965.57
2214,10747,127,Missing Parts,2023-01-13,22689.15
2215,16574,438,Late Delivery,2023-02-24,18443.03
2216,3134,303,Wrong Item,2024-10-05,8614.08
2217,4279,716,Missing Parts,2026-05-08,4084.03
2218,983,701,Defective,2024-10-10,20421.37
2219,18125,983,Late Delivery,2023-07-06,23987.47
2220,22473,27,Missing Parts,2026-10-20,15277.03
2221,11661,801,Defective,2024-12-22,15543.51
2222,15224,420,Missing Parts,2024-10-08,9795.76
2223,20525,931,Late Delivery,2023-10-19,419.75
2224,1974,592,Late Delivery,2026-08-07,301.96
2225,15539,682,Missing Parts,2026-05-31,3498.89
2226,14420,410,Late Delivery,2024-05-01,22815.1
2227,14579,935,Defective,2025-12-16,2606.62
2228,16926,288,Wrong Item,2026-07-06,24223.7
2229,14742,545,Missing Parts,2023-12-17,13349.42
2230,3244,937,Changed Mind,2025-12-09,15742.18
2231,19208,182,Damaged,2023-03-28,3874.09
2232,18273,555,Late Delivery,2025-03-20,4197.27
2233,3559,626,Wrong Item,2025-02-14,1914.56
2234,18452,542,Missing Parts,2025-08-10,9109.59
2235,5651,512,Damaged,2025-09-23,11008.19
2236,4116,361,Defective,2026-03-02,20081.68
2237,11909,522,Damaged,2024-04-08,13651.03
2238,12277,426,Defective,2025-05-21,20198.14
2239,1964,238,Wrong Item,2025-07-02,12730.43
2240,21567,875,Late Delivery,2023-09-24,6580.44
2241,7514,482,Late Delivery,2024-05-24,18012.11
2242,6465,184,Defective,2024-07-19,24078.63
2243,16604,795,Changed Mind,2024-09-19,22181.56
2244,4313,86,Wrong Item,2024-04-21,24597.69
2245,11740,23,Wrong Item,2026-08-06,1602.72
2246,6827,203,Defective,2024-07-07,13594.97
2247,14413,193,Late Delivery,2024-03-30,996.68
2248,907,276,Defective,2026-07-07,1192.29
2249,2417,92,Changed Mind,2023-11-05,16598.68
2250,18868,218,Wrong Item,2024-12-04,3940.2
2251,13460,444,Late Delivery,2024-04-05,3508.22
2252,17246,605,Damaged,2023-02-19,2824.42
2253,5385,689,Missing Parts,2025-07-11,23935.7
2254,17310,539,Missing Parts,2024-02-08,1964.05
2255,16032,964,Late Delivery,2026-07-31,19281.74
2256,20849,448,Changed Mind,2023-05-09,10215.81
2257,14728,86,Damaged,2026-08-31,18460.58
2258,7137,982,Wrong Item,2023-06-15,12827.51
2259,23308,18,Defective,2026-06-02,16922.29
2260,7467,124,Missing Parts,2026-12-27,15129.4
2261,14700,255,Changed Mind,2024-03-07,656.21
2262,21584,211,Missing Parts,2023-10-08,20539.35
2263,22928,708,Wrong Item,2026-11-28,11007.83
2264,23353,850,Wrong Item,2023-07-03,16300.89
2265,6505,779,Changed Mind,2023-10-14,10000.55
2266,13220,759,Missing Parts,2023-06-13,17357.8
2267,6393,296,Late Delivery,2023-02-15,24756.35
2268,1754,748,Damaged,2025-02-15,11759.57
2269,18834,861,Changed Mind,2026-12-11,1376.27
2270,18633,908,Wrong Item,2024-09-02,8782.1
2271,8697,240,Changed Mind,2025-03-05,9766.08
2272,16490,28,Missing Parts,2024-10-24,19232.18
2273,18999,858,Late Delivery,2023-05-26,18717.37
2274,23427,20,Late Delivery,2025-07-16,7738.71
2275,19637,95,Late Delivery,2024-11-25,9806.61
2276,10341,115,Wrong Item,2026-07-19,19567.11
2277,19676,478,Missing Parts,2025-03-16,2983.55
2278,20116,950,Defective,2023-10-16,14909.36
2279,3030,603,Late Delivery,2024-03-09,3037.33
2280,4812,813,Damaged,2023-03-05,1874.94
2281,3668,634,Missing Parts,2026-10-08,7379.58
2282,9034,976,Late Delivery,2023-05-24,9020.54
2283,2057,220,Defective,2024-08-13,13988.21
2284,6097,194,Late Delivery,2026-03-16,21239.49
2285,5658,68,Changed Mind,2025-04-03,7698.51
2286,4658,172,Damaged,2026-08-04,17872.15
2287,9586,922,Late Delivery,2025-12-15,5483.31
2288,17115,809,Late Delivery,2026-11-26,21915.94
2289,7059,976,Late Delivery,2026-04-11,23927.37
2290,11523,242,Defective,2023-01-17,18661.17
2291,5227,210,Wrong Item,2026-09-04,9201.83
2292,1885,856,Missing Parts,2026-08-08,9296.52
2293,1547,740,Defective,2026-10-19,24063.08
2294,16967,548,Damaged,2025-06-21,11715.88
2295,22812,108,Missing Parts,2024-01-28,12024.2
2296,6842,411,Defective,2026-04-07,10229.48
2297,10223,2,Missing Parts,2024-01-30,19936.4
2298,14768,385,Missing Parts,2026-05-16,6010.58
2299,17236,266,Wrong Item,2024-01-26,8286.1
2300,515,164,Wrong Item,2023-04-12,8213.09
2301,14560,36,Missing Parts,2024-06-07,856.01
2302,18220,893,Defective,2026-10-30,8481.53
2303,5450,315,Missing Parts,2025-03-21,8606.46
2304,18835,491,Late Delivery,2023-02-27,10850.72
2305,9395,971,Damaged,2026-09-30,4889.29
2306,8286,833,Wrong Item,2025-03-28,16186.94
2307,16025,697,Damaged,2025-11-25,22879.48
2308,1945,379,Defective,2025-06-30,5030.88
2309,18525,698,Wrong Item,2026-11-05,23016.5
2310,16576,624,Late Delivery,2026-10-21,2159.78
2311,14365,415,Defective,2026-04-21,9408.07
2312,15195,892,Defective,2026-08-16,2572.67
2313,14620,213,Defective,2023-11-30,19374.9
2314,2385,574,Missing Parts,2023-08-30,3615.41
2315,13841,555,Missing Parts,2025-12-17,5622.42
2316,1190,683,Changed Mind,2023-10-12,7027.28
2317,15562,751,Defective,2027-01-15,5216.4
2318,12876,1,Wrong Item,2026-05-19,3264.25
2319,6840,39,Damaged,2023-01-14,12493.98
2320,712,675,Defective,2023-07-24,17033.31
2321,3174,63,Damaged,2025-08-22,9001.27
2322,2156,39,Missing Parts,2025-03-15,15431.69
2323,23397,884,Late Delivery,2026-05-22,12199.21
2324,2071,419,Defective,2025-06-06,10180.02
2325,5585,812,Wrong Item,2025-03-26,13954.21
2326,19184,165,Wrong Item,2025-12-28,19261.86
2327,1842,322,Damaged,2024-08-24,6251.59
2328,2093,871,Defective,2025-11-24,10399.86
2329,6100,535,Missing Parts,2024-08-14,8945.62
2330,908,813,Defective,2023-05-29,12009.03
2331,2195,179,Missing Parts,2024-08-05,3568.09
2332,12789,141,Defective,2025-08-24,2205.22
2333,20480,553,Wrong Item,2025-12-11,5059.95
2334,21226,338,Damaged,2024-07-20,21069.76
2335,824,20,Changed Mind,2025-09-20,7689.49
2336,11543,59,Wrong Item,2024-11-13,16990.1
2337,12072,740,Wrong Item,2025-07-15,3902.92
2338,4206,814,Wrong Item,2026-05-06,7055.58
2339,10340,289,Missing Parts,2026-03-29,8860.49
2340,20,618,Wrong Item,2026-09-26,9907.7
2341,21230,188,Damaged,2023-04-05,14250.68
2342,10548,957,Late Delivery,2023-11-05,2430.63
2343,440,350,Wrong Item,2024-09-18,15190.16
2344,23552,380,Missing Parts,2023-05-27,6443.37
2345,23871,989,Damaged,2025-09-29,4148.21
2346,18763,411,Damaged,2024-09-26,13581.27
2347,24039,323,Late Delivery,2026-01-08,17487.12
2348,10299,308,Wrong Item,2024-04-05,14263.8
2349,24682,811,Missing Parts,2024-05-11,12985.76
2350,11767,474,Late Delivery,2025-09-07,13525.26
2351,14510,831,Changed Mind,2023-04-13,13519.76
2352,22760,825,Missing Parts,2023-02-09,9852.62
2353,20044,319,Late Delivery,2024-06-02,16942.02
2354,23506,862,Missing Parts,2024-02-27,13393.94
2355,10280,581,Changed Mind,2026-06-25,22899.95
2356,12636,209,Missing Parts,2026-05-22,2063.85
2357,16882,461,Missing Parts,2026-12-01,19799.94
2358,7678,434,Late Delivery,2024-12-05,16728.49
2359,5777,981,Defective,2025-06-01,22893.32
2360,15013,101,Defective,2025-12-13,8364.7
2361,4513,732,Missing Parts,2025-04-15,24976.38
2362,13149,869,Wrong Item,2024-12-01,14736.22
2363,5558,410,Changed Mind,2026-12-21,15773.27
2364,5984,515,Missing Parts,2026-01-16,11167.05
2365,14121,475,Wrong Item,2023-07-13,976.92
2366,22886,744,Damaged,2025-03-25,6166.45
2367,3389,10,Missing Parts,2026-11-12,3678.68
2368,9807,252,Wrong Item,2026-09-20,24590.01
2369,12797,467,Changed Mind,2026-12-10,14984.47
2370,22877,985,Late Delivery,2023-11-01,11468.6
2371,6998,532,Missing Parts,2026-12-03,11752.37
2372,14994,28,Missing Parts,2023-03-27,11338.24
2373,22742,84,Defective,2025-07-17,17997.84
2374,10096,183,Changed Mind,2024-06-10,22468.68
2375,4645,676,Damaged,2025-07-03,24842.83
2376,23668,71,Missing Parts,2026-08-14,5094.1
2377,23534,329,Defective,2023-06-26,12978.89
2378,8442,115,Missing Parts,2025-07-18,22092.17
2379,19771,483,Late Delivery,2024-10-16,16704.53
2380,2725,652,Damaged,2025-04-14,11053.19
2381,19906,992,Defective,2024-03-18,10703.54
2382,21025,94,Wrong Item,2024-12-14,11309.88
2383,15443,572,Damaged,2026-09-17,12753.57
2384,23394,929,Defective,2024-06-11,18446.03
2385,24049,675,Defective,2025-08-06,20188.07
2386,22755,446,Late Delivery,2024-03-06,15203.4
2387,9372,304,Changed Mind,2024-12-09,17965.59
2388,2970,236,Changed Mind,2026-01-05,10768.18
2389,4850,240,Missing Parts,2025-12-07,18344.26
2390,5758,206,Damaged,2024-06-20,1329.04
2391,6951,726,Defective,2024-06-02,13879.16
2392,5883,323,Defective,2026-06-11,7695.52
2393,6554,994,Missing Parts,2026-01-29,12539.36
2394,20468,389,Damaged,2024-11-18,5507.16
2395,18749,646,Defective,2026-11-03,17958.7
2396,22576,939,Missing Parts,2026-05-07,3297.94
2397,21747,814,Damaged,2023-11-19,8097.4
2398,11023,847,Missing Parts,2023-11-26,16028.07
2399,15620,401,Missing Parts,2023-06-03,16463.33
2400,21444,251,Missing Parts,2023-10-15,9350.16
2401,5560,552,Damaged,2026-05-01,5799.32
2402,15720,688,Changed Mind,2024-05-29,8767.46
2403,22894,973,Changed Mind,2025-09-28,10359.6
2404,664,837,Late Delivery,2024-08-16,19878.97
2405,6229,732,Changed Mind,2026-05-27,16978.82
2406,18171,683,Defective,2025-12-27,8205.73
2407,21790,919,Damaged,2024-09-30,20986.3
2408,14099,897,Wrong Item,2026-06-25,24186.85
2409,14972,43,Late Delivery,2023-09-30,11836.22
2410,20677,702,Late Delivery,2025-08-01,13737.28
2411,1093,92,Late Delivery,2023-12-01,2433.82
2412,7065,328,Changed Mind,2026-07-25,16931.97
2413,11611,625,Late Delivery,2023-08-03,342.91
2414,21037,202,Defective,2023-03-10,9222.42
2415,1982,335,Defective,2025-01-17,1271.93
2416,1396,31,Late Delivery,2025-11-03,19492.44
2417,5700,622,Damaged,2024-04-17,12567.17
2418,8169,406,Late Delivery,2026-07-12,2253.36
2419,11129,877,Late Delivery,2024-07-06,19700.06
2420,8377,529,Defective,2025-01-10,9273.78
2421,7470,782,Damaged,2023-04-09,18626.92
2422,4368,800,Wrong Item,2024-08-12,16972.79
2423,1161,736,Wrong Item,2025-12-12,20188.59
2424,13521,329,Late Delivery,2023-07-24,1524.3
2425,10076,983,Changed Mind,2025-01-03,12887.35
2426,5497,253,Wrong Item,2023-03-05,22608.89
2427,5480,171,Wrong Item,2025-06-02,17485.26
2428,23668,700,Late Delivery,2026-08-17,7339.77
2429,14382,440,Defective,2023-10-17,6552.08
2430,3496,985,Late Delivery,2025-09-04,13569.26
2431,4363,340,Late Delivery,2023-01-18,2900.88
2432,12482,975,Changed Mind,2023-09-19,14628.81
2433,10985,997,Missing Parts,2024-06-23,3862.93
2434,3117,325,Missing Parts,2023-08-02,23995.93
2435,20360,411,Defective,2024-06-10,11916.74
2436,1697,274,Changed Mind,2023-02-25,22553.51
2437,12212,457,Damaged,2026-05-26,7843.63
2438,19863,585,Damaged,2026-08-04,14069.51
2439,20689,678,Wrong Item,2026-09-05,7923.49
2440,5091,244,Changed Mind,2024-01-22,4032.01
2441,16845,682,Defective,2023-03-16,6557.28
2442,20535,680,Wrong Item,2023-11-07,9588.7
2443,2670,877,Defective,2026-01-24,13239.46
2444,4128,748,Wrong Item,2023-07-06,2788.38
2445,12348,993,Changed Mind,2026-04-09,12101.09
2446,17506,199,Missing Parts,2026-03-05,20531.58
2447,13980,396,Missing Parts,2025-05-20,24796.03
2448,23608,894,Defective,2023-06-28,9402.96
2449,18985,890,Damaged,2026-07-18,6386.91
2450,24045,918,Missing Parts,2023-07-09,6818.08
2451,3097,263,Late Delivery,2026-11-14,24775.2
2452,22783,403,Defective,2026-10-29,7854.84
2453,13237,978,Late Delivery,2023-05-25,4269.05
2454,1894,697,Damaged,2025-08-12,18961.07
2455,18106,156,Damaged,2027-01-14,8248.18
2456,529,261,Wrong Item,2024-04-17,5874.76
2457,23696,728,Wrong Item,2023-09-28,14412.3
2458,12569,554,Late Delivery,2023-05-19,11061.16
2459,7564,848,Late Delivery,2025-07-25,13669.77
2460,17905,389,Missing Parts,2023-04-09,3300.29
2461,10687,288,Damaged,2023-12-11,22945.15
2462,20617,241,Wrong Item,2024-01-05,18158.25
2463,20718,297,Late Delivery,2027-01-02,3575.86
2464,20694,493,Damaged,2023-08-12,16106.61
2465,21021,196,Missing Parts,2024-12-16,1570.52
2466,10734,285,Defective,2023-04-30,16168.59
2467,1373,252,Defective,2026-02-13,14349.23
2468,2204,65,Wrong Item,2024-04-19,15675.35
2469,23999,508,Damaged,2026-06-29,15139.73
2470,11682,275,Defective,2026-02-09,3051.61
2471,1999,678,Changed Mind,2025-06-06,11727.28
2472,10018,624,Changed Mind,2026-12-03,12524.29
2473,18753,854,Defective,2024-05-07,22709.47
2474,24705,182,Late Delivery,2023-04-11,16098.34
2475,14717,430,Missing Parts,2024-01-16,9148.1
2476,7458,897,Damaged,2026-01-10,4685.88
2477,1803,529,Wrong Item,2025-01-27,8876.47
2478,15165,728,Missing Parts,2024-06-19,8662.34
2479,1193,362,Wrong Item,2024-08-22,6184.66
2480,5658,374,Changed Mind,2025-04-12,7529.37
2481,14794,276,Changed Mind,2025-03-06,14255.36
2482,3081,394,Wrong Item,2026-06-22,8252.66
2483,20855,788,Missing Parts,2025-02-14,13925.6
2484,11120,707,Defective,2026-06-08,16000.82
2485,5870,991,Wrong Item,2023-01-17,19081.46
2486,19869,819,Defective,2023-10-31,16261.44
2487,21291,672,Changed Mind,2024-08-02,22138.89
2488,8799,446,Missing Parts,2026-02-04,5947.52
2489,1600,62,Late Delivery,2025-09-10,17449.18
2490,7941,407,Missing Parts,2026-10-27,5077.76
2491,20951,94,Damaged,2025-08-18,8974.27
2492,24810,898,Late Delivery,2024-03-07,21687.66
2493,5357,504,Changed Mind,2024-09-18,2067.26
2494,9971,739,Wrong Item,2026-03-03,16952.77
2495,22132,556,Late Delivery,2023-10-29,24495.11
2496,5225,760,Changed Mind,2023-11-12,2188.08
2497,11891,680,Late Delivery,2023-07-01,5209.85
2498,6675,416,Damaged,2024-07-28,24501.38
2499,23603,203,Missing Parts,2026-02-08,24068.23
2500,18338,32,Missing Parts,2024-09-28,6953.93
2501,23876,993,Defective,2026-02-09,9287.8
2502,5554,713,Wrong Item,2025-03-17,14058.08
2503,7741,697,Defective,2025-12-12,15694.24
2504,6513,157,Defective,2026-02-06,10151.23
2505,197,663,Damaged,2025-01-28,10895.93
2506,2077,820,Damaged,2023-05-02,17284.67
2507,24107,15,Wrong Item,2024-03-23,19332.2
2508,8051,435,Wrong Item,2024-05-13,1608.1
2509,23484,13,Missing Parts,2025-12-06,15850.08
2510,5477,127,Wrong Item,2023-09-21,9491.16
2511,4044,586,Changed Mind,2024-07-15,1235.5
2512,18329,250,Missing Parts,2025-05-25,20560.33
2513,7631,628,Wrong Item,2025-03-11,16917.34
2514,12135,534,Damaged,2024-12-30,16478.5
2515,12471,461,Wrong Item,2023-06-30,17243.82
2516,23692,258,Missing Parts,2024-04-22,13064.49
2517,14134,967,Damaged,2025-10-13,213.32
2518,17747,86,Defective,2025-05-03,4505.02
2519,21142,665,Wrong Item,2026-06-25,22778.32
2520,13568,151,Late Delivery,2023-09-26,22736.97
2521,3679,623,Late Delivery,2023-07-10,8009.19
2522,445,801,Missing Parts,2023-04-30,11402.55
2523,21510,773,Late Delivery,2026-10-27,14049.97
2524,18694,810,Missing Parts,2025-04-29,13771.27
2525,13326,633,Changed Mind,2026-03-13,419.08
2526,1350,454,Changed Mind,2026-11-16,15438.66
2527,20485,849,Defective,2025-06-29,1128.24
2528,20870,438,Missing Parts,2023-10-14,306.17
2529,7651,82,Wrong Item,2026-01-02,6321.77
2530,17899,168,Wrong Item,2027-01-14,24004.65
2531,23043,466,Missing Parts,2024-02-23,1848.61
2532,14232,299,Changed Mind,2025-04-21,9395.19
2533,11451,951,Wrong Item,2024-06-11,11200.89
2534,19467,901,Changed Mind,2024-12-19,19999.53
2535,2149,607,Wrong Item,2025-02-10,12645.46
2536,153,56,Wrong Item,2023-02-21,7993.42
2537,2499,839,Missing Parts,2023-09-06,7803.92
2538,21030,104,Wrong Item,2026-06-28,6705.14
2539,24063,274,Missing Parts,2023-02-28,18221.57
2540,23918,658,Defective,2025-06-10,16549.68
2541,2278,46,Damaged,2023-02-16,24132.21
2542,17217,371,Defective,2025-02-08,2029.43
2543,2466,570,Missing Parts,2025-02-09,13177.85
2544,15945,152,Wrong Item,2023-11-07,18259.12
2545,19291,660,Damaged,2023-08-22,16563.66
2546,7079,61,Defective,2024-10-06,20232.76
2547,14686,303,Wrong Item,2024-03-21,11765.14
2548,9738,110,Changed Mind,2025-01-16,15183.65
2549,21374,691,Defective,2025-08-12,1504.22
2550,760,674,Late Delivery,2025-08-03,630.0
2551,4912,28,Late Delivery,2026-04-03,6933.25
2552,9115,209,Missing Parts,2023-12-09,6220.02
2553,2150,351,Changed Mind,2026-08-04,24605.89
2554,11348,477,Missing Parts,2024-11-09,13324.39
2555,9015,978,Defective,2025-07-04,16102.75
2556,10928,928,Changed Mind,2024-08-22,17700.44
2557,9466,776,Missing Parts,2025-02-07,4787.55
2558,12343,155,Wrong Item,2025-09-03,12321.94
2559,3395,429,Damaged,2024-12-04,16684.56
2560,10817,886,Missing Parts,2025-06-30,11602.45
2561,18180,145,Damaged,2026-10-26,18160.51
2562,6754,844,Damaged,2023-09-28,18279.29
2563,3153,32,Late Delivery,2023-10-03,12143.67
2564,3814,112,Changed Mind,2025-08-12,8282.63
2565,3484,70,Missing Parts,2023-10-22,21103.79
2566,22420,773,Missing Parts,2023-08-03,16806.72
2567,12277,13,Wrong Item,2025-05-05,4947.95
2568,12032,734,Damaged,2026-07-19,17402.64
2569,456,45,Wrong Item,2026-07-19,1542.17
2570,4041,299,Changed Mind,2024-02-01,19861.64
2571,24727,972,Damaged,2024-10-11,15438.98
2572,3832,984,Defective,2023-01-29,2752.61
2573,24972,769,Damaged,2026-01-17,23123.87
2574,16485,445,Damaged,2026-08-02,9620.73
2575,23174,538,Changed Mind,2025-08-14,23991.92
2576,11720,617,Missing Parts,2025-07-25,22266.07
2577,16222,297,Late Delivery,2023-10-05,5761.31
2578,24241,83,Wrong Item,2025-06-16,19274.86
2579,20670,131,Missing Parts,2024-02-20,18353.86
2580,17939,981,Missing Parts,2024-12-27,6138.07
2581,8538,845,Changed Mind,2025-04-12,10871.24
2582,18832,292,Damaged,2026-07-15,19035.71
2583,15599,756,Missing Parts,2025-03-17,19233.26
2584,13406,300,Defective,2025-07-31,7399.41
2585,21280,213,Defective,2023-12-24,12623.79
2586,5555,19,Missing Parts,2024-06-17,9711.78
2587,7803,82,Wrong Item,2026-05-02,16238.14
2588,18676,875,Late Delivery,2024-11-17,184.27
2589,5371,126,Late Delivery,2026-08-22,14794.12
2590,18612,528,Changed Mind,2024-04-06,21419.4
2591,20240,282,Late Delivery,2023-01-24,24125.87
2592,7650,341,Wrong Item,2025-09-07,11226.0
2593,13406,67,Late Delivery,2025-07-24,21965.76
2594,13530,503,Late Delivery,2025-05-23,6539.43
2595,7802,458,Missing Parts,2025-03-08,2815.24
2596,24832,557,Missing Parts,2023-01-13,20247.45
2597,17569,739,Late Delivery,2025-06-13,12744.0
2598,19189,245,Late Delivery,2026-12-12,7803.35
2599,23328,50,Wrong Item,2025-10-18,24351.63
2600,2180,873,Missing Parts,2023-04-01,18160.73
2601,19051,456,Changed Mind,2025-12-17,23102.05
2602,19505,284,Defective,2025-11-23,6593.48
2603,21850,356,Changed Mind,2024-01-07,24897.59
2604,9349,69,Defective,2026-08-11,24675.23
2605,1100,423,Late Delivery,2025-03-08,11596.83
2606,20495,122,Wrong Item,2027-01-17,22798.68
2607,24420,931,Defective,2024-01-31,21895.91
2608,13273,823,Wrong Item,2024-11-22,11684.41
2609,19895,119,Wrong Item,2025-06-09,8381.29
2610,19262,493,Changed Mind,2023-06-09,17789.07
2611,1684,224,Damaged,2024-11-04,19460.19
2612,10252,370,Wrong Item,2025-10-12,21904.81
2613,10785,742,Defective,2026-02-08,20854.45
2614,19285,258,Late Delivery,2026-02-06,23699.95
2615,10569,303,Damaged,2023-03-20,22389.42
2616,23513,129,Defective,2026-06-05,551.05
2617,14871,226,Wrong Item,2024-07-17,2808.18
2618,3467,585,Late Delivery,2024-10-21,15378.05
2619,15850,195,Missing Parts,2026-04-01,2973.76
2620,22266,284,Missing Parts,2026-04-03,21168.78
2621,8497,510,Late Delivery,2024-08-06,642.66
2622,18239,428,Changed Mind,2026-04-01,4552.79
2623,12244,90,Late Delivery,2026-06-06,3269.66
2624,16571,616,Changed Mind,2024-09-25,4925.89
2625,10881,516,Damaged,2025-10-25,6898.76
2626,12324,280,Missing Parts,2025-09-19,19399.5
2627,13796,992,Wrong Item,2023-12-29,5290.02
2628,15341,109,Wrong Item,2026-10-07,16644.87
2629,3563,557,Wrong Item,2025-01-29,15316.49
2630,4135,550,Defective,2024-05-13,5358.08
2631,3253,244,Changed Mind,2023-03-26,6418.99
2632,8446,565,Wrong Item,2026-12-24,17795.92
2633,21361,636,Wrong Item,2023-05-13,20090.56
2634,13741,40,Changed Mind,2026-08-29,24648.48
2635,20208,569,Wrong Item,2025-01-11,6781.53
2636,19892,506,Missing Parts,2024-07-13,16066.45
2637,6910,59,Damaged,2023-07-28,6800.28
2638,18077,361,Damaged,2026-01-15,23067.79
2639,2370,557,Missing Parts,2025-10-06,8525.66
2640,8705,555,Late Delivery,2023-10-13,23520.92
2641,14303,340,Wrong Item,2026-07-20,21147.54
2642,9952,167,Missing Parts,2023-11-07,3948.01
2643,24853,732,Changed Mind,2025-10-19,21413.82
2644,596,997,Changed Mind,2025-02-01,2291.9
2645,11444,536,Missing Parts,2025-05-16,21002.33
2646,18416,959,Defective,2025-01-04,19642.25
2647,15103,791,Damaged,2026-12-11,22564.86
2648,897,462,Wrong Item,2025-10-15,22798.72
2649,17997,79,Defective,2024-06-26,1097.46
2650,6881,417,Wrong Item,2024-05-28,23459.97
2651,12578,430,Wrong Item,2025-12-23,7533.18
2652,13531,489,Changed Mind,2023-05-27,4004.75
2653,4669,909,Wrong Item,2023-12-21,1090.75
2654,3949,626,Late Delivery,2023-07-11,21960.54
2655,8883,407,Missing Parts,2026-10-19,16985.03
2656,6663,114,Defective,2025-03-27,10576.88
2657,12730,764,Wrong Item,2023-04-16,19187.1
2658,22144,137,Defective,2025-11-04,6252.76
2659,11442,537,Late Delivery,2024-09-22,7448.0
2660,12338,53,Changed Mind,2023-07-06,14014.86
2661,9759,385,Damaged,2026-10-11,15955.31
2662,6270,387,Defective,2024-09-08,4446.36
2663,3484,232,Damaged,2023-10-16,12450.59
2664,21035,220,Wrong Item,2025-10-11,23143.97
2665,1089,450,Damaged,2026-08-30,4055.79
2666,11326,107,Defective,2026-07-24,4393.03
2667,470,328,Missing Parts,2026-04-14,8691.33
2668,4222,675,Damaged,2026-02-26,6445.21
2669,14056,433,Wrong Item,2024-03-30,24176.87
2670,7531,791,Changed Mind,2025-12-01,8634.72
2671,11898,719,Late Delivery,2025-08-06,5621.04
2672,6851,210,Changed Mind,2025-05-05,24522.93
2673,19967,907,Damaged,2023-10-28,20528.66
2674,5674,159,Defective,2026-02-22,8231.82
2675,12795,2,Late Delivery,2024-02-26,13432.66
2676,12297,374,Defective,2023-02-08,3260.0
2677,4471,62,Defective,2026-08-19,670.9
2678,17816,411,Defective,2026-04-14,23802.77
2679,8727,892,Late Delivery,2024-03-13,8924.72
2680,14827,663,Missing Parts,2023-08-01,13938.11
2681,7537,230,Missing Parts,2026-11-09,16398.21
2682,9035,662,Wrong Item,2026-12-28,8980.65
2683,19847,478,Defective,2024-06-06,2880.31
2684,22025,173,Damaged,2026-11-04,22762.89
2685,17373,961,Late Delivery,2025-02-07,23172.87
2686,12893,934,Defective,2024-04-27,6831.18
2687,17852,960,Damaged,2026-10-09,3777.37
2688,20966,838,Damaged,2025-08-16,634.31
2689,2002,495,Missing Parts,2025-08-18,9867.88
2690,430,832,Defective,2025-04-30,24685.98
2691,24479,678,Missing Parts,2025-06-17,475.09
2692,6012,546,Defective,2023-03-06,3728.87
2693,21219,42,Defective,2025-08-26,5176.26
2694,14209,123,Damaged,2024-02-11,17672.56
2695,3030,974,Defective,2024-03-09,14173.13
2696,21390,97,Defective,2026-02-25,17381.61
2697,7386,898,Changed Mind,2026-04-13,8195.34
2698,19527,73,Wrong Item,2026-08-17,23253.66
2699,16134,989,Damaged,2024-06-18,20357.92
2700,1427,270,Wrong Item,2024-01-05,23697.76
2701,6779,454,Late Delivery,2025-09-19,21629.66
2702,4422,995,Missing Parts,2024-11-26,8603.85
2703,11273,571,Late Delivery,2027-01-14,12094.28
2704,2446,697,Late Delivery,2026-01-02,769.14
2705,22183,167,Wrong Item,2027-01-13,14570.38
2706,20035,170,Defective,2023-06-11,13141.06
2707,1144,186,Missing Parts,2023-02-13,10381.17
2708,20136,150,Damaged,2025-07-30,13265.74
2709,14917,106,Late Delivery,2024-07-07,8752.64
2710,25,125,Changed Mind,2024-08-15,18411.19
2711,24790,183,Wrong Item,2024-06-24,13519.47
2712,23523,752,Late Delivery,2023-03-04,1936.91
2713,18031,595,Damaged,2026-09-20,13697.52
2714,1991,48,Missing Parts,2023-03-21,1561.65
2715,3113,247,Defective,2024-02-25,20886.08
2716,6906,237,Wrong Item,2024-08-09,21490.25
2717,18653,325,Wrong Item,2024-05-02,14845.59
2718,5428,796,Damaged,2026-10-09,11685.13
2719,18733,85,Damaged,2025-01-12,11914.66
2720,18703,919,Damaged,2026-02-04,16628.69
2721,15863,768,Damaged,2026-04-04,24008.56
2722,14360,42,Late Delivery,2024-12-02,14532.4
2723,16252,685,Defective,2025-10-13,6312.33
2724,5050,284,Defective,2024-03-16,4042.79
2725,5656,899,Missing Parts,2026-01-16,8612.3
2726,16533,708,Wrong Item,2023-10-01,22863.65
2727,5135,724,Changed Mind,2026-10-10,15141.54
2728,20475,850,Damaged,2026-08-16,16683.58
2729,22968,483,Damaged,2026-04-11,7069.68
2730,10152,289,Defective,2026-02-02,24340.75
2731,17239,101,Defective,2023-12-27,7249.0
2732,24168,544,Defective,2025-10-04,10315.23
2733,6260,668,Wrong Item,2023-02-12,3985.88
2734,12521,869,Missing Parts,2023-02-28,7651.6
2735,6489,949,Wrong Item,2025-07-23,354.04
2736,21574,557,Missing Parts,2026-11-11,21704.04
2737,19272,463,Wrong Item,2023-02-07,4829.69
2738,4696,748,Changed Mind,2026-12-22,20385.52
2739,19894,158,Late Delivery,2026-01-10,5425.93
2740,20813,396,Wrong Item,2023-09-26,9124.89
2741,9697,100,Defective,2023-10-28,19041.1
2742,18696,555,Late Delivery,2025-10-22,4814.61
2743,21101,638,Defective,2023-06-02,20013.88
2744,273,231,Changed Mind,2023-08-28,19866.72
2745,22806,871,Late Delivery,2024-09-14,3495.45
2746,11725,619,Changed Mind,2026-10-26,17423.0
2747,1881,802,Wrong Item,2023-05-25,3339.98
2748,12583,979,Damaged,2023-03-15,14152.77
2749,10668,902,Late Delivery,2023-11-13,15626.94
2750,16402,832,Damaged,2025-06-05,2614.76
2751,12451,885,Missing Parts,2026-06-11,1893.93
2752,10491,119,Damaged,2023-09-10,10856.73
2753,15671,493,Missing Parts,2024-04-23,9559.76
2754,11558,13,Changed Mind,2026-01-30,5662.44
2755,22356,72,Wrong Item,2025-07-23,5114.58
2756,9631,177,Changed Mind,2023-05-16,15340.81
2757,15332,450,Defective,2023-05-20,12883.87
2758,16381,516,Missing Parts,2025-09-05,23068.2
2759,2081,756,Damaged,2025-01-25,6636.73
2760,6832,285,Changed Mind,2023-05-17,21807.38
2761,20135,511,Defective,2023-07-06,19544.22
2762,12844,328,Missing Parts,2024-01-24,9322.81
2763,3647,52,Changed Mind,2023-01-15,19902.07
2764,21665,696,Missing Parts,2023-06-19,6222.49
2765,9289,427,Missing Parts,2025-11-30,14009.53
2766,23482,306,Wrong Item,2023-08-20,22990.43
2767,16497,291,Damaged,2024-08-10,17802.96
2768,23234,747,Damaged,2024-01-18,22907.4
2769,3304,214,Defective,2024-05-27,19263.16
2770,16407,355,Wrong Item,2026-11-05,7050.66
2771,3679,608,Missing Parts,2023-07-11,9460.19
2772,12296,223,Changed Mind,2025-05-21,24897.5
2773,13757,222,Damaged,2025-10-16,14206.26
2774,23385,225,Changed Mind,2024-06-25,8435.62
2775,7899,640,Late Delivery,2023-07-22,22830.01
2776,3896,667,Damaged,2024-05-17,22362.95
2777,4064,306,Changed Mind,2026-09-12,23090.84
2778,18149,881,Late Delivery,2026-08-13,3601.49
2779,2003,643,Damaged,2023-04-04,10442.11
2780,4396,364,Missing Parts,2025-06-29,274.2
2781,3360,813,Changed Mind,2026-08-28,8061.81
2782,17797,918,Damaged,2024-12-17,15418.7
2783,1522,724,Changed Mind,2026-10-16,22484.0
2784,17184,793,Changed Mind,2024-01-03,3527.29
2785,20693,377,Wrong Item,2025-02-19,13739.19
2786,2320,4,Changed Mind,2026-10-06,3498.43
2787,20777,374,Missing Parts,2026-11-10,1245.81
2788,3619,113,Damaged,2024-02-27,1752.04
2789,14590,126,Late Delivery,2024-12-26,15622.27
2790,5151,754,Defective,2026-04-06,5870.6
2791,11560,544,Defective,2023-07-19,6804.78
2792,3067,417,Wrong Item,2025-03-17,12209.04
2793,8964,862,Late Delivery,2025-09-10,14881.24
2794,13931,969,Damaged,2023-03-09,20148.96
2795,68,595,Missing Parts,2025-01-03,9160.77
2796,20449,156,Wrong Item,2024-08-27,18470.73
2797,16588,508,Late Delivery,2026-02-27,337.76
2798,3257,92,Damaged,2026-05-18,367.54
2799,22446,49,Late Delivery,2024-02-24,5438.21
2800,10529,580,Wrong Item,2023-05-29,367.71
2801,15410,225,Changed Mind,2025-03-13,3404.5
2802,14742,16,Defective,2023-12-16,23173.48
2803,2425,361,Damaged,2026-03-24,21545.99
2804,22405,386,Defective,2024-08-27,4012.59
2805,11064,586,Missing Parts,2025-08-21,23438.09
2806,7658,802,Defective,2024-07-21,23654.33
2807,6667,458,Late Delivery,2026-11-29,16851.58
2808,19167,222,Missing Parts,2026-09-05,17525.68
2809,10080,478,Defective,2025-04-07,6187.7
2810,6576,105,Changed Mind,2026-11-27,4661.25
2811,4435,778,Defective,2023-07-11,16016.47
2812,18180,467,Defective,2026-11-07,5813.61
2813,21670,379,Late Delivery,2023-03-24,4507.0
2814,6043,589,Late Delivery,2026-08-16,20069.14
2815,21468,767,Damaged,2023-12-31,21530.01
2816,18959,128,Late Delivery,2025-01-10,18318.3
2817,8591,423,Changed Mind,2025-01-04,6043.48
2818,20597,558,Wrong Item,2025-03-04,7487.11
2819,1299,471,Wrong Item,2026-03-22,2728.53
2820,19428,492,Late Delivery,2024-10-13,23412.91
2821,225,694,Defective,2025-10-29,1168.41
2822,18364,443,Late Delivery,2025-10-03,785.74
2823,17610,686,Late Delivery,2024-04-22,7683.39
2824,22366,406,Wrong Item,2026-10-26,20971.32
2825,2837,58,Late Delivery,2025-11-09,22334.47
2826,23601,125,Late Delivery,2025-08-28,16141.16
2827,15460,722,Late Delivery,2026-06-17,20367.66
2828,18541,685,Changed Mind,2025-06-24,24640.51
2829,14673,198,Changed Mind,2026-10-23,13303.9
2830,20315,2,Changed Mind,2024-07-21,23204.44
2831,22260,88,Damaged,2024-09-16,22850.32
2832,6712,324,Missing Parts,2025-03-21,708.19
2833,4132,553,Late Delivery,2026-11-21,16806.98
2834,22033,987,Defective,2023-09-07,17885.64
2835,4368,962,Changed Mind,2024-08-07,7580.55
2836,15782,405,Damaged,2023-04-18,11670.87
2837,23076,272,Damaged,2023-10-02,844.51
2838,23682,534,Damaged,2026-09-21,2784.78
2839,10637,285,Changed Mind,2025-08-15,3532.04
2840,9359,1000,Missing Parts,2025-09-14,24656.12
2841,11469,650,Defective,2023-03-02,11740.5
2842,34,568,Wrong Item,2023-08-03,2293.14
2843,11693,468,Missing Parts,2025-11-05,23698.55
2844,10022,808,Late Delivery,2024-07-30,11216.47
2845,16403,908,Late Delivery,2025-06-21,24033.75
2846,1137,631,Damaged,2023-03-19,4878.69
2847,19689,957,Wrong Item,2026-08-08,6024.01
2848,22207,724,Defective,2023-02-20,13011.65
2849,19518,449,Missing Parts,2024-06-04,10318.26
2850,5350,509,Defective,2026-05-03,10104.44
2851,21035,392,Changed Mind,2025-10-20,16333.76
2852,14202,48,Missing Parts,2026-12-03,3353.68
2853,12824,709,Late Delivery,2024-10-19,11883.93
2854,22434,963,Missing Parts,2024-06-28,24215.04
2855,6429,101,Changed Mind,2024-09-26,16165.35
2856,21484,989,Damaged,2024-09-01,13215.89
2857,24332,929,Changed Mind,2026-08-08,2779.98
2858,22563,563,Late Delivery,2025-08-17,19948.51
2859,10527,180,Damaged,2024-04-10,23485.87
2860,17827,406,Defective,2025-04-02,4965.19
2861,14542,574,Defective,2025-08-23,13821.95
2862,24088,28,Wrong Item,2024-03-03,21171.85
2863,3307,219,Missing Parts,2026-04-19,2661.49
2864,12778,288,Damaged,2026-12-18,4090.46
2865,10759,621,Defective,2026-10-19,18914.97
2866,21834,303,Damaged,2026-11-13,9616.52
2867,13278,199,Late Delivery,2024-03-25,10711.58
2868,11289,716,Wrong Item,2025-05-30,15588.55
2869,18765,918,Damaged,2025-08-22,784.51
2870,8539,675,Defective,2023-07-31,1204.58
2871,20890,740,Changed Mind,2025-04-29,12987.96
2872,8758,150,Late Delivery,2024-05-16,4694.3
2873,24427,412,Damaged,2026-01-31,5902.98
2874,21376,426,Changed Mind,2026-06-24,463.09
2875,629,378,Wrong Item,2024-06-30,17838.17
2876,13188,833,Late Delivery,2025-04-04,23002.43
2877,10370,516,Damaged,2023-07-16,17075.71
2878,14293,106,Damaged,2025-11-09,13703.86
2879,19145,964,Defective,2023-11-02,1314.21
2880,5877,461,Late Delivery,2024-10-03,8876.68
2881,17346,307,Late Delivery,2026-03-06,5327.47
2882,16613,175,Damaged,2026-02-06,16099.45
2883,8129,964,Defective,2024-03-29,2920.09
2884,2643,527,Changed Mind,2026-03-09,7550.51
2885,14095,337,Missing Parts,2026-05-09,11307.9
2886,11778,19,Defective,2026-08-18,10276.21
2887,12957,719,Missing Parts,2024-11-12,19581.75
2888,14988,159,Changed Mind,2024-07-14,20069.48
2889,9951,736,Defective,2025-12-29,136.38
2890,23144,436,Damaged,2023-08-24,22073.26
2891,19458,112,Missing Parts,2024-12-26,22101.82
2892,20522,846,Changed Mind,2024-06-26,24045.17
2893,23053,772,Changed Mind,2024-03-30,5270.76
2894,4635,883,Wrong Item,2023-10-31,24136.65
2895,3218,191,Defective,2023-12-13,13866.71
2896,9443,179,Missing Parts,2024-11-01,23396.74
2897,4363,922,Late Delivery,2023-01-21,24889.18
2898,7095,307,Wrong Item,2023-02-19,22042.44
2899,16618,194,Missing Parts,2025-11-13,13941.05
2900,9966,89,Missing Parts,2023-09-26,8783.36
2901,10844,653,Wrong Item,2026-09-01,1302.32
2902,15867,599,Changed Mind,2025-02-09,2009.84
2903,9566,817,Changed Mind,2024-03-07,24488.38
2904,17861,856,Damaged,2024-08-13,24425.02
2905,23124,422,Wrong Item,2025-09-30,24757.8
2906,6013,417,Damaged,2024-07-03,24097.27
2907,4122,849,Wrong Item,2024-04-23,20701.16
2908,16131,425,Late Delivery,2026-12-28,5830.48
2909,7316,626,Missing Parts,2023-04-02,21724.52
2910,9874,214,Late Delivery,2023-02-19,14719.58
2911,8194,542,Missing Parts,2023-06-01,165.95
2912,19369,744,Changed Mind,2024-07-06,9912.69
2913,21523,42,Missing Parts,2024-08-24,21605.92
2914,10346,809,Defective,2026-11-06,10664.0
2915,11791,86,Missing Parts,2024-12-05,184.5
2916,15975,352,Late Delivery,2025-04-08,6883.79
2917,14695,735,Wrong Item,2026-12-18,13794.37
2918,10417,128,Late Delivery,2024-05-09,13553.12
2919,15355,945,Changed Mind,2025-01-28,716.65
2920,7942,964,Damaged,2024-07-21,9490.61
2921,22744,215,Changed Mind,2026-06-04,5875.01
2922,16594,777,Late Delivery,2026-05-22,21596.77
2923,17116,668,Wrong Item,2025-06-18,8184.77
2924,24598,534,Late Delivery,2026-10-16,23994.97
2925,13558,62,Late Delivery,2026-12-16,19300.02
2926,1183,277,Changed Mind,2025-07-09,18485.85
2927,2035,944,Wrong Item,2026-02-12,20610.55
2928,22292,612,Missing Parts,2024-05-24,13808.52
2929,22419,413,Changed Mind,2024-03-08,8465.94
2930,11812,107,Changed Mind,2024-02-17,13735.68
2931,7534,235,Wrong Item,2024-02-22,7812.39
2932,3676,582,Missing Parts,2024-06-13,21010.96
2933,629,924,Defective,2024-07-06,7880.75
2934,22058,333,Missing Parts,2023-06-29,9296.78
2935,19438,497,Changed Mind,2023-08-05,2296.29
2936,4189,274,Late Delivery,2026-10-20,4426.94
2937,8717,709,Defective,2026-12-26,8398.41
2938,14806,69,Defective,2025-09-23,540.18
2939,8002,670,Wrong Item,2024-10-22,18296.79
2940,24760,82,Changed Mind,2024-04-25,383.29
2941,3885,297,Missing Parts,2024-01-30,5005.99
2942,20093,153,Damaged,2023-10-26,3181.84
2943,11979,787,Changed Mind,2026-03-23,14868.8
2944,14253,143,Changed Mind,2025-04-05,22320.53
2945,1541,99,Late Delivery,2024-02-10,24666.28
2946,12634,463,Changed Mind,2026-03-02,19371.65
2947,8172,173,Defective,2024-08-09,15299.2
2948,480,843,Damaged,2026-03-22,4987.54
2949,22818,716,Changed Mind,2023-09-01,11388.58
2950,18549,351,Defective,2025-02-23,7243.12
2951,11801,63,Defective,2025-08-20,1730.34
2952,20365,544,Defective,2026-07-08,9655.83
2953,17697,481,Defective,2026-02-18,1088.83
2954,3405,743,Damaged,2025-11-21,3728.04
2955,5486,625,Damaged,2025-07-01,14444.37
2956,4312,909,Defective,2023-12-02,14180.31
2957,1689,570,Defective,2024-12-05,17187.88
2958,24664,371,Missing Parts,2024-02-27,3600.71
2959,14043,170,Defective,2025-05-28,3546.42
2960,2792,245,Late Delivery,2026-09-04,834.39
2961,16097,485,Wrong Item,2023-07-20,728.17
2962,20729,883,Damaged,2024-08-10,9890.56
2963,24856,970,Wrong Item,2024-10-04,11923.94
2964,6875,910,Defective,2025-05-10,1582.85
2965,20877,710,Late Delivery,2024-05-13,2606.6
2966,15298,538,Missing Parts,2023-02-02,20709.39
2967,14586,986,Changed Mind,2026-06-26,24309.68
2968,4153,672,Wrong Item,2025-09-26,1155.96
2969,2285,992,Changed Mind,2024-02-27,24227.87
2970,10319,697,Missing Parts,2024-12-01,12654.66
2971,19854,855,Missing Parts,2024-08-02,1891.08
2972,12405,21,Changed Mind,2026-08-13,15892.2
2973,3806,968,Missing Parts,2023-11-16,23162.58
2974,14588,616,Wrong Item,2025-10-19,21642.08
2975,13737,454,Wrong Item,2023-08-05,19791.91
2976,11784,862,Damaged,2024-10-01,12771.88
2977,24782,652,Missing Parts,2023-03-20,20411.43
2978,12182,937,Damaged,2025-10-11,14992.04
2979,16124,281,Missing Parts,2024-05-30,19973.71
2980,821,859,Damaged,2025-07-19,8083.04
2981,17580,760,Wrong Item,2023-04-23,13782.32
2982,8271,555,Missing Parts,2026-08-27,13007.33
2983,23142,520,Damaged,2026-02-01,2448.72
2984,17054,56,Late Delivery,2024-01-28,17299.2
2985,15414,327,Missing Parts,2026-09-30,20432.6
2986,11018,540,Defective,2025-07-17,9523.47
2987,15684,283,Late Delivery,2024-02-22,17563.79
2988,14665,897,Defective,2025-08-11,11572.67
2989,7987,683,Wrong Item,2024-11-16,1145.29
2990,13721,214,Damaged,2026-01-08,21304.43
2991,18228,698,Damaged,2025-06-05,16040.37
2992,13528,408,Defective,2024-05-31,20068.6
2993,390,8,Wrong Item,2025-11-07,21914.18
2994,14221,960,Missing Parts,2025-05-09,15476.17
2995,7890,188,Wrong Item,2024-06-02,8132.27
2996,1875,549,Defective,2026-05-09,15362.56
2997,24780,441,Changed Mind,2023-05-02,8970.82
2998,21469,495,Damaged,2026-08-13,10199.64
2999,10190,609,Changed Mind,2026-04-11,16463.7
3000,19479,579,Changed Mind,2023-05-26,23497.74
3001,22079,182,Defective,2027-01-06,15626.06
3002,2778,721,Wrong Item,2025-09-11,13210.62
3003,16373,443,Wrong Item,2024-03-07,15738.92
3004,1266,747,Late Delivery,2024-07-13,10247.54
3005,12697,888,Defective,2024-07-20,9177.18
3006,14500,578,Missing Parts,2023-02-28,13095.69
3007,11868,126,Missing Parts,2026-05-31,17595.98
3008,197,709,Wrong Item,2025-02-08,23075.8
3009,20949,715,Defective,2026-01-26,19117.12
3010,12362,577,Damaged,2023-09-29,22422.15
3011,11771,250,Defective,2024-08-24,13715.83
3012,15196,844,Late Delivery,2023-03-27,11546.87
3013,5612,953,Defective,2024-12-19,5090.73
3014,10555,394,Wrong Item,2024-10-01,17666.61
3015,18887,973,Wrong Item,2024-04-03,12488.79
3016,18028,381,Damaged,2026-11-17,22491.8
3017,15989,168,Damaged,2025-01-22,18158.29
3018,14429,534,Damaged,2024-03-09,6209.37
3019,20955,374,Late Delivery,2024-08-09,4624.17
3020,14267,497,Missing Parts,2023-05-13,13755.31
3021,206,78,Changed Mind,2023-05-14,7805.53
3022,1228,567,Wrong Item,2024-02-11,10503.57
3023,530,460,Late Delivery,2025-08-26,2682.89
3024,21386,554,Damaged,2026-12-09,15344.66
3025,3334,509,Wrong Item,2025-01-05,1850.85
3026,4920,725,Missing Parts,2025-05-29,5167.72
3027,21497,831,Late Delivery,2024-04-04,12696.28
3028,18801,317,Defective,2025-05-02,14020.32
3029,330,736,Damaged,2026-11-25,18353.31
3030,11061,464,Defective,2025-06-02,21753.12
3031,16642,232,Late Delivery,2024-08-23,6769.71
3032,2068,490,Missing Parts,2023-11-27,11202.35
3033,21491,112,Wrong Item,2023-12-14,18397.44
3034,20705,480,Missing Parts,2023-07-11,21572.54
3035,11760,903,Late Delivery,2025-05-07,3572.91
3036,1006,996,Defective,2023-04-28,4108.81
3037,8665,590,Late Delivery,2025-03-03,14469.25
3038,462,335,Changed Mind,2026-01-02,13401.36
3039,20112,452,Changed Mind,2024-05-12,9426.7
3040,1630,817,Defective,2025-07-09,16409.84
3041,1036,4,Late Delivery,2024-02-06,2170.48
3042,20133,83,Late Delivery,2025-06-05,4528.6
3043,21173,191,Changed Mind,2023-03-31,17331.26
3044,645,692,Missing Parts,2024-01-09,20317.29
3045,18695,581,Missing Parts,2026-01-30,23468.94
3046,16177,866,Wrong Item,2025-11-26,15485.49
3047,15331,335,Missing Parts,2024-11-15,20593.15
3048,22065,886,Damaged,2023-02-10,3335.25
3049,2675,40,Defective,2026-09-03,24614.95
3050,9520,227,Damaged,2024-01-06,20706.25
3051,13243,330,Wrong Item,2025-09-05,5899.82
3052,19291,858,Late Delivery,2023-09-07,15065.12
3053,7321,648,Defective,2025-02-26,11889.34
3054,22587,95,Defective,2026-03-11,8939.35
3055,2686,352,Damaged,2023-04-17,6214.54
3056,6441,535,Changed Mind,2023-01-21,22631.38
3057,10704,939,Damaged,2025-12-29,22638.7
3058,13183,49,Missing Parts,2025-10-10,2061.53
3059,2790,805,Wrong Item,2023-08-31,9524.23
3060,434,103,Changed Mind,2024-06-04,18407.43
3061,4352,126,Damaged,2025-07-28,23187.85
3062,12799,642,Changed Mind,2024-03-13,1005.44
3063,11834,720,Late Delivery,2026-09-04,24876.6
3064,56,36,Late Delivery,2024-12-06,18551.34
3065,3233,780,Wrong Item,2025-08-14,4817.98
3066,12220,75,Changed Mind,2023-04-26,3080.57
3067,20143,704,Defective,2023-03-29,15474.27
3068,21361,76,Damaged,2023-05-10,20251.69
3069,5897,212,Wrong Item,2023-11-09,20285.6
3070,11709,768,Late Delivery,2024-03-05,3756.05
3071,4224,905,Defective,2025-05-11,23012.49
3072,15647,961,Late Delivery,2025-12-30,17453.6
3073,1636,984,Damaged,2025-06-27,2150.99
3074,2280,837,Wrong Item,2026-05-07,5331.93
3075,15820,772,Late Delivery,2023-03-15,22533.77
3076,23496,784,Changed Mind,2025-07-21,10514.77
3077,24566,205,Wrong Item,2023-09-04,23106.56
3078,17178,419,Wrong Item,2026-07-20,12954.64
3079,14844,73,Wrong Item,2026-08-17,18078.83
3080,386,217,Changed Mind,2023-10-02,5650.97
3081,21424,470,Late Delivery,2026-03-14,22939.51
3082,16089,607,Missing Parts,2025-12-26,16161.68
3083,2862,546,Defective,2023-02-10,9683.91
3084,12022,185,Missing Parts,2026-02-05,19513.14
3085,16968,513,Wrong Item,2024-06-11,17961.55
3086,5586,385,Wrong Item,2023-11-17,20423.25
3087,23321,769,Wrong Item,2025-02-19,1116.46
3088,13395,424,Missing Parts,2023-10-31,11356.88
3089,11096,306,Missing Parts,2026-04-25,23988.69
3090,22310,924,Missing Parts,2023-07-27,15341.27
3091,1444,419,Wrong Item,2026-09-19,20226.9
3092,8220,351,Wrong Item,2023-10-25,2468.65
3093,4162,412,Changed Mind,2025-12-19,19233.48
3094,24480,968,Damaged,2027-01-05,1952.96
3095,13404,975,Wrong Item,2023-01-15,10674.46
3096,926,200,Late Delivery,2023-09-17,11103.99
3097,12569,488,Late Delivery,2023-05-27,24074.81
3098,20356,941,Missing Parts,2025-09-09,13506.79
3099,157,71,Late Delivery,2024-04-24,13493.71
3100,976,31,Changed Mind,2024-04-26,10299.1
3101,2737,631,Missing Parts,2025-09-29,2199.38
3102,21378,431,Wrong Item,2024-02-15,18540.97
3103,140,106,Wrong Item,2023-06-05,14970.39
3104,9473,325,Defective,2025-11-18,8534.81
3105,14425,306,Late Delivery,2023-06-08,14590.13
3106,6867,433,Defective,2025-11-07,16604.76
3107,8515,661,Wrong Item,2023-09-07,5819.79
3108,8066,652,Missing Parts,2023-07-05,8345.13
3109,4929,342,Late Delivery,2024-09-10,796.39
3110,14365,231,Damaged,2026-04-08,12617.54
3111,11439,937,Late Delivery,2023-09-06,21628.01
3112,17587,852,Damaged,2023-11-26,13698.34
3113,18582,549,Damaged,2025-11-26,6795.16
3114,24753,910,Late Delivery,2026-06-17,5038.93
3115,17032,353,Damaged,2023-09-18,14537.65
3116,18957,358,Damaged,2025-04-10,2308.79
3117,21336,470,Late Delivery,2023-12-04,10370.87
3118,16099,405,Changed Mind,2026-04-25,21373.59
3119,18445,5,Damaged,2024-03-03,5042.18
3120,18923,654,Changed Mind,2026-01-16,20818.04
3121,4705,901,Damaged,2023-12-08,2251.6
3122,2658,221,Changed Mind,2023-03-05,3152.78
3123,20590,645,Changed Mind,2026-04-02,13578.5
3124,15379,16,Damaged,2026-01-12,23817.35
3125,11956,947,Changed Mind,2026-09-10,17082.06
3126,3858,409,Late Delivery,2024-05-12,4844.42
3127,20021,944,Damaged,2025-09-23,8905.23
3128,24152,551,Damaged,2023-07-09,14637.51
3129,7215,284,Defective,2023-02-27,23387.99
3130,10004,813,Missing Parts,2026-02-07,22892.27
3131,3604,592,Late Delivery,2026-02-04,24685.94
3132,3766,406,Defective,2025-07-05,13658.93
3133,21499,100,Missing Parts,2024-11-11,17077.03
3134,7827,188,Damaged,2026-02-16,10426.0
3135,22175,688,Missing Parts,2023-02-03,9756.97
3136,4339,290,Wrong Item,2026-02-27,23139.04
3137,24624,168,Damaged,2023-06-16,4133.75
3138,9381,169,Missing Parts,2025-10-29,7043.41
3139,3001,140,Damaged,2025-08-05,12477.0
3140,19082,995,Defective,2024-08-20,10212.16
3141,2340,369,Missing Parts,2024-12-16,23139.95
3142,9796,772,Wrong Item,2025-03-11,24497.68
3143,20217,886,Wrong Item,2024-10-03,9711.37
3144,8530,403,Changed Mind,2026-10-19,22608.2
3145,4750,7,Wrong Item,2025-06-08,19307.31
3146,9409,1000,Late Delivery,2023-04-01,4736.88
3147,12011,616,Late Delivery,2023-08-07,10013.97
3148,24906,548,Wrong Item,2026-03-13,11352.17
3149,13599,759,Wrong Item,2025-01-07,9474.38
3150,19037,402,Missing Parts,2024-11-01,23219.6
3151,1823,809,Missing Parts,2025-09-14,18438.99
3152,3216,227,Changed Mind,2024-07-29,17665.98
3153,10666,313,Defective,2025-12-19,16761.87
3154,20957,325,Missing Parts,2025-06-29,11130.93
3155,7460,916,Defective,2024-12-23,5903.67
3156,10399,153,Defective,2027-01-06,17135.69
3157,10410,734,Missing Parts,2025-09-22,4049.96
3158,1954,661,Missing Parts,2025-05-30,24808.39
3159,12736,145,Changed Mind,2023-10-19,22155.43
3160,19165,71,Missing Parts,2026-10-05,5713.42
3161,6814,593,Wrong Item,2024-04-12,11523.79
3162,21651,413,Damaged,2026-08-18,10846.2
3163,8581,835,Damaged,2025-08-15,9903.44
3164,23822,396,Changed Mind,2026-08-23,19105.6
3165,15800,271,Late Delivery,2023-11-01,20802.29
3166,14985,654,Wrong Item,2025-01-21,4672.34
3167,13748,727,Changed Mind,2023-03-04,23267.86
3168,2242,255,Wrong Item,2025-11-08,17411.37
3169,5965,156,Defective,2023-02-16,13566.3
3170,15506,570,Changed Mind,2023-11-25,15966.28
3171,19450,506,Late Delivery,2026-05-29,2940.36
3172,18950,227,Missing Parts,2023-09-14,6169.14
3173,12389,478,Changed Mind,2026-08-10,9075.48
3174,11800,226,Damaged,2026-05-10,8097.77
3175,20866,717,Missing Parts,2024-03-14,8852.62
3176,8607,177,Changed Mind,2024-06-15,12822.67
3177,20073,68,Changed Mind,2024-03-06,21441.2
3178,6749,268,Missing Parts,2026-04-20,16431.99
3179,10691,252,Wrong Item,2024-08-26,12053.44
3180,15802,634,Defective,2024-03-27,10876.9
3181,4829,114,Wrong Item,2026-01-01,17446.08
3182,7161,89,Damaged,2024-04-01,17810.91
3183,7315,610,Missing Parts,2024-05-18,24468.44
3184,11654,391,Damaged,2023-07-22,15342.11
3185,10133,622,Missing Parts,2025-02-19,22855.5
3186,12178,83,Defective,2025-03-18,1350.45
3187,14090,695,Defective,2024-01-11,9970.67
3188,10925,900,Changed Mind,2023-12-12,18197.34
3189,10715,756,Changed Mind,2024-03-02,7689.48
3190,2400,96,Damaged,2026-12-01,13649.48
3191,4518,935,Changed Mind,2026-08-10,14258.77
3192,23417,591,Missing Parts,2023-06-12,16645.65
3193,2558,274,Changed Mind,2026-07-27,7957.37
3194,22714,50,Damaged,2024-08-30,6090.97
3195,23680,920,Damaged,2025-08-29,553.59
3196,3099,76,Changed Mind,2023-11-27,22503.32
3197,8963,251,Changed Mind,2025-08-06,18050.39
3198,6949,742,Late Delivery,2024-12-06,18243.51
3199,23479,507,Defective,2024-06-02,21949.19
3200,4247,396,Damaged,2024-03-04,21034.98
3201,10205,169,Defective,2024-09-14,7879.71
3202,7252,342,Changed Mind,2024-06-04,20274.88
3203,6107,746,Damaged,2026-06-01,13085.8
3204,8697,880,Defective,2025-02-22,20099.49
3205,12129,54,Late Delivery,2023-11-08,9388.63
3206,3127,537,Defective,2026-07-13,12505.19
3207,21317,875,Missing Parts,2023-09-18,24959.04
3208,11131,102,Damaged,2026-05-04,3706.35
3209,7174,688,Changed Mind,2023-05-28,23636.67
3210,12128,442,Defective,2024-03-14,9695.2
3211,19732,719,Late Delivery,2024-03-05,11495.66
3212,18307,605,Late Delivery,2026-01-14,15521.58
3213,9608,257,Missing Parts,2024-03-17,12808.14
3214,24281,914,Defective,2026-12-01,20969.04
3215,3399,52,Changed Mind,2025-03-12,533.96
3216,19136,250,Late Delivery,2025-05-18,15561.58
3217,10290,281,Late Delivery,2023-09-11,13720.89
3218,12844,307,Damaged,2024-01-17,5490.94
3219,3987,845,Changed Mind,2023-07-03,12601.68
3220,19374,566,Late Delivery,2024-07-09,4723.19
3221,20497,552,Damaged,2024-05-31,13849.66
3222,19713,66,Changed Mind,2026-10-18,5265.25
3223,4969,750,Defective,2026-04-07,23863.03
3224,16693,304,Changed Mind,2025-09-02,20107.18
3225,17778,689,Damaged,2026-07-26,20015.74
3226,20760,503,Wrong Item,2023-01-28,20264.19
3227,24781,953,Missing Parts,2025-06-23,20090.55
3228,11646,925,Defective,2024-06-13,14399.87
3229,3663,24,Late Delivery,2024-11-07,11767.99
3230,20307,584,Missing Parts,2024-08-03,3117.31
3231,18546,89,Damaged,2024-02-14,7881.41
3232,9486,53,Missing Parts,2026-07-06,23863.83
3233,3961,785,Defective,2026-02-23,21646.57
3234,16912,230,Defective,2024-03-29,9668.69
3235,496,201,Damaged,2026-08-29,10740.37
3236,5645,345,Late Delivery,2024-11-15,7751.35
3237,23416,738,Wrong Item,2024-09-03,5685.22
3238,16577,590,Late Delivery,2023-06-25,12982.19
3239,10783,973,Wrong Item,2023-05-07,2819.71
3240,22701,112,Damaged,2026-05-21,8527.7
3241,2079,292,Late Delivery,2026-09-12,6801.36
3242,23480,233,Damaged,2026-11-15,14784.91
3243,2144,426,Defective,2024-11-27,18104.71
3244,13858,668,Defective,2026-11-04,12212.04
3245,12246,22,Changed Mind,2026-10-04,5898.99
3246,10895,940,Defective,2025-09-23,12509.48
3247,7342,175,Wrong Item,2025-09-09,21299.12
3248,5484,550,Damaged,2026-03-07,10979.2
3249,18906,164,Wrong Item,2025-04-17,22310.33
3250,455,487,Wrong Item,2026-04-21,10641.61
3251,18175,294,Late Delivery,2024-06-23,8779.04
3252,10492,558,Late Delivery,2025-02-06,8695.83
3253,14651,724,Missing Parts,2023-05-15,8990.67
3254,3654,957,Defective,2023-09-07,3498.4
3255,293,421,Defective,2026-06-14,16091.67
3256,18254,253,Wrong Item,2025-08-20,15814.94
3257,24185,260,Wrong Item,2025-04-12,22206.07
3258,8807,684,Missing Parts,2023-05-16,20314.49
3259,4822,58,Defective,2025-07-18,515.66
3260,7412,456,Changed Mind,2023-03-28,6153.62
3261,16939,291,Damaged,2025-06-26,23016.84
3262,11212,546,Changed Mind,2023-02-02,3729.91
3263,13793,749,Late Delivery,2023-06-13,4747.95
3264,20479,596,Defective,2025-05-05,22169.3
3265,12798,485,Changed Mind,2024-02-29,22076.75
3266,2401,508,Defective,2024-05-13,16715.0
3267,13303,959,Damaged,2024-04-06,18836.51
3268,24884,485,Late Delivery,2026-02-05,24053.48
3269,17151,628,Defective,2024-02-01,24304.73
3270,4512,499,Damaged,2025-10-21,17982.16
3271,21105,170,Damaged,2024-09-02,12265.82
3272,185,384,Missing Parts,2024-07-28,10891.59
3273,20833,982,Defective,2025-06-08,18499.91
3274,11632,126,Wrong Item,2024-10-10,9048.86
3275,786,21,Missing Parts,2025-11-18,14425.74
3276,15213,621,Missing Parts,2023-04-17,16422.3
3277,10403,473,Defective,2024-05-21,5883.29
3278,9233,577,Late Delivery,2025-03-08,7204.75
3279,10234,253,Missing Parts,2026-11-02,15043.66
3280,24363,619,Wrong Item,2026-09-17,24208.47
3281,4791,193,Defective,2023-07-22,3600.37
3282,14501,526,Damaged,2026-10-28,2798.41
3283,22875,677,Wrong Item,2027-01-13,24214.6
3284,18224,485,Defective,2024-07-01,4819.17
3285,909,643,Wrong Item,2023-11-18,9321.62
3286,11621,600,Wrong Item,2024-08-04,9106.04
3287,14924,391,Defective,2023-05-17,15127.5
3288,20073,609,Changed Mind,2024-03-08,12174.13
3289,2199,841,Wrong Item,2024-03-31,650.13
3290,9897,210,Missing Parts,2023-06-21,2296.23
3291,17879,196,Late Delivery,2026-06-22,20032.83
3292,12015,437,Changed Mind,2025-05-11,16815.75
3293,9262,629,Late Delivery,2024-10-01,10985.65
3294,14261,315,Damaged,2024-10-14,189.05
3295,14575,141,Late Delivery,2026-05-08,10181.15
3296,8625,167,Wrong Item,2026-04-11,443.04
3297,20885,430,Missing Parts,2026-08-09,12036.51
3298,18756,713,Missing Parts,2024-06-02,22799.25
3299,2950,166,Changed Mind,2024-12-14,5656.66
3300,13496,815,Changed Mind,2026-06-20,2134.95
3301,7366,710,Late Delivery,2026-12-15,19469.5
3302,14893,993,Missing Parts,2026-03-20,916.95
3303,128,524,Damaged,2024-09-05,10932.15
3304,2121,476,Changed Mind,2024-02-27,24072.53
3305,18025,404,Missing Parts,2024-09-08,16443.19
3306,19631,816,Missing Parts,2025-07-01,224.39
3307,17438,992,Wrong Item,2025-07-05,5222.94
3308,3143,329,Defective,2026-10-15,23816.53
3309,14826,621,Damaged,2023-03-10,11108.13
3310,12252,839,Changed Mind,2025-02-03,14472.32
3311,2624,614,Defective,2025-03-10,17147.8
3312,5851,784,Defective,2025-03-17,20654.07
3313,19669,158,Missing Parts,2024-05-18,12660.82
3314,2245,223,Defective,2026-02-27,731.95
3315,24107,544,Missing Parts,2024-04-06,11432.06
3316,22892,407,Wrong Item,2026-08-10,22500.89
3317,12467,289,Changed Mind,2024-02-09,10308.01
3318,8211,685,Damaged,2024-03-30,24041.75
3319,20709,294,Damaged,2025-12-16,23496.62
3320,2665,934,Late Delivery,2023-08-24,341.24
3321,12185,734,Defective,2026-07-10,18753.83
3322,13075,570,Defective,2023-01-26,1735.91
3323,4269,255,Wrong Item,2025-11-03,4454.05
3324,11489,5,Defective,2026-04-12,2563.29
3325,8134,602,Damaged,2024-01-20,6944.44
3326,21643,104,Wrong Item,2024-05-19,8576.82
3327,11850,359,Wrong Item,2024-10-24,11134.5
3328,11874,399,Changed Mind,2023-02-22,18909.57
3329,12689,743,Changed Mind,2024-09-29,18888.6
3330,11525,540,Wrong Item,2024-10-16,2315.07
3331,21706,546,Wrong Item,2026-11-21,5202.94
3332,4685,940,Wrong Item,2025-12-28,10122.13
3333,20683,302,Damaged,2023-06-15,4605.77
3334,9807,832,Wrong Item,2026-10-06,20172.74
3335,10763,890,Wrong Item,2025-10-10,136.18
3336,24706,820,Defective,2025-01-23,3331.73
3337,15019,276,Late Delivery,2026-04-16,11576.7
3338,13999,302,Wrong Item,2026-05-03,5880.84
3339,2397,681,Changed Mind,2025-02-20,9428.75
3340,18659,418,Late Delivery,2026-04-14,7505.74
3341,12844,19,Missing Parts,2024-01-17,11782.02
3342,14821,661,Changed Mind,2026-04-08,7280.4
3343,4760,620,Defective,2023-09-17,1951.43
3344,22885,683,Late Delivery,2024-09-17,2063.12
3345,16585,632,Defective,2025-11-21,9918.11
3346,5619,547,Missing Parts,2025-03-30,629.87
3347,14745,681,Changed Mind,2024-03-22,6050.06
3348,22580,911,Late Delivery,2026-01-17,1755.27
3349,6975,189,Missing Parts,2025-09-08,823.23
3350,6887,349,Defective,2024-09-18,18069.86
3351,8282,545,Damaged,2023-09-07,11256.03
3352,785,320,Changed Mind,2023-03-28,5631.39
3353,14674,879,Late Delivery,2024-06-23,17264.8
3354,19406,675,Missing Parts,2024-12-14,13496.15
3355,4442,529,Missing Parts,2024-04-27,12932.95
3356,6933,981,Damaged,2024-07-31,1863.39
3357,15237,535,Damaged,2024-03-26,11238.9
3358,16830,735,Damaged,2024-12-11,1467.95
3359,15502,500,Late Delivery,2024-08-05,10210.29
3360,990,657,Damaged,2023-04-24,5187.73
3361,22104,256,Wrong Item,2024-04-21,24879.63
3362,9255,654,Changed Mind,2026-01-20,6834.37
3363,11177,599,Missing Parts,2024-04-11,23970.98
3364,17316,806,Late Delivery,2023-05-24,10757.73
3365,2133,262,Wrong Item,2023-08-06,21572.2
3366,47,696,Defective,2023-01-13,11980.37
3367,3366,304,Changed Mind,2026-11-13,18983.1
3368,19932,849,Wrong Item,2026-10-19,11818.73
3369,16597,440,Missing Parts,2023-07-12,473.59
3370,22642,921,Damaged,2023-06-23,11014.64
3371,4871,573,Late Delivery,2023-07-01,5467.39
3372,22920,116,Defective,2024-03-11,14679.45
3373,2098,463,Missing Parts,2025-12-11,10484.51
3374,2391,746,Late Delivery,2027-01-13,24926.16
3375,8108,337,Changed Mind,2025-10-12,4038.71
3376,8281,959,Damaged,2025-07-14,16005.71
3377,16952,997,Defective,2024-09-09,6944.56
3378,3030,870,Late Delivery,2024-03-04,9982.25
3379,4834,228,Changed Mind,2025-09-05,6715.44
3380,469,974,Late Delivery,2023-06-09,21021.53
3381,8532,666,Late Delivery,2025-07-23,7151.09
3382,4364,120,Defective,2026-09-14,2297.52
3383,2316,823,Wrong Item,2024-01-12,12691.91
3384,10870,902,Wrong Item,2025-11-19,10154.97
3385,14225,838,Late Delivery,2025-07-06,8736.69
3386,878,946,Damaged,2023-12-10,16871.87
3387,8992,733,Damaged,2025-08-07,14876.33
3388,10541,957,Defective,2024-05-25,21976.59
3389,8523,963,Defective,2026-11-08,5453.15
3390,15973,833,Changed Mind,2024-08-02,3429.8
3391,3154,129,Late Delivery,2026-08-26,16743.56
3392,8296,371,Late Delivery,2023-01-31,13595.21
3393,8748,533,Changed Mind,2024-12-16,155.87
3394,9089,990,Changed Mind,2025-06-28,21292.31
3395,11190,889,Defective,2026-02-27,21986.46
3396,23249,273,Defective,2025-06-24,15410.64
3397,9866,321,Missing Parts,2023-09-22,4544.32
3398,7419,806,Defective,2025-10-26,8841.69
3399,14254,525,Wrong Item,2026-09-12,617.2
3400,5123,387,Late Delivery,2023-06-27,20817.27
3401,5998,879,Changed Mind,2025-05-14,19439.23
3402,14878,627,Missing Parts,2026-09-12,6786.68
3403,12893,123,Wrong Item,2024-04-28,16218.82
3404,21796,666,Late Delivery,2023-07-28,9405.89
3405,15857,730,Damaged,2023-12-13,24065.27
3406,12749,614,Changed Mind,2023-11-24,10483.07
3407,14122,660,Wrong Item,2023-10-03,15455.41
3408,11851,551,Missing Parts,2025-07-03,13042.82
3409,859,923,Wrong Item,2024-08-05,11470.04
3410,18952,920,Late Delivery,2024-08-03,9090.24
3411,14272,674,Wrong Item,2023-02-27,15927.54
3412,18171,559,Damaged,2025-12-16,2620.85
3413,15824,508,Damaged,2023-11-10,9887.08
3414,14621,425,Changed Mind,2026-10-12,18645.91
3415,6809,10,Late Delivery,2026-03-14,14634.39
3416,24165,294,Late Delivery,2026-11-23,20196.9
3417,15022,39,Missing Parts,2023-03-10,336.49
3418,1279,481,Late Delivery,2024-04-26,22119.12
3419,18864,575,Missing Parts,2023-12-11,18591.12
3420,10965,30,Wrong Item,2024-12-12,1565.17
3421,15619,950,Wrong Item,2024-09-27,15218.68
3422,10544,680,Damaged,2024-02-21,7195.84
3423,12733,369,Missing Parts,2026-05-24,11306.79
3424,17005,949,Wrong Item,2023-03-14,375.08
3425,21092,399,Late Delivery,2023-06-06,17677.3
3426,24057,305,Damaged,2026-02-11,2959.89
3427,17724,889,Missing Parts,2025-08-30,4664.55
3428,22663,34,Defective,2026-08-17,21057.6
3429,5653,21,Changed Mind,2026-10-25,18636.43
3430,1762,390,Late Delivery,2023-02-08,10095.28
3431,19749,705,Missing Parts,2023-10-02,13948.63
3432,7804,488,Defective,2025-05-31,5580.02
3433,5668,230,Defective,2026-09-16,21673.74
3434,21628,671,Missing Parts,2025-12-01,10875.95
3435,13551,625,Wrong Item,2026-07-07,6288.75
3436,17317,862,Damaged,2023-03-12,15802.93
3437,3754,228,Wrong Item,2024-08-03,11110.34
3438,2411,900,Missing Parts,2024-09-15,8966.85
3439,15868,388,Wrong Item,2025-03-23,10801.23
3440,20547,329,Defective,2024-07-27,1467.05
3441,11515,261,Defective,2025-09-09,6171.04
3442,9569,386,Wrong Item,2023-12-12,2615.14
3443,10905,245,Missing Parts,2025-08-03,24124.74
3444,12925,615,Damaged,2023-09-26,22867.8
3445,21187,798,Defective,2023-09-22,16573.39
3446,7139,268,Late Delivery,2023-06-28,1780.42
3447,3090,740,Defective,2026-03-16,4925.25
3448,15364,331,Late Delivery,2024-07-08,22236.89
3449,4892,296,Defective,2025-01-07,432.2
3450,5158,264,Defective,2023-05-30,16586.4
3451,15313,891,Damaged,2025-01-28,1954.14
3452,2702,445,Changed Mind,2025-05-13,9684.25
3453,21544,869,Wrong Item,2027-01-06,5261.18
3454,4202,143,Missing Parts,2023-05-01,14850.04
3455,8040,65,Missing Parts,2023-06-18,23338.6
3456,22768,697,Changed Mind,2025-08-02,22272.35
3457,636,435,Changed Mind,2024-01-27,11285.93
3458,12979,485,Damaged,2025-02-28,18539.88
3459,10247,888,Missing Parts,2024-05-20,2268.66
3460,7749,710,Missing Parts,2025-01-24,7310.85
3461,14845,48,Wrong Item,2023-05-08,19271.82
3462,10292,204,Defective,2023-02-08,16413.04
3463,12003,561,Wrong Item,2026-01-01,7158.89
3464,9270,779,Damaged,2026-11-18,7630.23
3465,8830,813,Missing Parts,2023-09-18,21644.49
3466,7706,486,Missing Parts,2025-04-24,15467.18
3467,18622,287,Late Delivery,2026-04-14,5049.6
3468,6224,246,Damaged,2025-04-19,11657.75
3469,6264,257,Changed Mind,2025-12-04,24496.67
3470,8971,628,Changed Mind,2023-07-20,12615.41
3471,12208,544,Wrong Item,2024-10-15,13269.52
3472,21918,657,Defective,2024-06-29,15450.62
3473,15899,444,Damaged,2023-03-12,7313.78
3474,21476,84,Changed Mind,2026-02-05,23417.65
3475,5254,906,Late Delivery,2023-11-27,1407.36
3476,4424,436,Wrong Item,2026-12-28,1517.85
3477,3371,638,Damaged,2023-03-09,3189.07
3478,20658,638,Missing Parts,2026-01-21,23807.0
3479,22346,159,Defective,2025-04-19,13412.9
3480,8089,178,Defective,2023-08-26,13287.1
3481,11214,241,Defective,2023-04-22,4022.45
3482,18038,792,Late Delivery,2023-12-09,141.45
3483,7578,145,Damaged,2024-05-22,21342.82
3484,12900,883,Late Delivery,2024-04-22,16812.82
3485,5421,910,Damaged,2023-09-23,23400.22
3486,19204,223,Damaged,2026-07-14,1846.77
3487,8921,855,Defective,2026-10-09,10422.29
3488,16545,999,Late Delivery,2024-09-06,7203.02
3489,4333,149,Defective,2025-11-15,8167.54
3490,17954,240,Wrong Item,2025-04-01,5172.21
3491,18362,572,Damaged,2025-01-20,15592.01
3492,13635,590,Missing Parts,2024-01-09,10817.41
3493,14250,823,Missing Parts,2025-10-30,20091.98
3494,8796,196,Defective,2026-06-29,8737.23
3495,15418,632,Defective,2025-04-25,14488.11
3496,467,176,Defective,2023-06-10,2017.82
3497,14765,339,Late Delivery,2025-12-16,15937.29
3498,7713,719,Wrong Item,2024-02-14,7321.78
3499,22206,156,Wrong Item,2026-08-16,17166.34
3500,10204,785,Damaged,2026-08-06,2324.35
