InventoryID,ProductID,StoreID,StockAvailable,ReorderLevel,LastRestocked
1,681,23,339,114,2024-07-18
2,803,59,453,70,2024-03-29
3,492,37,411,37,2026-01-26
4,172,25,688,125,2023-04-25
5,279,26,583,114,2023-03-23
6,429,56,236,129,2024-07-28
7,745,16,347,75,2024-11-24
8,172,48,738,114,2025-02-27
9,237,2,90,24,2023-10-01
10,786,74,244,149,2026-02-11
11,536,49,796,20,2025-10-29
12,240,75,42,30,2024-09-18
13,315,77,606,96,2024-03-29
14,986,35,206,74,2025-08-22
15,496,11,695,113,2023-04-26
16,733,30,622,55,2024-01-26
17,429,27,115,81,2023-06-02
18,704,13,347,127,2024-12-26
19,107,48,94,147,2023-10-27
20,32,25,-34,82,2023-02-25
21,812,28,-27,44,2025-07-17
22,771,73,-40,80,2024-06-11
23,545,56,-4,112,2023-06-14
24,784,49,-10,21,2023-07-20
25,858,46,-11,116,2024-11-20
26,370,11,-20,47,2023-12-11
27,863,36,-28,83,2024-02-11
28,320,7,-48,100,2023-07-23
29,368,76,-32,140,2024-02-27
30,64,66,-34,65,2025-07-14
31,880,39,-35,126,2025-05-07
32,284,50,-30,45,2026-01-01
33,817,40,-30,93,2025-03-06
34,672,49,-6,51,2024-12-01
35,224,43,-2,51,2025-03-28
36,316,47,-23,43,2025-10-15
37,858,10,-40,94,2025-08-09
38,514,80,-38,39,2025-03-13
39,657,28,-16,129,2024-08-26
40,555,65,-36,137,2025-09-22
41,120,17,608,56,2025-02-02
42,603,67,201,44,2025-09-12
43,935,66,296,96,2024-01-25
44,64,19,114,132,2025-10-25
45,437,71,346,29,2024-10-19
46,311,67,471,65,2024-04-27
47,278,19,227,86,2025-01-04
48,646,11,635,112,2025-04-02
49,114,7,326,100,2024-10-04
50,228,39,739,64,2023-11-14
51,300,62,500,73,2026-03-25
52,392,6,799,120,2023-10-22
53,903,28,583,32,2023-04-19
54,727,34,84,81,2023-06-07
55,12,21,501,73,2023-07-11
56,727,65,344,28,2023-06-11
57,138,21,649,66,2024-09-26
58,765,12,149,41,2025-12-15
59,682,50,569,39,2024-08-17
60,151,69,15000,41,2024-06-01
61,182,28,15000,121,2023-06-15
62,476,7,15000,77,2025-03-26
63,150,40,15000,92,2026-03-02
64,293,39,15000,72,2024-06-21
65,317,54,15000,147,2024-06-20
66,495,58,15000,95,2025-03-20
67,379,19,15000,78,2024-03-13
68,537,58,15000,99,2025-05-06
69,652,35,15000,71,2025-08-15
70,644,13,15000,101,2024-08-07
71,127,51,15000,126,2025-06-06
72,600,70,15000,64,2025-03-18
73,979,74,15000,35,2023-03-31
74,537,59,15000,72,2024-10-14
75,352,19,15000,106,2023-01-05
76,282,65,675,149,2024-11-25
77,862,80,91,71,2024-08-20
78,462,15,338,112,2023-06-05
79,780,51,604,50,2025-02-20
80,473,42,633,65,2024-07-13
81,185,73,25,54,2026-02-08
82,63,52,519,142,2024-10-18
83,377,80,406,90,2023-09-26
84,607,55,737,25,2024-09-12
85,612,64,714,70,2025-08-04
86,608,57,371,68,2025-08-28
87,941,69,348,97,2023-09-28
88,435,42,234,79,2024-04-20
89,522,77,375,108,2024-11-27
90,996,16,547,29,2025-03-14
91,603,3,214,92,2024-03-07
92,765,39,253,92,2023-05-22
93,645,35,36,133,2023-08-16
94,552,42,209,135,2024-04-09
95,106,72,648,125,2023-07-11
96,24,26,433,127,2025-09-15
97,684,66,10,111,2025-08-29
98,867,16,200,94,2023-05-07
99,455,75,356,38,2024-06-20
100,702,63,773,873,2025-03-14
101,966,22,378,478,2024-06-19
102,644,35,143,243,2023-06-23
103,123,51,82,182,2023-04-04
104,332,36,774,874,2025-04-17
105,516,2,73,173,2025-05-21
106,507,69,329,429,2025-08-17
107,600,35,243,343,2024-10-09
108,828,20,549,649,2024-11-29
109,908,26,430,530,2026-01-29
110,73,42,600,700,2026-01-12
111,962,14,13,113,2024-04-26
112,539,5,692,792,2023-12-29
113,176,4,691,791,2024-08-02
114,102,71,775,875,2025-10-13
115,707,77,602,702,2025-03-04
116,697,74,793,893,2024-04-17
117,31,41,309,409,2025-07-13
118,368,58,458,558,2025-05-23
119,765,47,173,273,2024-10-27
120,84,19,443,543,2025-06-17
121,352,34,798,898,2023-03-19
122,725,69,321,421,2023-09-22
123,619,29,604,704,2026-03-30
124,488,4,419,519,2024-05-31
125,776,74,356,456,2025-01-05
126,420,23,709,809,2025-10-28
127,994,61,11,111,2023-06-05
128,749,32,455,555,2026-01-04
129,413,71,629,729,2025-06-26
130,452,31,14,114,2024-09-14
131,951,34,634,734,2023-07-02
132,716,20,36,136,2023-03-10
133,139,4,472,572,2024-07-12
134,495,34,461,561,2024-06-28
135,141,68,253,353,2025-11-12
136,279,33,228,328,2024-06-15
137,478,24,175,275,2024-05-30
138,327,55,748,848,2024-08-05
139,790,18,389,489,2025-03-19
140,62,21,755,855,2026-03-18
141,910,28,629,729,2026-01-10
142,117,69,312,412,2023-10-24
143,778,79,685,785,2025-07-08
144,721,15,748,848,2024-11-23
145,358,18,227,327,2023-06-07
146,603,22,263,363,2023-06-06
147,571,40,250,350,2025-05-26
148,467,72,531,631,2024-01-03
149,793,30,385,485,2026-03-10
150,198,2,446,546,2023-08-11
151,591,64,310,410,2023-05-01
152,136,39,384,484,2023-03-18
153,654,38,449,549,2024-02-03
154,449,23,521,621,2025-02-17
155,958,31,11,111,2024-08-20
156,494,20,588,688,2023-01-18
157,881,37,408,508,2024-12-25
158,430,73,644,744,2026-03-01
159,198,58,564,664,2025-11-17
160,568,58,103,203,2024-10-07
161,26,45,244,344,2025-06-18
162,539,67,763,863,2025-08-07
163,873,63,296,396,2023-09-03
164,745,56,613,713,2025-07-05
165,950,27,195,295,2023-03-12
166,223,5,608,708,2025-10-07
167,755,46,730,830,2024-09-24
168,656,11,618,718,2023-09-15
169,438,43,226,326,2023-05-11
170,195,72,85,185,2024-06-15
171,128,11,460,560,2025-11-04
172,347,44,270,370,2024-05-17
173,34,33,113,213,2024-11-24
174,894,34,628,728,2023-04-20
175,191,3,10,110,2023-06-25
176,70,28,113,213,2024-06-02
177,356,71,504,604,2025-04-17
178,633,21,339,439,2023-11-18
179,686,57,193,293,2025-12-16
180,370,40,779,879,2023-07-26
181,906,59,582,682,2023-02-19
182,918,34,687,787,2024-06-16
183,784,6,75,175,2024-09-28
184,809,19,780,880,2025-04-20
185,248,27,291,391,2024-09-11
186,850,57,292,392,2023-04-29
187,702,53,622,722,2023-05-15
188,450,20,314,414,2023-05-12
189,624,13,92,192,2025-12-12
190,728,70,592,692,2024-12-30
191,784,63,354,454,2025-05-12
192,98,6,699,799,2024-08-09
193,955,57,89,189,2024-09-11
194,146,15,23,123,2025-04-08
195,562,21,276,376,2024-10-11
196,809,15,653,753,2025-07-23
197,327,21,139,239,2025-10-20
198,896,79,713,813,2025-03-05
199,895,19,278,378,2025-12-17
200,843,47,735,835,2025-01-06
201,52,30,731,831,2023-09-28
202,264,2,573,673,2023-02-23
203,137,36,452,552,2026-03-20
204,743,9,96,196,2025-04-21
205,666,32,194,294,2023-10-31
206,341,38,175,275,2024-12-07
207,417,35,293,393,2023-06-19
208,764,71,394,494,2024-12-15
209,113,64,482,582,2024-06-15
210,749,37,634,734,2025-03-30
211,53,37,96,196,2023-02-08
212,822,70,18,118,2024-10-17
213,376,71,513,613,2024-02-04
214,185,49,631,731,2023-06-15
215,82,50,169,269,2023-08-29
216,955,54,765,865,2025-11-30
217,250,36,577,677,2025-11-19
218,147,44,687,787,2024-08-09
219,78,43,789,889,2023-10-19
220,961,25,792,892,2023-04-01
221,623,79,254,141,2024-12-13
222,955,22,568,41,2025-06-04
223,101,21,318,147,2023-05-08
224,521,61,650,121,2023-06-29
225,79,30,503,63,2025-11-28
226,149,61,340,37,2025-06-04
227,638,70,778,49,2025-06-21
228,397,66,383,58,2024-10-08
229,417,11,203,51,2025-12-27
230,902,41,673,36,2023-03-17
231,315,37,405,59,2023-05-18
232,987,50,734,150,2025-11-15
233,170,75,232,106,2024-04-18
234,144,15,455,120,2025-03-06
235,426,46,299,32,2025-03-19
236,348,29,41,50,2023-11-07
237,383,10,221,31,2023-03-21
238,537,8,715,126,2025-11-02
239,903,78,127,61,2023-12-08
240,104,77,28,64,2025-04-24
241,548,42,607,100,2023-04-13
242,235,74,768,140,2025-09-21
243,790,13,71,124,2025-02-07
244,325,68,592,138,2025-05-24
245,265,26,781,134,2024-05-02
246,73,69,43,131,2023-07-21
247,181,39,735,99,2025-09-14
248,659,78,61,105,2024-01-30
249,870,49,684,125,2023-05-12
250,75,12,543,95,2023-06-10
251,159,38,196,26,2026-02-13
252,799,35,723,120,2024-06-08
253,421,8,506,107,2025-06-02
254,711,48,327,144,2025-11-30
255,225,52,680,107,2024-02-02
256,170,66,474,77,2023-06-03
257,451,34,646,131,2025-01-15
258,545,24,143,105,2025-06-02
259,147,36,329,81,2025-11-06
260,940,74,489,116,2023-01-13
261,323,64,138,94,2024-01-24
262,873,43,660,59,2025-03-26
263,157,65,369,59,2025-12-18
264,883,73,138,57,2025-02-18
265,28,47,575,37,2023-09-14
266,708,20,775,81,2024-09-29
267,822,44,594,140,2025-01-29
268,496,55,561,113,2026-03-30
269,201,78,482,138,2023-02-25
270,195,55,495,24,2023-03-04
271,908,10,35,115,2024-06-04
272,830,10,547,125,2025-11-20
273,764,66,786,85,2023-08-18
274,942,62,467,81,2023-02-23
275,44,79,49,65,2024-11-18
276,414,7,308,49,2025-06-15
277,982,7,452,22,2023-04-05
278,710,56,648,91,2023-05-19
279,28,22,294,87,2024-02-19
280,939,23,376,123,2025-08-17
281,958,73,204,88,2023-06-22
282,108,39,360,91,2025-10-18
283,876,33,163,30,2026-01-16
284,159,1,501,28,2024-08-24
285,193,8,226,146,2023-06-29
286,682,55,210,107,2024-07-15
287,381,17,558,127,2024-04-21
288,808,41,200,26,2025-02-27
289,698,59,165,115,2024-08-06
290,351,29,798,59,2025-05-15
291,270,45,721,114,2025-05-04
292,874,72,47,141,2026-03-22
293,187,17,395,84,2023-02-07
294,554,7,514,114,2025-09-30
295,255,8,194,96,2024-04-08
296,725,16,437,81,2024-02-22
297,429,61,518,92,2023-03-02
298,926,25,553,96,2024-11-16
299,229,56,191,40,2023-10-01
300,367,36,174,72,1900-01-01 00:00:00
301,672,47,306,105,1900-01-01 00:00:00
302,90,52,437,21,1900-01-01 00:00:00
303,234,58,49,56,1900-01-01 00:00:00
304,419,79,365,51,1900-01-01 00:00:00
305,649,66,587,131,1900-01-01 00:00:00
306,442,15,345,63,1900-01-01 00:00:00
307,355,59,145,135,1900-01-01 00:00:00
308,587,77,730,93,1900-01-01 00:00:00
309,370,67,326,73,1900-01-01 00:00:00
310,37,77,728,104,1900-01-01 00:00:00
311,802,11,100,58,1900-01-01 00:00:00
312,181,45,303,102,1900-01-01 00:00:00
313,970,44,406,123,1900-01-01 00:00:00
314,250,75,549,122,1900-01-01 00:00:00
315,263,28,207,136,1900-01-01 00:00:00
316,351,30,5,139,1900-01-01 00:00:00
317,709,80,655,117,1900-01-01 00:00:00
318,90,17,112,107,1900-01-01 00:00:00
319,605,60,454,67,1900-01-01 00:00:00
320,657,56,34,103,1900-01-01 00:00:00
321,481,12,302,39,1900-01-01 00:00:00
322,392,8,772,29,1900-01-01 00:00:00
323,146,14,615,44,1900-01-01 00:00:00
324,351,72,221,83,1900-01-01 00:00:00
325,827,14,608,116,1900-01-01 00:00:00
326,853,51,722,26,1900-01-01 00:00:00
327,723,10,532,49,1900-01-01 00:00:00
328,906,26,592,134,1900-01-01 00:00:00
329,404,11,424,58,1900-01-01 00:00:00
330,401,21,726,111,1900-01-01 00:00:00
331,528,77,457,36,1900-01-01 00:00:00
332,506,23,84,138,1900-01-01 00:00:00
333,710,79,780,47,1900-01-01 00:00:00
334,419,52,687,129,1900-01-01 00:00:00
335,832,5,208,77,1900-01-01 00:00:00
336,308,56,637,113,1900-01-01 00:00:00
337,236,42,67,143,1900-01-01 00:00:00
338,754,40,227,95,1900-01-01 00:00:00
339,978,4,642,125,1900-01-01 00:00:00
340,472,74,65,118,1900-01-01 00:00:00
341,680,80,57,148,1900-01-01 00:00:00
342,970,39,697,41,1900-01-01 00:00:00
343,257,17,613,148,1900-01-01 00:00:00
344,640,5,478,60,1900-01-01 00:00:00
345,402,29,775,103,1900-01-01 00:00:00
346,34,12,306,97,1900-01-01 00:00:00
347,388,26,776,136,1900-01-01 00:00:00
348,446,68,599,62,1900-01-01 00:00:00
349,70,54,794,61,1900-01-01 00:00:00
350,610,22,292,135,1900-01-01 00:00:00
351,553,10,290,33,2023-04-12
352,897,36,576,74,2024-05-07
353,246,68,675,60,2024-05-29
354,493,11,126,23,2023-10-18
355,793,80,398,96,2023-11-07
356,303,19,222,130,2025-09-17
357,235,50,646,48,2025-09-08
358,970,50,547,44,2023-11-28
359,854,34,671,43,2023-08-01
360,937,62,120,25,2024-09-15
361,442,14,353,21,2026-03-25
362,139,26,731,102,2023-12-25
363,811,17,331,89,2025-11-30
364,696,61,251,35,2023-02-18
365,482,58,663,121,2023-05-01
366,526,25,571,56,2025-04-11
367,543,74,691,32,2025-08-31
368,860,62,674,54,2024-07-20
369,869,59,727,83,2023-04-23
370,899,62,4,44,2025-06-17
371,211,3,308,66,2024-09-05
372,640,6,73,57,2025-03-24
373,930,8,355,94,2024-11-15
374,714,33,25,76,2025-11-19
375,595,71,213,41,2023-09-28
376,689,71,127,113,2023-10-02
377,556,43,519,126,2026-01-26
378,859,51,401,21,2025-01-18
379,727,46,254,145,2023-10-22
380,1000,76,542,92,2024-12-09
381,745,60,245,134,2025-11-13
382,824,65,387,104,2024-03-20
383,193,67,518,63,2023-02-06
384,646,4,100,35,2025-08-14
385,839,50,771,47,2025-04-02
386,331,54,65,39,2025-11-05
387,801,59,294,146,2024-01-27
388,11,51,659,32,2023-02-22
389,47,39,795,121,2024-04-30
390,422,53,232,92,2024-04-28
391,48,34,47,78,2025-10-19
392,721,31,34,111,2024-10-04
393,544,1,238,107,2023-12-20
394,231,61,710,90,2025-01-13
395,717,47,692,106,2025-03-31
396,391,60,203,84,2023-11-23
397,725,33,413,84,2025-01-17
398,244,10,538,72,2025-08-10
399,721,38,640,149,2025-06-15
400,385,3,621,129,2023-06-27
401,402,51,38,150,2023-10-11
402,279,20,609,112,2025-11-20
403,8,75,193,95,2023-04-12
404,938,45,700,25,2023-08-01
405,141,43,163,86,2024-01-28
406,984,30,537,98,2023-11-17
407,601,15,792,25,2024-07-07
408,80,65,1,136,2023-04-03
409,338,29,751,51,2025-01-29
410,106,49,150,148,2025-09-30
411,83,15,359,49,2023-03-31
412,831,37,19,99,2023-04-29
413,996,33,133,88,2025-10-05
414,990,29,566,64,2024-11-03
415,236,79,227,67,2023-12-23
416,85,30,165,20,2024-02-03
417,34,48,328,143,2024-07-16
418,462,22,501,55,2025-06-22
419,796,2,225,41,2025-01-07
420,705,57,455,107,2023-06-09
421,775,29,653,24,2023-02-11
422,482,78,533,131,2024-01-04
423,328,43,92,61,2025-08-24
424,380,58,133,78,2024-06-21
425,515,48,312,143,2024-01-02
426,479,76,277,134,2023-04-13
427,308,55,445,52,2024-04-23
428,449,16,646,40,2024-04-01
429,610,29,448,82,2024-01-11
430,49,51,368,60,2026-01-06
431,531,40,485,77,2024-01-17
432,479,31,139,128,2026-01-03
433,499,42,177,89,2023-08-29
434,834,12,671,95,2025-02-09
435,524,45,650,85,2025-03-05
436,130,1,558,144,2024-02-06
437,566,21,225,55,2024-04-11
438,560,39,251,101,2023-11-14
439,373,17,186,114,2025-08-18
440,922,48,52,46,2026-03-29
441,163,37,142,64,2025-09-06
442,361,55,681,44,2024-10-26
443,633,36,279,103,2023-08-19
444,737,57,581,98,2024-10-10
445,149,49,157,90,2025-01-20
446,505,3,34,105,2024-06-24
447,911,72,172,92,2025-03-22
448,140,72,583,49,2026-03-06
449,858,20,580,90,2023-02-06
450,840,59,680,144,2026-03-11
451,713,59,787,98,2023-04-01
452,944,19,335,93,2025-09-27
453,647,33,576,73,2024-07-15
454,587,23,640,130,2023-08-29
455,952,80,708,63,2024-05-09
456,941,19,346,90,2024-07-14
457,156,20,736,87,2023-09-17
458,893,68,233,59,2025-08-30
459,455,77,779,138,2023-11-16
460,6,56,755,121,2025-07-13
461,414,28,597,47,2023-03-01
462,202,53,327,101,2024-04-23
463,59,24,715,144,2023-12-19
464,884,2,570,77,2025-09-16
465,255,11,730,72,2024-04-17
466,657,79,382,74,2024-07-16
467,756,72,122,32,2023-05-12
468,209,51,275,34,2023-11-22
469,63,55,418,143,2024-09-27
470,481,60,548,117,2025-09-02
471,8,53,566,63,2025-06-25
472,172,7,612,117,2024-09-22
473,156,52,618,23,2024-08-08
474,219,19,179,131,2023-05-05
475,476,77,147,24,2024-01-24
476,489,24,600,119,2024-04-11
477,570,40,194,86,2024-06-24
478,239,76,569,121,2025-12-05
479,661,58,238,23,2025-03-09
480,226,63,718,23,2024-04-01
481,153,61,675,150,2023-01-07
482,784,29,696,142,2025-04-20
483,88,58,77,33,2026-02-10
484,656,17,204,111,2023-05-29
485,563,45,394,129,2023-02-19
486,692,69,752,79,2024-10-16
487,89,63,38,22,2023-11-27
488,834,52,624,112,2023-07-05
489,985,38,52,78,2023-01-12
490,863,70,427,33,2025-07-18
491,622,50,675,118,2023-10-19
492,45,2,467,148,2023-06-24
493,77,26,363,40,2024-04-21
494,688,52,180,122,2025-10-22
495,726,1,141,109,2025-01-31
496,697,29,472,118,2025-03-07
497,899,36,64,124,2024-08-26
498,836,34,187,135,2023-08-03
499,879,5,96,150,2025-04-12
500,54,20,119,60,2024-09-14
501,880,61,256,55,2025-03-26
502,189,71,309,71,2024-05-26
503,73,57,450,43,2025-08-27
504,948,2,239,106,2023-10-04
505,590,2,608,122,2025-09-18
506,313,20,375,116,2024-09-30
507,414,16,378,100,2025-12-29
508,717,40,261,120,2023-03-02
509,938,51,364,43,2025-02-17
510,264,65,224,41,2025-03-03
511,188,79,43,104,2025-01-27
512,237,20,55,79,2023-01-17
513,626,21,439,65,2025-12-12
514,268,3,283,88,2023-05-04
515,885,69,519,95,2023-09-20
516,558,43,554,51,2024-12-01
517,756,45,797,147,2024-07-05
518,898,47,20,110,2024-03-22
519,920,21,765,126,2023-01-31
520,441,18,234,72,2023-06-25
521,59,69,633,131,2024-06-25
522,512,80,295,92,2023-03-19
523,566,56,702,65,2023-05-21
524,740,56,599,130,2023-09-26
525,100,5,771,25,2023-12-04
526,92,26,114,28,2025-07-21
527,263,13,509,25,2023-08-28
528,987,10,559,142,2023-02-06
529,746,12,563,148,2024-11-30
530,97,13,192,89,2023-04-24
531,899,20,765,79,2024-07-17
532,769,12,792,86,2025-11-17
533,277,39,119,43,2025-12-15
534,551,75,231,69,2023-02-03
535,57,2,530,27,2025-11-02
536,713,54,555,26,2023-02-06
537,160,79,583,130,2023-05-07
538,915,30,221,69,2023-07-15
539,639,46,469,83,2026-04-11
540,204,37,73,58,2023-03-04
541,15,70,306,79,2024-05-16
542,439,59,318,20,2025-02-04
543,594,34,349,28,2023-07-02
544,121,30,40,48,2025-08-06
545,673,47,518,60,2023-04-27
546,465,69,733,128,2023-02-13
547,510,21,452,150,2023-10-20
548,522,17,215,20,2024-05-09
549,874,49,148,98,2025-11-12
550,440,3,99,143,2025-03-16
551,994,48,177,140,2024-01-15
552,303,51,264,115,2024-07-31
553,38,32,695,117,2023-01-27
554,690,50,721,140,2025-01-27
555,524,18,513,28,2025-08-03
556,62,32,219,42,2023-10-16
557,648,54,217,57,2025-05-01
558,58,3,256,143,2025-12-04
559,595,53,341,103,2025-03-26
560,760,42,301,129,2023-09-03
561,944,56,662,48,2023-09-07
562,795,27,54,24,2023-04-11
563,545,22,147,70,2024-05-15
564,996,11,661,44,2025-04-01
565,987,55,0,109,2024-03-05
566,177,34,419,125,2024-12-11
567,951,29,744,81,2025-10-31
568,9,3,249,20,2023-06-27
569,512,77,760,33,2025-11-11
570,590,76,554,87,2025-11-06
571,154,40,438,122,2023-11-21
572,356,37,551,77,2023-07-16
573,150,28,542,142,2024-07-24
574,643,21,207,136,2024-02-17
575,222,22,116,90,2025-06-02
576,361,60,297,23,2026-02-06
577,314,57,307,36,2025-04-08
578,698,56,365,58,2026-03-21
579,420,56,546,48,2024-02-17
580,855,5,764,55,2024-07-23
581,796,74,449,130,2023-10-31
582,221,48,741,76,2023-07-31
583,634,16,735,46,2024-02-06
584,742,61,114,77,2025-06-26
585,772,5,796,38,2025-11-30
586,506,73,765,97,2025-03-13
587,696,10,286,70,2025-09-15
588,508,56,616,103,2025-11-09
589,680,44,642,92,2025-08-05
590,587,43,791,34,2025-08-30
591,45,78,680,95,2024-04-03
592,767,71,626,143,2025-11-23
593,629,37,357,47,2024-12-09
594,490,28,80,104,2024-07-24
595,330,26,241,59,2024-01-13
596,378,71,45,149,2024-10-15
597,951,17,31,100,2023-03-18
598,966,55,544,122,2025-02-06
599,102,76,720,55,2025-12-06
600,200,71,521,83,2023-12-19
601,708,52,534,48,2023-04-18
602,15,29,165,60,2023-09-29
603,611,2,561,134,2023-04-20
604,449,72,69,58,2023-09-07
605,483,12,602,82,2023-11-29
606,963,41,289,52,2025-07-19
607,533,17,333,115,2024-09-21
608,935,78,371,122,2023-07-06
609,660,50,348,40,2023-05-25
610,776,8,621,103,2024-10-07
611,142,36,493,79,2023-12-25
612,445,56,648,38,2025-09-19
613,204,43,385,98,2026-02-12
614,627,53,183,124,2024-10-16
615,8,34,50,103,2024-09-20
616,892,49,688,146,2025-01-23
617,589,80,377,85,2025-03-25
618,856,52,714,121,2025-03-19
619,478,45,392,92,2023-09-16
620,855,25,598,67,2025-08-17
621,36,50,800,44,2024-05-10
622,830,30,103,22,2024-02-17
623,868,28,175,142,2025-10-02
624,460,10,773,41,2024-08-04
625,769,25,596,136,2023-06-13
626,563,38,132,24,2025-07-12
627,835,63,210,116,2025-01-15
628,563,56,470,48,2024-05-11
629,711,29,593,75,2026-01-19
630,665,18,420,108,2023-12-30
631,80,12,161,119,2025-06-25
632,374,34,448,141,2023-06-13
633,340,29,35,121,2025-05-16
634,701,41,139,69,2023-01-16
635,527,77,108,106,2026-01-08
636,904,65,180,78,2025-07-26
637,729,46,278,71,2024-06-07
638,431,74,37,53,2025-05-14
639,438,76,286,36,2023-01-18
640,69,5,262,32,2024-09-22
641,504,78,97,60,2023-02-24
642,117,43,616,23,2024-05-26
643,15,60,44,124,2024-11-21
644,716,31,5,79,2026-04-13
645,998,67,214,53,2024-12-13
646,21,14,339,98,2025-06-10
647,179,80,60,36,2023-03-19
648,840,13,395,84,2024-03-29
649,585,10,770,28,2023-05-27
650,402,50,281,75,2024-11-10
651,156,60,213,60,2023-08-27
652,584,70,619,133,2025-09-03
653,685,62,590,101,2024-08-12
654,235,79,582,75,2025-02-04
655,420,58,774,131,2023-08-19
656,583,55,581,107,2025-01-19
657,793,65,529,116,2025-04-01
658,853,18,651,61,2024-04-12
659,253,36,433,85,2025-01-16
660,223,18,11,103,2024-09-15
661,975,31,460,85,2023-09-24
662,19,71,751,57,2023-07-14
663,847,46,796,150,2025-03-01
664,110,45,639,55,2024-06-29
665,729,68,572,132,2024-04-01
666,912,50,180,145,2023-10-07
667,66,1,437,64,2023-03-17
668,428,19,485,119,2023-10-30
669,783,71,270,74,2026-01-17
670,804,74,71,41,2025-04-24
671,553,15,255,117,2024-02-04
672,380,47,4,107,2023-04-14
673,269,9,673,59,2024-01-16
674,908,25,740,84,2025-05-16
675,117,42,334,111,2025-12-06
676,882,50,710,66,2023-03-07
677,660,54,713,64,2024-01-18
678,522,41,574,67,2025-06-29
679,517,32,526,93,2025-04-01
680,902,2,50,52,2024-11-28
681,81,5,214,71,2025-10-15
682,152,72,690,85,2025-05-12
683,68,78,311,21,2025-04-15
684,471,55,499,115,2023-02-02
685,642,80,429,64,2025-07-12
686,162,75,174,46,2024-08-19
687,407,37,138,132,2023-09-20
688,108,41,633,27,2024-04-07
689,604,49,382,65,2024-08-05
690,730,23,712,148,2025-03-13
691,230,1,559,131,2024-05-26
692,133,34,33,135,2023-08-27
693,482,54,31,55,2024-03-30
694,680,60,711,36,2024-07-24
695,736,34,774,89,2025-07-07
696,280,55,6,83,2025-10-28
697,874,14,105,40,2024-07-06
698,278,78,674,86,2024-02-11
699,789,55,412,129,2025-09-01
700,51,78,345,63,2024-12-19
701,684,19,636,37,2025-03-17
702,711,34,769,92,2025-08-22
703,150,18,429,127,2023-03-14
704,163,13,715,35,2023-07-08
705,249,46,242,46,2025-02-19
706,336,8,188,121,2025-08-12
707,818,77,473,77,2024-07-24
708,295,56,166,58,2023-10-28
709,803,53,2,119,2025-06-27
710,238,37,441,81,2024-11-24
711,523,41,69,42,2024-09-09
712,929,57,477,132,2024-02-18
713,763,46,70,129,2025-07-04
714,100,61,756,79,2023-07-14
715,267,44,624,109,2025-10-27
716,722,30,348,87,2025-03-23
717,807,76,225,125,2024-08-19
718,891,79,590,79,2026-04-06
719,378,56,328,97,2024-06-09
720,158,27,65,33,2026-03-18
721,383,57,456,96,2025-07-10
722,507,11,341,62,2024-08-15
723,924,49,547,117,2024-03-06
724,495,48,555,89,2025-12-28
725,952,38,152,133,2025-12-06
726,419,27,207,102,2025-07-19
727,50,3,130,42,2024-08-23
728,398,27,216,119,2023-12-11
729,802,6,524,146,2023-06-19
730,424,22,88,110,2025-08-25
731,756,8,533,96,2024-12-06
732,3,9,680,90,2024-11-24
733,689,62,494,136,2024-01-02
734,968,58,1,146,2025-11-02
735,570,2,400,65,2023-06-18
736,643,34,481,54,2024-09-25
737,624,31,562,62,2024-10-16
738,891,61,175,117,2024-06-23
739,736,64,235,48,2023-08-26
740,295,34,397,118,2023-02-18
741,102,68,267,23,2024-01-22
742,879,27,708,125,2023-05-02
743,689,36,532,51,2024-05-15
744,784,45,436,110,2023-07-20
745,827,15,707,132,2024-03-10
746,662,12,363,42,2024-11-30
747,258,48,108,129,2024-07-31
748,416,5,110,84,2024-07-02
749,416,13,574,140,2026-04-03
750,489,16,578,134,2024-12-21
751,427,5,794,87,2024-10-15
752,619,69,235,120,2024-09-02
753,317,4,555,32,2025-03-07
754,511,53,783,120,2023-11-11
755,303,35,783,65,2025-06-01
756,175,4,38,144,2025-04-10
757,414,64,661,130,2025-11-11
758,689,13,324,136,2023-04-10
759,714,77,454,118,2023-06-27
760,876,50,149,67,2023-05-14
761,167,20,229,114,2023-01-12
762,968,9,92,109,2025-12-06
763,546,70,301,133,2025-09-01
764,636,64,443,39,2023-11-16
765,448,52,693,145,2024-09-29
766,829,47,431,78,2024-02-03
767,671,55,748,62,2024-04-20
768,712,49,572,117,2024-02-07
769,180,20,424,38,2023-12-10
770,895,3,771,116,2023-06-27
771,613,2,307,150,2023-06-08
772,844,51,327,72,2024-09-28
773,60,54,73,98,2023-01-20
774,402,61,158,40,2025-07-20
775,181,12,250,56,2024-10-13
776,312,63,234,60,2025-02-22
777,431,37,742,113,2024-08-27
778,875,54,455,97,2023-06-07
779,145,14,498,117,2023-06-18
780,924,77,530,118,2025-04-12
781,530,55,240,126,2024-03-26
782,51,50,256,72,2025-03-22
783,592,42,200,63,2026-04-08
784,202,28,636,122,2024-01-06
785,975,60,137,108,2023-03-21
786,238,23,16,77,2024-03-13
787,150,30,687,32,2023-11-19
788,433,29,542,27,2024-04-08
789,4,44,328,127,2025-06-16
790,30,67,707,93,2024-04-01
791,703,8,363,145,2023-11-30
792,912,49,495,28,2026-02-09
793,559,12,744,111,2024-10-15
794,306,60,424,125,2025-12-18
795,72,49,344,118,2024-07-07
796,52,37,706,50,2023-09-14
797,856,56,301,89,2025-08-07
798,650,1,445,49,2023-01-12
799,555,71,733,45,2023-02-20
800,218,41,132,148,2023-02-16
801,239,77,700,40,2023-12-24
802,89,40,384,71,2025-10-04
803,915,65,26,147,2024-09-27
804,32,34,724,21,2023-07-16
805,12,40,108,146,2024-04-16
806,374,67,97,139,2023-12-07
807,482,9,228,53,2025-06-07
808,88,74,699,85,2024-09-17
809,771,74,723,126,2023-08-27
810,273,52,335,95,2024-01-19
811,424,56,570,121,2024-07-04
812,87,80,350,64,2023-02-28
813,110,71,714,69,2024-04-16
814,651,15,16,62,2024-03-12
815,1,68,651,62,2024-01-23
816,234,74,38,108,2026-01-27
817,359,22,588,32,2024-01-21
818,784,50,522,23,2025-01-14
819,232,3,76,39,2025-07-02
820,192,20,180,149,2024-11-12
821,58,67,671,44,2025-02-25
822,394,80,9,105,2026-01-05
823,978,72,752,137,2024-01-31
824,653,78,18,96,2023-11-15
825,241,70,398,35,2023-07-07
826,315,36,409,93,2025-04-01
827,274,72,199,138,2023-05-06
828,535,20,681,108,2025-10-08
829,855,71,309,136,2025-01-22
830,246,43,626,119,2023-11-29
831,120,56,143,21,2026-01-15
832,301,32,153,53,2026-01-06
833,638,36,176,50,2024-10-30
834,104,18,427,144,2023-05-03
835,582,64,58,98,2023-08-12
836,198,28,392,98,2024-02-21
837,951,58,454,70,2023-12-28
838,926,36,611,53,2023-03-29
839,197,33,75,90,2024-05-24
840,886,70,439,143,2023-10-07
841,534,37,554,98,2025-02-08
842,304,9,122,97,2023-01-08
843,897,48,360,41,2024-03-16
844,791,66,670,117,2024-04-16
845,166,61,92,142,2026-01-05
846,129,76,413,74,2025-10-26
847,395,11,30,89,2024-06-09
848,821,61,80,139,2024-09-19
849,457,27,160,49,2023-10-06
850,714,17,12,29,2023-05-10
851,746,57,82,135,2025-10-07
852,124,71,787,140,2025-04-01
853,468,78,250,85,2023-05-26
854,827,51,477,115,2025-09-24
855,369,61,636,114,2024-03-06
856,301,21,443,80,2025-12-05
857,807,53,772,52,2023-05-22
858,724,3,96,149,2025-11-30
859,657,13,462,45,2024-02-08
860,40,45,161,109,2023-11-07
861,695,80,679,145,2025-02-06
862,915,33,375,148,2023-12-04
863,408,14,578,119,2025-11-23
864,56,42,470,113,2023-11-01
865,90,40,781,128,2025-05-21
866,887,60,664,47,2025-07-29
867,979,14,55,147,2025-04-12
868,428,51,228,85,2025-01-08
869,204,22,92,105,2024-06-30
870,511,8,770,68,2026-02-26
871,436,60,47,115,2023-08-05
872,248,12,497,126,2024-02-12
873,49,80,692,125,2025-07-03
874,398,4,403,53,2025-07-11
875,520,15,211,49,2023-08-12
876,540,5,16,80,2023-10-20
877,8,2,732,45,2025-01-29
878,84,18,616,64,2023-11-02
879,68,8,514,138,2024-01-30
880,83,51,365,129,2024-05-07
881,282,8,117,139,2023-05-06
882,600,51,586,135,2023-09-10
883,430,19,120,56,2025-03-30
884,218,17,212,71,2024-02-21
885,98,1,54,124,2024-11-12
886,786,46,717,136,2023-07-07
887,608,29,613,141,2025-12-31
888,836,36,186,61,2024-01-23
889,27,20,165,150,2024-04-22
890,572,9,551,116,2024-01-19
891,959,58,419,77,2023-01-25
892,985,14,695,105,2024-03-05
893,444,28,15,46,2024-11-29
894,909,51,678,138,2024-11-14
895,500,48,739,129,2024-10-12
896,108,45,260,24,2023-07-30
897,522,39,412,29,2023-09-17
898,802,32,636,49,2026-01-02
899,618,46,520,138,2025-11-25
900,462,28,770,97,2023-10-31
901,723,64,269,115,2025-01-21
902,110,65,580,83,2025-07-27
903,674,22,613,124,2023-07-28
904,973,70,208,131,2024-02-23
905,772,77,528,76,2023-10-15
906,815,9,745,78,2025-10-06
907,594,55,401,58,2026-04-04
908,646,4,114,122,2024-12-12
909,368,27,615,145,2024-07-13
910,582,19,70,34,2025-08-01
911,565,19,726,32,2024-08-12
912,675,46,423,82,2025-12-20
913,775,15,601,30,2024-09-12
914,33,32,773,121,2024-12-03
915,272,29,18,35,2024-07-04
916,476,30,711,105,2024-08-30
917,392,11,174,76,2024-09-10
918,205,35,492,130,2024-11-06
919,917,51,175,63,2024-10-17
920,784,30,102,110,2024-02-27
921,684,48,534,28,2025-09-11
922,59,33,797,112,2025-11-04
923,279,26,733,78,2023-10-28
924,459,6,647,25,2025-07-11
925,63,17,642,141,2024-11-17
926,127,62,290,45,2025-10-20
927,818,57,69,83,2023-08-11
928,129,12,513,73,2025-06-14
929,644,40,786,90,2025-09-02
930,184,79,621,46,2026-02-25
931,219,68,185,145,2025-01-03
932,775,36,218,145,2025-07-02
933,833,14,104,125,2025-07-09
934,397,65,415,62,2025-04-06
935,981,6,143,84,2023-09-23
936,714,58,116,75,2024-06-25
937,594,48,148,57,2024-04-18
938,2,71,754,97,2023-02-21
939,800,4,690,31,2023-09-15
940,520,30,741,91,2024-04-03
941,572,26,614,28,2024-09-21
942,276,19,86,98,2024-06-11
943,741,62,507,55,2025-07-13
944,783,13,735,105,2024-05-15
945,559,29,637,104,2024-06-22
946,836,71,795,38,2023-11-05
947,487,21,193,128,2023-05-06
948,303,25,749,54,2023-12-22
949,97,35,565,42,2025-04-01
950,947,65,140,49,2023-03-12
951,486,21,265,47,2024-07-31
952,972,46,111,128,2025-08-21
953,948,17,505,46,2024-04-30
954,965,72,153,56,2024-07-29
955,336,47,712,111,2023-04-28
956,524,66,486,26,2025-10-27
957,622,57,777,47,2025-08-19
958,360,34,14,75,2025-12-05
959,388,41,254,38,2026-01-03
960,929,7,385,107,2025-09-13
961,130,39,268,123,2025-12-21
962,720,35,98,135,2023-07-01
963,783,12,542,41,2024-03-05
964,448,68,543,44,2024-03-17
965,574,65,622,70,2024-12-15
966,329,35,400,39,2023-04-30
967,605,34,699,76,2024-08-19
968,480,45,60,84,2025-03-15
969,839,48,319,145,2024-06-13
970,515,73,108,61,2025-05-23
971,818,18,183,132,2023-03-01
972,241,78,335,130,2023-03-17
973,871,28,602,113,2024-02-15
974,497,61,464,106,2026-01-30
975,410,50,674,122,2024-05-28
976,458,2,369,125,2026-03-08
977,263,57,327,59,2025-03-03
978,772,79,528,87,2024-08-14
979,147,23,73,90,2024-07-09
980,43,46,658,45,2025-11-10
981,855,65,0,123,2025-10-02
982,472,29,114,63,2024-03-09
983,244,32,50,21,2025-08-02
984,954,29,506,62,2023-10-20
985,467,60,628,108,2025-12-12
986,972,36,435,60,2023-04-24
987,639,27,145,73,2025-11-30
988,960,35,639,144,2023-04-12
989,138,61,153,46,2025-02-26
990,816,63,73,31,2023-03-30
991,247,10,681,24,2023-08-11
992,934,19,43,149,2024-08-28
993,310,46,573,114,2023-04-17
994,795,9,570,104,2024-03-21
995,380,28,669,31,2024-09-16
996,336,75,70,61,2023-01-18
997,980,17,74,116,2023-06-10
998,69,8,733,29,2024-02-06
999,456,2,581,144,2023-04-22
1000,603,14,700,150,2024-11-14
1001,400,36,144,57,2025-10-28
1002,396,65,569,108,2024-09-22
1003,476,8,28,124,2023-07-23
1004,172,26,568,146,2023-12-26
1005,592,17,675,99,2024-05-29
1006,812,10,689,58,2023-03-30
1007,558,13,58,87,2025-02-26
1008,405,77,497,120,2026-01-03
1009,973,9,442,144,2024-01-27
1010,530,47,585,80,2023-08-14
1011,770,70,6,47,2025-05-11
1012,383,34,450,61,2025-07-29
1013,508,10,448,70,2025-07-31
1014,881,77,140,74,2023-12-16
1015,225,4,355,67,2024-06-08
1016,105,36,622,102,2026-02-24
1017,775,13,797,28,2024-01-30
1018,865,11,416,28,2025-07-28
1019,937,57,609,131,2024-03-06
1020,585,23,241,21,2023-06-14
1021,624,60,576,147,2024-03-04
1022,33,39,324,145,2023-10-05
1023,455,63,168,35,2023-11-02
1024,475,9,294,46,2023-07-05
1025,657,53,525,54,2025-02-04
1026,125,2,168,124,2023-02-06
1027,991,27,470,118,2025-10-10
1028,466,13,177,124,2023-01-07
1029,616,80,114,26,2024-08-08
1030,949,80,749,53,2023-06-30
1031,774,27,22,131,2023-02-18
1032,20,42,791,83,2023-01-28
1033,776,4,458,147,2025-07-05
1034,98,33,278,52,2023-01-27
1035,350,49,118,81,2025-05-10
1036,982,73,438,68,2025-03-06
1037,310,33,360,145,2024-08-20
1038,944,78,392,64,2024-09-10
1039,748,16,418,36,2025-10-05
1040,160,63,664,76,2023-10-17
1041,364,14,108,138,2025-12-18
1042,673,24,47,102,2023-02-07
1043,893,75,766,134,2024-03-07
1044,575,66,494,32,2025-11-11
1045,174,58,5,29,2026-04-15
1046,780,28,151,20,2025-10-12
1047,799,36,42,50,2025-07-17
1048,238,64,619,65,2023-10-10
1049,964,34,267,101,2023-09-22
1050,876,50,718,70,2024-12-16
1051,933,51,531,105,2026-03-13
1052,192,52,107,79,2023-11-15
1053,974,4,253,100,2024-01-24
1054,152,53,297,131,2024-09-11
1055,816,21,232,49,2025-06-17
1056,573,61,453,56,2025-02-09
1057,415,42,435,93,2024-01-06
1058,597,29,485,95,2024-07-29
1059,465,53,437,101,2025-05-11
1060,58,46,719,55,2023-12-31
1061,642,79,366,91,2023-10-17
1062,174,77,260,92,2024-02-02
1063,65,23,546,129,2024-03-21
1064,333,46,755,76,2025-10-30
1065,741,61,368,29,2025-04-03
1066,475,37,51,61,2024-02-29
1067,770,30,11,63,2025-09-01
1068,909,70,242,54,2025-01-12
1069,571,39,730,94,2025-08-17
1070,433,21,681,148,2024-10-16
1071,650,78,601,121,2024-06-09
1072,353,55,405,98,2024-09-02
1073,81,73,738,54,2025-12-27
1074,791,42,330,143,2025-11-16
1075,95,19,55,111,2024-07-21
1076,121,43,508,69,2024-02-04
1077,1,46,178,34,2023-11-23
1078,774,45,681,75,2025-03-26
1079,357,55,341,38,2024-11-24
1080,42,69,480,121,2024-04-27
1081,845,41,573,27,2023-03-09
1082,355,42,679,108,2024-03-15
1083,95,15,789,24,2023-07-07
1084,744,76,385,27,2023-01-01
1085,862,62,197,76,2023-01-29
1086,741,8,246,20,2024-08-15
1087,184,76,55,133,2023-06-23
1088,637,17,183,79,2024-10-08
1089,84,42,436,56,2025-12-18
1090,630,8,208,111,2024-08-20
1091,847,4,180,150,2024-09-19
1092,358,44,594,30,2025-11-25
1093,63,36,568,69,2023-02-04
1094,497,71,125,104,2025-12-26
1095,137,49,237,101,2024-04-26
1096,489,43,590,117,2023-03-26
1097,274,65,23,72,2023-10-13
1098,642,68,374,128,2025-01-09
1099,389,68,596,133,2024-04-15
1100,922,40,232,129,2026-01-11
1101,321,67,761,133,2023-06-14
1102,95,56,91,67,2025-10-29
1103,124,20,523,75,2023-01-21
1104,851,64,751,88,2024-05-05
1105,844,57,462,46,2023-02-11
1106,694,52,161,25,2024-01-17
1107,885,12,157,22,2025-03-13
1108,215,57,42,104,2025-01-06
1109,1,51,495,97,2025-07-30
1110,431,48,593,108,2026-04-14
1111,49,64,382,138,2024-12-30
1112,951,35,363,111,2025-01-18
1113,47,30,466,75,2025-09-23
1114,268,55,517,42,2023-03-12
1115,339,66,776,54,2025-11-01
1116,626,72,615,57,2024-12-26
1117,170,63,385,105,2026-03-24
1118,628,75,44,25,2024-07-08
1119,172,28,654,99,2024-02-28
1120,463,44,705,120,2023-11-22
1121,156,79,795,70,2023-11-12
1122,108,26,644,107,2023-12-10
1123,276,75,342,118,2024-03-28
1124,289,50,161,103,2024-02-20
1125,403,37,51,134,2025-08-18
1126,622,56,26,98,2024-01-11
1127,552,59,683,130,2024-09-19
1128,151,23,386,139,2023-06-19
1129,210,17,52,88,2023-12-17
1130,753,61,393,119,2025-05-05
1131,815,31,596,120,2025-05-29
1132,491,22,381,134,2024-07-03
1133,414,12,176,78,2024-12-18
1134,596,74,24,32,2024-08-03
1135,740,45,721,88,2025-07-20
1136,829,65,180,88,2023-07-11
1137,6,72,587,118,2024-06-07
1138,935,27,73,38,2024-06-06
1139,786,41,455,129,2023-04-02
1140,713,11,338,37,2025-03-11
1141,727,46,121,94,2024-10-01
1142,791,38,540,28,2023-06-25
1143,404,75,443,86,2023-07-27
1144,788,31,485,140,2023-02-13
1145,150,26,264,86,2024-04-20
1146,397,4,446,100,2025-05-16
1147,786,58,679,131,2025-03-09
1148,612,15,622,95,2023-02-20
1149,620,8,516,87,2025-12-09
1150,944,49,20,45,2023-07-01
1151,520,73,713,140,2026-03-18
1152,94,77,216,79,2023-11-13
1153,782,19,587,21,2025-12-05
1154,612,14,133,92,2024-12-29
1155,690,16,172,134,2026-01-27
1156,466,39,35,96,2023-05-17
1157,346,11,616,108,2023-09-14
1158,147,53,769,104,2025-04-11
1159,621,72,522,50,2024-12-30
1160,190,48,30,121,2026-04-12
1161,83,53,323,71,2023-11-18
1162,367,61,118,79,2025-05-25
1163,216,38,330,87,2024-08-08
1164,429,11,39,142,2024-08-28
1165,194,45,453,21,2025-01-04
1166,844,35,490,82,2025-04-13
1167,957,70,546,66,2026-03-27
1168,805,43,673,21,2023-02-23
1169,583,72,68,59,2025-09-14
1170,24,63,216,150,2026-02-11
1171,167,52,405,86,2023-04-25
1172,340,8,691,28,2023-03-28
1173,518,49,265,35,2026-01-25
1174,511,47,781,120,2024-04-28
1175,322,77,602,87,2023-02-16
1176,192,8,395,53,2024-12-17
1177,231,18,76,91,2023-06-16
1178,439,61,679,67,2025-05-02
1179,32,8,718,120,2026-01-31
1180,256,22,604,24,2026-01-18
1181,256,5,751,129,2024-11-21
1182,811,27,18,137,2026-01-02
1183,593,1,582,38,2023-04-09
1184,155,77,90,84,2023-10-21
1185,136,9,53,63,2024-07-10
1186,568,69,110,31,2023-02-08
1187,546,45,112,98,2024-08-21
1188,95,78,211,50,2024-12-06
1189,617,43,352,80,2025-10-22
1190,182,45,635,141,2023-11-02
1191,214,59,653,103,2025-12-28
1192,745,63,393,114,2025-05-24
1193,875,13,69,64,2026-03-03
1194,962,52,562,88,2024-01-28
1195,78,72,646,139,2025-06-08
1196,561,22,765,137,2023-03-13
1197,298,51,726,110,2025-01-23
1198,850,24,532,90,2025-09-27
1199,274,65,151,39,2023-04-06
1200,162,32,53,127,2024-01-02
1201,906,52,420,111,2023-02-13
1202,981,71,92,42,2025-09-13
1203,832,78,743,53,2025-04-03
1204,698,55,262,130,2023-08-29
1205,774,66,593,29,2024-10-01
1206,863,51,146,124,2024-07-13
1207,530,67,623,120,2024-10-12
1208,320,29,377,100,2024-11-17
1209,312,73,69,81,2023-01-07
1210,759,15,246,60,2025-07-28
1211,229,50,45,145,2025-02-02
1212,936,36,680,31,2025-06-28
1213,773,16,697,112,2024-04-08
1214,74,54,499,91,2025-10-04
1215,265,45,18,73,2025-08-21
1216,343,34,685,134,2024-01-16
1217,105,46,704,58,2023-09-14
1218,755,32,665,34,2024-11-03
1219,339,61,51,75,2024-10-01
1220,117,19,404,133,2023-02-02
1221,837,47,581,120,2023-09-17
1222,913,41,360,70,2024-11-22
1223,67,8,780,91,2024-06-23
1224,446,4,687,79,2025-03-22
1225,428,20,165,121,2025-04-27
1226,700,17,534,98,2023-03-12
1227,210,62,497,46,2024-05-01
1228,466,21,473,26,2024-03-20
1229,507,42,220,149,2026-02-02
1230,229,68,204,82,2023-03-20
1231,20,11,738,60,2025-03-21
1232,118,70,473,88,2025-08-28
1233,53,44,215,84,2024-01-03
1234,690,2,29,100,2025-12-21
1235,73,26,100,145,2024-05-31
1236,677,75,704,33,2026-02-20
1237,383,67,468,27,2025-12-24
1238,618,46,223,100,2023-06-21
1239,634,67,411,51,2023-03-07
1240,56,54,4,93,2025-01-23
1241,842,39,144,62,2023-09-08
1242,155,54,252,47,2025-01-20
1243,437,7,379,89,2023-07-29
1244,969,39,571,45,2026-01-29
1245,787,20,370,147,2023-08-07
1246,212,12,411,65,2024-08-28
1247,790,3,387,147,2024-11-08
1248,667,64,751,101,2024-07-19
1249,431,16,565,99,2025-06-17
1250,341,7,376,94,2023-12-15
1251,906,34,41,88,2025-10-20
1252,35,51,9,80,2024-08-06
1253,97,67,493,79,2024-11-02
1254,515,78,132,46,2024-02-09
1255,860,41,180,115,2023-02-04
1256,497,3,743,122,2024-02-20
1257,628,49,30,65,2023-11-20
1258,833,68,645,144,2024-06-22
1259,619,59,0,70,2024-03-11
1260,504,7,458,58,2024-08-07
1261,231,45,641,81,2023-05-17
1262,187,50,27,75,2025-07-10
1263,407,74,12,24,2023-07-20
1264,10,52,360,98,2025-03-10
1265,976,69,264,23,2025-02-09
1266,811,80,212,56,2024-01-18
1267,655,21,726,100,2025-01-01
1268,824,64,239,50,2023-07-04
1269,444,18,436,115,2024-05-01
1270,175,7,616,141,2024-07-11
1271,365,59,796,64,2023-08-29
1272,784,72,568,141,2025-01-08
1273,615,63,350,70,2023-03-27
1274,577,39,700,140,2023-02-24
1275,386,56,341,91,2026-02-04
1276,539,49,681,92,2023-09-10
1277,708,48,667,26,2025-12-03
1278,771,23,527,106,2023-10-13
1279,620,14,776,116,2023-11-02
1280,607,12,263,93,2024-11-03
1281,142,48,292,65,2023-01-14
1282,36,30,749,139,2023-02-03
1283,754,73,491,27,2023-07-12
1284,335,7,603,63,2023-06-30
1285,584,11,488,117,2025-08-06
1286,455,23,273,101,2026-04-03
1287,41,32,17,36,2026-04-12
1288,981,24,629,131,2025-08-05
1289,180,31,427,140,2024-11-14
1290,438,46,334,83,2024-03-05
1291,567,78,47,104,2024-11-09
1292,261,65,127,30,2025-10-17
1293,444,21,109,115,2024-11-10
1294,171,68,550,112,2024-02-28
1295,591,61,398,20,2023-03-06
1296,37,64,165,107,2023-06-25
1297,761,25,138,79,2024-09-17
1298,648,26,782,31,2025-07-18
1299,958,64,312,49,2025-10-18
1300,820,52,334,45,2024-09-10
1301,356,67,300,110,2026-04-06
1302,588,23,71,70,2023-08-13
1303,570,59,360,113,2025-08-20
1304,422,13,657,131,2023-10-19
1305,281,77,670,120,2025-02-23
1306,543,57,192,78,2025-12-25
1307,213,65,569,35,2024-11-03
1308,166,55,101,59,2023-12-21
1309,400,41,377,136,2025-01-18
1310,58,51,679,44,2024-10-25
1311,840,56,202,96,2023-06-06
1312,199,24,407,106,2024-04-23
1313,595,69,326,72,2024-10-24
1314,689,21,374,135,2025-10-13
1315,238,67,389,75,2024-10-23
1316,937,9,716,79,2025-12-06
1317,893,28,681,72,2024-12-02
1318,814,5,271,21,2023-08-11
1319,234,33,378,49,2025-05-29
1320,375,29,587,98,2024-06-10
1321,77,69,784,117,2025-05-14
1322,692,7,609,63,2024-04-17
1323,361,4,400,134,2023-10-21
1324,370,17,373,129,2023-10-05
1325,191,30,451,108,2025-09-15
1326,115,75,112,85,2026-03-15
1327,772,24,699,46,2025-02-04
1328,923,30,177,89,2025-05-03
1329,445,37,151,25,2024-06-04
1330,685,28,147,90,2023-07-12
1331,549,33,512,128,2024-06-12
1332,743,70,463,115,2024-06-01
1333,987,14,650,46,2023-05-21
1334,654,80,227,57,2025-06-01
1335,800,29,270,20,2025-01-05
1336,70,20,727,83,2025-04-21
1337,800,79,674,144,2024-04-21
1338,623,77,558,143,2023-03-01
1339,675,16,342,45,2023-10-31
1340,291,75,524,36,2024-01-16
1341,692,2,11,80,2023-08-29
1342,647,24,28,114,2025-06-03
1343,957,68,150,29,2023-11-06
1344,680,72,752,144,2026-01-29
1345,318,26,293,92,2026-02-15
1346,179,65,295,30,2024-08-15
1347,252,33,118,23,2023-12-22
1348,531,52,147,141,2025-06-13
1349,832,65,418,24,2023-01-15
1350,94,41,208,138,2025-11-28
1351,272,21,375,89,2024-10-24
1352,106,12,259,94,2024-09-10
1353,173,28,209,147,2023-09-07
1354,316,28,746,148,2023-11-18
1355,776,19,73,66,2023-01-27
1356,350,48,169,32,2025-05-06
1357,158,7,784,59,2024-07-29
1358,461,17,386,41,2024-09-30
1359,254,9,293,23,2025-02-27
1360,562,71,456,49,2025-04-25
1361,960,77,169,137,2023-09-05
1362,963,3,52,97,2025-09-05
1363,621,74,360,129,2023-10-06
1364,643,79,396,117,2023-03-06
1365,964,66,606,38,2023-01-30
1366,938,50,344,83,2025-05-28
1367,417,66,618,40,2025-03-14
1368,73,30,708,39,2024-04-18
1369,977,77,57,25,2023-07-30
1370,884,19,668,143,2025-11-09
1371,372,50,652,39,2024-10-07
1372,556,2,203,89,2024-12-14
1373,421,13,700,98,2025-03-06
1374,153,69,29,68,2025-10-06
1375,326,38,292,144,2024-07-17
1376,767,35,686,31,2026-01-27
1377,980,6,662,98,2023-04-02
1378,401,54,539,70,2023-03-12
1379,582,29,383,73,2023-01-30
1380,892,58,496,64,2024-03-01
1381,344,39,233,95,2024-07-02
1382,658,48,562,71,2024-10-21
1383,253,35,53,58,2024-06-17
1384,150,50,142,80,2026-02-15
1385,783,52,660,76,2026-01-05
1386,760,27,783,82,2024-12-16
1387,583,38,485,91,2023-10-14
1388,245,28,382,97,2025-08-11
1389,834,20,744,107,2025-08-22
1390,723,24,597,91,2024-06-05
1391,666,29,11,118,2023-06-04
1392,195,38,794,118,2023-10-19
1393,23,1,200,61,2024-01-29
1394,807,4,199,126,2024-07-07
1395,75,61,318,108,2024-08-13
1396,366,65,425,116,2023-11-25
1397,481,44,357,58,2024-01-10
1398,566,70,547,68,2024-02-17
1399,2,18,740,42,2024-09-06
1400,580,73,142,124,2024-06-15
1401,240,8,741,113,2023-11-17
1402,617,69,470,90,2024-12-16
1403,815,74,250,144,2024-02-03
1404,537,2,753,132,2024-01-08
1405,292,78,553,118,2023-11-02
1406,788,21,167,103,2025-03-29
1407,545,33,627,37,2025-02-22
1408,202,7,268,106,2023-11-05
1409,664,76,347,136,2023-05-18
1410,946,33,360,142,2026-03-16
1411,511,79,513,68,2025-08-16
1412,99,29,731,150,2025-03-20
1413,198,38,512,22,2025-05-04
1414,987,8,35,46,2024-05-14
1415,415,25,496,139,2024-01-12
1416,241,17,512,43,2025-02-03
1417,595,38,615,93,2026-04-11
1418,397,55,783,97,2023-09-01
1419,308,8,704,26,2024-10-13
1420,520,48,422,120,2025-01-09
1421,703,44,20,128,2023-11-11
1422,618,2,201,124,2024-07-28
1423,635,53,242,87,2024-02-22
1424,137,16,385,87,2025-12-27
1425,521,63,423,110,2024-12-23
1426,994,20,31,57,2024-09-24
1427,616,52,229,60,2024-01-08
1428,218,25,664,44,2023-12-07
1429,671,56,59,39,2026-03-26
1430,329,78,625,55,2023-04-19
1431,123,2,495,23,2024-05-02
1432,86,14,766,95,2025-01-12
1433,25,29,663,141,2025-06-17
1434,751,55,552,44,2024-04-21
1435,516,7,510,36,2024-10-21
1436,919,10,356,50,2025-03-18
1437,15,74,681,57,2025-11-12
1438,493,59,83,130,2025-10-04
1439,690,69,324,100,2023-12-16
1440,747,7,786,34,2025-06-22
1441,216,52,359,58,2023-05-21
1442,912,37,701,81,2026-01-13
1443,384,52,186,20,2024-10-27
1444,52,13,776,65,2025-12-17
1445,944,9,577,112,2023-07-03
1446,425,1,101,51,2024-08-21
1447,181,70,175,136,2025-09-02
1448,697,17,419,136,2025-12-06
1449,323,56,561,67,2024-08-15
1450,676,80,47,150,2024-03-06
1451,76,15,723,149,2025-05-06
1452,455,67,292,111,2024-03-30
1453,158,46,326,111,2024-06-09
1454,405,59,765,112,2025-03-04
1455,242,19,438,150,2025-05-26
1456,331,29,310,126,2025-07-01
1457,852,43,690,75,2024-06-26
1458,536,61,625,57,2023-03-29
1459,204,64,93,105,2024-11-24
1460,390,73,612,68,2025-12-01
1461,897,32,523,41,2024-01-24
1462,639,60,729,86,2023-02-23
1463,771,3,194,106,2024-03-20
1464,317,47,763,98,2025-07-09
1465,262,5,121,27,2025-02-09
1466,857,72,348,120,2025-07-05
1467,241,47,22,118,2025-03-04
1468,991,51,670,130,2025-12-02
1469,472,56,358,97,2025-08-30
1470,293,38,172,28,2026-04-08
1471,777,70,135,101,2025-11-11
1472,263,54,573,116,2023-12-13
1473,776,10,649,68,2024-11-23
1474,731,65,71,125,2023-12-13
1475,929,17,766,28,2024-01-05
1476,739,30,639,56,2023-07-12
1477,316,10,237,128,2025-03-06
1478,815,6,225,96,2025-12-13
1479,505,48,258,81,2024-05-01
1480,297,31,743,125,2023-03-04
1481,772,70,495,66,2025-09-04
1482,729,15,733,82,2024-05-09
1483,403,20,684,110,2023-10-26
1484,819,32,747,109,2026-04-11
1485,660,76,231,145,2024-04-14
1486,978,5,444,81,2023-02-08
1487,848,17,369,150,2025-09-18
1488,453,38,680,65,2023-03-04
1489,162,43,646,102,2023-01-24
1490,6,44,167,34,2023-03-02
1491,64,50,732,130,2024-04-23
1492,514,60,359,37,2023-03-18
1493,570,48,344,131,2024-09-21
1494,634,43,156,107,2023-04-07
1495,434,39,357,120,2024-12-13
1496,346,35,332,31,2024-05-03
1497,886,8,455,142,2023-01-25
1498,200,27,778,57,2023-01-11
1499,94,24,76,25,2023-11-23
1500,443,2,83,145,2025-05-13
1501,88,39,737,133,2025-12-19
1502,371,69,78,23,2024-12-13
1503,234,72,685,141,2024-07-14
1504,366,36,317,36,2023-02-02
1505,263,39,68,96,2024-06-15
1506,422,33,495,125,2024-10-04
1507,712,77,581,32,2025-12-21
1508,11,41,196,76,2024-02-10
1509,39,66,14,117,2023-08-25
1510,69,46,559,88,2026-02-11
1511,964,8,306,41,2024-07-24
1512,313,59,755,92,2024-10-07
1513,280,56,491,35,2025-07-07
1514,233,31,573,30,2025-04-25
1515,868,51,441,121,2023-03-22
1516,574,9,319,106,2024-09-08
1517,384,46,147,141,2024-08-15
1518,779,20,448,85,2024-02-04
1519,908,38,108,46,2025-12-15
1520,771,23,504,31,2024-02-29
1521,313,44,45,113,2025-09-24
1522,100,59,148,52,2026-01-18
1523,713,57,232,51,2023-03-28
1524,824,62,453,92,2025-09-13
1525,449,41,787,126,2025-05-03
1526,187,50,298,126,2024-01-15
1527,23,3,454,91,2024-08-05
1528,187,53,264,92,2024-05-10
1529,815,17,121,72,2024-04-11
1530,382,69,541,112,2023-05-09
1531,671,17,579,72,2023-10-29
1532,844,19,696,79,2024-05-27
1533,57,52,622,127,2023-05-01
1534,123,71,722,46,2024-06-20
1535,748,51,642,88,2025-01-20
1536,610,63,566,99,2024-02-04
1537,121,50,276,55,2023-11-07
1538,198,70,182,149,2025-06-15
1539,556,79,285,121,2024-07-24
1540,753,76,268,113,2026-02-02
1541,773,50,349,139,2024-02-13
1542,296,71,360,123,2025-09-17
1543,713,10,334,24,2023-12-28
1544,964,48,519,99,2025-03-27
1545,476,43,708,106,2024-07-30
1546,284,62,684,107,2024-05-26
1547,420,29,580,32,2025-05-14
1548,754,20,504,49,2023-06-10
1549,237,38,160,148,2024-08-20
1550,366,37,680,51,2024-12-29
1551,905,31,457,110,2023-09-27
1552,664,24,25,85,2024-02-25
1553,512,41,700,127,2024-06-25
1554,132,33,398,70,2023-11-25
1555,56,13,618,70,2023-08-27
1556,275,76,239,54,2024-04-15
1557,645,37,360,65,2023-03-12
1558,115,56,394,94,2023-07-16
1559,369,45,472,60,2025-11-02
1560,375,15,248,102,2024-06-11
1561,487,35,368,50,2026-04-08
1562,331,15,548,47,2025-03-28
1563,687,72,99,60,2025-02-23
1564,869,53,135,25,2024-01-09
1565,987,80,535,87,2023-10-27
1566,948,80,646,42,2024-06-11
1567,907,21,170,69,2025-01-18
1568,959,78,419,28,2024-05-28
1569,511,59,58,96,2024-03-16
1570,76,31,580,49,2025-09-01
1571,133,2,343,135,2025-09-13
1572,42,14,183,104,2025-08-15
1573,888,6,644,138,2023-06-03
1574,298,20,633,134,2023-12-06
1575,864,52,329,113,2024-10-21
1576,611,69,598,28,2025-06-17
1577,101,46,766,106,2023-07-18
1578,8,32,598,104,2023-01-25
1579,271,15,604,83,2024-06-25
1580,936,78,92,66,2023-01-13
1581,822,50,752,26,2024-02-05
1582,677,18,5,34,2024-12-06
1583,933,67,693,114,2025-03-13
1584,730,35,644,60,2025-06-17
1585,945,9,209,100,2025-10-14
1586,921,21,461,96,2024-09-25
1587,690,62,104,49,2024-10-09
1588,17,80,101,69,2024-07-10
1589,194,59,306,44,2025-06-08
1590,686,68,658,33,2023-02-25
1591,652,10,48,27,2025-08-28
1592,617,2,605,76,2025-04-02
1593,748,31,234,131,2025-03-01
1594,384,16,557,43,2024-08-26
1595,522,34,489,32,2025-12-22
1596,780,78,488,62,2026-04-15
1597,373,23,748,23,2023-01-09
1598,951,26,9,141,2024-12-08
1599,660,70,225,126,2025-06-17
1600,646,58,501,101,2024-09-15
1601,968,24,797,48,2024-12-06
1602,571,72,40,145,2025-06-23
1603,650,5,619,87,2023-03-02
1604,918,29,176,137,2023-09-13
1605,586,78,51,67,2025-05-27
1606,603,49,332,36,2025-06-12
1607,810,59,551,68,2025-08-06
1608,316,28,48,130,2024-10-31
1609,319,75,179,146,2024-11-12
1610,716,49,231,51,2024-12-23
1611,572,67,261,31,2023-05-28
1612,665,4,574,123,2023-04-27
1613,356,21,686,30,2024-03-18
1614,368,54,97,123,2024-04-30
1615,269,28,237,126,2023-06-04
1616,336,50,175,31,2023-01-31
1617,124,45,6,89,2024-02-18
1618,190,5,426,45,2024-08-17
1619,397,38,249,44,2025-03-25
1620,664,15,504,120,2025-08-04
1621,406,44,492,81,2023-11-24
1622,790,20,457,143,2023-10-28
1623,560,46,781,27,2026-04-15
1624,436,19,388,66,2024-04-25
1625,523,42,272,21,2025-03-18
1626,859,44,741,68,2023-07-12
1627,509,60,462,41,2023-12-06
1628,327,16,445,121,2023-05-18
1629,744,14,220,140,2023-03-08
1630,519,12,674,20,2023-07-01
1631,755,79,510,116,2025-07-04
1632,556,43,227,84,2026-01-03
1633,140,45,171,61,2024-09-13
1634,974,48,70,62,2025-03-25
1635,74,22,412,72,2024-10-11
1636,514,25,491,148,2024-05-07
1637,161,27,643,134,2023-08-21
1638,408,59,189,48,2024-09-15
1639,528,48,195,95,2025-07-18
1640,388,43,665,134,2023-07-30
1641,17,43,646,118,2023-06-13
1642,950,30,183,111,2023-09-15
1643,82,49,345,141,2024-04-07
1644,655,56,571,41,2024-06-12
1645,947,54,762,147,2025-01-18
1646,218,10,390,101,2026-04-14
1647,532,17,660,136,2025-03-21
1648,721,48,274,77,2025-03-12
1649,242,22,464,24,2023-12-31
1650,486,25,316,94,2024-06-27
1651,364,63,663,101,2025-02-17
1652,716,20,545,51,2025-08-09
1653,901,3,362,101,2025-06-29
1654,82,77,653,140,2025-08-30
1655,994,12,528,82,2024-04-09
1656,261,50,404,67,2024-09-25
1657,911,13,670,130,2025-08-27
1658,663,27,777,86,2026-04-11
1659,873,56,562,109,2024-08-01
1660,968,80,195,88,2023-09-16
1661,673,25,45,118,2025-05-30
1662,682,22,215,84,2024-06-21
1663,496,17,190,124,2025-05-31
1664,287,8,674,61,2026-04-12
1665,818,29,693,47,2024-05-26
1666,3,77,617,105,2024-11-09
1667,981,28,247,126,2025-02-22
1668,89,69,518,47,2025-03-24
1669,880,21,86,113,2024-08-07
1670,840,68,100,113,2025-09-07
1671,379,79,499,86,2023-02-01
1672,263,23,59,92,2023-09-08
1673,630,69,48,100,2023-04-19
1674,726,58,781,45,2023-05-20
1675,388,9,262,140,2024-08-16
1676,760,77,678,32,2023-09-27
1677,551,25,244,44,2025-06-11
1678,83,72,353,64,2024-08-27
1679,304,27,74,45,2026-02-13
1680,95,26,210,140,2025-03-12
1681,854,78,41,134,2023-10-10
1682,239,54,650,97,2024-12-02
1683,54,55,607,88,2024-01-31
1684,591,24,79,114,2024-01-15
1685,207,26,412,69,2025-08-24
1686,877,60,455,91,2025-07-27
1687,295,56,688,101,2024-03-13
1688,550,45,560,56,2025-05-26
1689,559,25,645,133,2024-12-01
1690,40,39,441,144,2024-02-01
1691,759,74,621,83,2024-07-25
1692,712,43,330,133,2023-01-09
1693,512,40,673,116,2026-03-04
1694,670,66,109,28,2024-04-12
1695,19,26,500,96,2025-02-18
1696,699,45,305,126,2025-02-14
1697,589,44,452,146,2023-02-15
1698,455,27,694,85,2023-05-31
1699,605,66,268,76,2023-10-21
1700,854,28,316,34,2023-11-22
1701,604,36,307,73,2023-03-15
1702,382,52,374,146,2024-07-22
1703,213,63,608,32,2025-01-17
1704,477,49,516,121,2024-11-16
1705,924,80,465,127,2025-11-17
1706,235,60,520,54,2025-01-21
1707,990,39,462,70,2023-07-30
1708,293,13,751,112,2025-09-08
1709,613,58,356,144,2024-04-07
1710,923,53,476,63,2026-03-07
1711,130,52,707,144,2025-01-02
1712,180,55,492,49,2024-07-27
1713,678,26,451,45,2023-11-02
1714,364,80,554,50,2024-09-20
1715,278,9,138,128,2023-07-15
1716,132,69,320,99,2026-02-18
1717,892,42,31,111,2024-07-22
1718,465,75,50,26,2025-11-29
1719,736,68,403,33,2024-10-17
1720,22,16,298,67,2025-11-09
1721,239,65,0,122,2025-12-09
1722,54,48,252,78,2024-01-18
1723,167,41,514,141,2026-02-05
1724,874,37,406,79,2025-08-02
1725,719,12,681,150,2026-02-21
1726,880,41,186,125,2024-01-18
1727,80,64,679,110,2025-10-28
1728,419,52,503,97,2025-03-12
1729,183,77,22,116,2025-01-13
1730,115,71,182,60,2025-11-28
1731,196,10,741,94,2023-05-12
1732,676,78,16,98,2025-04-06
1733,648,67,301,98,2025-12-29
1734,594,76,371,92,2024-03-06
1735,969,57,448,46,2023-04-07
1736,39,22,77,44,2023-07-08
1737,436,12,433,119,2023-06-27
1738,680,28,197,37,2025-12-09
1739,771,31,530,80,2024-07-25
1740,435,20,256,69,2023-07-10
1741,599,2,420,103,2024-04-29
1742,706,55,526,27,2024-10-14
1743,709,26,264,128,2025-01-09
1744,58,5,662,21,2024-10-01
1745,601,36,226,72,2023-11-27
1746,42,71,523,115,2025-09-04
1747,44,10,408,112,2023-07-26
1748,562,38,295,102,2025-02-24
1749,223,48,491,127,2024-07-30
1750,143,67,563,127,2024-04-16
1751,416,77,610,133,2025-12-07
1752,778,35,470,114,2025-03-18
1753,481,61,496,101,2024-11-26
1754,900,17,436,28,2026-03-09
1755,607,21,586,144,2023-05-05
1756,719,34,672,55,2024-08-12
1757,895,34,662,130,2024-10-01
1758,923,21,451,102,2023-08-03
1759,21,37,711,52,2024-09-02
1760,763,3,341,45,2025-06-28
1761,254,35,639,87,2025-05-07
1762,575,37,305,21,2023-08-31
1763,388,24,774,80,2025-04-27
1764,626,21,331,36,2023-08-12
1765,657,31,133,138,2024-10-12
1766,783,9,400,118,2024-11-05
1767,354,25,786,92,2024-03-28
1768,519,19,264,76,2024-08-10
1769,761,56,380,128,2024-12-19
1770,694,74,34,115,2023-01-21
1771,502,1,478,68,2026-02-19
1772,949,40,400,104,2025-12-17
1773,488,16,662,31,2024-03-04
1774,202,39,185,126,2025-05-11
1775,644,26,698,22,2025-09-17
1776,227,27,743,64,2025-04-21
1777,312,44,301,94,2023-12-06
1778,245,78,485,98,2025-05-31
1779,514,38,756,77,2025-04-22
1780,283,29,80,68,2026-04-07
1781,284,21,297,141,2025-01-28
1782,31,60,587,95,2025-03-06
1783,583,69,251,24,2024-01-20
1784,113,8,103,76,2025-04-25
1785,604,42,385,92,2023-07-29
1786,723,43,264,146,2024-03-30
1787,281,42,726,37,2025-04-26
1788,201,34,57,93,2024-03-29
1789,386,79,675,67,2025-10-27
1790,503,21,415,59,2023-05-21
1791,62,80,175,70,2026-03-01
1792,995,23,433,102,2024-12-11
1793,363,4,611,131,2023-05-01
1794,940,71,526,83,2023-10-17
1795,388,1,74,134,2023-07-06
1796,395,50,573,84,2024-12-16
1797,681,10,224,117,2023-07-10
1798,617,3,453,52,2024-02-14
1799,357,12,278,22,2024-04-01
1800,860,28,515,57,2025-08-07
1801,555,53,571,114,2024-08-23
1802,479,5,678,104,2025-04-27
1803,454,48,408,62,2025-04-14
1804,119,1,647,149,2023-06-08
1805,986,54,98,89,2024-02-04
1806,62,19,101,64,2023-11-10
1807,108,26,574,46,2025-09-19
1808,528,1,697,91,2025-02-11
1809,368,49,202,131,2023-04-05
1810,705,53,643,94,2025-12-18
1811,717,4,204,109,2025-07-02
1812,631,34,363,32,2026-01-13
1813,134,10,476,111,2025-06-12
1814,789,12,313,52,2024-10-14
1815,843,39,688,48,2023-05-10
1816,787,18,495,35,2025-08-14
1817,225,57,680,83,2023-09-30
1818,967,80,128,127,2024-08-07
1819,784,15,739,74,2024-11-16
1820,476,3,148,55,2026-03-21
1821,681,69,192,88,2023-07-06
1822,43,51,86,60,2023-11-28
1823,296,5,112,95,2025-04-26
1824,665,61,29,115,2023-03-05
1825,150,5,87,110,2024-07-27
1826,673,74,686,109,2023-12-08
1827,260,67,249,34,2025-01-22
1828,764,30,121,129,2024-05-26
1829,519,4,628,95,2024-03-19
1830,351,16,278,110,2025-04-22
1831,380,15,109,59,2025-02-26
1832,892,75,480,113,2023-01-07
1833,349,2,333,75,2023-01-22
1834,767,42,387,21,2023-08-05
1835,32,50,183,114,2024-01-12
1836,262,66,70,31,2023-06-02
1837,487,79,466,52,2025-02-09
1838,474,54,714,27,2023-06-27
1839,522,17,357,98,2024-06-27
1840,332,41,717,115,2024-12-30
1841,581,4,417,131,2024-07-15
1842,412,29,704,98,2024-04-08
1843,275,59,532,116,2023-09-04
1844,290,15,186,149,2024-09-10
1845,179,5,385,23,2025-05-05
1846,827,28,378,44,2023-01-17
1847,967,37,410,101,2025-09-28
1848,689,21,723,102,2023-12-25
1849,841,77,238,90,2024-03-17
1850,9,15,392,148,2024-11-20
1851,444,22,349,102,2025-02-22
1852,899,30,184,23,2025-01-16
1853,560,19,188,62,2024-01-17
1854,681,68,256,56,2023-02-15
1855,561,25,645,49,2023-06-02
1856,75,26,139,35,2025-11-05
1857,773,42,22,106,2023-11-13
1858,497,32,14,92,2024-03-27
1859,17,10,267,106,2026-03-27
1860,803,66,501,131,2023-09-09
1861,731,60,436,80,2025-11-22
1862,338,53,122,118,2024-05-27
1863,574,71,379,121,2024-09-25
1864,963,3,743,70,2024-09-03
1865,963,78,141,80,2025-12-26
1866,383,54,715,110,2024-12-19
1867,408,44,33,39,2025-11-16
1868,323,80,92,62,2023-05-13
1869,252,10,695,56,2025-02-27
1870,476,13,82,73,2023-11-06
1871,150,49,57,73,2023-07-12
1872,219,52,483,125,2023-05-20
1873,455,26,379,77,2026-01-27
1874,921,17,188,21,2023-12-05
1875,877,35,426,30,2024-10-29
1876,405,57,386,129,2024-07-30
1877,839,78,507,91,2024-11-30
1878,52,14,662,59,2025-09-09
1879,722,70,548,90,2023-05-01
1880,819,41,794,128,2024-04-29
1881,718,28,194,106,2024-02-03
1882,433,62,71,99,2025-06-07
1883,902,70,346,68,2023-09-22
1884,694,79,96,145,2023-10-01
1885,79,63,245,133,2026-01-10
1886,143,44,704,147,2024-09-10
1887,336,63,4,99,2024-02-17
1888,369,7,53,102,2025-07-04
1889,731,2,486,74,2025-03-11
1890,967,4,87,114,2025-12-07
1891,464,46,713,134,2024-08-23
1892,617,12,774,34,2024-06-09
1893,573,29,732,35,2024-08-28
1894,942,9,377,114,2025-07-03
1895,350,47,752,149,2025-08-15
1896,857,47,295,149,2024-06-13
1897,684,13,599,135,2024-03-10
1898,469,68,580,123,2023-01-22
1899,64,57,668,142,2023-10-17
1900,766,31,601,41,2024-02-13
1901,445,76,486,62,2025-04-29
1902,155,34,540,20,2024-09-18
1903,620,74,754,114,2024-02-29
1904,861,4,312,91,2023-04-18
1905,609,60,165,92,2024-10-03
1906,919,42,128,76,2024-06-08
1907,954,13,565,113,2025-08-25
1908,484,42,676,148,2024-02-14
1909,973,12,624,48,2024-06-11
1910,122,32,38,122,2023-09-30
1911,559,37,463,72,2023-08-10
1912,708,45,125,133,2026-02-08
1913,653,75,791,59,2023-06-02
1914,486,2,477,72,2025-09-02
1915,476,11,534,102,2025-12-13
1916,717,53,115,58,2023-03-29
1917,304,76,416,77,2026-01-10
1918,40,30,368,144,2024-03-25
1919,779,28,91,55,2024-03-07
1920,780,70,436,32,2024-01-05
1921,635,31,109,79,2024-12-14
1922,778,80,611,124,2024-01-24
1923,250,72,343,26,2026-02-24
1924,934,4,766,83,2026-01-08
1925,621,37,756,37,2025-03-01
1926,111,5,380,102,2024-03-22
1927,949,56,641,50,2025-03-23
1928,221,64,420,145,2024-04-08
1929,784,73,395,144,2025-03-22
1930,616,52,186,29,2025-08-20
1931,880,46,290,48,2023-06-23
1932,762,60,151,120,2025-08-23
1933,739,21,270,126,2025-03-07
1934,147,57,304,39,2025-07-30
1935,172,45,579,116,2025-01-04
1936,699,30,661,144,2025-10-28
1937,203,16,511,29,2024-07-06
1938,923,72,800,51,2025-04-27
1939,15,8,91,22,2024-12-18
1940,879,79,629,46,2023-02-09
1941,414,17,305,94,2023-07-11
1942,854,25,772,130,2024-09-14
1943,769,3,269,129,2024-04-21
1944,861,9,127,78,2025-08-27
1945,953,19,570,68,2026-03-21
1946,845,33,570,42,2026-03-25
1947,648,10,691,109,2023-12-20
1948,960,25,535,46,2026-02-04
1949,501,75,651,75,2024-03-14
1950,401,30,405,146,2024-08-12
1951,173,51,755,77,2023-04-29
1952,623,7,386,36,2025-06-15
1953,746,68,168,34,2024-08-24
1954,110,67,589,104,2025-11-02
1955,697,37,721,29,2023-05-20
1956,613,16,720,59,2025-06-22
1957,318,60,453,68,2025-06-21
1958,893,64,766,37,2024-12-25
1959,665,50,628,149,2023-09-19
1960,676,35,452,72,2025-06-10
1961,233,7,558,90,2023-12-05
1962,171,35,27,37,2023-08-12
1963,79,35,191,107,2024-08-11
1964,999,3,544,121,2025-04-17
1965,354,78,234,66,2025-12-30
1966,550,64,401,24,2023-05-03
1967,160,30,263,34,2023-11-30
1968,73,59,391,22,2023-10-25
1969,672,25,211,115,2024-08-30
1970,331,29,260,82,2025-11-13
1971,602,56,194,82,2025-02-28
1972,71,59,245,78,2023-06-02
1973,582,28,697,120,2025-09-28
1974,658,32,720,65,2025-10-15
1975,874,59,104,44,2024-06-06
1976,434,27,353,112,2023-01-26
1977,494,46,326,41,2023-01-15
1978,95,49,200,39,2023-10-08
1979,630,30,468,46,2025-12-14
1980,430,71,89,138,2024-11-17
1981,421,66,40,89,2023-09-05
1982,209,34,408,94,2023-11-15
1983,899,14,614,114,2024-02-21
1984,234,78,395,20,2023-06-11
1985,165,69,160,125,2024-04-07
1986,581,57,29,37,2026-03-20
1987,425,29,682,62,2023-03-28
1988,286,73,269,102,2026-02-13
1989,340,69,126,60,2023-06-02
1990,802,32,61,126,2025-03-05
1991,936,3,166,116,2023-08-26
1992,749,24,338,144,2025-01-01
1993,654,45,328,82,2024-05-03
1994,939,27,727,71,2024-10-11
1995,204,35,19,35,2023-03-20
1996,542,65,502,42,2026-02-20
1997,553,67,438,106,2025-11-13
1998,846,17,556,74,2023-04-27
1999,929,28,674,145,2024-10-25
2000,4,74,470,95,2026-04-03
2001,266,7,40,94,2023-09-25
2002,686,33,127,70,2025-10-21
2003,159,30,710,35,2026-01-11
2004,44,20,206,83,2025-03-20
2005,483,6,23,95,2026-03-24
2006,592,75,587,101,2023-05-22
2007,175,56,380,148,2023-12-22
2008,371,78,138,149,2024-03-13
2009,540,24,743,137,2024-07-16
2010,331,10,237,150,2025-07-08
2011,169,59,356,95,2023-05-09
2012,155,44,334,26,2025-03-06
2013,698,79,194,92,2024-05-18
2014,333,22,751,46,2024-12-01
2015,41,78,83,64,2023-05-19
2016,332,11,120,141,2024-04-19
2017,428,30,433,89,2023-02-01
2018,620,65,403,90,2025-03-15
2019,78,60,349,58,2025-08-26
2020,186,34,693,145,2023-09-29
2021,105,31,733,49,2025-05-03
2022,802,79,650,86,2023-09-07
2023,341,34,753,92,2026-03-21
2024,799,11,61,54,2023-08-16
2025,112,61,311,25,2025-03-29
2026,657,1,37,83,2023-07-27
2027,776,64,367,74,2024-08-21
2028,3,22,107,139,2024-09-27
2029,950,45,541,94,2023-12-29
2030,821,79,28,79,2024-04-08
2031,272,59,417,78,2023-12-23
2032,786,21,2,39,2025-10-04
2033,736,10,244,117,2025-03-05
2034,870,12,292,117,2023-11-26
2035,24,40,732,52,2024-05-10
2036,320,53,309,58,2023-08-16
2037,278,39,0,80,2024-08-18
2038,923,22,63,53,2023-04-12
2039,237,47,284,39,2026-02-22
2040,629,14,590,53,2024-06-18
2041,714,47,548,145,2025-08-17
2042,161,68,552,69,2026-02-28
2043,444,54,762,111,2024-08-05
2044,304,76,170,141,2024-01-18
2045,111,49,216,60,2024-04-15
2046,966,15,440,50,2023-07-03
2047,541,60,312,102,2024-03-12
2048,466,58,175,63,2023-10-18
2049,743,22,45,87,2023-07-12
2050,559,9,756,37,2025-11-15
2051,399,56,514,132,2026-04-05
2052,391,24,320,80,2025-07-25
2053,34,21,65,87,2024-06-08
2054,268,18,133,39,2023-08-08
2055,64,75,266,110,2023-11-16
2056,685,74,559,70,2023-05-10
2057,626,67,435,138,2023-04-04
2058,582,71,367,131,2024-02-18
2059,541,75,516,70,2025-12-24
2060,543,67,135,46,2024-10-13
2061,327,25,559,21,2025-12-05
2062,127,36,314,138,2023-12-07
2063,611,38,392,87,2024-03-02
2064,570,39,690,79,2024-01-26
2065,780,26,515,120,2023-09-27
2066,631,22,122,126,2025-12-15
2067,118,31,114,61,2023-05-28
2068,206,59,670,126,2024-02-20
2069,510,57,684,21,2025-07-20
2070,412,13,308,150,2023-08-14
2071,988,76,108,72,2025-02-13
2072,757,13,72,35,2023-07-11
2073,91,34,660,134,2024-08-26
2074,647,58,327,68,2026-02-10
2075,279,63,687,125,2023-03-22
2076,332,64,299,61,2023-07-21
2077,732,27,50,121,2025-09-11
2078,109,72,748,61,2025-09-06
2079,481,46,555,142,2025-02-03
2080,955,71,158,107,2025-07-23
2081,960,60,18,23,2024-03-16
2082,428,2,800,88,2024-06-27
2083,154,46,594,29,2023-11-03
2084,196,79,277,25,2024-10-06
2085,322,58,106,85,2024-06-11
2086,814,32,711,88,2023-07-29
2087,392,54,188,55,2024-10-26
2088,327,14,536,47,2026-01-19
2089,28,68,390,123,2024-10-15
2090,414,44,244,129,2023-10-01
2091,643,2,791,118,2025-09-06
2092,266,60,100,46,2026-03-09
2093,760,21,490,78,2025-11-02
2094,137,21,177,29,2023-01-12
2095,693,75,792,26,2025-12-11
2096,368,14,640,146,2025-11-04
2097,910,11,731,135,2023-10-12
2098,132,61,615,75,2025-04-17
2099,27,20,223,90,2023-08-02
2100,538,80,612,133,2023-08-13
2101,306,69,534,49,2025-08-08
2102,200,33,524,97,2025-11-16
2103,770,7,466,50,2025-10-31
2104,784,79,448,132,2023-05-25
2105,405,20,3,113,2024-05-23
2106,745,22,460,131,2025-04-26
2107,480,11,460,141,2023-03-22
2108,961,37,337,83,2023-02-14
2109,7,13,283,83,2024-07-09
2110,58,70,554,144,2025-11-30
2111,202,20,335,38,2024-03-05
2112,16,32,490,90,2023-11-10
2113,601,45,768,49,2024-06-26
2114,962,22,68,106,2026-01-18
2115,338,66,614,141,2026-03-14
2116,952,56,796,54,2023-09-08
2117,712,19,598,94,2025-02-04
2118,485,60,313,35,2025-03-17
2119,155,69,314,85,2025-03-08
2120,758,3,748,120,2024-10-01
2121,396,42,90,49,2025-11-19
2122,29,40,230,51,2025-10-21
2123,187,62,481,123,2023-04-08
2124,514,65,200,37,2024-11-13
2125,372,58,702,118,2026-04-07
2126,878,64,714,82,2023-07-01
2127,318,48,628,126,2025-09-24
2128,142,13,6,30,2023-10-15
2129,694,52,754,61,2024-07-29
2130,882,80,550,124,2023-06-07
2131,952,68,548,113,2023-12-27
2132,711,16,46,138,2024-01-09
2133,132,9,230,137,2024-08-21
2134,622,72,702,73,2023-03-22
2135,93,2,63,132,2024-08-12
2136,590,31,67,118,2023-09-30
2137,381,49,730,94,2024-01-16
2138,577,39,233,38,2024-07-12
2139,468,54,800,110,2025-05-01
2140,573,55,800,75,2024-03-20
2141,205,55,12,46,2025-10-16
2142,406,62,488,132,2026-01-29
2143,888,54,405,132,2024-06-13
2144,215,59,547,143,2024-12-14
2145,546,36,123,81,2025-03-26
2146,964,26,259,43,2024-09-23
2147,148,12,4,98,2023-12-14
2148,695,27,213,44,2023-04-14
2149,187,73,591,38,2025-03-31
2150,566,43,256,37,2024-06-04
2151,219,21,50,54,2023-09-04
2152,170,10,275,50,2025-08-30
2153,248,5,388,135,2024-07-15
2154,511,36,655,61,2025-11-20
2155,308,53,764,73,2026-03-12
2156,110,4,483,88,2023-01-28
2157,717,19,491,68,2023-12-29
2158,169,20,492,70,2024-05-22
2159,305,17,355,29,2024-08-01
2160,453,38,665,87,2023-04-02
2161,791,7,80,53,2026-03-03
2162,200,52,435,100,2026-01-30
2163,421,33,221,92,2025-08-13
2164,183,71,572,73,2024-04-13
2165,258,33,122,69,2025-12-04
2166,384,62,214,148,2025-09-16
2167,955,41,534,125,2023-12-05
2168,275,15,726,38,2026-01-27
2169,891,4,209,122,2023-07-11
2170,928,9,656,97,2023-11-23
2171,727,33,800,43,2026-01-05
2172,53,11,690,115,2025-06-23
2173,690,57,711,103,2024-07-21
2174,388,74,593,123,2026-03-11
2175,232,59,393,51,2023-04-20
2176,646,29,288,40,2024-01-07
2177,521,53,205,100,2025-07-10
2178,643,7,440,70,2025-12-31
2179,505,68,741,94,2024-09-09
2180,180,15,111,139,2025-10-14
2181,176,63,759,33,2025-03-07
2182,456,42,53,57,2025-03-21
2183,579,20,529,97,2023-05-19
2184,613,51,364,77,2025-05-23
2185,268,25,7,62,2023-11-11
2186,139,55,667,118,2025-04-26
2187,473,59,419,94,2024-12-12
2188,118,70,556,122,2025-09-08
2189,467,75,403,105,2026-03-13
2190,639,78,307,142,2024-05-13
2191,711,36,63,109,2025-01-03
2192,239,42,455,77,2025-12-01
2193,391,36,428,65,2023-02-18
2194,290,53,79,70,2023-10-31
2195,941,79,248,54,2023-01-30
2196,622,29,171,132,2026-03-20
2197,284,49,277,49,2024-06-30
2198,45,75,608,83,2024-06-10
2199,109,57,511,75,2024-12-18
2200,324,45,96,28,2023-05-02
2201,167,77,121,26,2024-04-01
2202,959,44,675,88,2024-08-17
2203,237,64,70,125,2023-09-05
2204,382,60,200,107,2025-03-08
2205,112,73,562,110,2025-11-05
2206,784,10,249,62,2023-04-03
2207,606,55,770,94,2026-01-07
2208,897,49,432,98,2025-01-24
2209,151,2,491,57,2025-06-01
2210,823,44,759,97,2024-05-11
2211,63,2,362,133,2025-10-29
2212,199,3,165,105,2024-03-15
2213,378,10,341,36,2025-03-13
2214,431,19,767,134,2023-03-30
2215,387,52,205,126,2023-09-19
2216,513,72,124,111,2026-03-31
2217,394,51,636,120,2025-05-28
2218,443,38,678,55,2025-12-03
2219,987,49,146,44,2024-07-29
2220,290,21,196,22,2024-10-19
2221,391,59,559,90,2024-12-14
2222,916,21,32,108,2025-01-01
2223,708,69,324,72,2025-03-31
2224,163,74,714,31,2024-03-17
2225,957,59,17,122,2023-01-10
2226,705,1,7,35,2024-07-13
2227,868,61,698,145,2025-03-25
2228,604,61,433,61,2024-08-31
2229,234,45,611,144,2025-03-24
2230,679,67,427,84,2024-12-22
2231,312,28,718,38,2025-07-11
2232,515,34,461,150,2023-12-31
2233,977,4,699,36,2023-06-02
2234,829,59,635,117,2025-06-08
2235,797,55,579,131,2023-01-13
2236,210,33,487,64,2023-11-21
2237,577,15,269,125,2025-09-11
2238,519,77,569,23,2023-01-19
2239,560,42,797,32,2025-09-28
2240,690,72,387,125,2025-10-08
2241,650,57,655,92,2024-04-15
2242,979,80,333,138,2025-08-19
2243,565,67,427,120,2024-05-30
2244,467,18,420,128,2023-05-19
2245,105,39,580,41,2024-04-29
2246,328,32,662,40,2023-11-30
2247,549,19,586,105,2023-06-03
2248,785,75,208,117,2023-07-11
2249,532,4,677,131,2024-09-14
2250,591,51,673,46,2024-01-08
2251,227,12,317,91,2023-09-23
2252,901,60,298,127,2025-09-05
2253,626,28,225,120,2024-04-09
2254,395,38,763,51,2025-01-25
2255,699,58,196,109,2023-04-10
2256,317,68,441,39,2023-05-15
2257,238,4,602,33,2025-08-10
2258,689,60,425,121,2025-02-03
2259,200,68,211,130,2024-05-30
2260,252,25,627,57,2025-10-15
2261,771,16,395,62,2026-01-02
2262,689,72,664,138,2023-11-23
2263,981,74,465,127,2024-10-02
2264,142,53,485,147,2024-12-02
2265,515,70,248,117,2025-09-16
2266,401,53,15,105,2023-08-22
2267,207,28,446,31,2024-04-22
2268,947,49,182,125,2025-09-28
2269,959,26,782,125,2024-10-21
2270,773,14,760,55,2023-07-06
2271,964,3,296,82,2024-05-13
2272,379,10,397,66,2023-08-29
2273,776,58,280,113,2024-10-28
2274,471,11,159,113,2025-12-20
2275,657,62,395,146,2023-08-29
2276,10,22,192,123,2024-11-15
2277,955,69,298,75,2025-08-23
2278,395,78,762,124,2023-03-17
2279,536,60,615,140,2025-12-12
2280,368,35,38,148,2024-01-05
2281,31,10,37,91,2023-12-13
2282,468,1,581,46,2024-01-28
2283,464,22,548,85,2025-06-15
2284,57,59,258,42,2024-10-27
2285,338,4,190,118,2023-02-13
2286,324,63,196,24,2026-03-30
2287,276,64,751,119,2025-09-25
2288,468,77,201,66,2023-07-14
2289,39,44,744,147,2023-07-25
2290,967,23,356,42,2025-12-25
2291,971,54,345,24,2025-11-01
2292,33,72,394,72,2023-07-17
2293,313,56,71,129,2024-08-17
2294,622,49,464,65,2024-04-13
2295,718,34,291,54,2025-01-09
2296,313,4,229,148,2024-06-29
2297,915,3,148,109,2024-02-23
2298,113,74,131,54,2024-02-28
2299,186,15,740,128,2023-08-13
2300,127,59,146,46,2023-03-30
2301,553,61,424,74,2023-07-04
2302,944,3,491,49,2024-08-17
2303,952,15,250,123,2024-12-14
2304,265,65,380,34,2023-07-25
2305,703,16,318,107,2024-10-09
2306,575,72,600,43,2024-02-02
2307,835,3,796,132,2025-06-05
2308,911,41,387,67,2023-08-13
2309,897,25,729,144,2023-08-13
2310,469,16,790,129,2025-04-12
2311,937,26,73,60,2025-12-03
2312,712,51,692,29,2025-10-08
2313,412,9,755,148,2023-02-19
2314,656,66,667,26,2023-07-24
2315,441,67,430,149,2023-02-14
2316,368,62,512,42,2025-06-28
2317,327,63,115,33,2024-07-18
2318,276,67,170,98,2024-03-04
2319,637,57,243,76,2024-01-20
2320,466,47,679,33,2023-03-24
2321,861,51,736,70,2023-11-10
2322,948,28,240,48,2023-12-26
2323,705,71,504,146,2023-06-24
2324,382,55,280,76,2024-06-21
2325,833,47,332,21,2023-05-24
2326,657,20,687,114,2025-03-21
2327,624,29,84,122,2026-03-01
2328,555,44,546,86,2024-09-02
2329,790,17,114,22,2023-09-15
2330,948,10,475,57,2024-08-16
2331,968,56,270,150,2023-12-20
2332,192,72,531,69,2024-10-09
2333,84,64,165,90,2025-07-15
2334,429,70,647,34,2025-03-13
2335,827,75,581,43,2025-02-23
2336,637,46,493,135,2024-04-09
2337,902,3,223,100,2023-12-22
2338,492,80,269,106,2023-12-20
2339,603,32,99,84,2024-03-15
2340,656,49,168,77,2024-07-13
2341,387,43,503,90,2026-01-02
2342,599,8,650,87,2026-03-24
2343,7,62,730,83,2023-01-05
2344,366,40,529,126,2023-09-02
2345,428,54,266,73,2025-06-12
2346,216,71,264,40,2024-01-29
2347,304,67,233,141,2026-03-07
2348,314,21,72,54,2025-07-25
2349,40,77,797,43,2024-08-16
2350,604,30,215,150,2024-09-20
2351,931,19,660,94,2023-01-10
2352,828,53,92,64,2024-10-16
2353,611,76,260,79,2023-11-13
2354,74,80,732,145,2023-06-30
2355,816,77,734,134,2024-12-10
2356,434,16,668,103,2024-02-22
2357,838,4,152,134,2024-09-26
2358,421,13,316,131,2023-07-29
2359,728,5,146,76,2025-03-22
2360,544,46,141,145,2025-12-05
2361,236,16,285,21,2023-08-17
2362,389,57,504,142,2025-09-06
2363,988,25,313,44,2025-02-06
2364,534,4,601,48,2023-08-28
2365,520,14,285,42,2026-04-13
2366,571,27,496,38,2023-02-06
2367,337,10,81,35,2025-12-04
2368,442,19,547,95,2024-06-23
2369,285,19,6,22,2023-02-19
2370,679,39,202,73,2023-08-04
2371,802,20,445,36,2024-02-26
2372,288,54,783,48,2023-03-22
2373,95,12,462,99,2024-10-08
2374,78,48,471,87,2026-02-08
2375,461,79,493,75,2026-03-28
2376,685,40,115,32,2023-02-06
2377,169,23,46,35,2024-06-29
2378,431,63,740,32,2023-09-03
2379,332,31,297,115,2024-07-21
2380,812,57,592,60,2024-02-10
2381,123,21,637,134,2024-02-07
2382,508,80,707,48,2025-07-25
2383,384,70,494,142,2025-07-05
2384,331,20,83,113,2023-01-01
2385,696,66,371,29,2026-04-14
2386,472,28,331,109,2023-10-08
2387,139,35,735,132,2024-06-02
2388,162,4,443,93,2025-08-11
2389,280,54,235,77,2025-04-16
2390,128,19,11,46,2024-08-09
2391,267,61,698,21,2026-01-25
2392,372,11,394,101,2025-11-24
2393,803,64,620,148,2024-01-18
2394,291,40,672,114,2024-06-30
2395,158,57,797,20,2026-04-15
2396,204,8,454,28,2025-03-29
2397,58,36,342,143,2026-02-09
2398,312,27,321,120,2025-09-03
2399,742,61,222,88,2024-11-10
2400,79,20,261,53,2023-03-03
2401,160,15,385,103,2023-10-30
2402,131,23,132,150,2023-12-03
2403,931,28,665,45,2025-12-23
2404,180,63,138,27,2023-04-27
2405,271,60,698,144,2025-09-09
2406,865,7,754,112,2025-11-23
2407,371,11,739,80,2023-04-14
2408,393,43,284,143,2025-10-22
2409,74,68,239,75,2025-07-12
2410,874,43,78,80,2023-06-15
2411,670,49,671,79,2025-07-19
2412,970,52,796,142,2023-02-14
2413,270,45,135,118,2025-07-05
2414,568,2,147,44,2026-03-01
2415,222,71,705,135,2026-02-01
2416,381,6,368,23,2023-10-31
2417,226,34,660,115,2024-04-11
2418,287,27,743,37,2024-02-18
2419,882,56,13,24,2024-02-02
2420,419,69,114,145,2025-03-28
2421,97,18,733,90,2023-03-21
2422,528,47,611,87,2025-08-27
2423,585,75,207,123,2023-12-20
2424,65,11,105,138,2025-08-08
2425,548,37,783,87,2025-01-12
2426,337,68,11,34,2025-07-28
2427,942,38,85,62,2024-07-14
2428,185,20,723,124,2023-09-19
2429,982,71,2,61,2023-12-25
2430,139,30,663,101,2025-01-23
2431,174,14,670,34,2025-01-09
2432,569,55,467,143,2024-05-18
2433,635,75,769,87,2025-12-20
2434,115,1,99,41,2025-12-08
2435,363,8,482,102,2023-07-21
2436,767,21,649,37,2025-11-30
2437,660,2,698,117,2023-05-22
2438,271,27,553,138,2023-12-19
2439,728,17,550,21,2023-09-24
2440,951,26,125,141,2025-05-16
2441,823,3,665,102,2025-09-24
2442,499,18,54,39,2023-02-05
2443,166,53,537,45,2026-02-20
2444,717,23,304,58,2024-07-07
2445,554,13,566,110,2025-09-30
2446,290,12,154,65,2023-07-30
2447,856,62,449,106,2024-10-12
2448,35,77,30,120,2024-12-28
2449,150,76,167,27,2025-09-23
2450,414,68,161,43,2026-02-07
2451,902,30,796,81,2023-12-29
2452,643,22,451,44,2023-04-21
2453,17,24,787,61,2023-09-21
2454,221,67,495,54,2024-03-22
2455,263,26,659,97,2025-03-04
2456,962,76,31,30,2025-12-30
2457,87,76,12,78,2024-09-03
2458,278,78,790,144,2024-11-03
2459,943,50,502,41,2024-05-22
2460,510,47,325,123,2023-09-13
2461,111,28,177,37,2026-04-14
2462,346,2,654,100,2024-03-05
2463,283,31,37,30,2026-01-10
2464,201,50,479,60,2024-05-12
2465,289,67,663,23,2025-09-10
2466,359,25,250,148,2025-09-11
2467,963,63,223,49,2025-07-06
2468,285,62,402,98,2023-04-30
2469,150,7,129,132,2024-05-19
2470,97,10,307,34,2024-01-12
2471,735,17,478,34,2023-07-13
2472,906,34,644,54,2023-07-30
2473,733,46,1,48,2025-07-27
2474,923,46,244,41,2026-01-05
2475,261,69,390,69,2025-10-11
2476,231,3,98,86,2024-05-08
2477,229,18,544,64,2023-09-14
2478,629,76,253,22,2023-06-30
2479,793,65,551,78,2025-03-21
2480,468,75,323,45,2024-04-16
2481,434,72,146,55,2025-09-06
2482,894,2,249,68,2026-01-15
2483,352,36,269,121,2025-08-06
2484,955,9,275,94,2023-02-21
2485,428,37,314,96,2026-02-22
2486,377,19,41,68,2023-12-23
2487,1000,42,156,56,2024-12-17
2488,476,55,294,44,2024-11-04
2489,859,15,447,121,2025-02-14
2490,468,75,163,84,2025-09-07
2491,700,56,222,36,2023-03-18
2492,938,39,362,138,2025-12-01
2493,49,69,353,39,2024-04-23
2494,756,8,504,82,2025-08-16
2495,326,11,425,31,2026-01-24
2496,235,22,464,30,2023-07-29
2497,712,35,665,144,2025-07-20
2498,592,41,354,123,2024-12-03
2499,122,17,439,34,2024-06-06
2500,645,6,691,61,2024-11-02
2501,541,2,236,74,2026-02-19
2502,170,62,664,47,2024-11-04
2503,976,64,657,27,2024-12-14
2504,391,70,175,78,2026-03-09
2505,211,60,177,42,2026-01-30
2506,548,24,393,124,2024-01-29
2507,580,47,210,47,2025-08-08
2508,271,33,498,101,2023-08-04
2509,62,20,46,71,2025-05-23
2510,377,60,255,91,2024-07-28
2511,669,80,55,43,2026-03-22
2512,992,32,605,146,2024-05-01
2513,494,60,553,55,2023-08-31
2514,102,80,123,59,2025-08-28
2515,89,47,639,48,2024-03-19
2516,748,50,777,101,2025-10-26
2517,211,16,597,64,2024-10-22
2518,435,30,86,106,2024-03-25
2519,454,63,726,33,2023-01-29
2520,793,56,234,62,2025-10-15
2521,420,58,537,120,2025-02-15
2522,974,9,747,118,2025-06-20
2523,712,22,152,94,2025-10-15
2524,870,55,330,144,2023-06-11
2525,939,31,738,113,2025-04-25
2526,428,43,128,119,2023-06-20
2527,451,36,103,141,2024-10-01
2528,743,42,330,89,2023-12-09
2529,82,67,454,117,2025-02-03
2530,807,45,326,54,2024-02-10
2531,625,62,75,42,2024-10-10
2532,353,59,44,51,2024-04-23
2533,647,73,490,89,2026-02-24
2534,271,2,256,49,2024-09-17
2535,525,67,303,103,2026-01-03
2536,334,62,316,55,2023-07-10
2537,896,10,42,141,2025-04-04
2538,841,61,174,48,2024-07-17
2539,969,51,290,67,2025-05-02
2540,286,62,288,112,2024-04-23
2541,290,37,468,64,2024-02-05
2542,552,65,326,86,2023-01-27
2543,452,55,298,42,2025-08-01
2544,419,76,8,123,2024-02-03
2545,2,20,279,128,2025-05-14
2546,504,39,429,104,2025-12-24
2547,420,68,368,69,2026-02-18
2548,712,13,113,134,2024-03-29
2549,815,60,271,53,2023-05-07
2550,840,22,343,54,2024-11-23
2551,936,18,433,51,2024-01-22
2552,843,33,148,40,2025-10-05
2553,610,25,784,23,2023-03-23
2554,655,78,177,23,2025-08-23
2555,567,79,768,30,2025-11-16
2556,86,29,406,98,2025-02-02
2557,827,25,600,141,2026-04-11
2558,568,70,664,113,2026-01-30
2559,417,75,312,26,2023-03-20
2560,66,64,552,68,2023-02-12
2561,178,29,108,103,2024-08-08
2562,442,39,773,69,2025-04-24
2563,46,15,78,126,2025-04-06
2564,711,55,387,86,2023-10-02
2565,473,65,450,22,2023-06-21
2566,948,63,607,32,2026-03-01
2567,309,48,734,122,2023-06-23
2568,106,53,642,95,2023-05-15
2569,114,18,514,74,2025-07-21
2570,675,63,749,22,2023-06-02
2571,912,25,256,28,2025-10-09
2572,524,50,14,41,2024-06-02
2573,151,38,232,111,2023-02-17
2574,766,41,356,142,2024-06-25
2575,202,20,674,108,2025-02-22
2576,403,73,777,55,2024-09-16
2577,861,6,219,145,2025-10-04
2578,191,27,657,54,2025-12-21
2579,934,50,498,136,2025-10-24
2580,906,7,407,56,2025-03-20
2581,344,73,235,105,2025-02-08
2582,761,34,226,83,2023-07-29
2583,193,10,89,76,2023-01-30
2584,138,72,431,91,2023-11-20
2585,513,41,411,67,2025-03-17
2586,881,11,367,23,2024-03-15
2587,245,15,338,56,2025-10-16
2588,179,69,171,147,2024-10-25
2589,700,43,12,45,2023-06-07
2590,920,3,663,81,2025-03-10
2591,899,64,73,75,2024-12-04
2592,775,57,785,50,2023-06-30
2593,45,19,442,75,2025-01-21
2594,993,47,658,85,2025-02-06
2595,235,30,631,77,2023-06-03
2596,590,40,263,31,2023-10-02
2597,258,1,46,122,2025-08-15
2598,196,36,266,114,2024-05-14
2599,362,62,699,33,2025-11-22
2600,868,30,415,101,2023-10-27
2601,892,36,604,98,2024-03-15
2602,340,54,53,105,2025-11-06
2603,650,6,788,110,2023-02-11
2604,230,69,598,102,2025-08-18
2605,877,68,333,138,2024-05-10
2606,908,64,185,43,2023-05-04
2607,358,30,601,72,2023-02-04
2608,305,66,439,55,2023-11-24
2609,278,46,388,98,2025-03-26
2610,265,70,315,87,2025-11-25
2611,300,6,240,88,2025-10-05
2612,299,68,797,71,2024-10-19
2613,695,48,502,93,2024-01-19
2614,729,57,780,73,2024-04-26
2615,942,36,394,102,2026-02-09
2616,554,7,146,33,2024-03-06
2617,503,72,781,62,2025-07-17
2618,625,12,425,34,2026-03-17
2619,8,14,132,132,2023-06-27
2620,985,52,171,129,2025-05-08
2621,745,44,776,90,2024-07-07
2622,971,34,95,92,2025-04-09
2623,19,14,588,95,2024-08-19
2624,743,53,575,85,2025-09-09
2625,910,57,133,132,2024-12-08
2626,800,43,165,109,2024-02-25
2627,558,32,701,63,2024-11-05
2628,1,64,470,107,2024-10-23
2629,151,59,93,133,2023-04-13
2630,898,80,732,109,2025-11-16
2631,698,71,447,122,2025-10-27
2632,442,29,423,145,2026-02-07
2633,985,21,753,57,2025-01-25
2634,184,15,755,25,2024-02-23
2635,457,53,409,110,2023-07-25
2636,610,6,166,90,2026-02-25
2637,127,77,234,53,2025-02-02
2638,362,68,783,21,2025-01-11
2639,968,14,36,56,2025-01-31
2640,241,21,118,57,2024-12-22
2641,650,8,320,106,2023-02-10
2642,533,9,274,75,2025-03-24
2643,985,4,552,42,2024-08-24
2644,522,18,742,134,2023-07-22
2645,562,43,548,117,2025-02-24
2646,250,34,314,88,2025-09-06
2647,622,7,480,59,2024-01-31
2648,989,27,485,106,2026-01-24
2649,121,1,676,44,2024-06-22
2650,264,24,24,26,2024-09-25
2651,217,69,636,38,2023-09-10
2652,716,12,163,71,2023-11-15
2653,441,12,616,146,2024-12-12
2654,923,43,247,85,2023-12-07
2655,765,36,185,88,2026-03-18
2656,899,55,434,64,2025-09-28
2657,691,45,132,131,2024-02-12
2658,464,53,772,27,2023-06-03
2659,908,51,456,94,2026-03-21
2660,267,6,581,143,2025-11-23
2661,556,24,289,126,2025-10-31
2662,572,15,183,87,2024-05-27
2663,471,35,582,48,2025-02-23
2664,807,67,236,43,2024-12-26
2665,656,74,619,121,2024-10-26
2666,632,31,101,107,2024-04-17
2667,854,37,631,58,2025-05-10
2668,332,52,48,71,2024-02-28
2669,161,71,166,70,2024-06-12
2670,369,20,367,23,2026-02-05
2671,872,46,49,63,2025-01-24
2672,480,63,283,59,2024-01-11
2673,225,72,769,82,2023-12-19
2674,945,79,419,95,2023-11-01
2675,740,14,597,37,2023-03-14
2676,43,10,595,137,2024-12-02
2677,824,4,784,78,2024-10-09
2678,671,74,68,25,2025-02-13
2679,698,17,228,71,2024-10-24
2680,787,27,473,102,2025-11-17
2681,81,46,790,148,2025-09-13
2682,615,31,193,46,2023-09-22
2683,662,62,278,24,2025-03-26
2684,894,19,97,88,2023-04-23
2685,556,41,719,142,2023-07-19
2686,432,70,21,68,2024-08-24
2687,431,29,87,29,2024-03-07
2688,217,70,491,46,2025-05-11
2689,703,48,574,134,2024-12-14
2690,332,40,293,140,2025-04-07
2691,859,17,646,84,2026-03-19
2692,393,26,482,54,2024-09-11
2693,99,22,446,68,2024-04-09
2694,230,1,431,36,2023-08-12
2695,624,3,748,114,2025-01-08
2696,174,54,309,61,2025-02-20
2697,186,14,278,31,2023-11-13
2698,402,57,460,68,2024-12-31
2699,165,18,303,89,2025-04-15
2700,902,41,127,42,2025-10-17
2701,301,7,137,106,2023-09-02
2702,642,35,793,24,2025-10-14
2703,922,77,397,144,2025-04-21
2704,747,36,260,106,2023-01-03
2705,733,15,768,43,2025-03-28
2706,417,56,733,68,2025-05-29
2707,384,32,428,73,2025-04-15
2708,853,26,87,133,2024-06-11
2709,200,43,340,103,2024-01-24
2710,379,31,489,32,2024-06-07
2711,151,6,209,103,2023-01-18
2712,483,46,55,147,2026-02-15
2713,953,25,91,130,2024-10-25
2714,937,24,243,28,2023-10-27
2715,847,9,778,123,2025-03-16
2716,822,35,245,91,2023-04-15
2717,724,39,23,27,2023-04-23
2718,431,47,639,61,2025-05-08
2719,727,38,614,51,2023-11-04
2720,963,47,113,38,2024-10-28
2721,754,15,613,81,2026-04-08
2722,36,39,200,111,2023-04-08
2723,992,75,574,29,2024-11-15
2724,740,29,463,108,2025-04-24
2725,530,52,683,139,2024-04-07
2726,660,31,402,25,2023-08-28
2727,685,2,298,67,2025-08-21
2728,563,17,265,53,2026-04-13
2729,171,21,729,90,2024-12-25
2730,559,43,330,129,2024-02-03
2731,955,13,707,108,2024-02-15
2732,4,66,184,97,2026-01-03
2733,197,17,450,97,2024-08-02
2734,800,8,217,41,2024-11-06
2735,121,45,24,143,2024-09-28
2736,144,71,535,81,2023-08-23
2737,389,50,796,78,2025-08-12
2738,384,6,756,76,2024-10-04
2739,295,53,181,55,2025-01-29
2740,664,67,735,104,2023-01-19
2741,850,4,599,71,2023-12-18
2742,320,49,118,135,2025-04-16
2743,547,61,35,142,2025-06-21
2744,627,21,305,90,2023-12-07
2745,551,16,390,134,2024-12-23
2746,313,38,172,146,2024-02-24
2747,498,55,706,75,2023-10-24
2748,469,29,281,60,2024-06-28
2749,807,72,770,124,2024-11-29
2750,957,53,372,112,2023-03-01
2751,568,12,1,39,2025-04-09
2752,693,25,393,40,2023-04-03
2753,745,35,455,114,2025-10-07
2754,677,62,457,148,2023-05-28
2755,609,17,495,91,2023-12-25
2756,50,39,786,106,2023-09-10
2757,419,70,516,69,2023-06-08
2758,818,45,443,20,2024-04-13
2759,577,54,335,121,2025-10-25
2760,141,49,4,23,2024-05-30
2761,350,18,573,112,2024-05-12
2762,612,70,368,64,2024-01-12
2763,397,18,185,83,2026-03-22
2764,329,28,397,142,2026-01-29
2765,473,69,282,63,2023-06-09
2766,807,36,211,80,2025-09-24
2767,469,42,79,35,2023-03-28
2768,407,61,289,75,2024-07-16
2769,177,66,414,146,2023-04-26
2770,121,57,289,64,2024-09-10
2771,233,61,553,82,2023-01-19
2772,376,76,81,137,2025-07-31
2773,66,25,345,30,2025-08-13
2774,706,46,709,113,2026-01-24
2775,177,45,432,105,2025-08-23
2776,128,29,700,52,2023-10-03
2777,68,3,172,78,2025-09-28
2778,765,8,768,62,2025-05-16
2779,754,62,709,135,2024-07-18
2780,101,19,31,42,2025-09-07
2781,27,29,446,119,2024-05-12
2782,979,46,379,147,2023-02-28
2783,665,45,620,42,2023-10-27
2784,749,4,546,64,2023-02-19
2785,49,60,563,127,2025-07-18
2786,659,54,532,38,2023-03-25
2787,864,40,235,129,2025-11-16
2788,931,3,215,75,2024-02-13
2789,984,73,708,143,2026-01-01
2790,894,50,116,33,2024-10-13
2791,559,55,453,139,2023-07-08
2792,875,35,641,114,2026-01-23
2793,276,68,645,81,2026-02-15
2794,777,1,16,56,2024-09-26
2795,789,69,534,68,2023-08-13
2796,795,42,216,27,2024-11-07
2797,310,29,286,56,2025-10-20
2798,414,49,181,39,2024-10-04
2799,949,50,539,110,2025-08-27
2800,118,74,722,145,2023-05-12
2801,706,33,701,131,2025-10-05
2802,180,48,195,51,2023-03-11
2803,590,60,626,76,2025-09-13
2804,893,8,576,132,2025-12-19
2805,961,1,97,33,2023-05-10
2806,963,77,666,135,2023-09-05
2807,285,69,21,124,2025-04-23
2808,112,17,799,29,2025-02-07
2809,466,33,414,86,2024-02-10
2810,286,12,114,109,2023-10-26
2811,615,68,755,133,2025-01-31
2812,40,64,774,91,2024-04-25
2813,106,11,113,57,2024-12-24
2814,195,3,164,74,2025-03-11
2815,401,36,552,73,2025-01-17
2816,817,7,14,121,2024-07-20
2817,847,48,658,90,2024-02-23
2818,608,22,500,106,2025-01-20
2819,177,75,106,143,2023-11-03
2820,715,74,99,45,2023-08-06
2821,114,25,626,147,2024-07-15
2822,948,35,102,150,2025-11-30
2823,27,37,499,102,2025-08-03
2824,986,60,149,82,2024-03-23
2825,585,78,214,146,2023-02-18
2826,54,64,155,92,2025-09-14
2827,12,25,505,40,2024-03-21
2828,634,15,681,84,2023-08-10
2829,219,7,112,133,2023-11-11
2830,862,69,707,121,2023-12-02
2831,123,24,632,136,2023-03-13
2832,28,25,81,119,2024-03-20
2833,62,48,614,73,2024-07-26
2834,798,17,35,71,2025-06-09
2835,207,73,48,39,2024-12-16
2836,855,39,150,31,2024-08-19
2837,269,18,647,55,2023-10-15
2838,842,5,85,48,2024-10-09
2839,991,45,361,145,2026-02-08
2840,880,7,293,65,2023-02-19
2841,74,65,333,74,2025-01-18
2842,106,62,665,34,2025-11-23
2843,50,62,505,69,2024-10-25
2844,190,27,46,71,2024-05-11
2845,480,36,425,144,2025-08-03
2846,481,7,489,131,2025-03-23
2847,295,26,578,20,2023-09-27
2848,571,65,297,94,2024-02-18
2849,173,75,454,86,2023-05-06
2850,316,79,217,116,2025-04-24
2851,819,5,331,89,2026-01-06
2852,485,44,313,81,2024-12-23
2853,821,48,373,124,2025-11-26
2854,127,49,136,141,2024-06-24
2855,535,68,174,80,2023-08-03
2856,586,9,101,34,2025-07-29
2857,633,49,56,136,2024-05-31
2858,582,5,336,59,2026-03-06
2859,108,48,5,132,2025-08-07
2860,745,17,642,134,2025-04-02
2861,933,78,159,77,2023-06-19
2862,111,43,18,138,2024-12-26
2863,213,6,584,132,2026-03-01
2864,135,42,260,79,2024-04-08
2865,618,65,397,129,2023-12-26
2866,165,58,571,26,2023-08-08
2867,898,64,134,64,2023-02-20
2868,125,51,626,68,2023-03-13
2869,501,29,247,34,2023-10-19
2870,464,2,244,98,2024-12-27
2871,617,79,512,139,2024-07-08
2872,78,65,239,72,2024-10-24
2873,566,64,784,93,2025-01-02
2874,250,14,41,60,2025-01-08
2875,566,40,730,133,2023-02-20
2876,527,70,7,102,2025-12-01
2877,764,57,550,38,2024-09-29
2878,587,46,137,129,2024-09-04
2879,849,69,658,149,2023-12-04
2880,728,7,702,44,2023-07-12
2881,686,42,292,131,2026-03-17
2882,336,12,776,107,2024-11-13
2883,109,77,534,20,2025-12-05
2884,947,2,787,131,2025-07-19
2885,399,65,593,140,2023-01-23
2886,459,53,702,24,2026-02-26
2887,904,66,104,73,2024-07-23
2888,777,69,731,58,2025-01-11
2889,507,52,731,47,2024-06-18
2890,841,20,160,84,2024-11-15
2891,303,76,592,33,2023-07-01
2892,566,48,504,118,2024-08-07
2893,12,15,319,46,2025-11-04
2894,826,3,551,55,2025-09-06
2895,594,67,187,24,2023-04-28
2896,77,11,788,139,2023-10-16
2897,836,39,283,53,2024-11-19
2898,541,39,359,54,2026-01-29
2899,632,55,156,36,2024-12-18
2900,457,8,590,111,2024-05-07
2901,412,5,556,33,2025-03-02
2902,39,15,349,115,2025-04-19
2903,743,39,60,123,2025-12-04
2904,48,4,321,94,2025-10-22
2905,555,72,355,140,2023-09-16
2906,288,17,485,124,2024-10-03
2907,158,43,92,68,2023-11-20
2908,559,19,368,130,2023-07-07
2909,839,67,147,82,2024-03-24
2910,496,32,188,68,2023-11-23
2911,459,13,108,128,2025-07-18
2912,862,31,45,74,2024-03-22
2913,137,2,52,48,2025-01-26
2914,339,77,81,66,2024-11-09
2915,491,43,737,86,2023-03-20
2916,676,48,79,145,2025-03-03
2917,555,41,106,37,2024-09-01
2918,651,22,346,120,2026-02-07
2919,530,37,250,68,2024-07-08
2920,338,37,409,112,2023-11-02
2921,797,41,31,109,2025-08-20
2922,833,80,210,115,2024-09-16
2923,156,54,675,41,2025-09-23
2924,905,61,337,86,2025-03-21
2925,141,28,673,67,2024-03-08
2926,450,34,8,51,2025-05-24
2927,775,52,340,47,2026-01-10
2928,659,24,774,51,2025-05-04
2929,111,61,170,40,2023-03-12
2930,51,55,657,44,2025-12-25
2931,47,58,424,28,2024-05-26
2932,14,68,677,83,2023-07-13
2933,794,8,440,28,2024-03-22
2934,93,64,5,54,2023-09-02
2935,703,5,533,39,2024-08-01
2936,841,11,453,99,2023-03-12
2937,428,16,655,68,2023-04-23
2938,883,47,195,117,2025-03-04
2939,262,62,247,128,2025-10-09
2940,215,14,452,22,2024-09-16
2941,550,63,203,79,2025-01-15
2942,470,2,712,58,2026-01-16
2943,9,67,329,46,2025-01-26
2944,537,18,295,143,2025-07-16
2945,511,63,194,49,2025-06-28
2946,110,8,117,75,2023-02-09
2947,806,71,315,133,2023-11-27
2948,472,24,192,62,2023-12-01
2949,105,37,1,42,2025-10-19
2950,918,33,549,109,2023-03-03
2951,884,60,237,60,2024-05-16
2952,170,26,317,74,2023-01-04
2953,995,3,173,73,2024-12-30
2954,978,45,737,25,2023-06-16
2955,73,1,616,87,2023-04-25
2956,621,50,414,33,2024-05-10
2957,146,71,733,55,2025-05-17
2958,555,44,309,129,2024-04-18
2959,851,73,322,69,2024-01-04
2960,981,6,614,58,2025-10-05
2961,529,4,344,118,2023-09-26
2962,341,12,171,129,2025-09-23
2963,986,15,745,98,2025-11-13
2964,858,73,313,127,2024-12-14
2965,891,61,570,23,2023-02-19
2966,11,3,339,94,2023-09-06
2967,352,59,665,37,2023-02-11
2968,250,67,698,57,2025-04-22
2969,108,68,352,117,2023-12-11
2970,9,47,732,84,2023-01-16
2971,548,64,116,96,2023-07-13
2972,625,3,27,51,2025-06-19
2973,427,65,296,126,2024-06-04
2974,546,33,47,58,2025-05-23
2975,241,52,239,36,2025-04-13
2976,664,53,605,148,2023-01-26
2977,874,29,679,45,2024-12-10
2978,418,44,660,145,2025-11-27
2979,858,13,678,91,2024-06-19
2980,591,65,606,33,2024-04-28
2981,996,34,798,94,2025-02-16
2982,623,44,449,124,2025-05-28
2983,443,79,496,95,2024-03-12
2984,700,15,499,58,2025-04-16
2985,74,47,195,91,2025-07-29
2986,1,35,96,52,2025-08-06
2987,489,41,74,48,2025-01-31
2988,523,14,33,102,2025-03-27
2989,848,45,322,70,2024-03-18
2990,547,15,35,78,2024-04-17
2991,578,31,199,29,2023-07-12
2992,730,54,173,122,2026-03-11
2993,565,12,509,105,2025-10-08
2994,659,42,757,26,2025-01-20
2995,70,62,672,124,2023-12-10
2996,932,14,746,24,2023-10-27
2997,952,40,359,131,2025-05-08
2998,74,9,700,114,2023-09-04
2999,620,24,395,149,2023-04-07
3000,442,59,219,25,2024-10-14
3001,206,14,355,47,2024-02-05
3002,766,65,252,43,2025-06-11
3003,276,7,56,143,2024-11-28
3004,624,55,69,33,2025-02-19
3005,64,36,266,33,2025-08-13
3006,982,77,140,126,2023-05-09
3007,123,45,194,98,2023-03-11
3008,437,58,744,131,2025-06-09
3009,714,65,603,123,2026-02-07
3010,79,28,132,108,2024-09-27
3011,438,65,398,57,2025-04-05
3012,211,20,727,142,2023-09-29
3013,363,66,674,117,2025-05-28
3014,283,72,146,55,2024-06-20
3015,272,73,411,125,2026-02-28
3016,433,32,559,86,2025-04-28
3017,507,40,60,43,2024-06-11
3018,313,13,435,89,2024-09-02
3019,848,22,305,147,2024-10-12
3020,125,11,243,82,2024-01-05
3021,322,26,125,85,2023-09-08
3022,97,6,34,50,2023-03-08
3023,678,52,453,70,2025-03-26
3024,930,24,649,93,2023-08-11
3025,317,77,556,49,2025-11-09
3026,561,63,117,77,2026-01-04
3027,397,53,367,143,2025-09-14
3028,199,13,676,22,2024-06-29
3029,335,76,218,128,2024-02-16
3030,521,28,237,28,2023-07-16
3031,94,5,738,89,2025-10-25
3032,133,9,524,140,2025-11-03
3033,428,41,330,109,2023-06-20
3034,661,74,542,42,2025-04-15
3035,683,77,191,86,2025-11-29
3036,165,71,468,60,2023-05-01
3037,97,4,263,25,2024-08-08
3038,477,74,447,114,2023-03-31
3039,728,24,666,136,2024-05-31
3040,814,11,713,74,2025-06-07
3041,724,29,694,129,2023-06-20
3042,719,62,406,128,2025-12-16
3043,223,1,309,76,2025-04-09
3044,677,55,5,107,2024-02-10
3045,267,79,98,63,2023-05-02
3046,638,10,338,141,2023-06-15
3047,298,50,389,143,2024-02-08
3048,7,24,766,87,2025-09-08
3049,74,47,710,24,2023-08-11
3050,183,6,453,39,2023-11-11
3051,519,11,157,123,2024-03-10
3052,999,13,708,100,2024-08-30
3053,557,61,720,39,2024-01-16
3054,236,54,224,108,2025-10-28
3055,207,59,330,138,2025-01-17
3056,828,14,183,36,2023-03-26
3057,437,11,480,108,2023-07-22
3058,215,46,178,136,2023-08-14
3059,496,58,736,30,2024-02-04
3060,839,79,342,22,2023-11-09
3061,794,3,713,95,2023-04-15
3062,735,74,652,52,2025-10-14
3063,661,32,97,117,2025-07-03
3064,437,57,470,105,2026-01-28
3065,916,41,525,70,2023-07-11
3066,448,56,512,20,2025-11-10
3067,202,78,168,78,2024-08-21
3068,994,44,24,108,2024-02-14
3069,796,76,97,119,2025-09-10
3070,985,24,619,146,2025-03-29
3071,421,13,36,111,2023-09-24
3072,230,69,458,73,2025-12-23
3073,996,34,43,134,2023-10-21
3074,735,1,365,112,2023-10-31
3075,344,51,568,109,2024-03-17
3076,794,76,283,125,2025-07-06
3077,131,42,84,90,2024-07-10
3078,750,62,167,50,2023-04-10
3079,979,20,704,122,2023-01-17
3080,796,11,109,132,2023-02-24
3081,943,5,792,26,2023-12-03
3082,722,1,534,37,2025-08-01
3083,393,56,448,26,2025-01-06
3084,802,50,543,90,2023-06-28
3085,44,17,567,43,2024-05-17
3086,562,62,312,141,2024-01-06
3087,311,77,429,58,2025-11-23
3088,283,4,548,90,2023-10-01
3089,476,47,398,79,2025-08-24
3090,247,39,433,73,2025-09-15
3091,749,80,251,51,2024-10-30
3092,374,47,635,47,2023-12-27
3093,260,9,663,94,2023-12-21
3094,232,49,422,84,2024-03-19
3095,552,12,292,49,2023-08-01
3096,612,55,239,33,2023-06-13
3097,676,49,536,55,2023-02-24
3098,467,21,79,23,2025-05-29
3099,476,27,140,63,2025-12-18
3100,366,76,61,94,2023-09-02
3101,753,28,350,40,2025-04-13
3102,6,40,138,102,2023-02-11
3103,662,53,304,63,2025-06-20
3104,79,21,82,65,2023-08-11
3105,325,52,318,127,2024-02-13
3106,705,13,473,148,2025-08-08
3107,265,63,659,29,2024-10-19
3108,500,76,760,90,2025-07-10
3109,525,43,176,115,2026-01-04
3110,193,66,517,57,2024-01-18
3111,956,52,693,89,2026-01-16
3112,103,39,721,102,2025-06-09
3113,836,41,509,79,2024-01-29
3114,204,22,351,59,2023-03-31
3115,442,32,0,43,2026-02-26
3116,761,13,629,134,2023-02-23
3117,218,54,489,37,2025-08-28
3118,745,9,345,107,2024-10-20
3119,173,64,613,102,2023-03-26
3120,470,35,621,40,2024-11-22
3121,225,23,584,143,2024-10-03
3122,832,68,97,66,2024-10-17
3123,160,32,204,36,2024-10-26
3124,640,68,532,25,2024-10-05
3125,136,58,46,143,2023-08-04
3126,434,64,669,91,2025-08-10
3127,615,31,317,135,2024-03-26
3128,742,25,129,25,2023-06-29
3129,466,75,302,81,2026-02-06
3130,974,73,654,129,2025-04-20
3131,305,9,162,64,2026-02-18
3132,512,65,766,126,2023-09-10
3133,252,70,3,69,2024-01-26
3134,580,24,473,117,2025-04-11
3135,954,47,359,22,2025-11-21
3136,787,32,307,95,2024-10-21
3137,140,52,358,102,2025-06-10
3138,741,37,153,40,2025-04-15
3139,528,17,376,114,2026-04-05
3140,464,22,705,25,2024-04-11
3141,280,78,504,20,2023-08-10
3142,499,33,613,135,2024-04-19
3143,90,41,628,103,2024-05-22
3144,850,55,50,52,2024-07-12
3145,734,15,302,109,2025-01-29
3146,56,35,11,57,2024-03-07
3147,67,3,22,63,2023-09-04
3148,150,11,800,138,2023-07-17
3149,829,73,528,92,2023-12-04
3150,8,45,403,55,2026-03-25
3151,616,62,337,94,2023-04-09
3152,754,66,405,106,2024-09-08
3153,962,27,61,44,2023-05-13
3154,410,28,199,28,2024-06-02
3155,283,24,268,110,2023-09-04
3156,408,60,684,54,2024-10-29
3157,756,49,361,114,2024-05-11
3158,702,68,303,94,2023-02-24
3159,620,66,295,104,2025-03-03
3160,378,40,186,81,2025-04-02
3161,973,41,774,71,2026-02-21
3162,325,18,448,111,2025-07-14
3163,350,18,595,127,2023-11-29
3164,443,39,764,137,2025-11-27
3165,722,53,310,35,2024-04-03
3166,151,31,696,22,2023-07-24
3167,705,14,304,63,2025-11-03
3168,293,4,294,66,2025-12-03
3169,796,52,598,148,2023-06-03
3170,703,60,666,125,2024-01-27
3171,221,40,185,75,2026-03-14
3172,759,55,34,50,2025-02-08
3173,842,61,67,124,2024-05-26
3174,871,51,605,63,2025-12-31
3175,761,69,724,117,2023-08-26
3176,420,52,616,42,2023-10-07
3177,344,3,222,21,2025-10-16
3178,162,49,621,120,2023-12-18
3179,306,24,305,116,2023-12-06
3180,40,44,543,91,2023-04-19
3181,896,68,260,102,2024-09-10
3182,421,30,559,48,2024-12-09
3183,435,8,789,113,2024-05-28
3184,677,10,276,148,2024-03-02
3185,127,13,281,38,2024-06-06
3186,933,56,131,51,2024-02-28
3187,392,47,509,132,2024-06-03
3188,650,77,680,81,2026-02-24
3189,930,7,140,110,2024-01-27
3190,631,36,543,91,2023-04-14
3191,563,35,500,101,2024-10-08
3192,993,40,610,144,2023-09-28
3193,929,63,229,67,2023-04-01
3194,502,80,13,101,2025-06-23
3195,687,41,470,104,2023-08-06
3196,598,35,689,97,2024-10-29
3197,984,69,374,87,2023-11-23
3198,450,66,663,147,2025-12-12
3199,904,46,379,34,2025-09-14
3200,420,69,299,103,2024-11-07
3201,179,22,761,114,2025-01-06
3202,849,15,367,100,2026-01-09
3203,196,61,516,84,2024-03-20
3204,390,48,117,52,2023-01-20
3205,818,67,332,43,2023-06-25
3206,816,14,219,118,2024-12-28
3207,636,74,539,35,2023-10-27
3208,524,5,352,47,2025-10-28
3209,676,67,751,72,2023-01-23
3210,824,49,60,118,2024-02-02
3211,763,65,83,103,2023-07-04
3212,645,28,551,67,2023-02-03
3213,855,32,376,70,2025-11-13
3214,874,14,361,43,2023-12-12
3215,325,77,124,69,2024-04-04
3216,104,2,516,115,2025-07-19
3217,384,12,159,30,2025-12-06
3218,56,1,707,60,2025-12-01
3219,795,35,435,90,2024-05-06
3220,483,37,355,100,2025-05-10
3221,908,8,463,25,2023-09-15
3222,353,23,238,140,2023-09-04
3223,542,1,342,22,2024-09-19
3224,636,62,217,62,2023-11-28
3225,148,33,675,84,2025-05-29
3226,224,11,214,31,2024-06-28
3227,817,19,419,101,2023-03-10
3228,267,63,506,82,2023-09-23
3229,336,73,250,116,2024-01-05
3230,209,5,33,86,2025-05-23
3231,294,56,581,137,2025-12-19
3232,444,8,420,146,2025-01-26
3233,41,44,150,127,2024-12-28
3234,161,45,774,74,2023-12-31
3235,850,64,14,53,2024-01-17
3236,453,54,623,105,2026-04-11
3237,376,51,704,70,2023-05-23
3238,709,44,387,34,2025-12-28
3239,325,55,515,89,2025-09-21
3240,369,59,226,141,2026-03-16
3241,6,63,150,58,2026-02-17
3242,653,19,610,30,2024-09-24
3243,970,44,83,21,2024-08-05
3244,51,9,787,103,2023-09-20
3245,269,79,670,42,2023-10-21
3246,499,33,289,54,2023-05-23
3247,395,58,141,92,2023-04-16
3248,308,30,171,110,2025-06-13
3249,962,1,454,78,2023-05-16
3250,891,70,457,96,2024-06-27
3251,625,51,92,138,2025-12-25
3252,307,34,602,88,2024-08-24
3253,385,9,130,30,2023-12-08
3254,516,65,513,148,2023-06-08
3255,665,59,799,134,2024-08-11
3256,928,80,63,79,2024-10-12
3257,493,49,698,57,2024-04-26
3258,823,4,312,27,2023-05-20
3259,915,77,773,137,2026-03-30
3260,962,19,12,42,2025-03-06
3261,861,14,22,27,2025-08-26
3262,519,54,73,66,2024-01-15
3263,143,66,107,51,2024-08-17
3264,355,41,48,113,2026-03-20
3265,789,20,563,126,2026-01-01
3266,978,51,665,26,2024-05-24
3267,344,74,352,39,2025-02-04
3268,903,7,174,45,2025-10-29
3269,318,2,127,98,2025-03-09
3270,285,77,170,150,2023-05-25
3271,206,11,567,138,2023-11-17
3272,168,15,103,23,2024-05-26
3273,828,45,468,109,2024-03-10
3274,95,14,308,90,2025-03-24
3275,704,73,388,107,2023-02-14
3276,932,57,741,32,2025-02-09
3277,863,76,595,117,2025-12-06
3278,834,25,384,56,2026-04-02
3279,395,75,488,71,2026-02-28
3280,312,29,552,126,2024-02-08
3281,298,74,533,38,2025-03-18
3282,24,41,11,44,2024-08-12
3283,39,76,86,26,2023-08-03
3284,387,69,134,44,2024-01-25
3285,973,46,214,117,2024-08-07
3286,62,20,741,27,2026-04-07
3287,492,20,101,117,2025-12-16
3288,592,62,765,103,2025-08-10
3289,78,17,84,101,2024-07-28
3290,474,58,652,100,2023-03-13
3291,963,39,490,130,2024-02-18
3292,479,3,456,54,2025-05-05
3293,123,75,765,75,2025-10-07
3294,90,37,335,140,2024-08-31
3295,140,7,380,100,2025-05-03
3296,622,17,81,55,2024-12-30
3297,282,74,340,82,2023-07-21
3298,817,76,419,28,2025-11-28
3299,73,70,282,35,2025-06-25
3300,970,30,396,91,2024-03-14
3301,103,27,76,47,2025-05-31
3302,776,26,37,63,2025-12-19
3303,470,26,497,120,2025-12-09
3304,705,19,553,88,2024-06-30
3305,319,56,449,48,2023-01-18
3306,286,42,653,45,2025-10-17
3307,415,35,39,43,2024-11-02
3308,307,21,489,60,2023-09-21
3309,647,53,61,136,2023-04-08
3310,839,64,25,113,2024-06-09
3311,345,23,511,117,2025-07-14
3312,186,27,239,103,2023-08-22
3313,807,34,535,117,2024-08-07
3314,146,40,282,100,2024-06-01
3315,684,16,39,129,2025-10-02
3316,401,12,18,62,2025-03-05
3317,458,11,683,41,2024-09-25
3318,884,79,741,146,2025-06-22
3319,374,14,784,66,2026-03-13
3320,869,57,2,45,2025-10-12
3321,479,29,335,112,2024-04-25
3322,854,46,687,30,2023-05-17
3323,527,70,639,35,2025-06-24
3324,26,50,51,48,2023-02-18
3325,392,37,496,130,2025-08-08
3326,61,64,237,68,2023-11-27
3327,302,47,125,148,2026-01-13
3328,272,51,619,117,2023-06-28
3329,816,69,763,95,2025-07-02
3330,751,65,502,91,2023-11-26
3331,410,24,494,140,2025-02-13
3332,414,24,150,88,2024-07-02
3333,906,46,634,40,2024-07-19
3334,793,18,469,34,2024-09-09
3335,443,43,91,147,2024-12-16
3336,446,21,366,65,2023-08-24
3337,665,24,95,149,2025-11-19
3338,923,65,761,98,2024-07-01
3339,270,49,652,83,2023-07-27
3340,186,3,567,93,2024-12-06
3341,255,30,37,105,2023-11-04
3342,93,22,329,88,2024-01-19
3343,702,40,45,83,2024-01-14
3344,921,28,493,70,2023-08-13
3345,941,16,478,131,2023-04-27
3346,723,63,279,63,2025-11-05
3347,791,66,29,48,2024-03-31
3348,900,29,794,112,2023-06-07
3349,927,8,777,84,2023-03-02
3350,491,40,377,67,2024-09-04
3351,536,8,339,112,2023-11-19
3352,58,25,510,109,2024-10-25
3353,937,78,319,118,2025-11-05
3354,942,35,681,137,2024-08-03
3355,785,29,10,110,2025-08-30
3356,658,13,226,74,2024-02-04
3357,389,59,571,105,2026-03-27
3358,761,72,114,46,2024-03-28
3359,958,11,129,110,2023-07-04
3360,304,59,14,72,2025-08-07
3361,414,38,694,57,2023-08-14
3362,974,71,393,130,2023-01-20
3363,978,51,17,27,2026-04-03
3364,186,69,582,133,2024-06-23
3365,579,31,175,84,2025-01-10
3366,774,25,236,132,2023-10-10
3367,830,59,673,43,2026-03-04
3368,147,80,427,107,2024-10-06
3369,137,26,232,75,2024-07-13
3370,423,69,489,63,2024-04-18
3371,459,80,314,42,2024-09-27
3372,148,31,542,34,2023-01-20
3373,157,63,410,87,2024-10-05
3374,825,21,362,50,2025-07-29
3375,366,63,37,80,2025-09-02
3376,481,26,359,38,2025-05-11
3377,433,44,249,35,2023-10-24
3378,637,37,578,57,2024-08-11
3379,849,50,126,27,2024-05-16
3380,369,72,48,33,2025-01-10
3381,58,75,115,89,2024-03-06
3382,753,20,152,113,2023-03-07
3383,290,28,789,117,2023-12-31
3384,218,76,724,37,2024-02-05
3385,241,58,66,93,2025-02-28
3386,412,40,588,89,2024-08-31
3387,457,16,633,106,2023-09-22
3388,660,15,567,28,2023-12-08
3389,315,29,459,48,2025-01-29
3390,833,48,182,27,2025-02-22
3391,557,26,464,75,2025-07-21
3392,914,33,232,25,2024-05-10
3393,839,22,57,42,2024-12-06
3394,491,17,25,131,2024-07-02
3395,316,53,400,148,2024-08-09
3396,540,4,144,108,2024-06-02
3397,625,60,256,80,2023-09-27
3398,974,17,645,141,2024-06-28
3399,272,54,549,143,2026-03-14
3400,925,12,81,56,2024-06-20
3401,15,63,408,108,2024-08-08
3402,321,14,152,148,2024-09-28
3403,993,60,523,20,2023-11-30
3404,476,79,402,147,2025-07-09
3405,60,32,387,101,2025-06-01
3406,421,48,151,40,2023-03-10
3407,190,79,394,105,2024-03-28
3408,298,73,128,85,2025-10-27
3409,941,33,722,62,2023-10-05
3410,215,43,33,53,2023-02-10
3411,310,75,360,53,2026-01-07
3412,374,21,7,32,2026-03-17
3413,306,22,790,66,2023-03-10
3414,384,6,447,24,2025-05-29
3415,342,18,170,37,2026-01-02
3416,373,9,309,76,2023-09-06
3417,492,44,397,63,2025-05-03
3418,929,16,457,121,2024-01-07
3419,576,12,292,52,2023-05-16
3420,38,70,204,107,2024-03-13
3421,258,74,288,149,2023-01-30
3422,840,63,690,56,2023-08-09
3423,80,14,239,132,2025-09-11
3424,32,62,445,126,2026-03-17
3425,553,70,431,123,2023-08-03
3426,296,10,716,86,2024-10-28
3427,786,50,219,85,2024-07-17
3428,317,70,745,69,2025-03-19
3429,804,45,796,146,2024-01-03
3430,189,56,271,59,2025-08-19
3431,151,62,680,117,2025-03-11
3432,52,10,190,25,2024-11-11
3433,879,34,85,94,2024-11-12
3434,450,55,279,96,2024-01-09
3435,105,18,491,80,2025-01-24
3436,993,52,378,83,2024-07-13
3437,150,41,689,66,2024-08-25
3438,910,18,225,44,2025-10-27
3439,894,5,242,82,2024-07-04
3440,188,30,118,92,2026-03-28
3441,585,19,203,148,2024-05-05
3442,113,27,496,149,2025-08-21
3443,109,61,620,95,2023-03-02
3444,828,59,709,56,2023-10-13
3445,814,24,713,127,2026-01-25
3446,45,13,185,70,2024-06-09
3447,427,66,34,129,2024-06-11
3448,734,31,653,54,2026-01-22
3449,23,22,648,121,2025-03-07
3450,608,18,137,74,2024-08-26
3451,367,51,21,20,2023-07-29
3452,257,9,528,125,2026-03-01
3453,750,73,164,38,2023-05-19
3454,410,33,346,22,2023-12-01
3455,875,13,257,79,2023-01-12
3456,497,1,663,23,2026-01-14
3457,234,51,643,111,2023-03-31
3458,175,16,688,50,2023-12-24
3459,918,7,406,145,2023-12-13
3460,29,59,120,104,2024-12-18
3461,116,46,533,68,2025-06-30
3462,310,26,433,72,2024-06-23
3463,460,47,579,36,2025-07-13
3464,94,26,452,95,2025-04-28
3465,643,76,298,81,2025-05-29
3466,436,74,196,34,2024-09-26
3467,559,45,746,35,2025-08-29
3468,646,73,774,51,2025-10-24
3469,433,69,106,123,2024-01-27
3470,944,28,11,91,2024-06-24
3471,949,67,708,124,2025-10-01
3472,631,4,61,73,2025-11-15
3473,710,55,114,118,2024-08-16
3474,383,68,528,93,2023-11-29
3475,924,50,220,115,2023-01-26
3476,865,1,589,22,2025-07-13
3477,655,36,689,49,2023-04-09
3478,250,17,724,114,2025-11-01
3479,32,32,136,125,2026-01-04
3480,50,7,108,79,2026-02-08
3481,884,73,438,66,2024-10-29
3482,688,54,565,64,2025-05-02
3483,664,36,145,43,2024-07-14
3484,811,1,370,30,2023-02-11
3485,479,74,470,130,2023-04-27
3486,519,62,6,63,2025-02-23
3487,54,74,296,39,2023-02-15
3488,737,49,17,40,2024-03-08
3489,298,14,665,73,2026-03-02
3490,837,19,736,81,2025-03-19
3491,141,61,692,107,2023-10-09
3492,552,15,477,118,2026-04-05
3493,877,79,664,79,2024-09-14
3494,467,70,201,115,2024-05-12
3495,714,7,618,49,2024-01-19
3496,567,14,351,127,2023-01-25
3497,546,77,676,39,2023-06-29
3498,112,5,396,95,2023-07-05
3499,491,53,51,47,2024-04-10
3500,209,3,643,25,2024-05-22
3501,300,60,260,35,2024-01-31
3502,158,4,353,22,2025-04-09
3503,443,20,348,45,2025-07-28
3504,164,13,471,55,2023-12-26
3505,210,79,227,42,2023-05-09
3506,405,9,729,127,2023-04-26
3507,25,60,177,21,2025-08-16
3508,666,78,473,105,2026-04-09
3509,925,38,204,57,2023-01-21
3510,450,4,568,48,2023-03-01
3511,440,19,25,38,2023-04-24
3512,608,8,634,146,2025-12-08
3513,662,9,572,92,2025-07-26
3514,737,2,699,90,2025-09-04
3515,661,63,28,44,2024-03-23
3516,173,22,249,111,2025-07-15
3517,881,7,400,70,2023-05-12
3518,224,80,168,32,2025-05-08
3519,302,41,247,126,2023-02-08
3520,63,39,709,124,2025-10-05
3521,351,17,664,22,2023-11-22
3522,189,34,6,59,2025-09-21
3523,163,39,481,54,2023-03-09
3524,958,19,461,120,2025-07-28
3525,201,70,540,52,2023-04-21
3526,882,54,540,25,2024-04-25
3527,667,35,246,93,2024-02-05
3528,844,50,530,40,2025-03-06
3529,408,35,150,78,2024-01-11
3530,651,67,14,30,2025-11-24
3531,879,20,676,104,2024-07-21
3532,851,72,353,105,2023-12-15
3533,551,43,27,79,2024-07-27
3534,496,72,56,23,2026-03-07
3535,841,29,49,32,2023-05-11
3536,927,56,465,46,2026-03-19
3537,391,58,80,35,2024-10-06
3538,606,62,620,121,2023-10-04
3539,860,60,141,113,2025-01-06
3540,788,29,479,114,2025-03-31
3541,268,46,23,133,2023-04-02
3542,758,58,13,131,2024-10-29
3543,31,75,130,107,2024-11-03
3544,522,15,417,38,2024-11-13
3545,624,71,105,56,2023-12-13
3546,903,42,481,126,2025-02-01
3547,804,57,91,121,2025-08-30
3548,54,67,220,41,2024-01-03
3549,385,5,392,111,2023-05-20
3550,683,70,430,50,2024-03-12
3551,46,54,75,145,2024-11-19
3552,481,80,396,99,2023-07-06
3553,71,51,322,116,2026-02-20
3554,903,13,547,126,2023-04-25
3555,265,20,161,48,2023-09-30
3556,435,13,658,84,2024-05-18
3557,907,25,127,51,2024-03-11
3558,802,17,234,146,2023-03-09
3559,658,72,91,129,2024-02-03
3560,5,61,476,45,2023-09-13
3561,863,54,134,120,2024-03-28
3562,234,61,161,90,2023-10-24
3563,488,80,126,72,2025-12-07
3564,16,5,292,81,2023-07-05
3565,567,11,756,84,2024-12-24
3566,735,32,787,75,2024-03-07
3567,297,31,86,80,2024-12-25
3568,234,54,499,23,2023-05-11
3569,998,18,385,80,2025-08-13
3570,306,42,430,108,2025-06-02
3571,745,55,685,40,2024-06-13
3572,820,40,483,112,2024-10-02
3573,498,49,62,75,2023-12-17
3574,759,13,657,119,2023-09-11
3575,358,20,576,97,2024-06-20
3576,45,22,630,128,2024-03-09
3577,446,43,302,84,2023-03-12
3578,502,43,564,107,2025-05-11
3579,229,36,762,106,2024-07-13
3580,257,30,515,122,2024-08-04
3581,638,71,434,119,2024-02-17
3582,840,41,131,103,2024-04-21
3583,272,16,434,136,2023-01-15
3584,250,17,480,143,2025-04-22
3585,944,43,178,99,2025-03-26
3586,969,26,704,39,2023-04-12
3587,632,80,136,149,2024-07-15
3588,511,13,147,86,2023-07-08
3589,998,73,602,24,2024-09-24
3590,28,42,604,87,2026-03-04
3591,295,65,594,28,2024-01-22
3592,228,3,635,41,2025-09-06
3593,951,14,379,125,2024-10-10
3594,207,78,465,24,2025-05-13
3595,580,51,484,145,2024-04-18
3596,37,61,328,127,2025-12-13
3597,601,30,126,124,2025-09-20
3598,671,70,417,142,2025-07-03
3599,237,66,145,113,2023-09-07
3600,837,76,289,99,2024-03-17
3601,105,49,103,129,2023-10-17
3602,458,63,98,31,2024-08-16
3603,492,77,508,38,2023-03-14
3604,708,67,284,148,2025-11-25
3605,127,40,778,34,2023-01-05
3606,540,18,291,28,2024-08-29
3607,568,64,542,36,2025-09-15
3608,285,41,367,98,2025-12-04
3609,514,29,1,64,2024-07-25
3610,93,8,735,147,2024-06-23
3611,555,33,665,29,2024-07-03
3612,100,35,672,128,2023-04-09
3613,735,7,781,148,2025-07-12
3614,940,15,6,116,2025-11-11
3615,516,48,493,62,2024-07-14
3616,316,75,531,61,2023-12-19
3617,776,16,7,149,2023-01-05
3618,193,62,251,49,2025-12-11
3619,411,28,408,130,2024-02-23
3620,564,4,95,102,2023-08-15
3621,345,4,378,129,2025-10-08
3622,984,4,8,42,2024-08-25
3623,94,72,443,89,2025-06-22
3624,933,39,537,101,2023-09-09
3625,677,19,33,90,2025-09-25
3626,732,24,425,100,2023-12-25
3627,720,34,570,53,2023-10-05
3628,581,10,140,110,2023-11-05
3629,993,20,157,133,2025-05-30
3630,229,78,85,40,2025-05-19
3631,233,78,583,82,2024-08-16
3632,660,72,530,27,2023-12-24
3633,852,52,196,31,2024-07-31
3634,648,35,651,131,2026-04-02
3635,996,53,531,128,2024-06-23
3636,30,3,461,67,2026-01-20
3637,289,6,796,132,2024-01-13
3638,207,34,111,81,2025-02-03
3639,265,67,567,114,2023-11-05
3640,707,77,539,33,2025-02-25
3641,629,37,8,85,2026-03-28
3642,123,59,706,117,2023-12-18
3643,560,23,58,147,2024-02-14
3644,117,8,214,40,2025-12-16
3645,857,43,301,94,2023-11-06
3646,395,64,365,52,2023-12-09
3647,352,20,695,73,2023-05-19
3648,432,75,24,135,2023-10-18
3649,330,21,527,55,2024-04-11
3650,448,45,310,97,2024-07-31
3651,444,67,443,71,2025-07-01
3652,844,11,160,96,2024-05-15
3653,519,56,403,93,2023-12-16
3654,488,41,204,32,2024-11-24
3655,19,56,445,27,2024-06-04
3656,821,7,170,27,2025-10-02
3657,88,49,159,116,2024-10-09
3658,205,12,230,56,2025-10-03
3659,933,71,573,124,2024-05-24
3660,597,16,475,111,2024-09-15
3661,655,76,767,58,2023-12-08
3662,411,26,454,82,2025-07-10
3663,258,78,506,42,2023-01-18
3664,697,27,81,123,2023-06-23
3665,801,77,628,122,2025-05-05
3666,904,53,503,124,2024-02-03
3667,511,25,720,123,2025-01-07
3668,493,68,202,83,2025-10-09
3669,225,78,679,32,2023-03-19
3670,440,41,192,65,2025-10-29
3671,855,59,755,146,2023-08-08
3672,5,2,399,88,2024-01-25
3673,68,19,171,74,2024-08-14
3674,667,49,773,117,2023-06-25
3675,220,36,409,132,2023-04-17
3676,570,60,385,72,2025-05-30
3677,668,72,767,133,2023-07-26
3678,39,26,29,57,2024-11-01
3679,628,32,59,65,2023-04-16
3680,166,75,132,43,2024-04-25
3681,101,43,39,34,2023-03-24
3682,341,16,191,90,2025-04-14
3683,569,64,520,82,2025-07-21
3684,923,37,664,104,2026-03-21
3685,300,19,208,76,2023-10-03
3686,920,46,679,142,2023-07-07
3687,786,80,650,101,2026-02-03
3688,70,28,634,147,2024-10-26
3689,896,61,739,60,2024-02-08
3690,610,26,541,131,2026-01-16
3691,308,68,565,52,2023-08-09
3692,501,32,337,106,2025-05-14
3693,809,68,114,111,2024-08-07
3694,490,47,400,59,2025-04-07
3695,170,57,457,53,2025-02-28
3696,846,69,445,71,2024-01-06
3697,274,50,145,105,2024-10-23
3698,999,65,422,42,2024-12-26
3699,749,67,580,29,2026-03-26
3700,992,62,247,111,2025-11-02
3701,226,42,788,75,2025-08-24
3702,337,76,542,78,2025-04-29
3703,613,21,337,81,2023-01-24
3704,976,63,518,76,2025-08-09
3705,510,72,20,45,2023-07-05
3706,549,21,671,94,2025-07-16
3707,552,47,437,86,2023-11-12
3708,133,44,781,148,2025-03-09
3709,416,73,766,129,2025-01-09
3710,117,49,500,29,2023-07-04
3711,969,38,469,138,2025-11-11
3712,94,31,279,145,2023-09-12
3713,356,54,577,70,2024-10-15
3714,30,38,120,56,2023-08-06
3715,883,24,91,119,2024-01-25
3716,375,71,749,83,2025-07-04
3717,521,12,725,27,2024-08-21
3718,565,44,191,150,2023-03-09
3719,813,20,530,21,2023-03-29
3720,256,3,561,109,2024-10-12
3721,896,72,564,145,2024-07-29
3722,982,24,746,84,2023-09-12
3723,557,46,657,141,2024-06-30
3724,333,56,347,45,2024-11-15
3725,918,78,688,67,2024-04-20
3726,230,13,635,125,2024-04-29
3727,772,61,460,85,2025-03-02
3728,5,36,97,138,2024-10-23
3729,766,11,131,103,2026-03-24
3730,969,70,309,65,2023-03-31
3731,678,33,718,124,2023-07-07
3732,833,52,47,69,2025-03-25
3733,499,61,128,46,2026-02-19
3734,22,80,563,36,2023-06-05
3735,768,72,696,128,2025-12-09
3736,732,8,679,94,2025-10-31
3737,729,61,655,75,2024-05-01
3738,880,64,252,110,2023-08-18
3739,420,66,106,33,2023-03-19
3740,796,33,372,95,2025-05-09
3741,264,26,593,99,2024-05-30
3742,249,77,152,118,2025-02-27
3743,865,75,31,109,2024-01-28
3744,604,60,512,121,2024-06-07
3745,542,59,17,87,2024-06-02
3746,743,67,279,123,2025-11-01
3747,695,8,600,82,2025-03-24
3748,651,77,4,78,2024-02-21
3749,999,73,498,95,2023-03-02
3750,988,34,96,58,2024-08-28
3751,75,39,130,109,2024-07-03
3752,884,71,473,109,2023-12-11
3753,428,24,678,34,2026-03-05
3754,181,11,169,37,2024-07-16
3755,800,54,288,107,2024-05-30
3756,384,1,349,102,2025-09-20
3757,891,24,247,79,2026-03-14
3758,802,66,656,78,2023-08-08
3759,117,7,46,27,2026-01-11
3760,213,40,393,74,2025-02-23
3761,782,79,690,139,2023-06-09
3762,70,36,524,41,2024-10-23
3763,1000,7,544,112,2024-07-20
3764,909,30,29,67,2023-10-04
3765,917,53,335,21,2023-06-10
3766,725,36,751,98,2024-07-10
3767,228,40,700,106,2023-05-18
3768,262,75,655,89,2025-09-19
3769,2,47,509,141,2023-09-06
3770,306,20,763,26,2026-02-04
3771,433,54,19,113,2025-11-02
3772,536,15,709,41,2025-09-20
3773,904,52,65,55,2023-12-18
3774,90,53,366,99,2025-06-12
3775,947,70,693,103,2023-04-10
3776,906,47,260,57,2025-01-14
3777,982,38,545,135,2023-01-01
3778,968,71,15,99,2024-02-28
3779,518,54,282,77,2025-08-28
3780,243,59,704,50,2023-11-07
3781,205,65,413,148,2024-06-13
3782,718,76,142,48,2023-09-03
3783,114,72,694,107,2025-07-15
3784,417,29,606,74,2024-02-04
3785,726,9,30,84,2023-10-17
3786,906,52,512,84,2023-09-10
3787,368,71,325,72,2023-10-05
3788,408,37,704,88,2024-11-26
3789,640,4,153,135,2023-11-25
3790,128,1,142,133,2026-01-08
3791,528,61,547,81,2025-09-04
3792,446,56,592,81,2025-12-27
3793,490,44,533,145,2025-06-23
3794,419,41,96,102,2025-11-11
3795,104,28,435,99,2023-03-18
3796,33,14,342,132,2023-09-25
3797,778,43,647,43,2025-06-14
3798,680,56,764,26,2025-01-27
3799,69,1,413,80,2025-09-30
3800,715,65,672,42,2024-11-22
3801,681,23,232,146,2023-11-15
3802,58,19,69,27,2023-11-26
3803,620,76,637,63,2023-11-08
3804,241,29,778,45,2023-09-11
3805,838,3,502,96,2023-11-12
3806,566,41,265,102,2023-03-02
3807,384,53,462,66,2024-02-06
3808,116,60,8,107,2023-08-25
3809,61,40,664,62,2023-02-16
3810,710,7,559,26,2025-11-03
3811,279,5,258,105,2024-05-24
3812,355,48,684,139,2025-04-28
3813,904,56,727,150,2024-01-12
3814,915,54,787,52,2025-08-16
3815,210,15,740,71,2024-07-31
3816,355,13,378,23,2024-10-05
3817,967,4,261,137,2025-06-24
3818,99,39,110,131,2023-06-04
3819,703,5,763,69,2024-02-01
3820,38,19,322,118,2024-05-25
3821,886,66,255,47,2023-01-12
3822,514,40,372,91,2024-10-30
3823,127,75,678,22,2023-05-31
3824,553,73,29,116,2023-08-03
3825,981,51,601,52,2023-08-10
3826,86,78,572,87,2024-01-03
3827,407,43,774,143,2025-05-18
3828,440,69,750,53,2025-07-19
3829,869,38,8,36,2024-11-24
3830,824,39,136,47,2025-02-25
3831,163,79,263,119,2024-09-05
3832,567,19,626,54,2024-06-21
3833,833,22,45,63,2023-03-19
3834,30,40,464,143,2024-04-08
3835,621,54,106,139,2025-10-02
3836,537,18,119,126,2024-12-17
3837,136,18,418,121,2023-11-15
3838,155,52,655,80,2023-05-15
3839,322,15,221,142,2026-03-24
3840,916,75,240,130,2025-02-19
3841,422,70,170,85,2025-07-02
3842,488,67,725,93,2024-11-23
3843,659,3,656,28,2024-07-21
3844,13,4,520,37,2025-04-12
3845,665,47,122,40,2023-05-20
3846,441,47,212,127,2024-09-27
3847,675,65,64,86,2024-07-27
3848,353,67,79,64,2023-04-06
3849,924,56,355,150,2024-08-20
3850,166,73,798,61,2023-07-11
3851,937,59,516,68,2024-03-13
3852,149,42,627,115,2023-07-06
3853,540,64,54,77,2024-05-31
3854,805,56,571,97,2024-05-03
3855,415,68,123,84,2023-04-03
3856,963,15,411,119,2023-07-08
3857,628,21,332,129,2025-07-20
3858,703,77,240,43,2026-02-15
3859,829,77,436,22,2023-12-21
3860,789,75,520,131,2023-02-13
3861,158,25,448,30,2024-06-03
3862,219,1,0,69,2024-01-05
3863,649,20,790,114,2024-07-09
3864,586,1,34,40,2025-12-29
3865,262,19,759,138,2024-06-15
3866,180,28,126,112,2026-01-23
3867,68,77,554,120,2025-09-28
3868,932,17,326,128,2024-12-23
3869,555,26,106,80,2023-03-11
3870,583,32,399,109,2025-04-09
3871,231,58,90,47,2024-12-20
3872,299,67,52,49,2026-04-08
3873,838,8,39,48,2023-10-28
3874,357,54,304,29,2025-11-30
3875,920,41,364,51,2026-04-05
3876,292,48,621,134,2023-06-26
3877,896,42,800,150,2025-10-10
3878,673,5,695,136,2023-05-17
3879,818,3,187,56,2023-05-02
3880,351,40,149,73,2025-11-04
3881,744,45,649,96,2023-02-14
3882,337,41,423,135,2024-09-16
3883,156,3,124,141,2026-01-28
3884,337,45,85,65,2025-11-22
3885,347,22,550,132,2024-02-23
3886,540,4,138,80,2025-10-10
3887,254,13,607,54,2024-08-07
3888,599,28,703,41,2024-02-06
3889,701,71,159,36,2023-07-25
3890,718,59,632,130,2024-12-14
3891,256,56,660,78,2025-10-19
3892,84,6,470,105,2023-11-03
3893,384,61,730,135,2023-09-01
3894,845,2,612,69,2026-03-21
3895,947,12,286,98,2026-04-11
3896,252,36,791,58,2023-03-26
3897,300,50,209,112,2025-10-21
3898,19,44,547,111,2023-12-18
3899,541,48,382,93,2023-04-10
3900,396,1,161,95,2023-12-11
3901,606,32,788,131,2023-11-19
3902,473,40,685,123,2024-03-09
3903,478,62,92,62,2025-04-23
3904,631,52,433,148,2024-10-15
3905,907,13,157,109,2023-03-15
3906,964,11,128,143,2025-09-23
3907,534,75,256,102,2023-08-08
3908,636,38,365,111,2023-12-13
3909,269,47,400,45,2024-01-30
3910,425,5,116,107,2025-06-07
3911,859,4,283,141,2026-02-09
3912,396,58,497,54,2025-08-28
3913,820,7,562,25,2024-04-20
3914,327,7,739,28,2025-04-25
3915,503,57,614,65,2024-05-30
3916,993,32,719,81,2025-11-01
3917,315,55,308,29,2024-01-11
3918,330,29,268,110,2023-10-25
3919,923,54,461,134,2024-12-21
3920,849,3,79,125,2024-04-01
3921,27,33,454,41,2024-11-13
3922,671,8,349,33,2026-04-08
3923,401,58,34,133,2025-10-31
3924,703,5,596,147,2023-05-08
3925,73,66,691,20,2025-09-01
3926,210,51,8,130,2025-10-06
3927,720,27,261,101,2023-04-05
3928,52,29,257,94,2024-02-24
3929,226,15,338,47,2026-03-16
3930,884,79,490,48,2023-12-07
3931,738,64,551,111,2025-08-20
3932,524,51,451,127,2024-09-05
3933,254,59,791,107,2024-05-09
3934,658,76,155,48,2023-05-13
3935,792,8,93,61,2025-09-16
3936,152,76,531,143,2025-02-04
3937,673,43,236,78,2026-02-04
3938,947,33,380,124,2024-12-28
3939,258,69,375,92,2023-05-26
3940,739,76,612,38,2024-03-24
3941,219,32,711,49,2026-02-20
3942,891,59,1,104,2026-01-03
3943,360,71,555,134,2026-01-28
3944,804,26,580,144,2023-12-23
3945,262,72,427,29,2024-10-07
3946,361,24,184,50,2023-03-29
3947,450,72,755,112,2024-08-06
3948,699,65,536,112,2024-11-29
3949,654,58,32,142,2023-08-09
3950,387,59,751,24,2024-02-10
3951,46,58,711,136,2023-03-19
3952,143,59,619,56,2024-04-27
3953,369,35,37,57,2024-03-04
3954,853,56,741,145,2025-02-21
3955,391,52,272,98,2025-09-16
3956,40,58,262,85,2025-12-06
3957,979,31,96,122,2025-04-04
3958,54,50,22,98,2025-06-28
3959,990,67,497,57,2026-03-08
3960,351,19,744,132,2026-01-14
3961,663,80,497,61,2025-09-05
3962,545,11,549,109,2024-01-03
3963,908,1,373,73,2024-01-14
3964,56,46,503,59,2023-01-30
3965,857,49,537,104,2023-12-11
3966,231,11,566,113,2025-03-04
3967,851,73,409,41,2026-04-10
3968,58,6,15,33,2023-08-08
3969,8,6,488,20,2024-09-03
3970,670,24,214,77,2024-09-11
3971,873,9,118,114,2024-06-16
3972,798,20,56,121,2023-02-21
3973,749,77,510,122,2024-11-09
3974,796,51,420,78,2023-05-17
3975,79,16,28,70,2024-02-28
3976,591,2,387,31,2025-03-17
3977,435,37,487,39,2024-03-31
3978,147,66,107,134,2025-05-13
3979,570,16,369,45,2025-09-03
3980,29,65,720,112,2024-12-03
3981,221,69,14,37,2025-09-27
3982,346,47,92,98,2024-12-08
3983,517,51,225,128,2023-12-31
3984,815,35,468,102,2025-04-02
3985,618,38,68,138,2023-06-06
3986,116,55,122,89,2026-01-15
3987,810,30,64,140,2024-09-14
3988,366,36,751,83,2024-10-02
3989,349,2,99,21,2025-03-11
3990,351,64,556,137,2023-01-12
3991,106,79,228,29,2023-04-22
3992,237,32,302,25,2026-01-29
3993,617,15,385,119,2025-07-13
3994,594,38,309,129,2025-11-28
3995,454,19,708,147,2023-06-10
3996,20,50,559,108,2023-08-15
3997,559,5,762,65,2025-05-22
3998,886,75,12,48,2025-06-27
3999,293,22,567,91,2023-04-22
4000,881,1,249,112,2026-01-27
4001,818,47,501,80,2024-03-24
4002,291,6,350,138,2024-10-26
4003,286,1,59,65,2026-03-13
4004,356,45,388,88,2024-07-10
4005,157,6,731,85,2024-07-03
4006,140,79,206,133,2023-07-28
4007,5,17,293,39,2023-10-10
4008,159,18,117,45,2024-09-21
4009,12,65,625,86,2024-06-17
4010,729,54,509,118,2026-04-01
4011,920,56,247,59,2023-08-17
4012,809,68,575,100,2024-06-17
4013,87,77,573,63,2026-02-03
4014,460,69,14,27,2023-08-05
4015,469,56,384,100,2025-04-10
4016,862,46,537,119,2025-06-07
4017,144,42,274,130,2026-04-07
4018,162,66,325,127,2026-01-12
4019,98,47,492,111,2024-03-08
4020,253,30,39,109,2023-10-27
4021,4,22,58,145,2024-01-04
4022,152,46,315,86,2023-07-17
4023,220,77,430,22,2024-05-27
4024,495,31,98,65,2024-09-15
4025,746,46,618,121,2024-03-31
4026,449,23,21,110,2025-08-04
4027,404,19,603,124,2025-03-29
4028,163,66,41,34,2026-01-18
4029,435,40,152,89,2024-03-25
4030,292,26,258,47,2023-12-28
4031,168,64,518,145,2024-05-26
4032,182,60,428,145,2024-09-29
4033,482,39,782,148,2025-06-04
4034,402,42,695,101,2025-09-20
4035,842,28,146,69,2025-04-04
4036,350,62,549,119,2025-02-24
4037,78,27,3,33,2023-03-05
4038,860,19,64,27,2024-03-15
4039,605,60,431,83,2024-09-20
4040,496,47,134,29,2023-12-01
4041,721,15,206,87,2024-12-10
4042,600,74,36,43,2025-12-16
4043,930,1,529,73,2023-04-06
4044,999,1,473,98,2023-11-12
4045,271,59,747,75,2025-03-18
4046,123,18,659,44,2025-03-12
4047,168,78,106,60,2023-05-01
4048,633,68,80,47,2025-06-10
4049,784,26,119,30,2023-07-15
4050,255,3,300,21,2024-05-13
4051,346,52,274,45,2023-03-08
4052,422,60,160,78,2023-03-13
4053,465,66,235,79,2025-03-07
4054,685,54,119,141,2023-08-21
4055,161,22,575,24,2024-06-11
4056,233,3,181,43,2024-08-29
4057,604,14,696,82,2026-03-10
4058,22,45,101,37,2026-04-10
4059,824,21,31,113,2025-09-24
4060,212,18,543,140,2023-02-26
4061,310,64,683,76,2024-12-19
4062,575,4,578,81,2023-03-23
4063,474,67,484,56,2026-03-26
4064,931,59,36,74,2025-06-01
4065,839,12,635,135,2024-09-12
4066,683,71,122,91,2026-01-29
4067,68,21,543,67,2025-05-24
4068,516,48,296,64,2023-03-02
4069,851,54,726,60,2024-11-28
4070,888,61,694,83,2025-01-10
4071,958,65,217,101,2023-07-29
4072,438,25,590,37,2024-08-27
4073,754,45,577,89,2024-01-20
4074,49,17,746,109,2024-01-03
4075,209,23,587,101,2024-11-07
4076,251,48,431,68,2025-07-29
4077,891,78,650,145,2023-02-07
4078,315,30,328,72,2026-02-21
4079,780,38,424,43,2025-02-07
4080,7,72,504,111,2023-10-19
4081,7,7,152,131,2023-03-29
4082,273,33,496,74,2023-05-11
4083,18,52,365,111,2023-08-15
4084,40,61,535,147,2025-04-09
4085,977,14,65,149,2025-07-28
4086,335,58,443,124,2023-02-08
4087,676,60,257,124,2025-06-01
4088,679,72,520,105,2024-07-27
4089,10,35,351,26,2024-03-17
4090,316,79,667,70,2025-05-11
4091,42,61,391,102,2023-04-01
4092,89,26,503,81,2024-03-05
4093,947,54,79,52,2024-10-08
4094,861,42,602,26,2023-05-20
4095,236,10,700,56,2025-09-10
4096,107,46,553,148,2023-03-03
4097,409,29,146,52,2023-04-08
4098,16,15,499,77,2023-03-24
4099,150,5,519,52,2025-01-17
4100,771,46,561,73,2023-11-24
4101,468,33,182,38,2023-05-29
4102,996,60,40,119,2025-06-30
4103,308,69,195,72,2024-06-22
4104,15,50,125,72,2026-04-08
4105,203,76,449,84,2025-08-06
4106,756,15,564,86,2025-12-22
4107,740,52,234,100,2025-04-04
4108,526,29,800,34,2023-09-19
4109,819,18,445,50,2025-06-18
4110,465,29,598,136,2024-12-16
4111,208,59,655,143,2025-08-22
4112,669,37,519,127,2025-09-16
4113,486,43,1,136,2025-11-20
4114,400,49,654,86,2025-10-31
4115,910,33,563,80,2023-06-30
4116,897,20,284,71,2024-02-12
4117,820,2,522,150,2024-12-04
4118,236,76,45,120,2023-11-06
4119,75,12,594,80,2024-09-30
4120,740,59,366,103,2026-02-03
4121,701,15,773,142,2024-11-13
4122,91,57,83,105,2025-01-13
4123,859,44,212,64,2024-08-08
4124,488,78,316,55,2025-11-12
4125,981,57,717,147,2024-01-22
4126,185,21,344,146,2023-07-06
4127,346,50,410,140,2024-08-21
4128,933,50,532,117,2023-07-13
4129,752,74,38,91,2024-02-09
4130,584,18,268,128,2023-04-26
4131,858,46,86,37,2026-02-28
4132,292,75,702,125,2025-04-03
4133,74,67,167,75,2023-06-17
4134,549,15,635,81,2024-01-30
4135,610,55,58,81,2023-11-10
4136,622,40,441,139,2025-02-22
4137,90,9,601,28,2025-01-19
4138,835,47,17,147,2024-08-23
4139,958,73,552,104,2023-04-13
4140,658,78,415,36,2023-09-25
4141,93,59,357,95,2026-01-07
4142,842,54,99,65,2025-08-22
4143,681,32,737,107,2025-04-13
4144,328,55,591,142,2024-11-08
4145,137,67,417,125,2024-02-17
4146,473,55,550,53,2024-04-20
4147,363,49,401,27,2025-01-23
4148,605,8,713,106,2025-04-18
4149,875,40,671,146,2025-05-10
4150,921,69,674,70,2026-02-02
4151,627,68,686,47,2025-06-30
4152,314,61,344,31,2023-07-24
4153,692,28,75,145,2026-03-23
4154,972,60,772,65,2023-02-02
4155,994,67,459,78,2025-04-16
4156,64,80,410,56,2026-03-09
4157,417,24,105,130,2026-03-15
4158,115,23,51,53,2025-09-20
4159,747,37,566,36,2025-11-18
4160,632,3,118,60,2025-01-19
4161,422,77,121,148,2024-04-18
4162,92,50,300,111,2024-11-11
4163,112,51,617,38,2023-01-07
4164,65,11,140,48,2024-12-10
4165,991,28,565,104,2025-12-02
4166,691,39,15,80,2023-01-28
4167,442,70,554,102,2023-09-26
4168,291,23,788,59,2024-09-08
4169,583,44,785,111,2024-11-10
4170,949,20,650,136,2024-02-24
4171,516,56,124,147,2025-12-17
4172,75,12,536,125,2025-01-03
4173,164,41,68,27,2024-10-01
4174,681,9,49,98,2025-07-22
4175,413,10,597,49,2023-10-30
4176,916,34,564,149,2024-12-31
4177,880,50,82,88,2023-04-14
4178,898,66,514,121,2025-11-09
4179,540,47,643,108,2025-04-01
4180,179,8,637,26,2024-12-12
4181,677,2,397,40,2026-01-18
4182,399,17,299,79,2025-06-02
4183,21,16,329,140,2024-08-10
4184,107,29,128,23,2025-04-15
4185,477,8,357,40,2025-06-04
4186,478,34,405,103,2023-10-21
4187,194,67,714,140,2023-10-30
4188,514,26,320,54,2023-11-22
4189,827,32,654,107,2024-10-21
4190,249,35,63,112,2025-07-06
4191,276,6,451,79,2024-11-10
4192,580,37,180,105,2024-04-13
4193,774,66,706,78,2025-03-22
4194,308,35,458,65,2023-04-08
4195,336,4,755,36,2024-08-22
4196,758,71,528,82,2023-09-19
4197,185,41,727,75,2025-06-03
4198,862,21,42,61,2024-10-29
4199,131,14,86,58,2024-10-10
4200,798,76,379,61,2025-07-27
4201,718,36,304,113,2025-03-24
4202,524,38,29,37,2025-05-21
4203,598,32,568,103,2025-06-01
4204,178,65,226,132,2025-02-13
4205,466,64,184,33,2026-03-17
4206,371,71,59,124,2024-08-15
4207,207,40,403,67,2024-01-04
4208,484,26,442,43,2025-07-19
4209,541,72,389,31,2023-12-27
4210,544,57,515,132,2025-02-01
4211,988,1,711,37,2025-06-12
4212,38,23,750,73,2025-10-13
4213,527,56,404,96,2025-08-16
4214,375,47,22,132,2023-04-26
4215,214,31,349,23,2023-07-27
4216,539,56,355,113,2024-01-29
4217,28,35,518,46,2026-01-12
4218,12,77,176,96,2023-07-01
4219,569,46,664,108,2025-08-05
4220,831,38,744,117,2025-02-19
4221,188,41,501,25,2025-06-25
4222,881,59,98,138,2025-09-11
4223,839,44,191,132,2024-04-24
4224,561,48,113,111,2023-04-22
4225,724,46,282,81,2025-06-12
4226,493,53,4,127,2025-02-17
4227,635,80,436,29,2023-10-02
4228,792,44,688,96,2026-02-17
4229,556,23,781,32,2025-02-23
4230,730,3,17,149,2025-01-28
4231,972,34,415,27,2024-10-31
4232,747,6,316,146,2023-12-11
4233,722,20,519,87,2024-07-02
4234,475,71,467,139,2024-05-12
4235,946,15,616,95,2025-03-04
4236,38,32,401,73,2026-01-23
4237,467,31,266,132,2024-08-26
4238,904,5,728,42,2023-08-29
4239,671,52,681,57,2023-06-18
4240,883,48,451,31,2023-11-14
4241,356,66,313,47,2026-01-19
4242,628,42,134,99,2025-10-07
4243,318,22,511,51,2025-10-17
4244,517,21,789,23,2025-01-19
4245,95,22,786,141,2023-03-15
4246,112,50,249,112,2024-11-17
4247,567,32,718,63,2024-04-08
4248,938,59,633,52,2026-01-02
4249,36,49,376,60,2024-06-18
4250,157,23,231,25,2024-07-15
4251,71,56,471,121,2025-03-13
4252,178,6,473,150,2024-12-25
4253,129,17,373,56,2024-12-12
4254,115,37,557,90,2023-01-23
4255,239,62,640,35,2025-11-26
4256,347,29,338,53,2025-01-02
4257,734,4,290,62,2025-10-19
4258,839,72,114,131,2023-10-10
4259,435,47,520,112,2025-09-09
4260,999,80,416,87,2025-01-28
4261,309,76,486,24,2024-01-18
4262,138,11,153,54,2023-07-22
4263,739,20,29,28,2024-03-11
4264,284,1,710,85,2023-05-31
4265,303,9,561,61,2026-02-13
4266,204,3,28,25,2024-04-05
4267,424,5,127,77,2024-06-03
4268,94,78,708,123,2023-03-15
4269,236,55,174,55,2025-08-20
4270,144,41,102,62,2023-01-26
4271,23,38,195,82,2023-07-13
4272,267,5,192,133,2026-02-20
4273,410,46,755,80,2025-03-06
4274,782,20,684,30,2023-06-18
4275,340,46,105,25,2023-10-23
4276,667,13,100,107,2023-09-09
4277,919,17,538,116,2024-02-15
4278,669,22,133,128,2024-05-06
4279,495,54,412,28,2023-02-19
4280,454,43,102,84,2025-02-04
4281,173,80,789,95,2025-02-19
4282,361,52,517,74,2024-06-13
4283,658,52,218,141,2024-09-26
4284,210,77,669,51,2026-03-15
4285,671,58,308,93,2023-12-04
4286,292,17,501,53,2025-12-12
4287,407,24,238,23,2026-04-13
4288,696,71,794,107,2024-01-15
4289,316,42,394,141,2026-01-20
4290,662,57,487,37,2025-12-09
4291,619,4,637,44,2023-05-01
4292,1000,43,179,65,2024-11-21
4293,274,57,274,58,2025-06-11
4294,589,42,274,133,2025-01-17
4295,639,11,209,76,2025-11-06
4296,971,48,509,93,2026-01-24
4297,344,12,686,122,2023-12-23
4298,766,68,437,130,2024-05-07
4299,742,66,148,56,2023-08-14
4300,575,49,312,25,2024-08-06
4301,626,59,491,117,2023-02-23
4302,748,18,743,37,2026-02-08
4303,235,60,349,46,2023-07-08
4304,635,32,334,61,2025-09-11
4305,862,26,224,101,2025-07-23
4306,152,66,6,135,2024-08-26
4307,883,17,466,143,2023-01-20
4308,190,7,781,120,2025-07-07
4309,566,76,246,143,2025-05-21
4310,356,23,186,84,2025-06-16
4311,120,50,158,41,2024-07-14
4312,560,54,693,80,2023-12-27
4313,264,38,769,73,2025-12-12
4314,964,80,651,150,2023-12-01
4315,618,39,425,78,2023-03-28
4316,144,5,32,31,2026-03-26
4317,222,12,499,37,2023-01-23
4318,861,3,326,30,2024-11-20
4319,602,78,464,112,2025-12-18
4320,333,12,794,66,2026-03-20
4321,79,16,486,97,2025-06-11
4322,983,28,318,104,2023-08-26
4323,169,62,119,74,2023-04-26
4324,775,29,245,68,2023-12-08
4325,511,73,228,135,2023-10-28
4326,46,75,337,25,2023-05-09
4327,247,10,331,81,2023-09-03
4328,112,73,304,43,2026-04-15
4329,147,9,215,32,2023-01-06
4330,920,80,223,37,2023-04-30
4331,69,60,611,35,2024-06-11
4332,247,41,455,100,2026-01-18
4333,721,1,301,118,2025-03-29
4334,283,9,760,106,2025-11-25
4335,71,41,364,25,2024-10-15
4336,468,41,466,46,2025-04-11
4337,386,17,132,41,2025-09-27
4338,389,37,553,137,2026-04-05
4339,153,64,47,83,2023-07-23
4340,748,70,552,34,2025-09-16
4341,55,40,741,58,2023-06-26
4342,978,25,334,104,2023-02-22
4343,397,15,733,130,2026-03-04
4344,682,36,31,96,2023-10-04
4345,456,62,171,133,2024-10-27
4346,41,27,134,51,2026-03-31
4347,184,80,41,54,2024-07-15
4348,30,17,194,39,2026-02-24
4349,49,28,246,22,2026-02-09
4350,166,62,703,93,2025-03-10
4351,964,77,118,97,2025-09-11
4352,531,68,45,39,2025-04-07
4353,106,29,500,102,2026-02-21
4354,998,80,69,136,2024-09-26
4355,104,54,253,138,2025-03-29
4356,796,42,724,133,2025-02-20
4357,954,23,344,113,2023-03-02
4358,224,47,766,119,2025-02-22
4359,464,8,181,63,2026-04-15
4360,76,18,360,59,2023-06-20
4361,276,29,18,144,2023-03-15
4362,258,16,759,52,2024-06-22
4363,835,79,744,93,2025-07-09
4364,278,27,589,24,2023-11-07
4365,552,9,311,98,2025-12-26
4366,766,7,604,57,2023-08-24
4367,492,41,466,23,2026-01-10
4368,545,51,353,43,2023-10-26
4369,868,55,499,26,2026-03-02
4370,415,15,480,90,2023-07-27
4371,667,30,58,130,2023-06-14
4372,495,4,149,135,2026-04-05
4373,664,59,664,72,2026-02-24
4374,926,38,294,105,2023-09-11
4375,166,73,575,147,2025-07-08
4376,728,77,736,26,2024-12-01
4377,140,79,457,140,2024-08-22
4378,750,68,634,87,2024-02-29
4379,933,45,246,78,2026-01-04
4380,611,16,28,138,2025-09-09
4381,974,40,254,58,2024-09-18
4382,65,47,18,26,2025-08-03
4383,943,25,138,99,2025-11-08
4384,779,22,346,125,2023-04-06
4385,731,5,367,58,2024-04-27
4386,221,78,61,134,2025-10-06
4387,241,38,192,74,2024-11-29
4388,108,38,588,94,2025-08-13
4389,700,55,315,33,2023-08-05
4390,850,4,476,63,2025-08-31
4391,156,65,66,58,2024-04-06
4392,455,1,68,65,2025-09-24
4393,414,40,739,99,2025-07-18
4394,871,21,55,114,2025-06-21
4395,890,5,404,104,2024-02-11
4396,976,55,719,142,2025-12-23
4397,262,52,3,97,2023-12-23
4398,990,1,319,124,2025-05-18
4399,551,11,417,69,2024-04-04
4400,622,77,250,25,2024-07-16
4401,301,6,271,44,2025-10-06
4402,436,63,73,92,2023-10-15
4403,129,54,375,121,2025-09-01
4404,488,36,461,32,2023-07-22
4405,430,45,722,73,2024-01-21
4406,912,28,461,42,2025-01-22
4407,875,11,671,87,2026-01-06
4408,309,44,763,120,2025-01-24
4409,643,75,299,122,2026-01-27
4410,1000,34,42,132,2025-11-21
4411,970,71,65,23,2023-04-22
4412,792,56,288,46,2023-03-29
4413,526,54,308,68,2025-03-13
4414,396,22,470,108,2023-08-19
4415,777,55,453,56,2025-07-05
4416,753,9,608,62,2023-07-25
4417,150,28,498,56,2024-04-24
4418,291,21,199,121,2025-10-09
4419,38,29,196,101,2023-03-27
4420,946,33,396,100,2023-08-25
4421,457,20,346,99,2025-12-09
4422,561,69,166,66,2023-06-05
4423,953,22,579,72,2024-05-24
4424,84,71,556,21,2025-01-15
4425,474,30,664,57,2025-02-22
4426,495,79,776,117,2023-01-20
4427,681,70,377,129,2024-07-11
4428,149,3,322,63,2026-03-03
4429,581,53,555,78,2024-01-10
4430,65,36,178,97,2024-11-01
4431,923,58,787,77,2025-05-05
4432,700,10,517,108,2024-09-12
4433,756,10,359,66,2025-02-25
4434,2,7,721,37,2026-02-21
4435,628,55,72,34,2024-11-16
4436,390,53,69,68,2023-01-30
4437,577,72,158,85,2025-01-07
4438,429,78,580,144,2024-11-20
4439,622,69,65,27,2025-10-15
4440,228,63,618,103,2024-08-11
4441,868,63,306,59,2024-02-24
4442,627,70,38,114,2025-12-12
4443,426,59,7,77,2025-06-12
4444,421,61,644,52,2025-07-17
4445,199,30,216,147,2025-05-19
4446,842,46,393,74,2025-08-19
4447,870,13,651,96,2023-01-04
4448,961,7,748,84,2023-05-12
4449,387,60,254,40,2025-11-25
4450,148,9,688,64,2023-01-17
4451,63,68,561,31,2024-10-30
4452,118,64,323,107,2023-05-13
4453,71,79,150,104,2025-09-17
4454,603,34,362,28,2025-07-04
4455,127,26,246,126,2023-07-27
4456,654,46,799,135,2023-04-18
4457,762,48,16,77,2024-10-06
4458,407,66,154,113,2023-04-17
4459,666,55,375,24,2025-06-05
4460,232,74,714,62,2026-04-02
4461,265,4,529,68,2024-03-04
4462,912,5,244,143,2024-06-04
4463,540,8,381,72,2024-03-28
4464,979,9,502,72,2023-08-26
4465,644,69,634,147,2023-06-13
4466,839,49,470,128,2024-04-16
4467,515,51,344,64,2025-11-05
4468,496,35,513,121,2023-02-19
4469,352,34,688,38,2023-04-20
4470,835,55,493,105,2025-08-15
4471,36,42,3,84,2024-12-02
4472,701,64,209,36,2024-08-25
4473,925,68,446,104,2023-09-27
4474,197,12,1,105,2024-06-14
4475,978,5,639,116,2025-10-20
4476,322,64,757,57,2024-01-27
4477,554,8,394,38,2026-01-02
4478,844,46,794,148,2023-02-03
4479,433,66,228,42,2026-02-22
4480,735,2,117,71,2023-08-13
4481,324,23,118,62,2023-04-19
4482,172,7,311,28,2025-10-18
4483,487,27,477,60,2023-01-21
4484,576,60,605,27,2025-02-27
4485,976,31,615,38,2023-09-15
4486,184,14,131,24,2025-03-01
4487,572,58,651,28,2025-04-03
4488,793,32,335,123,2025-10-07
4489,377,57,311,137,2024-02-17
4490,935,43,470,119,2024-09-15
4491,738,47,678,51,2024-03-06
4492,244,61,185,84,2026-03-26
4493,632,71,683,141,2023-07-10
4494,369,22,668,30,2024-12-24
4495,317,64,657,93,2025-05-17
4496,783,17,400,139,2023-09-16
4497,856,1,780,110,2023-05-28
4498,116,74,630,76,2026-04-07
4499,269,5,332,125,2023-01-18
4500,765,63,799,55,2024-03-02
4501,372,69,269,54,2024-08-30
4502,209,8,223,60,2025-01-03
4503,867,46,450,27,2023-07-01
4504,240,73,219,80,2024-10-15
4505,15,12,339,88,2024-12-18
4506,458,39,442,105,2025-08-01
4507,860,24,494,88,2026-02-14
4508,357,52,78,44,2023-07-03
4509,320,73,126,139,2025-01-16
4510,251,30,130,102,2024-10-28
4511,811,40,660,92,2023-12-25
4512,997,72,280,78,2023-11-06
4513,21,78,592,115,2024-08-04
4514,969,40,498,117,2025-09-26
4515,934,24,384,111,2025-12-29
4516,156,30,337,28,2024-02-21
4517,21,80,713,56,2024-10-03
4518,402,8,275,89,2026-01-21
4519,264,70,755,77,2024-06-16
4520,211,17,583,38,2025-10-29
4521,218,4,583,113,2023-01-12
4522,901,43,368,61,2023-09-06
4523,474,33,172,104,2025-11-02
4524,260,48,644,145,2023-02-07
4525,606,15,92,71,2023-08-15
4526,145,58,11,89,2026-04-02
4527,373,76,188,52,2025-06-25
4528,176,44,756,64,2025-04-17
4529,855,72,777,127,2025-09-15
4530,425,71,271,141,2025-09-18
4531,188,39,404,65,2024-05-13
4532,117,78,213,47,2025-08-24
4533,339,41,627,125,2024-10-15
4534,606,42,198,25,2024-12-20
4535,429,33,650,112,2025-05-17
4536,308,40,322,101,2023-04-06
4537,519,6,769,120,2023-10-10
4538,642,73,121,79,2024-12-12
4539,827,34,169,124,2025-06-10
4540,241,66,235,50,2026-01-16
4541,63,2,530,56,2025-05-25
4542,310,46,414,148,2026-02-21
4543,208,1,517,117,2025-01-24
4544,620,46,662,147,2025-07-19
4545,896,28,58,61,2023-11-14
4546,382,31,38,93,2025-06-20
4547,621,24,334,48,2023-06-26
4548,17,73,564,132,2025-06-01
4549,148,17,368,21,2023-11-12
4550,721,53,146,133,2025-03-18
4551,998,10,202,51,2025-03-21
4552,730,79,77,88,2024-03-26
4553,628,76,287,20,2025-03-11
4554,394,32,722,125,2024-04-04
4555,779,38,800,23,2025-09-16
4556,649,18,286,126,2025-03-20
4557,534,64,195,90,2025-09-25
4558,216,28,163,124,2024-03-29
4559,853,46,233,115,2024-09-19
4560,45,53,799,76,2024-06-14
4561,391,70,222,128,2024-02-18
4562,559,7,246,66,2023-01-18
4563,806,3,785,22,2025-03-13
4564,257,50,58,148,2024-08-24
4565,962,71,573,24,2024-06-12
4566,668,44,321,25,2024-09-27
4567,260,65,737,32,2025-11-04
4568,269,29,678,138,2024-03-06
4569,584,78,383,74,2024-03-24
4570,143,76,161,35,2023-09-27
4571,234,58,402,41,2025-01-04
4572,928,16,342,32,2026-01-10
4573,217,24,793,110,2026-04-13
4574,595,48,45,97,2024-05-13
4575,298,34,413,82,2025-11-26
4576,292,46,69,34,2025-02-03
4577,244,35,470,53,2025-03-08
4578,450,63,277,32,2024-08-06
4579,739,31,3,148,2024-07-11
4580,697,76,487,85,2025-06-18
4581,634,2,669,84,2023-09-20
4582,418,36,713,65,2025-12-02
4583,158,16,226,52,2026-01-01
4584,708,3,673,132,2023-03-28
4585,310,4,435,29,2024-11-05
4586,494,69,300,59,2023-01-09
4587,283,46,57,89,2025-10-15
4588,898,65,79,21,2024-07-24
4589,252,37,141,57,2025-08-27
4590,235,66,707,24,2025-07-02
4591,7,46,322,116,2023-10-01
4592,103,67,148,78,2024-10-31
4593,827,43,511,34,2025-04-09
4594,386,79,388,80,2025-06-29
4595,906,38,166,85,2024-03-05
4596,871,80,52,144,2024-12-25
4597,663,43,59,41,2026-01-20
4598,734,37,51,130,2024-07-01
4599,676,7,476,68,2025-12-04
4600,967,46,184,67,2024-12-10
4601,744,27,280,29,2023-08-31
4602,34,41,485,28,2026-03-16
4603,932,28,684,123,2025-06-29
4604,813,57,754,104,2025-02-11
4605,864,6,376,143,2025-11-05
4606,205,67,24,49,2024-08-30
4607,839,14,499,142,2025-02-14
4608,260,1,259,54,2025-02-27
4609,241,48,346,125,2026-02-20
4610,477,75,483,56,2025-01-19
4611,465,9,454,68,2023-08-04
4612,283,18,599,37,2024-10-07
4613,447,63,249,120,2024-02-17
4614,907,2,685,51,2024-07-15
4615,503,18,190,119,2026-02-10
4616,297,13,587,57,2024-06-15
4617,204,27,795,60,2025-08-26
4618,228,72,121,112,2025-08-21
4619,603,75,480,91,2025-10-28
4620,682,23,680,108,2025-02-24
4621,460,53,119,37,2023-09-19
4622,964,68,708,36,2025-07-12
4623,936,78,30,61,2023-09-02
4624,178,72,482,122,2023-01-07
4625,257,47,545,132,2024-09-17
4626,665,5,305,92,2025-06-05
4627,304,41,135,130,2025-11-02
4628,417,59,422,115,2024-03-30
4629,576,55,517,42,2023-08-23
4630,821,76,799,84,2024-07-18
4631,563,49,711,45,2024-09-28
4632,154,35,155,67,2025-03-03
4633,133,34,464,50,2024-03-07
4634,829,9,641,114,2025-11-14
4635,766,56,543,92,2025-06-19
4636,31,4,533,47,2023-08-28
4637,190,52,387,21,2023-08-02
4638,873,70,59,66,2024-02-07
4639,697,22,602,136,2025-11-26
4640,933,25,255,78,2024-06-04
4641,470,16,181,47,2023-09-02
4642,89,55,551,113,2024-06-27
4643,783,3,49,103,2024-08-15
4644,841,76,430,118,2025-11-25
4645,890,27,352,29,2024-05-25
4646,70,20,399,65,2024-05-29
4647,418,13,438,26,2023-03-19
4648,548,74,240,48,2024-09-08
4649,690,42,200,22,2024-08-18
4650,236,12,564,138,2023-01-19
4651,343,27,578,29,2025-03-17
4652,533,35,127,77,2026-04-14
4653,579,35,54,84,2024-09-25
4654,253,44,332,119,2024-07-08
4655,866,46,4,34,2023-03-06
4656,788,80,106,67,2025-10-18
4657,751,24,376,125,2025-11-04
4658,356,5,704,119,2025-02-21
4659,242,77,463,34,2024-12-01
4660,458,7,560,128,2023-06-12
4661,17,2,551,70,2025-09-04
4662,357,38,110,48,2025-06-12
4663,237,4,241,44,2023-12-03
4664,192,49,708,114,2025-12-13
4665,166,36,790,117,2023-03-23
4666,870,31,453,113,2025-10-23
4667,2,24,233,85,2024-06-09
4668,6,35,563,146,2023-12-23
4669,836,31,45,84,2024-11-06
4670,170,58,729,46,2026-02-19
4671,935,27,529,125,2025-08-05
4672,824,76,350,129,2025-08-04
4673,740,58,712,59,2023-07-29
4674,967,23,336,46,2024-07-26
4675,558,41,268,107,2024-05-17
4676,114,18,305,74,2025-10-04
4677,212,64,495,21,2024-02-26
4678,538,1,257,141,2025-09-01
4679,726,48,445,94,2025-03-01
4680,940,27,412,72,2025-03-04
4681,674,43,187,68,2026-01-19
4682,670,57,496,138,2023-10-17
4683,266,51,673,117,2025-05-22
4684,943,79,360,25,2026-01-26
4685,972,64,797,106,2024-11-02
4686,718,60,430,144,2023-06-06
4687,925,22,442,108,2023-11-01
4688,955,1,397,83,2023-12-15
4689,325,52,714,55,2025-05-06
4690,794,21,305,36,2023-12-12
4691,21,66,352,121,2025-06-28
4692,868,28,166,133,2024-12-24
4693,939,21,445,123,2023-04-18
4694,766,78,421,149,2025-01-10
4695,376,38,634,117,2024-03-30
4696,701,52,672,66,2024-01-24
4697,771,33,414,44,2023-08-17
4698,102,59,578,136,2024-12-02
4699,987,68,89,78,2026-01-14
4700,444,6,455,126,2023-06-08
4701,929,40,509,23,2025-02-23
4702,198,52,480,23,2025-09-14
4703,141,10,372,41,2025-11-01
4704,323,31,326,146,2024-04-12
4705,309,73,206,143,2023-05-19
4706,202,46,373,38,2023-12-31
4707,43,15,132,87,2023-09-20
4708,761,44,605,106,2025-11-18
4709,412,77,124,54,2025-11-23
4710,870,25,601,74,2025-04-05
4711,455,35,624,40,2025-03-14
4712,997,8,496,47,2026-01-01
4713,455,61,646,109,2025-08-08
4714,575,57,249,101,2026-01-20
4715,519,20,574,81,2026-01-04
4716,444,3,282,133,2023-02-06
4717,95,67,126,134,2023-05-28
4718,563,27,389,67,2024-05-03
4719,391,18,112,99,2023-03-18
4720,122,49,293,113,2025-02-12
4721,180,31,144,140,2025-07-03
4722,403,16,29,84,2026-03-30
4723,558,24,12,30,2025-03-09
4724,738,51,241,117,2024-07-24
4725,386,64,127,127,2024-12-14
4726,859,66,461,88,2024-05-28
4727,535,1,509,24,2025-08-21
4728,617,51,215,39,2025-05-15
4729,517,16,277,147,2025-08-20
4730,98,68,19,146,2024-08-27
4731,978,5,148,53,2023-11-20
4732,332,47,758,98,2023-11-17
4733,628,52,57,69,2023-03-21
4734,95,67,565,138,2025-05-26
4735,869,21,383,50,2024-06-07
4736,374,33,20,80,2026-04-01
4737,799,76,144,46,2025-01-11
4738,619,8,130,87,2024-04-01
4739,923,63,74,40,2026-04-13
4740,605,51,701,116,2025-06-05
4741,138,45,635,59,2024-02-28
4742,624,53,229,59,2026-03-20
4743,486,43,114,81,2023-10-16
4744,915,53,552,124,2024-06-17
4745,339,57,719,111,2025-01-09
4746,37,55,439,74,2023-12-04
4747,366,67,384,93,2024-01-15
4748,964,70,627,51,2026-01-30
4749,945,5,560,133,2025-03-03
4750,839,51,99,122,2024-04-21
4751,742,52,562,46,2023-02-04
4752,154,7,430,94,2024-06-27
4753,540,56,495,71,2025-05-13
4754,555,18,357,132,2023-10-30
4755,813,79,305,147,2025-01-31
4756,511,22,275,132,2024-01-30
4757,802,65,434,125,2023-08-08
4758,816,15,583,62,2023-12-30
4759,798,32,428,142,2023-08-07
4760,162,9,108,45,2025-03-04
4761,691,12,614,94,2025-08-06
4762,713,42,161,102,2023-03-23
4763,645,7,498,53,2024-10-19
4764,140,11,644,130,2025-08-19
4765,508,16,490,129,2023-10-20
4766,195,64,573,94,2025-06-01
4767,422,32,8,59,2023-07-29
4768,655,34,604,131,2024-02-17
4769,14,32,393,98,2023-04-04
4770,857,10,659,114,2025-10-19
4771,623,70,725,143,2024-02-06
4772,341,59,416,69,2023-03-22
4773,852,51,371,47,2025-11-27
4774,515,14,413,146,2023-05-07
4775,964,77,364,42,2025-09-15
4776,248,52,285,104,2024-03-19
4777,623,80,408,36,2024-06-23
4778,803,50,701,71,2024-04-02
4779,816,76,453,23,2023-06-27
4780,991,45,202,66,2024-08-16
4781,445,9,167,27,2025-12-31
4782,180,32,156,67,2023-08-16
4783,688,27,708,139,2024-12-26
4784,564,1,434,138,2024-04-18
4785,492,39,468,127,2024-03-18
4786,984,53,614,22,2023-06-08
4787,537,64,238,117,2024-04-27
4788,69,52,682,23,2023-04-16
4789,775,15,619,96,2025-10-01
4790,757,21,507,148,2024-10-25
4791,28,39,448,90,2023-07-30
4792,390,45,731,36,2024-12-13
4793,584,70,180,82,2024-07-05
4794,784,22,231,63,2026-02-10
4795,438,18,100,114,2024-04-10
4796,314,62,290,131,2026-01-17
4797,501,8,611,80,2024-05-27
4798,204,12,58,55,2023-05-26
4799,859,48,8,98,2025-02-09
4800,416,60,27,24,2025-12-05
4801,210,67,31,112,2025-07-11
4802,693,43,784,118,2023-08-15
4803,876,2,730,63,2024-06-28
4804,657,5,693,77,2023-05-30
4805,828,5,773,95,2024-04-25
4806,246,62,586,124,2025-07-17
4807,849,6,194,73,2026-02-16
4808,723,59,24,96,2025-08-31
4809,975,52,758,38,2025-07-10
4810,785,55,712,128,2023-03-21
4811,308,49,233,101,2025-10-09
4812,20,59,630,44,2025-04-21
4813,647,23,680,49,2023-12-26
4814,845,16,101,70,2024-01-19
4815,842,23,566,140,2023-04-25
4816,634,35,384,107,2023-08-18
4817,787,3,479,69,2026-01-29
4818,313,24,381,147,2025-07-30
4819,371,54,304,121,2024-05-13
4820,524,39,9,85,2023-10-02
4821,420,46,140,91,2023-02-12
4822,495,11,167,102,2023-11-30
4823,427,48,356,44,2024-06-20
4824,714,70,343,40,2025-07-05
4825,909,63,88,128,2023-04-28
4826,551,36,285,48,2025-05-20
4827,531,17,154,68,2026-01-07
4828,816,27,517,61,2023-01-27
4829,720,42,85,98,2026-04-13
4830,611,55,188,43,2025-05-25
4831,863,27,571,133,2023-04-28
4832,456,17,714,126,2026-02-13
4833,329,34,10,148,2023-09-03
4834,814,16,486,123,2026-03-24
4835,846,14,307,111,2025-08-09
4836,907,66,648,20,2023-10-01
4837,670,4,440,57,2026-01-31
4838,575,5,723,89,2023-02-10
4839,838,35,727,109,2025-06-20
4840,653,29,663,91,2023-01-02
4841,900,43,394,43,2023-11-11
4842,88,75,91,20,2023-07-08
4843,716,22,95,95,2025-07-04
4844,11,44,254,46,2024-06-14
4845,989,57,485,112,2026-01-03
4846,551,20,359,110,2026-02-03
4847,691,17,100,55,2024-04-28
4848,495,31,131,63,2023-01-16
4849,455,64,418,137,2023-05-10
4850,995,39,524,135,2024-07-29
4851,925,22,561,91,2024-12-30
4852,887,31,293,59,2023-11-13
4853,710,31,681,105,2023-03-16
4854,157,42,253,99,2024-10-28
4855,493,69,43,91,2023-03-28
4856,910,56,181,51,2024-04-27
4857,611,21,239,108,2026-02-06
4858,766,10,565,148,2023-11-14
4859,476,29,738,131,2026-01-15
4860,200,43,358,125,2023-03-30
4861,36,63,517,143,2025-11-07
4862,511,54,571,65,2024-11-21
4863,553,19,34,129,2024-02-20
4864,26,60,137,115,2024-05-22
4865,402,35,264,62,2025-07-24
4866,308,27,66,104,2023-10-04
4867,142,6,423,51,2024-10-15
4868,787,72,468,33,2024-04-02
4869,706,42,746,106,2023-12-25
4870,263,50,475,147,2023-12-15
4871,389,70,631,138,2025-03-14
4872,592,8,31,150,2024-03-05
4873,87,3,553,105,2023-08-29
4874,708,59,643,111,2024-07-18
4875,489,73,598,142,2025-09-21
4876,536,23,767,69,2025-07-11
4877,686,51,705,62,2025-12-08
4878,614,77,415,78,2025-07-27
4879,766,42,484,47,2023-01-31
4880,924,3,652,106,2025-06-02
4881,661,69,551,51,2025-02-17
4882,490,69,85,54,2025-01-11
4883,462,71,170,143,2024-08-10
4884,527,9,530,70,2026-04-15
4885,222,22,558,99,2024-02-24
4886,957,59,70,95,2024-11-13
4887,241,53,466,26,2024-12-17
4888,759,17,60,29,2025-12-14
4889,747,54,242,56,2023-01-13
4890,20,26,750,20,2026-02-25
4891,877,25,605,63,2024-03-11
4892,45,78,469,31,2023-06-10
4893,577,1,200,76,2024-05-09
4894,645,16,395,55,2024-06-06
4895,829,30,395,109,2025-12-04
4896,354,70,5,26,2024-05-24
4897,933,47,610,103,2025-10-22
4898,365,16,544,103,2024-06-23
4899,165,10,41,71,2025-11-19
4900,118,15,83,70,2025-06-17
4901,753,45,728,68,2025-06-04
4902,79,61,732,28,2025-11-20
4903,825,17,735,54,2026-01-21
4904,450,78,476,106,2023-06-25
4905,308,22,362,116,2023-04-22
4906,776,66,554,135,2025-04-15
4907,990,62,690,68,2024-06-24
4908,509,78,536,38,2023-01-03
4909,114,9,558,27,2025-01-30
4910,263,55,353,51,2024-04-14
4911,445,42,497,83,2023-10-20
4912,222,59,688,50,2024-10-11
4913,788,8,243,66,2024-01-13
4914,909,19,173,21,2025-11-29
4915,332,7,336,119,2024-04-12
4916,449,68,119,57,2023-05-06
4917,508,35,124,107,2024-02-09
4918,170,10,58,68,2025-12-21
4919,942,3,439,47,2025-10-20
4920,565,48,764,126,2024-10-08
4921,393,38,300,81,2023-07-11
4922,744,48,142,50,2025-05-10
4923,990,64,552,48,2023-09-12
4924,194,66,80,37,2025-02-05
4925,193,48,144,101,2023-08-13
4926,763,3,771,57,2026-01-27
4927,240,41,638,93,2023-12-24
4928,392,23,141,124,2024-06-14
4929,344,52,607,29,2024-04-21
4930,148,38,669,139,2025-12-31
4931,716,63,637,53,2026-04-09
4932,180,36,313,114,2023-03-26
4933,242,8,740,95,2023-01-08
4934,316,8,120,103,2025-02-27
4935,783,75,26,110,2025-09-11
4936,345,77,581,46,2025-08-02
4937,566,73,772,59,2026-01-08
4938,630,25,573,106,2025-07-19
4939,323,22,392,73,2024-12-11
4940,199,18,690,45,2025-10-18
4941,949,67,737,52,2023-02-14
4942,671,10,696,86,2025-11-17
4943,648,45,365,88,2023-12-27
4944,510,28,767,150,2025-12-29
4945,362,57,146,35,2024-10-08
4946,869,61,640,147,2025-09-29
4947,579,48,540,66,2023-07-05
4948,970,49,292,132,2025-07-27
4949,185,53,14,23,2023-02-28
4950,999,16,636,109,2025-03-05
4951,80,63,97,73,2025-03-11
4952,263,28,786,121,2023-01-21
4953,533,74,341,139,2025-07-24
4954,464,75,391,86,2024-06-04
4955,525,51,582,50,2024-08-26
4956,974,34,234,128,2025-08-15
4957,58,29,697,24,2025-11-24
4958,854,52,225,146,2025-11-01
4959,30,39,321,118,2023-06-19
4960,139,27,186,21,2025-03-07
4961,797,26,428,40,2023-02-16
4962,118,4,411,116,2025-09-11
4963,582,32,189,69,2026-01-22
4964,956,74,716,90,2025-08-02
4965,855,27,548,101,2023-05-22
4966,190,45,20,70,2024-09-08
4967,293,36,634,109,2025-04-30
4968,867,80,382,80,2025-08-21
4969,102,55,493,74,2023-03-09
4970,328,63,689,38,2025-01-28
4971,147,78,185,122,2023-01-12
4972,999,49,371,122,2023-10-25
4973,421,67,567,74,2025-04-23
4974,924,40,168,122,2023-03-06
4975,568,66,730,22,2024-02-15
4976,699,18,635,107,2023-12-25
4977,73,3,111,130,2025-03-26
4978,669,41,624,29,2024-11-25
4979,743,26,384,20,2024-06-22
4980,661,5,750,64,2026-01-22
4981,234,48,593,53,2025-08-14
4982,82,78,590,62,2023-10-31
4983,303,31,257,116,2024-09-14
4984,844,15,323,103,2023-10-18
4985,217,8,442,22,2025-07-14
4986,14,45,452,69,2025-06-03
4987,963,19,587,139,2023-06-23
4988,511,42,256,61,2023-09-14
4989,245,49,472,113,2023-09-17
4990,643,11,222,146,2024-08-11
4991,875,23,675,87,2024-07-07
4992,337,73,576,81,2024-09-01
4993,289,72,490,117,2024-07-16
4994,139,71,170,110,2025-06-18
4995,710,37,63,49,2023-06-06
4996,922,71,153,141,2024-03-18
4997,674,77,389,56,2025-05-29
4998,248,27,380,53,2025-05-31
4999,364,67,349,129,2025-08-08
5000,705,11,389,66,2023-11-29
5001,237,53,556,103,2024-02-09
5002,749,52,259,105,2023-10-16
5003,87,4,274,108,2025-05-05
5004,137,25,247,149,2025-07-08
5005,102,30,61,80,2026-04-08
5006,769,71,588,79,2023-06-17
5007,268,38,767,85,2024-08-20
5008,213,32,704,98,2023-07-01
5009,844,43,223,139,2025-03-11
5010,119,28,607,43,2026-03-04
5011,46,79,260,82,2025-03-15
5012,579,62,759,82,2025-09-18
5013,611,77,299,42,2023-03-21
5014,272,72,122,125,2025-07-23
5015,260,45,37,135,2024-05-18
5016,668,70,609,25,2023-02-20
5017,524,19,760,124,2024-10-07
5018,40,11,774,26,2023-05-08
5019,116,70,201,86,2024-07-20
5020,373,15,289,21,2024-09-10
5021,226,28,382,132,2025-04-30
5022,183,6,738,110,2023-03-13
5023,392,12,735,109,2024-09-30
5024,944,24,718,33,2025-07-15
5025,725,18,398,105,2025-02-23
5026,392,5,604,27,2024-05-29
5027,785,72,565,51,2025-01-05
5028,497,4,18,44,2026-01-26
5029,207,31,411,66,2025-12-13
5030,923,41,749,129,2025-04-13
5031,891,74,516,25,2023-07-31
5032,468,1,228,40,2024-11-06
5033,774,75,451,83,2025-03-04
5034,771,23,300,136,2023-02-05
5035,500,41,789,26,2023-06-24
5036,374,30,590,24,2023-01-17
5037,458,56,505,143,2023-10-10
5038,426,6,309,20,2025-06-22
5039,163,42,307,31,2024-07-26
5040,259,66,660,56,2026-01-18
5041,417,8,461,118,2024-02-11
5042,580,32,522,138,2024-07-20
5043,212,74,616,140,2023-07-23
5044,935,35,277,30,2024-04-06
5045,949,47,652,62,2025-06-25
5046,729,26,609,51,2024-09-27
5047,756,5,427,74,2024-03-06
5048,199,60,134,94,2024-12-03
5049,335,73,106,76,2023-01-23
5050,243,70,312,141,2023-04-03
5051,382,34,248,116,2024-10-07
5052,499,11,9,112,2025-01-06
5053,687,51,245,75,2023-07-09
5054,409,1,426,37,2023-06-01
5055,189,78,259,130,2025-05-27
5056,920,54,40,62,2023-03-27
5057,489,60,200,21,2024-11-04
5058,347,13,645,110,2023-10-25
5059,544,75,346,47,2025-06-25
5060,969,70,66,20,2024-04-09
5061,573,2,677,71,2025-01-09
5062,294,54,653,43,2023-06-03
5063,472,46,707,81,2024-03-18
5064,975,77,658,52,2025-09-29
5065,66,43,640,107,2025-04-16
5066,685,74,23,38,2023-07-01
5067,856,10,307,150,2023-11-05
5068,177,32,687,139,2024-10-25
5069,885,65,72,81,2025-11-09
5070,550,41,65,121,2023-08-22
5071,893,12,439,47,2024-06-24
5072,745,27,52,86,2023-06-28
5073,205,45,545,43,2024-09-29
5074,195,46,214,107,2025-07-01
5075,377,64,500,80,2024-06-01
5076,978,34,142,93,2024-10-01
5077,829,52,755,148,2025-03-27
5078,418,33,68,92,2024-12-29
5079,628,22,70,42,2024-10-26
5080,367,30,768,84,2023-10-11
5081,364,52,25,89,2025-08-08
5082,719,11,81,138,2023-08-21
5083,466,19,402,74,2025-05-08
5084,537,15,205,45,2023-02-10
5085,954,12,652,134,2023-10-23
5086,533,42,591,31,2026-01-04
5087,617,36,688,100,2024-09-16
5088,21,9,441,89,2025-08-17
5089,809,44,229,51,2024-12-18
5090,52,14,120,104,2025-09-18
5091,753,26,595,116,2024-05-01
5092,878,61,294,71,2024-06-09
5093,472,32,416,37,2025-04-03
5094,911,67,677,95,2025-05-19
5095,37,55,757,138,2026-04-09
5096,721,48,60,146,2025-08-21
5097,871,72,651,25,2023-10-09
5098,861,34,145,85,2024-10-16
5099,815,10,56,83,2026-03-12
5100,782,1,235,98,2026-02-06
5101,652,56,687,128,2024-01-08
5102,167,61,252,98,2024-09-15
5103,625,60,256,63,2023-05-28
5104,407,18,271,123,2024-07-20
5105,312,71,398,112,2023-09-19
5106,296,6,159,131,2025-05-14
5107,655,37,463,96,2023-09-11
5108,992,53,301,150,2024-07-29
5109,703,21,200,125,2025-04-23
5110,772,41,559,44,2026-03-09
5111,509,9,304,88,2024-07-03
5112,699,73,538,68,2024-10-20
5113,738,53,629,79,2024-07-10
5114,946,55,535,24,2025-04-24
5115,294,57,426,50,2025-05-29
5116,690,33,742,80,2024-11-20
5117,954,15,574,50,2025-05-16
5118,607,34,338,98,2025-07-30
5119,840,33,287,101,2024-12-10
5120,474,60,304,53,2025-04-20
5121,482,74,583,93,2023-01-02
5122,956,65,471,140,2025-08-19
5123,509,41,711,31,2024-09-05
5124,670,21,217,44,2025-06-13
5125,402,61,179,111,2023-02-06
5126,209,12,523,147,2023-08-27
5127,998,43,164,115,2024-03-04
5128,254,41,105,138,2025-09-10
5129,935,28,434,106,2023-02-23
5130,285,49,645,62,2023-07-07
5131,727,68,94,25,2024-11-28
5132,581,62,678,121,2025-07-18
5133,726,52,557,104,2023-02-05
5134,467,17,793,50,2025-03-01
5135,31,31,366,145,2024-01-19
5136,688,32,694,41,2026-03-29
5137,812,37,793,75,2024-06-13
5138,468,52,116,63,2025-04-22
5139,400,12,588,28,2025-06-26
5140,618,69,577,30,2025-06-01
5141,529,59,676,150,2024-05-16
5142,145,44,583,90,2025-07-05
5143,421,24,741,133,2023-04-18
5144,273,60,707,132,2024-01-16
5145,703,24,264,24,2026-02-09
5146,567,52,133,67,2025-05-19
5147,647,20,42,30,2025-07-31
5148,646,23,217,36,2023-08-13
5149,106,37,259,141,2023-08-15
5150,723,68,541,71,2023-01-05
5151,962,6,784,54,2024-08-20
5152,674,62,493,52,2025-10-11
5153,118,31,17,48,2025-06-18
5154,458,80,583,56,2023-05-14
5155,293,37,463,96,2024-09-25
5156,120,19,622,107,2025-01-15
5157,401,19,459,81,2025-07-25
5158,527,30,601,77,2024-04-17
5159,663,48,470,125,2024-07-26
5160,167,69,174,54,2025-05-13
5161,438,69,740,85,2023-10-15
5162,875,71,331,72,2026-01-02
5163,559,62,294,63,2023-04-12
5164,902,59,150,114,2025-05-18
5165,50,49,298,99,2024-10-15
5166,908,12,452,142,2023-04-21
5167,551,74,654,34,2024-07-06
5168,930,75,484,120,2024-04-28
5169,13,23,241,80,2024-05-29
5170,615,51,63,49,2026-02-15
5171,807,34,208,106,2026-03-16
5172,670,5,276,29,2023-10-25
5173,870,7,278,113,2026-01-27
5174,213,79,221,148,2025-10-14
5175,426,44,360,76,2023-03-02
5176,902,20,231,106,2025-12-22
5177,556,2,357,131,2024-09-17
5178,916,56,60,85,2023-05-19
5179,962,35,743,96,2024-02-29
5180,868,30,617,148,2025-05-20
5181,242,13,614,22,2024-10-28
5182,904,69,330,141,2024-04-18
5183,282,70,34,30,2025-03-15
5184,979,44,324,29,2023-07-27
5185,749,40,688,130,2025-03-31
5186,435,45,492,33,2023-09-30
5187,599,36,783,149,2023-06-15
5188,492,16,521,94,2023-06-19
5189,444,7,67,134,2023-08-27
5190,876,46,91,99,2025-07-26
5191,393,55,33,84,2025-03-08
5192,6,10,440,150,2024-10-04
5193,865,39,340,68,2025-03-30
5194,204,54,654,148,2023-02-09
5195,252,58,176,145,2025-12-24
5196,253,53,789,29,2025-03-11
5197,355,7,737,46,2025-11-28
5198,450,17,147,144,2024-07-05
5199,163,40,619,118,2024-10-14
5200,623,66,732,48,2024-01-14
5201,950,66,349,38,2025-04-14
5202,789,35,673,76,2024-11-28
5203,275,46,632,73,2024-01-13
5204,708,48,94,144,2023-09-03
5205,239,18,239,57,2026-02-18
5206,726,22,305,36,2026-01-29
5207,97,38,212,77,2026-01-22
5208,649,76,742,79,2026-03-28
5209,305,74,680,139,2024-10-20
5210,791,32,157,121,2023-11-17
5211,148,74,586,61,2023-01-16
5212,283,16,742,97,2025-02-21
5213,997,33,440,30,2025-06-20
5214,334,75,714,40,2023-03-06
5215,601,47,110,25,2024-11-09
5216,770,2,116,52,2025-03-24
5217,132,19,299,140,2025-08-14
5218,390,58,447,44,2026-02-19
5219,947,48,72,115,2023-02-18
5220,181,32,465,60,2024-08-25
5221,416,19,169,53,2025-12-22
5222,722,48,154,40,2024-04-15
5223,882,47,156,148,2026-04-13
5224,422,58,736,72,2023-06-23
5225,283,51,410,43,2023-11-11
5226,526,38,113,90,2025-08-25
5227,97,47,23,40,2024-09-26
5228,204,34,469,103,2023-08-28
5229,552,25,302,138,2026-03-02
5230,98,70,800,141,2026-03-07
5231,83,31,148,95,2024-01-13
5232,660,74,321,84,2023-10-11
5233,869,67,151,94,2025-07-10
5234,400,48,654,64,2024-04-01
5235,905,48,42,145,2025-06-17
5236,401,11,188,37,2025-04-21
5237,629,27,186,127,2024-09-09
5238,667,11,14,28,2023-05-18
5239,562,63,86,101,2023-04-07
5240,885,12,220,103,2023-09-30
5241,594,61,788,87,2024-05-03
5242,496,14,385,132,2025-08-20
5243,452,78,512,94,2023-06-01
5244,649,49,582,31,2024-06-09
5245,477,69,122,108,2023-12-17
5246,89,62,648,124,2024-12-21
5247,245,35,677,109,2023-10-25
5248,995,38,38,110,2026-02-26
5249,207,57,221,56,2023-04-02
5250,281,49,132,107,2025-04-25
5251,595,55,300,31,2024-03-08
5252,131,58,391,57,2025-03-06
5253,578,62,317,140,2024-12-05
5254,140,13,6,94,2024-08-02
5255,920,78,666,51,2025-06-02
5256,464,9,201,104,2025-09-17
5257,101,79,445,60,2024-06-13
5258,576,61,388,61,2023-09-08
5259,37,9,744,39,2025-09-26
5260,750,46,161,105,2025-06-14
5261,660,16,246,113,2025-11-16
5262,621,2,69,89,2023-01-13
5263,319,16,657,68,2023-02-11
5264,55,58,474,122,2024-06-28
5265,304,27,410,84,2024-08-13
5266,494,59,756,111,2024-11-05
5267,517,75,719,23,2026-03-26
5268,239,9,149,104,2025-06-04
5269,286,68,567,52,2023-04-15
5270,982,61,367,122,2023-12-18
5271,402,56,556,109,2024-09-05
5272,132,20,727,78,2024-08-17
5273,391,32,574,84,2024-07-26
5274,852,16,70,42,2026-03-15
5275,753,28,533,71,2024-02-27
5276,732,1,8,61,2025-03-22
5277,527,20,394,135,2024-04-13
5278,336,31,624,81,2023-04-07
5279,897,8,344,131,2024-02-22
5280,660,52,198,77,2023-04-16
5281,480,43,575,109,2024-08-06
5282,729,33,60,73,2025-07-11
5283,39,33,762,147,2023-11-21
5284,514,73,65,42,2024-06-05
5285,572,1,239,21,2023-11-01
5286,65,4,401,53,2024-07-26
5287,530,14,550,103,2025-10-08
5288,709,18,796,108,2026-03-08
5289,436,51,490,78,2023-05-24
5290,181,74,427,44,2023-04-16
5291,220,11,370,104,2023-12-08
5292,940,26,230,34,2024-01-01
5293,208,35,449,73,2026-01-24
5294,48,21,406,78,2024-03-02
5295,661,4,300,150,2023-12-05
5296,551,29,396,126,2023-01-26
5297,576,69,139,95,2024-04-10
5298,813,11,175,142,2025-05-25
5299,775,79,784,109,2024-04-18
5300,85,6,734,72,2023-04-09
5301,885,38,218,65,2023-07-28
5302,343,4,421,144,2025-10-21
5303,924,79,669,71,2025-08-07
5304,65,48,61,116,2023-10-20
5305,972,53,103,31,2025-10-15
5306,222,45,242,43,2024-04-30
5307,301,28,53,64,2025-11-11
5308,597,56,275,149,2023-02-05
5309,140,44,567,39,2023-11-22
5310,282,18,691,75,2026-01-25
5311,744,4,569,66,2026-03-27
5312,520,56,125,112,2025-09-08
5313,459,61,124,60,2023-07-01
5314,775,64,307,44,2025-01-17
5315,90,5,728,120,2025-12-19
5316,265,80,705,36,2025-03-11
5317,704,9,755,111,2026-02-01
5318,312,42,638,41,2023-04-27
5319,547,15,247,33,2024-08-25
5320,868,16,518,121,2023-07-16
5321,211,23,753,113,2024-01-23
5322,215,44,528,43,2024-01-27
5323,785,31,88,102,2023-10-03
5324,402,38,278,80,2023-02-24
5325,338,64,90,55,2026-03-01
5326,850,58,228,100,2026-02-10
5327,677,44,401,132,2025-05-10
5328,678,23,150,53,2023-10-18
5329,290,58,473,133,2025-12-01
5330,416,43,276,55,2023-07-13
5331,119,6,749,130,2024-02-03
5332,795,45,502,82,2023-04-01
5333,699,51,176,26,2025-03-04
5334,794,80,88,54,2024-07-25
5335,966,2,242,134,2025-03-14
5336,935,9,187,103,2026-03-27
5337,99,17,449,126,2025-12-14
5338,550,12,727,69,2023-03-22
5339,783,50,534,101,2026-02-16
5340,241,23,350,89,2023-03-15
5341,259,5,396,20,2025-01-24
5342,773,7,713,145,2024-06-15
5343,524,6,152,44,2023-04-03
5344,497,42,727,120,2023-02-13
5345,713,65,673,98,2025-11-27
5346,885,70,73,136,2023-06-19
5347,430,13,408,147,2024-12-08
5348,35,32,483,78,2023-02-26
5349,150,61,263,34,2023-02-16
5350,966,2,109,47,2025-08-19
5351,528,63,563,42,2024-07-19
5352,429,37,119,77,2023-08-30
5353,561,33,46,132,2026-03-11
5354,24,63,197,63,2025-05-27
5355,546,75,737,53,2026-04-07
5356,750,42,517,60,2023-11-20
5357,535,58,285,116,2025-04-04
5358,817,57,41,82,2025-07-18
5359,108,4,14,137,2025-05-05
5360,877,17,137,58,2025-09-10
5361,190,30,267,52,2023-06-27
5362,849,33,573,55,2025-06-21
5363,395,51,456,136,2025-04-06
5364,207,34,745,112,2023-02-01
5365,898,44,541,59,2023-05-13
5366,246,51,5,108,2023-03-24
5367,607,19,681,46,2025-12-06
5368,720,2,210,114,2024-03-13
5369,802,75,236,76,2025-08-15
5370,739,46,10,73,2025-02-25
5371,930,37,297,126,2024-12-05
5372,981,45,208,137,2023-01-27
5373,611,44,230,82,2024-10-12
5374,403,73,423,110,2024-10-01
5375,796,11,779,96,2026-01-06
5376,350,75,205,32,2023-06-22
5377,915,14,273,83,2024-12-21
5378,210,65,249,103,2023-03-22
5379,158,55,724,63,2024-01-26
5380,316,47,774,30,2024-08-22
5381,109,38,52,51,2023-03-20
5382,246,11,659,96,2024-12-03
5383,173,38,123,130,2025-03-30
5384,22,64,324,129,2023-07-17
5385,176,39,473,32,2024-01-31
5386,813,29,432,131,2025-05-07
5387,877,40,43,104,2023-03-01
5388,694,17,230,107,2024-02-10
5389,576,35,653,50,2025-11-05
5390,953,50,670,127,2025-08-01
5391,454,53,790,45,2026-03-13
5392,920,75,75,74,2025-05-24
5393,372,38,758,145,2024-01-13
5394,476,5,521,100,2025-05-15
5395,742,50,676,109,2024-02-07
5396,814,62,643,92,2024-06-09
5397,28,68,529,101,2024-09-10
5398,603,73,91,40,2023-04-29
5399,97,14,230,101,2025-10-31
5400,215,33,270,142,2024-08-25
5401,836,67,227,118,2024-12-10
5402,611,65,290,98,2023-11-22
5403,844,36,58,40,2023-03-04
5404,155,77,703,49,2025-01-21
5405,209,45,435,41,2023-05-11
5406,549,72,622,35,2024-11-17
5407,282,44,62,132,2023-09-03
5408,218,47,693,68,2024-06-20
5409,720,77,448,42,2023-12-25
5410,691,61,125,48,2023-04-16
5411,229,48,297,98,2024-11-16
5412,653,19,565,128,2023-06-04
5413,698,13,407,127,2025-12-15
5414,52,80,79,101,2025-03-13
5415,143,52,62,23,2023-06-20
5416,768,56,614,119,2023-05-16
5417,463,45,673,45,2025-09-11
5418,439,21,346,78,2023-11-06
5419,491,21,213,91,2024-11-30
5420,27,42,525,71,2025-04-01
5421,955,48,253,58,2023-08-01
5422,954,37,761,113,2025-10-10
5423,198,6,739,55,2023-06-21
5424,154,3,81,67,2025-07-10
5425,334,36,57,143,2025-12-04
5426,277,26,152,139,2025-01-06
5427,32,20,411,69,2023-07-09
5428,585,32,546,63,2023-02-01
5429,190,12,251,74,2024-08-24
5430,211,23,344,141,2024-06-08
5431,375,60,542,116,2025-10-23
5432,637,17,123,110,2025-12-23
5433,858,24,448,136,2023-02-19
5434,891,42,358,58,2023-10-16
5435,322,36,295,25,2026-02-01
5436,380,72,24,61,2024-09-15
5437,932,23,650,34,2024-11-14
5438,757,36,111,134,2025-12-11
5439,917,64,66,82,2024-08-26
5440,544,70,635,33,2026-03-07
5441,124,27,95,74,2024-08-31
5442,186,53,707,110,2024-04-14
5443,15,15,586,133,2025-01-08
5444,601,54,689,28,2025-10-16
5445,969,42,137,142,2026-03-27
5446,467,42,498,32,2023-02-26
5447,680,31,197,40,2023-08-19
5448,492,57,253,47,2023-02-13
5449,896,75,718,90,2025-02-19
5450,461,14,583,103,2023-02-13
5451,403,79,690,67,2025-10-31
5452,881,2,716,54,2023-12-19
5453,938,30,404,75,2026-01-05
5454,131,4,646,39,2026-02-28
5455,463,44,757,61,2024-06-18
5456,343,28,572,32,2024-04-23
5457,16,59,502,107,2026-02-21
5458,292,43,678,86,2023-08-14
5459,636,52,298,122,2023-10-07
5460,171,18,228,136,2024-02-12
5461,889,59,354,129,2023-01-20
5462,179,15,302,48,2024-08-12
5463,171,6,484,56,2025-11-18
5464,43,21,670,56,2023-07-14
5465,188,57,278,107,2023-11-03
5466,222,67,415,50,2024-09-20
5467,977,74,694,99,2025-07-26
5468,518,4,17,121,2026-03-17
5469,561,66,796,100,2024-07-13
5470,618,11,584,41,2024-07-18
5471,399,41,245,28,2023-01-08
5472,908,3,247,35,2025-06-04
5473,261,69,221,113,2023-03-27
5474,233,72,137,137,2023-01-27
5475,578,29,148,114,2024-02-04
5476,950,63,486,27,2025-07-10
5477,252,20,4,22,2025-05-13
5478,478,42,14,30,2025-05-08
5479,808,13,531,104,2024-10-17
5480,577,22,234,85,2023-03-05
5481,266,14,625,99,2023-11-21
5482,388,39,781,123,2025-05-02
5483,618,26,340,131,2026-01-05
5484,141,27,462,103,2025-02-21
5485,426,38,706,116,2023-12-26
5486,162,24,61,63,2026-01-27
5487,834,68,306,113,2025-01-12
5488,976,53,358,88,2024-05-15
5489,170,8,540,25,2026-01-26
5490,288,11,473,21,2026-04-07
5491,924,11,701,63,2024-11-05
5492,361,18,488,146,2024-09-24
5493,627,51,447,33,2024-01-10
5494,703,25,337,46,2023-01-01
5495,281,50,579,71,2025-01-26
5496,83,50,633,41,2024-09-10
5497,64,8,31,35,2025-11-15
5498,735,37,668,63,2025-06-25
5499,508,50,538,34,2024-09-10
5500,118,30,550,79,2023-08-22
5501,417,36,364,84,2026-02-09
5502,6,35,470,31,2024-01-11
5503,179,36,268,121,2023-12-02
5504,647,40,474,50,2024-07-31
5505,176,65,259,84,2023-09-09
5506,639,62,179,50,2023-06-16
5507,756,34,721,82,2023-03-10
5508,251,49,321,53,2025-01-04
5509,231,2,432,43,2023-07-17
5510,107,11,710,86,2024-12-27
5511,310,69,247,99,2025-06-26
5512,698,8,61,86,2026-01-18
5513,420,53,204,51,2024-06-25
5514,765,60,116,126,2023-12-17
5515,206,11,762,55,2025-08-19
5516,852,46,100,87,2025-01-30
5517,416,57,223,123,2023-12-15
5518,7,66,674,37,2025-10-14
5519,832,59,582,32,2023-09-07
5520,219,9,597,48,2023-06-05
5521,752,67,284,71,2023-11-12
5522,544,20,130,26,2023-06-17
5523,199,21,181,131,2026-01-15
5524,578,69,614,54,2024-12-11
5525,288,39,56,78,2024-07-02
5526,209,27,492,125,2025-03-24
5527,55,7,139,92,2023-06-04
5528,38,54,511,39,2023-08-27
5529,525,60,28,25,2023-10-07
5530,404,74,186,126,2023-01-15
5531,313,46,186,124,2023-02-24
5532,815,80,553,33,2024-12-08
5533,59,69,8,47,2023-06-28
5534,263,8,20,113,2023-10-27
5535,839,45,604,52,2023-11-26
5536,582,38,125,130,2023-10-12
5537,675,37,768,75,2023-05-02
5538,701,16,348,46,2023-11-23
5539,602,25,615,98,2023-04-16
5540,899,61,110,25,2023-09-09
5541,759,73,496,111,2025-08-11
5542,552,41,402,87,2023-07-26
5543,142,13,159,48,2023-08-02
5544,816,7,415,95,2025-09-01
5545,338,50,376,54,2025-04-13
5546,525,74,227,71,2025-06-29
5547,500,15,431,49,2024-04-21
5548,381,26,400,84,2023-07-28
5549,584,80,512,150,2024-02-28
5550,186,76,195,88,2025-08-27
5551,67,54,659,33,2024-02-15
5552,308,29,191,97,2025-10-21
5553,666,48,479,94,2025-11-04
5554,98,12,583,84,2024-05-25
5555,483,74,699,101,2024-04-13
5556,465,15,219,99,2024-04-27
5557,72,25,59,123,2023-08-07
5558,153,19,761,35,2025-11-08
5559,892,78,120,49,2024-05-29
5560,977,56,384,45,2023-09-18
5561,532,38,213,44,2026-02-15
5562,258,19,174,116,2025-05-04
5563,755,57,90,51,2025-09-17
5564,819,19,33,38,2024-02-25
5565,568,40,460,140,2025-11-29
5566,429,46,493,92,2024-10-22
5567,140,49,113,91,2025-08-26
5568,438,9,385,106,2026-02-09
5569,445,16,470,120,2024-09-02
5570,191,8,637,69,2024-04-17
5571,81,47,80,69,2026-01-23
5572,923,43,638,133,2025-07-24
5573,303,1,426,105,2023-08-16
5574,975,60,444,141,2023-07-17
5575,972,21,331,70,2024-12-09
5576,651,76,740,76,2024-04-10
5577,844,64,462,62,2023-11-13
5578,529,28,679,128,2025-03-12
5579,166,35,38,80,2025-02-16
5580,847,11,443,35,2024-03-03
5581,267,67,676,27,2023-06-24
5582,439,44,305,59,2023-11-18
5583,878,43,625,51,2023-09-17
5584,918,77,146,43,2025-11-12
5585,99,45,190,59,2025-05-21
5586,245,32,689,40,2023-12-20
5587,332,10,253,47,2023-03-02
5588,664,40,496,22,2023-01-03
5589,161,54,273,111,2025-12-27
5590,951,76,31,119,2023-06-12
5591,532,62,392,23,2025-10-28
5592,220,25,672,86,2025-10-31
5593,246,44,25,120,2024-11-03
5594,203,12,19,149,2025-07-19
5595,607,17,12,49,2024-03-07
5596,112,19,694,138,2023-08-28
5597,390,32,220,29,2024-07-29
5598,533,10,117,102,2023-01-22
5599,293,69,58,25,2024-05-08
5600,735,21,415,54,2026-04-05
5601,111,46,614,45,2023-01-30
5602,305,36,308,24,2023-05-31
5603,142,32,113,124,2025-10-19
5604,191,32,426,85,2026-01-04
5605,430,27,228,100,2023-12-13
5606,520,12,89,51,2026-02-01
5607,748,60,429,52,2026-04-10
5608,952,4,652,125,2025-06-14
5609,900,11,81,40,2025-10-14
5610,64,67,48,106,2023-08-19
5611,424,23,587,29,2025-02-11
5612,951,55,705,64,2025-08-17
5613,647,44,11,33,2024-01-20
5614,488,48,527,34,2023-01-20
5615,21,78,173,35,2025-03-29
5616,538,49,193,49,2023-03-18
5617,52,26,689,74,2025-09-13
5618,123,79,132,92,2023-04-28
5619,412,2,709,131,2026-03-28
5620,215,24,701,122,2023-03-11
5621,181,14,656,146,2025-10-27
5622,49,22,525,23,2026-03-28
5623,144,74,468,83,2023-08-04
5624,494,35,188,45,2023-01-03
5625,149,8,739,107,2023-05-09
5626,245,16,79,52,2023-04-17
5627,761,72,130,28,2024-06-17
5628,137,35,149,20,2024-06-13
5629,716,46,645,32,2026-03-12
5630,829,2,460,137,2023-09-17
5631,60,59,621,122,2023-08-11
5632,509,67,797,21,2023-03-06
5633,946,17,700,26,2024-11-02
5634,575,56,285,111,2024-10-31
5635,973,80,561,134,2024-08-17
5636,947,19,376,149,2024-12-05
5637,814,69,71,119,2025-08-17
5638,406,65,61,98,2023-03-17
5639,911,44,611,133,2024-11-21
5640,955,18,513,52,2024-10-11
5641,184,32,561,40,2026-03-07
5642,447,65,284,102,2023-03-28
5643,582,26,764,31,2023-02-03
5644,738,34,413,136,2023-06-27
5645,937,37,445,35,2024-12-04
5646,919,19,578,40,2025-02-23
5647,558,40,481,57,2025-08-30
5648,678,40,282,139,2023-04-23
5649,905,56,5,28,2025-03-01
5650,844,53,275,133,2026-01-05
5651,473,37,741,99,2024-03-14
5652,832,32,41,66,2024-10-23
5653,953,49,338,150,2025-04-05
5654,552,47,435,32,2023-05-23
5655,602,77,104,95,2023-01-12
5656,752,61,269,122,2025-10-01
5657,834,44,541,98,2026-01-02
5658,267,33,33,123,2023-02-04
5659,630,36,704,94,2024-04-08
5660,510,4,641,86,2025-11-06
5661,738,59,188,72,2023-12-27
5662,987,25,136,145,2024-12-12
5663,163,20,517,57,2023-08-21
5664,114,8,732,59,2024-11-23
5665,656,31,390,113,2024-03-31
5666,814,26,136,23,2025-02-14
5667,209,25,47,25,2026-02-19
5668,211,4,106,135,2023-12-05
5669,531,30,746,56,2023-01-09
5670,521,25,29,138,2025-03-06
5671,328,49,723,23,2023-06-30
5672,425,11,147,68,2024-04-10
5673,444,9,310,45,2025-12-12
5674,492,74,780,25,2023-08-22
5675,937,45,614,100,2025-10-23
5676,145,42,433,72,2026-03-01
5677,917,69,440,129,2024-05-28
5678,213,17,704,127,2024-05-08
5679,887,44,723,57,2024-02-08
5680,45,38,282,31,2024-03-14
5681,210,19,743,91,2025-10-26
5682,272,7,771,79,2025-08-22
5683,873,6,64,65,2024-09-02
5684,907,43,267,125,2025-11-06
5685,992,40,17,106,2023-12-29
5686,730,71,99,114,2024-03-27
5687,76,29,84,64,2024-05-19
5688,116,2,426,110,2026-01-27
5689,841,13,726,130,2023-10-02
5690,216,50,651,72,2026-03-17
5691,425,23,299,80,2024-04-15
5692,986,76,128,111,2023-11-24
5693,85,67,402,141,2024-03-17
5694,664,45,166,104,2024-06-06
5695,425,73,114,58,2023-01-16
5696,525,60,568,106,2023-06-16
5697,4,4,639,108,2024-06-27
5698,174,7,734,23,2023-03-07
5699,384,78,165,63,2023-06-02
5700,806,13,227,69,2024-10-27
5701,807,33,580,41,2024-03-24
5702,811,23,791,44,2023-05-14
5703,589,74,410,131,2025-03-10
5704,610,10,369,78,2025-10-06
5705,962,23,140,49,2023-05-06
5706,134,27,778,89,2025-11-29
5707,110,16,566,83,2025-07-07
5708,79,56,575,147,2024-02-18
5709,446,37,535,88,2025-03-04
5710,164,49,188,138,2023-01-28
5711,810,23,581,86,2023-12-15
5712,145,76,672,75,2023-09-03
5713,973,52,69,71,2026-04-09
5714,194,28,254,125,2025-09-07
5715,206,68,12,126,2023-03-08
5716,365,34,420,135,2023-11-24
5717,591,44,604,118,2024-10-11
5718,741,42,492,45,2024-06-29
5719,668,77,11,79,2023-09-16
5720,770,10,762,97,2024-08-19
5721,817,10,360,29,2026-01-16
5722,537,80,782,79,2023-12-17
5723,139,2,757,30,2024-01-30
5724,493,69,138,31,2026-01-07
5725,228,10,452,64,2024-07-29
5726,294,33,662,94,2023-09-13
5727,990,62,354,125,2024-03-01
5728,779,52,434,27,2025-02-22
5729,338,62,17,51,2024-02-05
5730,310,49,485,53,2025-08-13
5731,394,59,545,56,2025-01-31
5732,187,61,293,111,2023-09-18
5733,249,16,43,86,2026-01-10
5734,744,30,114,35,2026-03-01
5735,972,77,283,33,2024-03-25
5736,945,27,457,69,2024-09-05
5737,809,71,463,78,2025-09-17
5738,140,69,386,135,2024-11-07
5739,486,60,659,51,2024-07-17
5740,553,14,750,150,2023-11-05
5741,987,29,707,141,2023-08-04
5742,630,8,549,139,2023-08-13
5743,864,72,792,63,2025-05-08
5744,91,73,642,88,2023-12-05
5745,44,36,331,24,2025-09-27
5746,104,65,52,120,2023-12-07
5747,30,62,1,93,2024-01-24
5748,750,73,745,140,2023-03-14
5749,531,65,416,100,2025-09-28
5750,175,41,583,22,2026-04-13
5751,759,76,388,79,2025-11-20
5752,239,41,524,45,2023-03-15
5753,371,22,347,74,2024-07-06
5754,612,8,672,129,2024-11-21
5755,512,9,163,108,2024-07-15
5756,85,37,675,109,2023-08-26
5757,792,34,691,66,2025-01-30
5758,517,32,21,44,2025-08-03
5759,192,55,531,40,2025-04-14
5760,35,51,48,47,2024-12-16
5761,567,11,180,87,2026-02-05
5762,406,66,247,141,2025-09-10
5763,685,33,661,62,2025-11-22
5764,756,71,350,37,2023-04-10
5765,638,22,679,42,2024-03-16
5766,710,32,275,119,2024-11-26
5767,56,13,673,23,2025-01-09
5768,908,46,465,99,2024-11-16
5769,861,48,371,37,2025-04-29
5770,14,11,384,105,2023-04-28
5771,793,53,730,117,2024-01-28
5772,137,51,286,70,2023-12-29
5773,731,27,369,30,2024-09-15
5774,317,56,679,123,2024-12-25
5775,586,45,392,124,2023-04-20
5776,161,38,489,107,2025-07-19
5777,284,75,553,67,2026-02-24
5778,528,56,301,117,2026-01-27
5779,741,70,571,86,2023-05-19
5780,118,54,104,121,2025-10-05
5781,141,69,297,35,2023-03-19
5782,736,47,596,73,2024-06-03
5783,247,55,122,39,2025-12-12
5784,15,50,295,101,2024-08-23
5785,334,53,694,64,2025-07-06
5786,111,40,334,47,2023-07-14
5787,165,35,29,150,2026-01-05
5788,497,3,129,55,2025-10-05
5789,625,5,549,52,2025-10-18
5790,687,50,631,85,2024-01-18
5791,578,11,261,98,2026-01-18
5792,718,15,92,95,2026-03-31
5793,929,15,194,47,2023-11-30
5794,756,74,391,50,2025-03-17
5795,996,1,385,120,2024-03-03
5796,687,16,167,133,2023-12-03
5797,707,50,658,58,2024-10-03
5798,290,12,787,103,2024-06-27
5799,958,60,19,35,2024-10-14
5800,801,68,121,66,2025-07-09
5801,350,65,298,39,2025-12-13
5802,769,61,137,131,2026-02-08
5803,510,37,440,22,2023-01-06
5804,396,55,441,39,2023-09-07
5805,478,79,762,112,2023-07-06
5806,881,77,403,65,2025-09-03
5807,139,66,568,82,2023-09-25
5808,625,18,537,58,2025-03-19
5809,898,16,794,41,2024-06-23
5810,915,43,503,133,2026-04-04
5811,84,49,297,63,2023-12-25
5812,295,13,229,38,2025-05-11
5813,566,21,164,105,2025-06-02
5814,980,16,27,50,2025-08-02
5815,948,77,798,85,2025-01-30
5816,298,40,242,79,2023-06-23
5817,735,61,282,102,2023-10-05
5818,287,59,395,23,2026-03-13
5819,26,45,394,117,2023-05-07
5820,903,79,499,39,2025-06-22
5821,567,28,565,106,2025-07-22
5822,761,19,255,95,2026-04-11
5823,884,72,490,115,2024-02-04
5824,1000,74,753,92,2024-08-07
5825,720,70,613,145,2025-12-20
5826,251,73,741,86,2024-10-25
5827,525,72,579,110,2024-04-02
5828,324,50,633,126,2025-01-22
5829,387,55,508,126,2025-06-20
5830,71,27,201,115,2024-04-14
5831,691,18,675,122,2024-11-30
5832,706,69,384,24,2025-12-17
5833,463,58,94,146,2025-09-13
5834,805,57,423,77,2023-03-16
5835,455,75,583,141,2024-08-30
5836,446,53,680,124,2025-04-21
5837,738,59,393,68,2023-02-06
5838,147,70,796,65,2024-09-20
5839,650,51,153,139,2026-03-27
5840,813,79,412,97,2024-08-14
5841,486,39,623,26,2024-04-09
5842,987,68,514,40,2025-04-03
5843,421,21,324,133,2025-03-30
5844,735,14,739,129,2023-05-23
5845,95,30,6,79,2023-04-17
5846,552,27,338,57,2023-09-01
5847,975,41,58,55,2024-07-14
5848,334,59,539,68,2025-04-19
5849,477,62,363,68,2026-01-24
5850,811,40,529,26,2025-01-25
5851,689,59,127,134,2024-05-02
5852,991,41,53,134,2024-01-30
5853,823,11,722,142,2025-06-13
5854,736,20,252,98,2024-02-06
5855,633,44,381,92,2023-09-30
5856,423,43,303,90,2023-12-24
5857,999,59,378,116,2025-02-07
5858,344,67,336,34,2025-12-30
5859,345,58,600,84,2026-02-09
5860,53,39,53,148,2023-07-16
5861,893,51,687,87,2023-03-08
5862,531,17,379,115,2023-02-14
5863,699,80,113,121,2026-03-13
5864,443,18,534,83,2024-05-04
5865,752,57,662,101,2023-09-22
5866,634,1,139,28,2025-10-20
5867,109,75,539,57,2023-01-23
5868,661,31,387,93,2023-04-05
5869,120,5,244,60,2023-10-02
5870,641,3,412,58,2026-01-16
5871,493,64,263,115,2023-05-29
5872,296,33,112,81,2024-12-12
5873,988,64,6,58,2024-01-21
5874,40,9,222,23,2023-01-21
5875,590,63,675,88,2024-06-18
5876,854,69,355,57,2025-09-29
5877,628,58,515,20,2025-09-05
5878,400,21,262,81,2023-02-23
5879,261,11,343,110,2023-07-10
5880,853,40,263,50,2025-09-21
5881,90,44,102,40,2023-09-02
5882,41,71,795,149,2023-05-08
5883,319,40,289,150,2025-06-07
5884,121,25,653,109,2023-11-09
5885,156,3,74,61,2023-01-30
5886,194,21,383,21,2023-02-05
5887,725,76,80,29,2026-04-14
5888,249,14,237,116,2024-01-30
5889,796,39,231,57,2026-01-24
5890,342,79,552,128,2024-11-29
5891,451,70,698,57,2026-04-07
5892,654,36,301,114,2023-01-18
5893,942,37,373,99,2023-02-18
5894,833,45,115,136,2023-06-07
5895,60,25,188,130,2024-05-28
5896,570,72,440,85,2023-12-15
5897,440,41,531,112,2025-10-04
5898,406,29,722,127,2024-11-05
5899,739,31,558,94,2024-12-13
5900,914,44,681,139,2024-07-25
5901,783,45,259,75,2024-07-21
5902,297,77,74,52,2026-04-03
5903,880,69,71,36,2025-12-12
5904,883,54,727,102,2025-09-10
5905,267,38,353,105,2026-03-25
5906,529,34,44,54,2024-09-11
5907,257,72,460,45,2024-05-07
5908,629,8,726,92,2025-04-10
5909,789,61,750,96,2024-03-26
5910,360,59,486,40,2023-01-05
5911,932,68,76,77,2024-05-29
5912,236,62,606,44,2023-08-05
5913,252,58,393,62,2024-07-04
5914,108,33,401,121,2023-11-09
5915,295,47,731,23,2023-02-11
5916,226,68,542,147,2023-07-28
5917,568,10,757,101,2025-02-13
5918,18,4,625,132,2023-09-01
5919,365,3,42,148,2023-02-01
5920,665,21,240,20,2025-10-30
5921,399,32,268,75,2023-07-06
5922,551,35,640,32,2025-10-23
5923,321,7,336,134,2024-08-22
5924,713,39,592,83,2024-06-14
5925,161,11,367,29,2023-09-05
5926,638,64,100,94,2023-05-31
5927,977,28,6,29,2025-08-04
5928,562,15,55,126,2025-07-01
5929,940,66,15,41,2024-04-15
5930,239,62,782,89,2025-08-25
5931,188,8,699,98,2023-02-14
5932,469,33,785,20,2024-02-16
5933,1,36,84,138,2025-05-05
5934,412,54,379,73,2023-02-15
5935,662,5,104,92,2023-06-17
5936,942,49,685,79,2026-01-21
5937,949,5,530,98,2025-04-20
5938,423,16,54,91,2023-08-31
5939,55,12,678,120,2025-09-01
5940,584,52,220,29,2024-03-03
5941,301,72,744,108,2026-01-16
5942,884,49,293,101,2023-07-17
5943,705,65,342,71,2025-08-28
5944,657,21,157,94,2024-05-16
5945,454,28,296,140,2024-10-26
5946,870,72,687,22,2023-12-28
5947,747,31,477,63,2026-03-18
5948,476,55,38,96,2023-07-06
5949,366,69,329,109,2023-10-01
5950,769,8,735,47,2023-04-21
5951,610,74,15,49,2024-05-30
5952,526,55,40,74,2024-04-07
5953,628,49,427,22,2024-10-12
5954,181,54,682,78,2023-09-10
5955,783,11,697,138,2026-03-27
5956,536,58,418,64,2024-05-28
5957,573,35,772,61,2025-01-11
5958,620,58,296,137,2025-06-11
5959,760,30,790,87,2023-11-21
5960,295,75,774,114,2023-06-24
5961,978,31,322,126,2023-05-07
5962,500,42,434,81,2025-12-11
5963,479,67,477,105,2023-11-16
5964,551,18,757,136,2024-04-08
5965,334,63,192,110,2023-11-24
5966,231,66,638,38,2025-11-03
5967,225,61,725,145,2023-01-07
5968,973,26,448,54,2025-01-15
5969,742,73,293,36,2024-12-27
5970,436,57,636,60,2024-05-06
5971,806,36,472,32,2025-08-08
5972,484,17,127,91,2024-02-27
5973,247,45,40,74,2023-12-02
5974,758,76,711,111,2023-01-18
5975,987,74,348,57,2024-06-16
5976,312,57,619,77,2025-02-27
5977,525,80,80,47,2023-10-22
5978,527,72,166,60,2025-06-19
5979,973,78,369,50,2023-10-16
5980,971,13,162,81,2023-04-20
5981,79,51,727,100,2025-04-21
5982,601,39,761,82,2024-12-30
5983,126,37,221,98,2023-06-10
5984,512,51,381,142,2025-11-26
5985,492,29,155,120,2024-03-03
5986,402,60,86,86,2025-02-27
5987,302,42,443,137,2025-03-06
5988,375,7,551,96,2024-07-17
5989,178,59,102,73,2025-07-09
5990,661,67,187,142,2025-04-04
5991,667,29,233,40,2023-08-05
5992,599,50,141,83,2025-03-27
5993,148,58,758,95,2025-05-14
5994,197,66,326,132,2025-03-13
5995,955,71,411,68,2023-03-28
5996,175,27,400,33,2025-03-22
5997,925,31,34,79,2023-05-17
5998,962,44,643,131,2024-01-12
5999,751,40,71,57,2025-11-06
6000,562,76,630,79,2025-04-20
6001,188,8,142,120,2024-08-08
6002,642,64,488,111,2023-02-12
6003,362,16,284,31,2025-09-23
6004,106,44,559,103,2025-12-16
6005,5,59,667,146,2023-06-11
6006,209,59,292,146,2025-12-14
6007,455,80,102,118,2025-08-30
6008,876,76,543,76,2025-11-27
6009,695,4,507,62,2026-02-06
6010,438,27,434,37,2023-12-03
6011,77,5,706,104,2025-07-08
6012,803,42,291,112,2024-07-26
6013,320,27,253,46,2024-09-01
6014,483,43,672,57,2024-02-24
6015,697,69,597,22,2024-07-25
6016,161,54,127,100,2023-04-20
6017,725,50,517,53,2023-09-13
6018,147,7,55,55,2023-05-05
6019,498,28,667,69,2025-08-01
6020,273,8,567,79,2025-01-19
6021,797,21,144,33,2023-11-02
6022,747,2,553,70,2026-03-21
6023,317,39,677,118,2024-01-15
6024,102,5,561,94,2024-08-06
6025,582,30,340,140,2026-01-03
6026,532,4,541,54,2026-04-11
6027,334,80,298,65,2024-04-07
6028,999,47,44,49,2023-07-09
6029,112,73,665,56,2023-09-03
6030,406,19,519,107,2025-10-26
6031,627,38,516,47,2024-08-23
6032,98,34,756,67,2024-03-06
6033,836,56,161,138,2024-11-20
6034,495,29,211,124,2025-10-18
6035,725,46,574,50,2023-02-26
6036,869,79,0,49,2023-12-16
6037,814,78,89,122,2024-11-09
6038,358,68,547,51,2024-02-15
6039,641,74,138,132,2023-09-04
6040,970,24,377,63,2024-03-15
6041,282,11,219,25,2026-04-13
6042,75,38,775,99,2024-09-02
6043,176,68,228,83,2024-05-15
6044,134,22,385,123,2025-09-11
6045,74,71,602,46,2025-05-17
6046,489,11,652,41,2023-07-26
6047,406,10,379,56,2025-10-18
6048,957,34,125,28,2025-05-17
6049,654,74,748,57,2025-08-30
6050,155,43,206,37,2026-03-06
6051,376,26,50,134,2024-06-14
6052,209,19,291,75,2024-09-19
6053,36,33,497,94,2023-08-18
6054,868,15,748,111,2023-08-27
6055,781,15,211,97,2023-05-30
6056,98,61,168,130,2025-01-21
6057,541,25,400,129,2025-04-18
6058,614,9,476,24,2024-05-24
6059,422,42,424,115,2024-06-15
6060,729,30,416,34,2024-09-30
6061,653,31,78,139,2025-08-13
6062,255,43,158,49,2024-05-13
6063,211,47,18,61,2024-03-04
6064,37,17,342,60,2025-03-10
6065,957,39,609,65,2025-02-03
6066,994,54,587,132,2023-09-25
6067,586,37,323,24,2024-03-23
6068,537,38,342,110,2025-11-04
6069,915,19,384,71,2023-12-29
6070,197,53,221,63,2023-12-26
6071,733,58,581,115,2024-09-01
6072,638,73,214,98,2025-02-28
6073,954,53,6,141,2024-03-08
6074,437,14,119,40,2024-04-29
6075,617,60,227,35,2024-03-30
6076,785,28,381,65,2025-02-05
6077,594,29,644,141,2023-05-01
6078,402,34,347,54,2023-04-26
6079,113,44,518,76,2026-04-06
6080,327,65,315,89,2025-09-16
6081,166,75,225,62,2023-04-09
6082,971,31,590,114,2024-07-08
6083,88,67,593,126,2023-03-12
6084,738,61,625,58,2023-10-18
6085,279,63,612,25,2025-11-29
6086,118,4,474,66,2026-02-15
6087,47,80,373,88,2023-09-20
6088,331,16,316,113,2025-05-24
6089,520,55,536,131,2023-05-19
6090,263,60,177,145,2025-10-30
6091,246,60,207,114,2024-08-16
6092,132,10,248,88,2026-01-23
6093,359,35,715,111,2024-01-16
6094,799,27,470,23,2025-06-09
6095,162,6,56,138,2024-12-20
6096,907,48,90,126,2026-03-04
6097,157,4,629,115,2023-05-26
6098,932,45,89,71,2025-12-08
6099,75,5,206,66,2026-03-04
6100,608,72,557,27,2025-12-21
6101,385,27,420,108,2025-08-05
6102,855,3,390,26,2024-11-13
6103,131,44,686,29,2024-05-10
6104,572,16,734,100,2025-01-01
6105,30,67,347,95,2024-09-03
6106,398,37,674,59,2023-01-24
6107,132,18,795,138,2025-06-04
6108,967,77,458,62,2025-06-03
6109,998,23,791,138,2025-08-06
6110,860,28,555,59,2025-10-31
6111,339,74,518,89,2023-01-06
6112,710,68,612,131,2023-01-04
6113,920,47,413,143,2023-10-01
6114,77,29,440,70,2024-04-02
6115,235,55,757,93,2023-01-06
6116,520,18,366,70,2025-08-24
6117,429,36,15,132,2025-11-22
6118,452,62,169,72,2025-03-11
6119,816,73,774,84,2024-01-23
6120,437,74,645,127,2024-01-25
6121,826,46,379,129,2024-01-11
6122,567,66,390,102,2023-08-15
6123,360,42,465,81,2023-03-02
6124,140,33,323,125,2024-08-26
6125,224,78,238,111,2024-08-15
6126,862,23,269,57,2023-07-08
6127,601,74,650,125,2025-09-01
6128,9,25,163,121,2025-02-24
6129,905,80,426,134,2026-02-25
6130,773,64,363,148,2023-02-12
6131,987,5,166,39,2023-09-30
6132,35,53,715,75,2024-05-09
6133,309,20,567,134,2024-01-24
6134,399,32,535,72,2023-01-29
6135,693,59,770,119,2023-12-21
6136,3,61,371,72,2023-04-29
6137,889,75,297,140,2023-09-19
6138,757,54,44,74,2023-07-02
6139,292,67,721,26,2023-05-23
6140,113,1,469,38,2023-05-24
6141,630,1,466,73,2024-07-04
6142,614,2,606,38,2023-09-10
6143,925,57,683,85,2025-11-26
6144,608,34,219,50,2023-01-14
6145,524,28,648,35,2024-07-20
6146,822,46,513,113,2025-06-09
6147,173,53,334,99,2025-05-16
6148,791,36,389,115,2023-08-08
6149,232,21,381,45,2024-09-09
6150,454,14,395,47,2024-06-02
6151,963,15,437,43,2024-12-28
6152,74,17,513,95,2023-02-01
6153,714,4,675,145,2023-09-23
6154,683,43,342,105,2023-01-01
6155,233,80,355,46,2025-03-29
6156,226,76,619,110,2024-08-01
6157,98,23,410,82,2025-10-01
6158,822,33,152,21,2024-12-18
6159,706,27,174,115,2025-11-05
6160,192,56,293,37,2025-12-24
6161,197,32,714,59,2026-01-04
6162,75,34,252,62,2024-02-10
6163,457,16,148,46,2023-08-06
6164,230,24,315,47,2025-08-13
6165,171,13,746,26,2024-11-15
6166,176,27,23,54,2026-03-20
6167,705,41,593,22,2026-02-22
6168,225,39,1,81,2024-02-09
6169,720,36,401,24,2025-01-09
6170,252,42,587,128,2024-10-05
6171,192,11,81,106,2024-03-23
6172,270,44,36,143,2026-01-11
6173,497,67,73,95,2025-07-31
6174,515,47,293,31,2023-11-14
6175,675,22,688,102,2025-01-29
6176,723,20,300,20,2024-03-04
6177,205,22,326,150,2024-05-03
6178,848,76,271,58,2023-05-19
6179,323,33,175,142,2023-04-25
6180,562,37,681,120,2024-10-11
6181,560,10,575,95,2023-11-04
6182,900,67,499,27,2025-05-18
6183,401,31,440,150,2025-10-20
6184,307,77,349,47,2024-04-18
6185,925,24,5,136,2023-09-18
6186,611,5,753,81,2024-02-14
6187,349,14,475,142,2025-06-16
6188,243,62,570,45,2024-06-04
6189,653,32,554,46,2023-04-02
6190,217,43,658,36,2023-01-08
6191,785,36,720,102,2025-06-11
6192,445,62,583,86,2023-02-05
6193,536,61,798,41,2025-10-13
6194,465,67,599,86,2024-05-03
6195,29,13,548,69,2024-04-28
6196,444,34,138,39,2024-10-20
6197,102,78,402,62,2024-01-13
6198,577,10,721,71,2025-10-17
6199,165,58,341,21,2023-10-09
6200,109,36,487,91,2023-12-14
6201,301,65,498,142,2025-08-13
6202,584,67,459,114,2025-02-22
6203,732,77,555,80,2023-09-11
6204,577,62,573,67,2025-01-18
6205,354,47,59,35,2024-01-24
6206,815,63,339,110,2024-03-14
6207,963,33,232,55,2025-02-11
6208,546,57,560,44,2023-06-22
6209,217,25,361,74,2024-03-02
6210,928,69,682,85,2025-10-30
6211,282,9,225,123,2023-04-22
6212,254,9,704,127,2024-09-22
6213,480,74,282,120,2024-07-29
6214,202,78,266,89,2026-02-19
6215,58,59,25,44,2024-09-29
6216,814,23,158,71,2024-11-14
6217,752,5,79,140,2024-08-12
6218,247,56,445,110,2025-06-11
6219,525,43,156,89,2024-10-08
6220,634,37,33,104,2026-03-18
6221,544,52,308,52,2026-01-20
6222,976,8,33,22,2023-02-13
6223,545,78,581,150,2024-12-09
6224,515,60,133,131,2024-02-13
6225,401,5,259,41,2024-02-02
6226,750,56,507,68,2023-01-21
6227,940,40,101,95,2024-07-18
6228,500,78,168,123,2024-11-23
6229,22,59,286,94,2025-04-21
6230,66,10,624,55,2025-10-23
6231,877,44,34,122,2025-03-10
6232,427,39,662,68,2023-06-06
6233,22,54,256,58,2024-09-25
6234,810,44,625,75,2023-03-19
6235,165,35,712,136,2024-02-04
6236,770,13,331,71,2024-08-19
6237,134,52,732,42,2023-11-03
6238,305,46,339,37,2024-03-13
6239,262,18,105,118,2024-02-20
6240,769,23,497,30,2023-08-20
6241,408,56,711,147,2024-09-11
6242,462,63,225,99,2025-01-25
6243,647,30,776,137,2024-09-15
6244,99,13,284,29,2024-04-25
6245,35,73,626,114,2025-02-13
6246,680,42,275,82,2025-05-27
6247,214,45,263,106,2026-04-10
6248,641,20,709,40,2024-03-06
6249,512,9,405,78,2024-04-15
6250,632,72,140,64,2023-10-11
6251,467,5,161,77,2024-08-17
6252,308,60,494,56,2025-10-28
6253,807,20,138,26,2023-04-13
6254,375,1,797,99,2023-08-06
6255,76,37,105,135,2025-07-11
6256,43,9,648,107,2024-08-31
6257,531,11,340,60,2024-02-25
6258,524,28,525,84,2025-10-12
6259,272,56,487,134,2025-12-10
6260,6,28,339,138,2024-01-01
6261,350,40,621,121,2024-05-22
6262,89,58,92,85,2025-09-28
6263,359,43,510,121,2023-04-28
6264,229,6,271,90,2023-04-13
6265,452,64,93,46,2023-03-18
6266,573,17,515,84,2025-01-21
6267,991,24,775,134,2024-08-10
6268,445,66,784,74,2025-09-14
6269,960,65,538,73,2025-06-22
6270,635,40,756,87,2023-08-01
6271,179,18,302,84,2024-07-04
6272,431,67,303,149,2024-07-23
6273,391,33,302,101,2025-07-08
6274,430,40,644,136,2025-01-05
6275,167,22,533,133,2023-10-11
6276,862,38,144,143,2024-03-30
6277,599,34,83,122,2024-01-06
6278,614,11,519,133,2025-03-19
6279,399,80,686,93,2025-02-15
6280,940,46,541,35,2026-03-02
6281,966,16,62,143,2025-03-18
6282,918,66,131,143,2023-02-20
6283,367,28,325,89,2024-01-25
6284,502,76,682,70,2026-03-02
6285,437,72,178,35,2026-03-05
6286,611,27,453,137,2024-10-06
6287,93,36,732,31,2023-06-19
6288,969,38,100,37,2026-03-25
6289,296,43,407,25,2024-01-24
6290,340,11,246,83,2023-03-21
6291,680,4,16,97,2023-02-27
6292,277,29,526,74,2024-04-21
6293,134,20,250,123,2025-10-18
6294,332,64,352,103,2026-03-10
6295,386,14,777,39,2023-11-15
6296,410,60,493,65,2023-06-04
6297,616,10,284,110,2025-04-15
6298,340,26,550,118,2025-08-02
6299,471,43,43,69,2025-06-22
6300,154,1,298,62,2025-12-13
6301,276,62,215,63,2024-06-20
6302,548,26,116,148,2025-01-14
6303,986,46,54,62,2023-01-16
6304,849,46,155,67,2025-05-23
6305,640,55,522,47,2024-03-15
6306,949,71,318,78,2024-11-27
6307,288,44,652,87,2025-08-01
6308,830,66,732,104,2024-04-19
6309,524,18,597,124,2025-09-08
6310,886,29,99,145,2023-06-24
6311,144,3,260,140,2025-10-09
6312,183,6,467,125,2025-09-23
6313,563,3,247,91,2023-08-07
6314,8,15,754,119,2023-08-01
6315,362,65,430,22,2026-03-21
6316,171,70,363,45,2024-10-20
6317,962,6,780,136,2023-04-24
6318,83,20,137,138,2023-01-13
6319,593,13,258,117,2023-06-22
6320,689,3,484,23,2026-01-13
6321,702,60,211,130,2023-02-08
6322,160,49,327,49,2024-01-26
6323,365,18,599,109,2025-11-06
6324,790,36,240,79,2023-12-28
6325,515,40,185,61,2023-05-08
6326,469,57,80,85,2025-09-25
6327,168,65,469,136,2024-02-15
6328,579,74,552,31,2025-07-16
6329,869,72,585,63,2024-06-08
6330,679,46,143,71,2023-10-19
6331,17,22,767,97,2024-03-11
6332,283,26,95,50,2024-04-30
6333,486,28,694,115,2025-05-09
6334,212,12,122,137,2024-11-29
6335,403,50,511,99,2026-02-05
6336,853,66,454,68,2025-01-18
6337,328,8,457,70,2025-05-19
6338,488,16,340,113,2024-06-26
6339,101,65,282,43,2023-09-03
6340,552,5,696,71,2025-11-30
6341,417,53,585,47,2025-07-01
6342,958,63,117,70,2023-09-19
6343,55,65,659,22,2025-03-12
6344,71,18,197,111,2023-06-26
6345,693,39,395,56,2023-03-11
6346,590,60,749,150,2023-06-26
6347,830,33,164,91,2025-10-07
6348,554,23,662,98,2026-01-24
6349,613,66,412,56,2023-12-10
6350,174,6,327,88,2023-07-08
6351,87,53,714,96,2023-05-01
6352,761,33,660,37,2023-03-24
6353,249,11,39,24,2023-11-19
6354,147,69,252,124,2023-10-12
6355,912,80,159,138,2023-12-14
6356,928,49,708,82,2023-11-17
6357,195,43,297,138,2023-10-05
6358,867,58,522,130,2026-01-13
6359,139,38,712,139,2023-09-18
6360,394,44,97,82,2023-02-25
6361,53,13,690,146,2024-09-20
6362,719,61,7,72,2025-12-25
6363,760,50,539,103,2023-04-09
6364,67,40,688,23,2026-03-10
6365,451,12,136,76,2023-09-22
6366,321,61,357,33,2023-04-26
6367,687,77,17,135,2025-02-26
6368,248,39,626,136,2025-08-20
6369,544,5,431,132,2025-08-09
6370,264,67,309,131,2024-10-17
6371,974,77,291,130,2024-04-30
6372,342,8,479,113,2024-08-01
6373,177,67,378,102,2025-11-25
6374,675,38,135,54,2023-05-11
6375,563,7,364,37,2025-11-25
6376,101,36,292,129,2025-05-31
6377,11,67,293,80,2024-04-25
6378,135,14,484,100,2023-02-28
6379,755,44,597,59,2024-07-16
6380,498,39,5,83,2026-03-20
6381,877,73,176,126,2024-08-22
6382,828,68,414,20,2026-03-29
6383,608,41,661,109,2026-04-15
6384,567,42,108,93,2023-06-30
6385,496,1,445,143,2025-06-20
6386,319,69,188,29,2023-11-18
6387,584,57,684,142,2024-08-30
6388,120,6,797,73,2024-03-11
6389,43,36,428,41,2025-04-09
6390,708,28,59,42,2023-02-18
6391,836,15,317,90,2024-03-13
6392,111,72,700,97,2023-04-04
6393,821,28,703,108,2024-01-07
6394,662,67,384,148,2023-09-12
6395,212,61,549,93,2024-02-08
6396,458,60,217,79,2023-02-11
6397,127,70,38,33,2026-03-29
6398,108,75,132,141,2026-01-16
6399,595,53,187,82,2024-04-27
6400,761,66,610,100,2025-06-25
6401,806,55,419,55,2025-02-06
6402,965,68,656,100,2023-11-21
6403,923,66,587,107,2023-12-21
6404,447,74,243,109,2023-04-25
6405,408,49,96,133,2024-08-19
6406,852,32,150,58,2025-07-05
6407,943,10,687,89,2024-05-07
6408,824,80,570,90,2024-11-22
6409,912,70,435,125,2025-12-20
6410,664,73,297,126,2023-10-18
6411,396,78,683,126,2025-04-12
6412,178,79,443,133,2024-10-17
6413,637,2,184,128,2025-08-04
6414,44,15,218,137,2023-12-14
6415,902,48,149,39,2023-10-01
6416,244,34,91,65,2025-12-26
6417,40,9,101,119,2025-02-21
6418,108,23,423,146,2026-02-19
6419,935,4,10,21,2023-04-22
6420,496,72,248,69,2026-03-16
6421,14,43,541,69,2024-05-05
6422,936,74,609,68,2025-04-03
6423,640,9,352,93,2024-08-27
6424,612,8,580,121,2023-12-22
6425,161,74,722,87,2025-12-31
6426,557,31,102,124,2025-01-28
6427,616,17,289,57,2023-04-03
6428,328,62,636,57,2023-04-06
6429,86,78,232,69,2025-03-06
6430,22,38,543,101,2026-03-24
6431,458,73,328,138,2024-09-08
6432,572,5,536,64,2025-12-01
6433,603,18,791,58,2023-02-17
6434,325,3,702,121,2024-08-24
6435,698,15,239,100,2023-09-17
6436,881,66,167,45,2023-12-23
6437,848,3,280,121,2024-10-31
6438,62,57,502,37,2025-06-23
6439,998,48,739,35,2024-02-25
6440,901,65,619,46,2025-09-24
6441,195,27,204,104,2024-08-27
6442,674,31,247,137,2024-04-05
6443,897,9,400,107,2025-03-18
6444,947,13,182,121,2026-03-03
6445,497,76,62,64,2024-11-15
6446,681,48,731,51,2024-08-09
6447,509,37,343,69,2024-04-02
6448,475,5,321,92,2023-10-28
6449,336,3,407,57,2025-07-18
6450,812,4,667,47,2025-08-06
6451,882,3,481,139,2023-03-21
6452,587,36,522,58,2023-01-05
6453,236,18,746,37,2024-09-08
6454,658,31,800,105,2023-11-20
6455,850,6,756,49,2023-08-25
6456,203,66,271,52,2025-01-12
6457,152,50,571,112,2023-01-10
6458,564,5,618,97,2023-01-13
6459,279,66,518,97,2024-08-02
6460,843,54,731,138,2023-09-24
6461,347,54,480,75,2023-04-03
6462,120,25,528,84,2025-10-01
6463,212,33,283,129,2025-02-11
6464,216,27,537,20,2024-07-10
6465,645,80,682,146,2023-07-04
6466,981,75,688,139,2025-07-16
6467,751,29,113,98,2023-06-28
6468,565,67,553,114,2023-12-22
6469,989,15,531,97,2023-07-31
6470,580,9,463,105,2025-12-15
6471,376,53,680,149,2025-12-24
6472,850,62,481,123,2023-11-05
6473,280,14,715,51,2024-05-30
6474,780,71,506,49,2025-02-25
6475,613,62,593,68,2026-01-12
6476,563,70,299,46,2025-06-27
6477,633,69,85,126,2024-07-06
6478,962,9,204,26,2025-08-08
6479,7,44,436,109,2023-08-16
6480,650,78,569,92,2025-07-02
6481,128,50,474,143,2025-12-30
6482,276,2,574,138,2023-08-04
6483,537,44,564,69,2023-04-21
6484,585,40,275,146,2025-06-29
6485,755,79,396,48,2023-02-11
6486,886,16,606,84,2024-08-25
6487,273,20,319,103,2026-03-18
6488,952,26,49,39,2024-10-06
6489,860,27,183,34,2023-03-25
6490,295,18,672,61,2025-04-02
6491,880,9,144,20,2025-05-15
6492,1,10,610,134,2025-09-24
6493,537,31,476,122,2023-03-20
6494,503,57,96,77,2023-05-06
6495,573,52,254,125,2026-02-18
6496,46,56,782,118,2023-06-30
6497,259,30,151,81,2024-06-25
6498,937,42,715,54,2023-01-18
6499,396,16,218,20,2025-08-26
6500,633,10,25,56,2024-07-14
6501,950,14,73,75,2025-06-07
6502,189,52,79,54,2024-01-03
6503,214,40,75,45,2024-10-19
6504,89,50,744,141,2024-08-27
6505,355,29,257,102,2024-08-16
6506,206,13,61,26,2023-06-28
6507,16,33,542,22,2025-02-04
6508,2,56,486,25,2023-08-27
6509,5,45,352,43,2023-01-20
6510,654,76,89,125,2023-11-12
6511,172,21,152,147,2025-03-08
6512,48,44,146,147,2025-12-19
6513,952,35,263,140,2025-03-26
6514,66,51,504,46,2025-08-12
6515,972,21,614,127,2024-09-14
6516,292,63,525,31,2024-05-02
6517,335,67,430,98,2023-01-22
6518,221,64,268,118,2026-02-12
6519,902,25,495,21,2025-10-04
6520,201,47,633,120,2023-10-16
6521,287,41,371,130,2023-10-02
6522,974,75,56,113,2023-11-14
6523,548,47,294,120,2023-04-27
6524,284,72,376,52,2023-01-13
6525,191,59,2,57,2023-08-20
6526,952,57,220,33,2025-11-21
6527,645,6,487,112,2026-03-08
6528,345,35,314,28,2024-08-30
6529,104,41,555,37,2025-08-03
6530,64,1,529,117,2024-11-07
6531,922,25,418,61,2023-10-09
6532,379,58,228,72,2025-04-27
6533,423,19,598,47,2024-06-01
6534,690,8,189,76,2024-06-28
6535,46,73,590,102,2026-04-05
6536,495,14,237,87,2023-03-05
6537,480,44,402,54,2024-11-06
6538,96,27,604,23,2025-04-20
6539,833,33,564,29,2025-07-26
6540,239,27,191,147,2024-11-11
6541,503,16,265,59,2024-03-27
6542,181,60,29,36,2023-01-13
6543,163,7,342,77,2023-05-01
6544,569,17,586,43,2023-04-01
6545,308,38,625,89,2023-06-17
6546,361,58,512,44,2026-02-04
6547,879,35,533,88,2023-07-16
6548,300,37,550,101,2023-12-25
6549,275,52,350,35,2025-03-26
6550,813,55,568,61,2023-10-11
6551,326,56,71,31,2023-11-27
6552,725,36,175,59,2024-05-04
6553,817,31,703,131,2023-06-14
6554,23,64,756,96,2023-02-17
6555,992,38,637,119,2026-03-21
6556,952,20,600,121,2023-10-12
6557,96,39,713,132,2025-12-28
6558,770,14,797,68,2026-04-05
6559,593,47,648,122,2024-11-16
6560,61,71,56,101,2024-02-05
6561,501,11,517,31,2024-09-09
6562,132,75,385,20,2024-05-27
6563,359,54,769,91,2025-10-07
6564,201,15,302,137,2023-01-17
6565,809,39,152,66,2023-09-12
6566,753,15,523,71,2025-07-30
6567,780,37,79,52,2024-01-11
6568,762,57,668,72,2024-10-03
6569,148,15,561,142,2023-07-26
6570,163,76,559,143,2023-12-31
6571,775,23,327,132,2024-03-15
6572,40,8,775,74,2025-02-15
6573,435,50,723,90,2026-01-12
6574,208,64,283,34,2025-07-23
6575,119,32,732,139,2023-05-04
6576,835,27,288,148,2025-05-28
6577,20,28,455,79,2025-12-04
6578,444,9,524,85,2024-03-14
6579,762,34,578,106,2023-09-04
6580,129,29,16,52,2024-01-20
6581,944,42,259,114,2025-08-08
6582,343,42,511,51,2023-11-11
6583,294,37,532,119,2025-04-01
6584,834,32,171,75,2024-08-13
6585,635,69,658,93,2026-01-09
6586,766,11,200,130,2024-05-29
6587,28,26,746,99,2023-01-28
6588,52,33,167,134,2024-01-08
6589,629,3,407,26,2026-01-26
6590,555,48,268,114,2025-03-31
6591,911,27,712,116,2023-06-23
6592,826,36,293,47,2024-10-26
6593,827,44,345,31,2024-05-05
6594,189,76,261,26,2025-10-24
6595,337,70,78,35,2026-04-08
6596,110,64,144,38,2024-12-14
6597,642,32,14,129,2023-09-12
6598,914,38,235,38,2023-12-20
6599,913,75,678,150,2025-09-23
6600,43,55,439,144,2024-08-19
6601,363,75,620,74,2025-01-25
6602,547,2,788,150,2025-06-01
6603,52,8,39,30,2025-03-28
6604,203,13,659,59,2025-09-06
6605,402,2,67,25,2025-01-08
6606,773,53,38,20,2025-07-06
6607,230,64,618,79,2025-06-03
6608,179,43,622,47,2024-09-23
6609,73,35,254,62,2023-10-19
6610,328,59,632,88,2023-11-05
6611,210,7,220,26,2024-05-08
6612,334,70,182,26,2025-05-13
6613,128,74,456,80,2023-02-26
6614,749,67,455,44,2025-02-18
6615,389,76,248,84,2025-05-05
6616,987,78,549,145,2024-03-17
6617,763,14,189,67,2024-06-15
6618,153,52,795,79,2026-01-11
6619,28,77,183,26,2025-12-10
6620,347,75,388,118,2024-04-29
6621,258,54,180,58,2026-03-25
6622,53,66,405,51,2024-05-22
6623,150,40,711,138,2024-03-09
6624,812,30,129,30,2025-06-12
6625,59,48,454,73,2023-07-19
6626,725,79,747,82,2023-08-27
6627,394,30,197,53,2025-05-20
6628,774,41,615,33,2023-07-19
6629,356,51,14,40,2024-07-08
6630,43,78,405,138,2026-03-18
6631,86,29,579,89,2024-05-06
6632,507,63,487,85,2024-05-12
6633,311,67,341,32,2025-08-11
6634,420,38,251,85,2026-04-01
6635,56,72,213,36,2026-03-26
6636,542,64,71,74,2025-05-05
6637,538,80,325,56,2023-11-21
6638,678,7,282,146,2025-06-08
6639,950,79,263,29,2024-10-23
6640,394,56,113,132,2026-04-02
6641,214,63,393,20,2023-10-06
6642,277,49,208,121,2024-07-07
6643,132,16,465,109,2025-05-26
6644,251,36,695,69,2024-04-24
6645,676,72,730,148,2023-06-22
6646,846,44,404,134,2023-04-09
6647,20,1,470,148,2025-04-11
6648,673,72,26,105,2023-07-31
6649,353,71,181,117,2024-09-26
6650,901,79,223,116,2025-06-19
6651,17,80,173,55,2024-05-30
6652,533,17,740,85,2024-03-18
6653,834,38,349,81,2023-08-26
6654,871,78,531,69,2023-10-28
6655,279,31,725,60,2024-06-23
6656,641,78,715,126,2024-10-13
6657,37,30,362,23,2024-12-23
6658,876,50,654,119,2023-08-18
6659,530,3,305,93,2026-03-02
6660,581,64,479,58,2025-10-24
6661,733,66,88,45,2024-03-05
6662,698,21,56,133,2024-12-21
6663,225,74,549,60,2024-08-04
6664,333,32,230,146,2025-03-30
6665,538,23,225,48,2025-01-17
6666,190,49,389,108,2025-11-15
6667,295,69,399,42,2025-08-11
6668,825,13,263,69,2024-02-26
6669,711,59,780,63,2025-02-19
6670,621,55,36,47,2024-07-02
6671,52,59,41,139,2026-03-02
6672,627,70,209,123,2023-09-28
6673,122,51,524,67,2023-08-19
6674,624,6,160,68,2025-10-16
6675,640,5,116,78,2025-10-25
6676,483,70,211,44,2025-09-30
6677,385,19,585,59,2026-03-29
6678,706,63,321,135,2023-02-20
6679,609,49,773,76,2024-06-19
6680,555,3,624,136,2024-09-03
6681,873,53,755,49,2025-07-06
6682,682,24,776,22,2024-03-26
6683,391,12,478,59,2023-03-22
6684,767,26,613,127,2023-08-12
6685,449,13,713,64,2023-09-02
6686,805,12,264,138,2024-10-13
6687,474,69,175,103,2026-03-28
6688,860,11,268,34,2025-12-26
6689,669,47,763,25,2025-02-04
6690,638,17,605,52,2025-05-08
6691,75,39,190,90,2024-05-07
6692,65,5,652,38,2023-05-04
6693,783,3,324,80,2026-03-12
6694,399,18,659,107,2025-01-02
6695,203,3,175,133,2025-06-06
6696,235,27,500,140,2025-08-28
6697,782,17,800,95,2025-12-21
6698,467,63,685,120,2024-09-02
6699,929,38,321,26,2025-01-15
6700,40,7,650,73,2024-07-28
6701,346,52,681,125,2025-04-26
6702,951,79,693,101,2025-12-13
6703,482,37,264,96,2023-07-25
6704,884,73,435,115,2025-10-24
6705,484,45,441,94,2026-02-17
6706,526,10,281,29,2025-09-18
6707,292,64,36,88,2024-10-09
6708,230,34,527,137,2025-07-13
6709,80,2,155,118,2024-07-24
6710,294,33,429,141,2024-11-18
6711,365,65,545,78,2025-12-18
6712,262,66,114,70,2025-05-04
6713,852,22,521,136,2025-01-19
6714,722,51,174,124,2025-12-31
6715,318,34,754,26,2025-06-29
6716,591,34,44,61,2025-08-14
6717,875,23,136,129,2026-02-10
6718,540,78,177,95,2024-11-25
6719,12,36,217,144,2025-08-29
6720,754,53,700,53,2026-03-16
6721,950,42,550,30,2025-02-18
6722,100,79,69,24,2023-10-12
6723,529,59,738,84,2024-06-08
6724,872,76,705,108,2024-01-17
6725,585,53,609,25,2024-04-18
6726,587,61,760,73,2024-06-08
6727,237,13,566,128,2023-03-29
6728,660,55,305,83,2025-07-14
6729,573,49,557,85,2023-06-24
6730,1,65,275,65,2023-04-29
6731,870,34,744,138,2023-09-29
6732,434,6,214,33,2024-12-24
6733,750,11,676,74,2024-05-30
6734,245,66,275,45,2023-06-30
6735,260,50,762,98,2024-04-04
6736,112,70,634,136,2023-06-15
6737,373,9,396,104,2025-09-17
6738,790,4,658,43,2023-08-19
6739,381,29,727,103,2024-08-11
6740,999,1,601,150,2023-12-04
6741,885,5,550,148,2025-05-24
6742,728,49,8,130,2026-04-05
6743,263,35,648,44,2025-12-20
6744,258,34,668,125,2025-12-31
6745,327,51,390,127,2023-07-10
6746,509,73,67,144,2024-03-21
6747,11,25,517,57,2025-05-05
6748,86,27,276,70,2024-03-04
6749,84,71,528,97,2026-01-14
6750,8,25,353,112,2024-03-27
6751,125,42,767,128,2024-02-29
6752,155,73,591,38,2026-02-08
6753,924,6,204,68,2025-04-17
6754,258,1,751,135,2024-09-05
6755,999,60,415,52,2025-03-13
6756,149,24,749,55,2025-09-04
6757,342,60,677,83,2023-04-24
6758,136,27,48,45,2025-12-06
6759,243,50,732,128,2025-02-25
6760,625,70,35,43,2023-03-12
6761,499,54,236,137,2024-09-28
6762,625,4,529,23,2026-02-18
6763,783,61,27,55,2025-08-23
6764,451,78,203,48,2025-09-23
6765,400,35,627,102,2023-04-19
6766,102,78,12,56,2026-03-01
6767,451,53,86,25,2025-12-15
6768,392,72,199,146,2025-11-27
6769,992,26,127,30,2023-10-19
6770,801,67,736,33,2025-01-31
6771,204,44,495,23,2025-03-11
6772,473,15,339,80,2026-02-09
6773,313,18,366,107,2025-01-08
6774,507,14,301,116,2025-02-05
6775,103,2,549,54,2025-05-22
6776,343,51,677,120,2026-01-30
6777,985,48,502,85,2025-12-26
6778,727,71,744,124,2025-10-01
6779,716,43,615,111,2023-01-08
6780,754,21,3,125,2026-01-14
6781,883,6,635,135,2023-08-22
6782,79,26,502,91,2024-07-22
6783,108,24,334,80,2025-03-25
6784,202,77,689,93,2025-07-10
6785,250,45,33,117,2024-04-07
6786,321,10,273,60,2024-10-27
6787,368,73,19,150,2026-03-31
6788,516,5,178,65,2024-10-04
6789,513,33,110,74,2023-02-04
6790,848,79,741,71,2024-06-23
6791,376,18,25,32,2025-02-03
6792,666,30,242,94,2023-09-07
6793,542,22,27,58,2024-05-23
6794,993,50,27,23,2024-08-16
6795,526,43,767,64,2023-07-12
6796,777,59,782,36,2025-03-17
6797,352,25,41,147,2024-02-29
6798,790,80,738,123,2024-05-07
6799,513,4,568,94,2025-02-04
6800,492,12,643,58,2025-06-21
6801,967,71,512,76,2025-03-11
6802,427,2,81,82,2025-10-01
6803,360,44,238,64,2026-04-13
6804,951,1,495,137,2025-01-24
6805,54,37,717,82,2024-02-09
6806,286,64,334,125,2024-03-16
6807,904,11,396,72,2024-07-17
6808,923,64,701,145,2025-10-22
6809,226,68,541,34,2023-10-19
6810,72,5,352,48,2026-01-16
6811,543,56,678,96,2023-07-14
6812,978,49,626,123,2023-07-14
6813,6,71,611,113,2023-09-28
6814,618,51,443,56,2024-03-17
6815,543,29,324,39,2023-08-09
6816,873,27,340,133,2023-07-21
6817,518,10,716,20,2024-08-08
6818,986,61,479,95,2024-12-01
6819,450,31,60,80,2024-10-20
6820,45,71,679,83,2023-07-07
6821,668,70,583,117,2025-07-06
6822,526,3,431,80,2025-09-03
6823,482,40,694,125,2024-05-02
6824,872,47,277,98,2025-08-30
6825,283,69,742,76,2023-03-17
6826,783,66,294,138,2024-12-25
6827,171,58,410,55,2025-05-21
6828,255,63,468,45,2025-04-19
6829,964,29,98,20,2023-12-06
6830,839,17,602,44,2023-12-04
6831,208,21,694,50,2025-04-03
6832,808,26,339,72,2024-01-06
6833,335,16,49,102,2024-12-09
6834,239,22,772,144,2024-04-20
6835,504,72,62,132,2026-03-05
6836,642,71,407,20,2024-11-23
6837,401,43,664,28,2026-03-07
6838,663,34,543,142,2024-04-15
6839,873,64,691,69,2024-07-14
6840,132,2,345,91,2025-06-26
6841,927,5,251,142,2025-11-13
6842,279,45,287,76,2025-01-09
6843,818,28,496,60,2023-06-09
6844,596,45,419,82,2023-02-22
6845,351,44,503,118,2024-11-25
6846,521,21,193,34,2023-12-07
6847,868,80,663,87,2025-10-22
6848,430,68,639,52,2024-12-03
6849,377,65,362,55,2026-03-03
6850,661,37,491,149,2025-06-09
6851,444,10,131,79,2023-04-21
6852,125,60,506,68,2025-01-16
6853,318,15,118,26,2025-04-18
6854,121,4,606,122,2024-05-28
6855,35,24,357,50,2024-02-02
6856,435,17,208,132,2024-11-09
6857,887,17,620,126,2023-04-09
6858,108,7,469,77,2025-07-16
6859,68,46,370,83,2025-09-03
6860,752,67,323,107,2026-03-20
6861,989,2,383,136,2025-02-01
6862,73,56,451,114,2025-05-29
6863,231,80,40,32,2024-06-29
6864,413,5,577,139,2024-11-13
6865,585,75,554,146,2024-06-07
6866,997,21,626,147,2023-07-21
6867,741,41,778,105,2024-11-22
6868,218,34,127,68,2023-08-20
6869,332,39,67,96,2025-01-28
6870,31,15,637,137,2023-01-26
6871,92,46,260,90,2025-10-28
6872,816,38,336,107,2024-10-23
6873,614,27,476,78,2023-10-07
6874,895,30,292,134,2025-07-17
6875,227,73,285,133,2024-10-23
6876,585,36,494,91,2025-07-07
6877,989,55,357,26,2023-03-19
6878,748,67,0,96,2023-06-23
6879,70,53,317,136,2025-09-24
6880,244,30,162,118,2025-11-01
6881,865,24,359,129,2025-10-15
6882,190,11,356,97,2025-09-21
6883,342,64,607,44,2023-04-23
6884,487,46,680,104,2023-10-28
6885,388,68,576,102,2024-06-05
6886,911,74,461,108,2025-04-19
6887,469,35,47,90,2023-07-06
6888,432,12,218,137,2026-01-28
6889,74,58,565,23,2023-09-13
6890,297,69,411,127,2025-08-05
6891,187,49,737,85,2024-08-15
6892,899,33,505,34,2026-01-06
6893,361,57,124,79,2023-01-05
6894,671,70,567,138,2023-01-24
6895,123,63,226,87,2024-02-08
6896,847,12,103,106,2025-05-08
6897,657,65,472,106,2023-10-19
6898,57,33,321,125,2023-05-25
6899,58,12,635,55,2024-11-11
6900,30,9,421,120,2025-05-26
6901,473,8,142,28,2023-03-21
6902,671,28,475,106,2023-04-10
6903,619,4,34,31,2025-02-04
6904,486,5,591,20,2023-07-13
6905,112,35,613,102,2025-03-08
6906,307,16,267,58,2023-10-31
6907,147,28,607,40,2026-04-06
6908,623,20,124,125,2024-01-23
6909,372,12,743,146,2025-09-08
6910,790,33,301,25,2023-10-31
6911,266,65,89,29,2023-11-01
6912,671,4,628,96,2026-03-04
6913,186,18,389,109,2025-12-17
6914,866,2,83,22,2026-02-24
6915,988,36,502,57,2023-10-14
6916,762,30,641,98,2026-01-17
6917,652,1,356,52,2024-05-14
6918,876,48,108,99,2023-05-28
6919,813,59,488,100,2023-12-21
6920,7,43,684,65,2023-09-28
6921,368,37,781,99,2023-07-12
6922,911,74,225,79,2025-05-29
6923,147,7,683,128,2025-06-20
6924,118,19,586,76,2023-01-06
6925,111,38,479,74,2025-03-29
6926,201,1,546,110,2026-03-18
6927,504,48,417,35,2024-09-13
6928,214,37,221,126,2023-11-22
6929,959,28,633,72,2024-01-13
6930,669,59,463,121,2025-03-20
6931,132,55,500,101,2026-02-23
6932,435,38,648,98,2024-05-12
6933,694,57,762,110,2025-08-03
6934,634,8,578,116,2025-04-19
6935,229,17,683,113,2023-08-18
6936,790,11,441,91,2024-03-27
6937,219,50,210,55,2025-01-05
6938,484,60,185,119,2023-12-16
6939,193,64,329,138,2024-11-29
6940,667,68,384,52,2025-09-15
6941,296,4,266,55,2025-12-18
6942,177,30,363,22,2023-01-11
6943,123,10,519,27,2025-07-30
6944,16,35,357,21,2023-09-28
6945,709,53,610,138,2023-05-12
6946,469,77,525,37,2023-10-26
6947,52,66,428,137,2023-04-26
6948,225,79,412,81,2025-10-06
6949,392,41,750,125,2025-11-28
6950,267,41,354,42,2023-10-20
6951,155,5,631,57,2026-04-12
6952,628,48,186,150,2023-09-11
6953,1000,23,736,94,2023-10-29
6954,924,9,463,31,2023-10-03
6955,552,19,346,106,2023-01-30
6956,215,60,716,82,2023-05-03
6957,421,75,462,31,2024-01-01
6958,513,74,628,84,2024-12-31
6959,383,11,714,93,2025-07-20
6960,991,49,198,95,2023-02-02
6961,360,72,58,71,2023-06-19
6962,829,16,778,72,2025-12-14
6963,326,70,578,141,2023-09-26
6964,590,26,537,30,2023-04-16
6965,658,36,32,63,2023-08-07
6966,527,75,750,72,2025-07-22
6967,473,37,387,67,2025-04-12
6968,853,65,480,79,2025-08-31
6969,319,11,26,126,2023-04-19
6970,220,67,767,59,2026-02-24
6971,481,33,45,130,2024-10-17
6972,46,27,230,98,2025-03-08
6973,696,61,240,59,2024-05-10
6974,133,19,546,147,2025-12-28
6975,601,7,607,148,2024-05-24
6976,64,48,611,20,2024-02-10
6977,960,76,650,121,2024-07-24
6978,724,17,629,123,2024-10-12
6979,167,20,233,102,2025-08-14
6980,536,58,659,41,2025-09-02
6981,964,69,634,130,2023-07-03
6982,108,18,452,127,2026-01-18
6983,437,42,668,111,2024-04-16
6984,527,36,381,25,2025-04-17
6985,194,70,160,67,2024-06-19
6986,46,40,576,75,2025-01-01
6987,357,40,573,85,2024-10-10
6988,538,74,657,38,2025-07-07
6989,530,44,627,94,2024-12-25
6990,13,22,430,143,2023-07-03
6991,481,76,120,121,2024-06-18
6992,913,34,58,102,2024-08-25
6993,594,72,133,56,2024-12-04
6994,808,69,224,81,2024-04-22
6995,795,5,115,133,2025-07-13
6996,945,57,458,96,2024-02-05
6997,303,69,193,85,2023-02-12
6998,662,74,63,148,2024-10-07
6999,983,41,583,86,2023-09-30
7000,416,36,379,50,2026-01-22
7001,617,78,309,62,2025-06-22
7002,812,5,769,134,2025-05-12
7003,268,31,54,84,2024-03-10
7004,443,21,78,143,2023-01-09
7005,833,22,88,101,2024-06-16
7006,391,6,160,132,2025-10-05
7007,642,69,657,61,2025-04-28
7008,867,56,58,139,2025-08-15
7009,325,74,560,129,2023-04-02
7010,84,30,488,115,2024-06-20
7011,33,13,396,47,2023-06-02
7012,15,80,774,79,2023-02-18
7013,32,41,708,64,2023-03-04
7014,86,75,716,49,2024-02-06
7015,824,21,161,97,2023-12-19
7016,581,25,132,27,2023-11-13
7017,938,20,339,56,2025-05-01
7018,191,38,353,117,2023-07-08
7019,77,10,152,124,2023-05-26
7020,106,64,48,129,2023-06-15
7021,802,71,386,116,2024-12-01
7022,23,3,441,82,2023-07-25
7023,521,55,600,55,2023-08-30
7024,862,63,407,36,2025-10-31
7025,413,13,311,47,2023-11-09
7026,339,16,644,111,2024-04-03
7027,171,52,798,32,2023-01-19
7028,117,11,770,134,2024-05-18
7029,898,8,623,44,2024-01-27
7030,463,41,798,133,2024-10-08
7031,144,70,273,129,2024-10-09
7032,378,25,106,149,2025-12-10
7033,958,62,43,74,2023-06-13
7034,793,47,108,90,2025-06-01
7035,658,35,634,149,2024-11-06
7036,787,49,175,66,2025-10-29
7037,156,15,652,115,2026-01-23
7038,308,14,140,64,2023-09-29
7039,255,78,22,116,2024-03-28
7040,496,9,667,139,2023-12-18
7041,998,22,534,114,2023-02-28
7042,902,5,572,29,2025-08-12
7043,486,65,629,110,2025-06-24
7044,512,42,408,20,2025-02-23
7045,718,61,137,145,2023-03-11
7046,124,1,574,38,2024-04-20
7047,886,39,638,125,2024-11-05
7048,649,53,231,50,2023-11-12
7049,890,66,49,23,2025-05-08
7050,542,28,244,133,2025-04-03
7051,300,51,787,34,2026-03-02
7052,555,70,40,109,2025-05-09
7053,356,22,184,71,2025-12-02
7054,52,65,362,63,2024-04-15
7055,536,69,2,88,2023-05-07
7056,804,34,31,124,2024-06-24
7057,666,77,349,27,2023-10-13
7058,338,12,525,140,2026-03-31
7059,613,73,606,104,2024-11-10
7060,842,6,54,81,2024-10-10
7061,579,39,603,78,2025-11-17
7062,705,77,728,142,2024-02-23
7063,900,19,560,105,2024-01-31
7064,164,69,74,85,2024-12-24
7065,752,5,376,100,2024-02-23
7066,537,4,203,123,2023-07-11
7067,831,16,787,32,2024-11-22
7068,320,79,743,103,2024-01-21
7069,994,28,218,20,2023-03-17
7070,822,1,166,69,2023-06-27
7071,187,57,774,68,2025-11-13
7072,128,50,640,36,2025-07-08
7073,112,56,398,100,2025-10-13
7074,940,33,756,107,2025-05-12
7075,544,64,556,54,2024-06-02
7076,283,68,675,66,2024-08-01
7077,16,35,164,96,2024-05-08
7078,90,74,664,98,2024-02-19
7079,893,1,743,71,2026-03-12
7080,771,9,569,91,2025-04-18
7081,46,78,432,108,2025-02-01
7082,55,14,356,43,2023-02-02
7083,809,12,344,94,2025-02-12
7084,798,55,706,126,2024-10-14
7085,678,46,720,57,2023-04-21
7086,767,27,311,60,2025-10-08
7087,858,34,628,135,2025-02-12
7088,40,57,597,44,2025-11-07
7089,77,74,685,87,2023-10-17
7090,360,17,59,139,2025-09-19
7091,430,55,239,79,2024-08-16
7092,209,54,226,78,2023-10-01
7093,679,37,674,113,2024-04-26
7094,139,48,34,76,2025-06-10
7095,91,3,52,72,2023-03-18
7096,504,52,415,41,2024-12-12
7097,185,45,777,22,2024-06-08
7098,130,74,289,26,2025-10-05
7099,689,69,667,140,2023-04-21
7100,737,60,543,46,2025-01-26
7101,855,12,775,113,2025-04-16
7102,609,60,313,26,2025-07-29
7103,966,37,39,96,2025-09-04
7104,722,13,568,70,2023-06-12
7105,976,44,478,137,2025-01-03
7106,252,42,457,77,2023-11-21
7107,539,19,503,64,2025-03-24
7108,159,1,15,114,2025-01-30
7109,946,5,155,54,2025-08-30
7110,992,8,116,102,2024-08-09
7111,510,64,647,148,2023-04-25
7112,113,22,369,76,2025-05-25
7113,646,26,218,139,2025-05-17
7114,950,52,707,32,2024-09-25
7115,246,25,334,21,2025-02-20
7116,88,30,431,142,2024-10-24
7117,254,70,45,140,2023-07-01
7118,71,62,786,149,2025-11-18
7119,460,30,324,128,2026-01-05
7120,129,28,485,28,2023-06-25
7121,237,50,499,32,2024-09-03
7122,709,53,228,96,2024-07-14
7123,535,13,539,122,2023-12-05
7124,363,51,177,31,2025-09-07
7125,379,65,576,138,2023-05-04
7126,711,72,103,24,2023-06-18
7127,535,36,697,123,2023-09-16
7128,772,6,173,62,2023-12-28
7129,198,52,186,49,2023-06-28
7130,971,76,735,65,2025-06-29
7131,333,27,146,98,2025-01-17
7132,566,34,311,46,2024-10-01
7133,499,15,264,143,2024-07-21
7134,330,15,779,40,2025-10-16
7135,416,2,551,62,2026-04-08
7136,981,53,420,109,2023-07-30
7137,258,73,754,58,2023-07-25
7138,458,23,773,77,2023-08-23
7139,268,41,321,86,2026-04-14
7140,978,56,194,25,2024-09-12
7141,834,58,189,94,2024-07-30
7142,641,54,656,24,2023-10-18
7143,686,70,408,118,2023-12-30
7144,930,9,261,37,2024-09-11
7145,892,44,204,23,2024-10-08
7146,987,58,191,49,2025-05-26
7147,338,42,545,84,2025-09-20
7148,766,63,421,142,2023-08-30
7149,131,14,9,102,2023-04-10
7150,684,55,225,96,2023-06-19
7151,743,60,478,28,2023-10-31
7152,324,30,32,126,2023-06-06
7153,859,62,539,96,2023-03-25
7154,296,31,685,140,2025-07-12
7155,272,12,666,101,2023-08-19
7156,102,74,486,109,2023-04-14
7157,748,43,31,106,2024-02-02
7158,643,40,194,39,2025-06-15
7159,889,42,201,104,2025-01-05
7160,170,48,540,99,2023-11-10
7161,626,37,182,120,2023-05-10
7162,716,53,104,81,2025-11-12
7163,640,34,54,141,2024-07-14
7164,167,66,752,127,2025-01-10
7165,551,68,510,62,2024-05-26
7166,568,55,517,121,2023-03-08
7167,874,79,328,40,2025-09-08
7168,181,7,127,121,2023-12-27
7169,752,3,258,110,2023-12-05
7170,903,66,463,58,2024-07-11
7171,277,9,78,76,2023-11-08
7172,592,80,176,138,2025-07-20
7173,796,8,346,33,2024-07-22
7174,256,42,55,97,2025-01-30
7175,586,29,89,71,2024-03-08
7176,137,21,444,92,2026-03-08
7177,729,29,751,137,2025-04-20
7178,460,10,465,150,2023-04-02
7179,865,22,407,100,2023-04-19
7180,928,10,311,58,2024-06-18
7181,788,26,416,72,2023-01-28
7182,220,21,687,54,2025-08-02
7183,283,6,164,117,2026-01-20
7184,794,34,792,30,2025-06-29
7185,259,13,760,137,2025-03-30
7186,619,47,248,48,2025-10-13
7187,607,25,738,76,2025-04-05
7188,831,70,171,142,2024-05-13
7189,888,51,510,34,2025-04-25
7190,395,28,742,150,2023-04-06
7191,117,17,640,20,2024-11-28
7192,329,22,699,38,2024-07-29
7193,104,48,115,69,2023-11-03
7194,794,48,533,57,2025-03-23
7195,123,65,171,81,2023-03-26
7196,760,21,409,38,2024-06-18
7197,794,58,235,85,2023-06-06
7198,449,63,602,83,2025-01-19
7199,817,9,472,78,2024-06-10
7200,792,21,11,78,2025-09-04
7201,841,68,503,49,2025-03-31
7202,856,19,222,29,2023-01-05
7203,518,73,124,56,2025-02-24
7204,919,66,287,41,2024-12-28
7205,688,63,391,84,2024-08-06
7206,280,48,2,44,2025-03-27
7207,180,18,361,81,2024-09-23
7208,901,58,584,143,2024-07-09
7209,5,20,384,138,2024-12-01
7210,908,16,502,103,2025-01-09
7211,694,22,243,25,2024-07-07
7212,51,10,697,117,2023-12-16
7213,443,23,698,148,2023-05-11
7214,801,41,393,140,2023-06-29
7215,912,24,55,143,2025-06-30
7216,667,44,463,58,2025-01-11
7217,159,28,195,30,2024-01-03
7218,953,11,632,85,2023-04-03
7219,725,49,257,47,2023-01-17
7220,406,70,510,132,2023-09-23
7221,383,6,436,132,2023-01-27
7222,275,38,490,106,2025-03-12
7223,138,28,268,100,2024-07-11
7224,95,54,748,91,2026-04-13
7225,964,18,615,76,2024-11-30
7226,919,21,484,140,2023-02-10
7227,713,45,543,86,2024-04-13
7228,32,79,162,110,2024-05-16
7229,173,11,591,108,2025-11-03
7230,945,11,798,116,2024-09-12
7231,416,47,323,102,2023-10-22
7232,372,21,191,110,2024-11-19
7233,349,11,74,132,2025-06-06
7234,900,11,686,149,2024-12-14
7235,898,15,501,100,2023-02-24
7236,671,20,776,67,2024-04-13
7237,132,7,463,137,2023-05-30
7238,342,29,42,142,2024-02-22
7239,954,57,70,100,2023-03-16
7240,886,10,36,41,2025-11-14
7241,96,70,23,121,2023-11-18
7242,578,70,618,27,2024-07-04
7243,541,75,493,87,2024-12-02
7244,710,3,800,115,2026-03-27
7245,65,25,512,131,2025-05-15
7246,400,22,557,112,2024-05-10
7247,436,11,66,74,2025-04-26
7248,688,30,545,144,2026-02-11
7249,153,29,402,65,2024-05-05
7250,792,80,115,98,2023-02-18
7251,767,35,433,96,2024-09-20
7252,388,76,465,149,2024-06-03
7253,923,34,356,69,2023-05-16
7254,446,74,386,63,2025-08-23
7255,459,40,259,135,2023-01-05
7256,566,18,706,118,2023-03-29
7257,228,2,120,46,2025-08-08
7258,656,51,518,36,2025-08-18
7259,676,17,600,102,2024-02-11
7260,916,59,302,26,2023-08-27
7261,359,60,413,34,2023-12-15
7262,986,71,602,55,2024-09-21
7263,858,26,699,139,2026-01-10
7264,337,64,388,50,2023-06-04
7265,106,62,331,149,2024-11-25
7266,656,20,533,22,2024-01-29
7267,275,11,103,105,2025-03-01
7268,181,7,737,54,2026-04-08
7269,488,16,677,128,2025-12-14
7270,46,23,151,45,2025-09-24
7271,986,27,297,107,2025-01-25
7272,232,66,424,105,2025-11-23
7273,482,37,235,61,2024-08-25
7274,765,42,56,24,2024-07-02
7275,870,36,701,21,2024-10-24
7276,964,59,630,61,2024-02-07
7277,817,73,713,97,2023-06-28
7278,747,55,211,114,2024-04-15
7279,672,77,536,107,2023-03-27
7280,381,75,680,111,2024-10-30
7281,526,20,242,25,2024-07-24
7282,26,42,216,110,2025-07-25
7283,803,9,168,43,2026-01-27
7284,273,70,425,73,2025-02-02
7285,534,50,25,67,2023-11-12
7286,616,61,354,73,2025-01-15
7287,197,49,9,76,2024-04-30
7288,271,15,203,148,2025-10-19
7289,721,78,556,129,2023-05-05
7290,994,50,768,95,2023-12-18
7291,858,16,317,24,2024-03-27
7292,387,22,734,98,2026-01-23
7293,108,62,561,95,2023-03-03
7294,222,45,331,76,2024-10-01
7295,444,61,79,91,2025-09-18
7296,342,5,222,138,2024-09-11
7297,706,62,25,71,2025-01-10
7298,967,57,677,124,2025-02-28
7299,106,43,532,71,2025-04-03
7300,803,22,685,132,2024-09-09
7301,402,65,758,74,2023-03-03
7302,741,39,242,65,2024-07-18
7303,521,36,440,56,2024-12-03
7304,225,15,111,62,2023-11-16
7305,45,6,321,135,2026-04-08
7306,925,3,729,129,2024-10-04
7307,925,41,781,91,2023-03-01
7308,198,62,8,137,2026-03-22
7309,705,39,531,143,2025-02-27
7310,965,15,534,105,2023-07-29
7311,195,72,704,46,2025-08-24
7312,965,72,441,41,2024-10-10
7313,233,69,175,133,2025-03-04
7314,294,75,170,81,2025-12-27
7315,448,27,519,42,2025-11-13
7316,423,71,646,22,2023-03-28
7317,319,23,623,129,2025-05-03
7318,437,42,238,84,2023-11-05
7319,955,16,212,58,2023-10-22
7320,560,5,740,25,2025-10-15
7321,781,42,366,145,2025-09-12
7322,987,11,551,109,2024-09-27
7323,845,79,109,32,2024-04-23
7324,110,55,482,48,2025-01-19
7325,54,27,231,121,2025-05-16
7326,300,4,422,80,2024-10-11
7327,309,48,425,56,2023-10-04
7328,683,29,35,32,2024-02-04
7329,776,49,180,46,2023-10-01
7330,205,60,683,60,2023-03-22
7331,721,71,67,48,2023-07-26
7332,731,80,726,138,2023-10-19
7333,125,42,279,35,2024-12-06
7334,687,29,508,123,2025-12-02
7335,583,10,292,146,2023-10-02
7336,449,10,114,127,2026-01-17
7337,589,73,425,120,2023-01-12
7338,950,24,69,81,2025-11-25
7339,319,77,555,87,2025-12-14
7340,966,68,342,83,2024-02-06
7341,193,56,674,34,2023-10-12
7342,827,52,165,78,2026-02-28
7343,113,79,367,24,2023-10-01
7344,226,78,118,82,2023-04-07
7345,365,30,778,133,2025-08-26
7346,911,3,54,89,2025-09-01
7347,693,50,773,127,2025-10-10
7348,742,28,472,57,2023-04-15
7349,459,12,765,138,2026-01-06
7350,809,57,678,124,2024-10-27
7351,242,41,187,26,2025-05-20
7352,785,23,449,126,2024-12-18
7353,512,73,134,106,2025-12-10
7354,442,67,42,60,2025-04-05
7355,925,11,218,66,2023-12-29
7356,517,25,513,106,2024-07-12
7357,282,64,265,92,2025-05-24
7358,904,16,355,137,2025-11-19
7359,769,60,316,130,2024-11-26
7360,585,9,402,103,2024-03-09
7361,1000,28,298,56,2024-07-15
7362,930,3,212,40,2025-08-19
7363,908,26,275,148,2024-04-24
7364,739,9,398,92,2024-11-28
7365,213,37,102,79,2023-11-01
7366,100,29,749,78,2023-04-27
7367,207,16,528,54,2024-09-14
7368,954,77,755,67,2024-04-03
7369,574,15,491,80,2024-02-25
7370,301,56,156,37,2024-11-28
7371,381,4,502,53,2024-10-04
7372,851,40,501,114,2024-01-04
7373,726,35,789,33,2023-06-22
7374,72,56,445,145,2024-10-15
7375,327,23,508,146,2023-06-21
7376,731,75,377,129,2024-03-02
7377,476,65,789,34,2025-08-10
7378,491,43,644,21,2026-03-08
7379,121,15,120,109,2026-04-09
7380,321,30,219,130,2025-03-04
7381,21,13,592,57,2024-04-26
7382,193,31,488,123,2026-01-14
7383,460,78,679,68,2025-02-20
7384,952,58,652,70,2025-09-28
7385,101,17,291,140,2023-03-04
7386,536,20,611,137,2024-10-13
7387,583,35,205,59,2025-10-17
7388,222,23,642,150,2024-03-06
7389,831,43,576,62,2026-01-04
7390,67,65,282,118,2024-10-19
7391,380,30,633,62,2023-04-03
7392,745,16,566,58,2023-03-26
7393,301,58,360,70,2024-10-22
7394,720,47,331,119,2024-02-27
7395,295,25,725,66,2023-07-17
7396,765,13,555,41,2023-09-23
7397,619,59,501,38,2023-02-24
7398,816,54,298,38,2025-04-22
7399,468,22,762,76,2023-07-31
7400,920,27,390,35,2025-03-11
7401,630,22,145,132,2023-09-04
7402,363,22,243,57,2025-04-23
7403,667,37,166,62,2025-06-24
7404,508,70,346,111,2026-02-14
7405,818,19,362,137,2024-02-11
7406,577,42,528,22,2024-04-01
7407,74,42,102,33,2025-09-03
7408,491,69,135,91,2023-11-09
7409,630,55,117,131,2025-07-24
7410,186,11,69,35,2025-03-29
7411,226,43,686,74,2025-03-28
7412,343,77,628,124,2026-03-13
7413,920,29,557,39,2026-02-08
7414,994,20,360,70,2026-02-26
7415,795,47,765,116,2023-01-31
7416,534,64,130,115,2023-07-31
7417,270,73,74,134,2024-06-26
7418,435,1,367,57,2024-11-16
7419,579,46,37,57,2025-11-02
7420,133,18,569,134,2025-11-08
7421,249,72,718,142,2026-02-04
7422,620,62,772,63,2023-10-21
7423,821,72,497,135,2024-12-14
7424,47,30,589,59,2025-03-22
7425,190,3,41,37,2023-10-15
7426,943,30,215,93,2024-08-03
7427,195,56,197,118,2025-04-30
7428,592,6,714,71,2025-07-10
7429,424,53,782,148,2023-02-01
7430,138,22,615,67,2024-06-02
7431,851,47,326,29,2023-02-07
7432,531,52,640,86,2023-06-24
7433,844,35,97,59,2025-10-06
7434,948,29,170,130,2023-08-09
7435,685,65,290,123,2026-02-21
7436,894,60,263,109,2024-12-23
7437,475,66,375,74,2024-03-05
7438,394,41,197,123,2024-03-20
7439,558,77,597,70,2026-04-13
7440,42,4,436,129,2023-04-01
7441,686,55,738,23,2025-03-11
7442,998,24,471,112,2023-11-04
7443,572,28,305,58,2023-10-20
7444,855,6,792,134,2025-09-24
7445,738,54,360,76,2025-04-06
7446,913,48,607,64,2024-12-08
7447,337,25,101,142,2024-07-20
7448,403,55,670,131,2023-02-18
7449,200,6,744,47,2024-03-28
7450,341,53,167,56,2026-03-16
7451,632,53,458,122,2025-01-21
7452,491,12,612,94,2024-04-11
7453,539,66,595,25,2026-02-12
7454,515,61,255,128,2024-04-30
7455,413,71,47,78,2023-08-20
7456,532,76,273,27,2023-01-23
7457,517,41,171,56,2023-12-01
7458,899,76,295,123,2024-12-17
7459,694,21,509,143,2023-10-18
7460,879,13,567,35,2025-11-06
7461,300,47,61,94,2023-11-24
7462,465,28,638,83,2024-04-11
7463,91,22,475,43,2025-02-24
7464,445,2,196,113,2023-11-30
7465,402,43,480,28,2024-02-25
7466,857,32,774,138,2026-02-13
7467,603,61,310,97,2023-09-02
7468,599,51,61,31,2024-06-17
7469,810,80,642,139,2025-02-19
7470,136,9,386,36,2025-01-08
7471,470,58,790,121,2023-03-14
7472,180,49,22,147,2023-05-02
7473,574,65,62,109,2025-11-19
7474,100,52,664,54,2025-12-21
7475,727,74,730,117,2023-10-01
7476,20,25,668,113,2023-08-07
7477,556,18,433,45,2023-05-05
7478,679,69,83,122,2026-01-02
7479,770,11,138,81,2024-02-23
7480,705,14,568,90,2024-05-06
7481,290,72,35,140,2023-10-22
7482,569,33,439,104,2025-01-22
7483,542,12,748,89,2024-08-02
7484,824,71,690,76,2023-11-12
7485,208,64,611,52,2023-02-24
7486,815,63,270,98,2025-08-17
7487,791,52,216,114,2023-11-16
7488,615,75,701,34,2024-11-20
7489,66,77,222,81,2025-12-30
7490,691,62,191,23,2026-01-29
7491,378,22,343,145,2025-08-15
7492,177,21,350,139,2026-01-14
7493,804,9,439,48,2025-10-24
7494,949,53,743,63,2024-04-28
7495,186,49,186,67,2025-09-11
7496,801,66,556,34,2023-03-30
7497,542,73,182,79,2023-09-20
7498,134,78,722,119,2023-07-16
7499,899,18,297,49,2024-07-31
7500,953,60,669,136,2025-05-06
7501,27,10,664,140,2023-09-16
7502,59,17,148,111,2025-07-02
7503,156,32,694,77,2023-06-11
7504,104,58,766,99,2023-08-29
7505,669,40,371,125,2025-07-18
7506,526,30,1,87,2023-05-14
7507,917,53,452,73,2023-02-02
7508,635,3,449,96,2024-08-25
7509,126,21,108,133,2026-03-15
7510,73,30,339,130,2025-02-14
7511,40,18,118,135,2025-12-12
7512,886,63,302,140,2025-08-05
7513,813,63,486,140,2024-10-02
7514,112,24,95,117,2026-02-11
7515,19,20,337,92,2024-02-14
7516,534,36,401,82,2023-09-10
7517,985,69,780,142,2025-04-05
7518,639,29,260,60,2023-09-28
7519,618,32,312,77,2025-11-08
7520,184,26,743,23,2026-02-20
7521,393,13,210,81,2023-11-06
7522,200,39,638,72,2025-12-06
7523,861,37,7,132,2026-02-06
7524,565,64,553,29,2023-09-30
7525,352,35,666,31,2024-10-12
7526,525,19,503,121,2024-09-17
7527,192,13,458,116,2025-01-10
7528,682,62,350,56,2023-10-04
7529,62,70,25,31,2024-01-06
7530,527,68,778,90,2024-11-25
7531,884,23,602,28,2025-02-01
7532,921,21,153,125,2023-09-17
7533,841,30,369,25,2025-04-09
7534,165,11,134,70,2023-03-28
7535,151,44,405,108,2025-02-07
7536,627,9,348,128,2026-01-18
7537,887,15,266,118,2026-03-17
7538,550,56,477,131,2025-12-08
7539,987,12,465,62,2023-06-29
7540,296,7,631,51,2025-06-26
7541,635,73,346,32,2023-07-30
7542,692,14,143,112,2024-11-05
7543,588,34,440,117,2025-02-27
7544,709,74,90,117,2025-03-15
7545,906,2,171,72,2023-07-20
7546,942,5,776,61,2024-09-17
7547,946,72,380,33,2024-03-15
7548,982,63,17,46,2026-02-12
7549,719,65,676,146,2024-11-18
7550,243,64,88,71,2023-01-16
7551,763,8,537,48,2024-11-11
7552,550,78,432,131,2026-04-05
7553,972,38,304,76,2023-06-23
7554,950,73,432,98,2025-10-05
7555,300,38,451,46,2024-02-09
7556,118,63,681,57,2025-11-10
7557,222,41,41,127,2024-11-13
7558,694,60,556,147,2024-06-03
7559,21,49,122,148,2025-05-05
7560,285,36,264,35,2023-11-09
7561,432,27,440,92,2025-06-27
7562,593,13,773,147,2025-09-11
7563,633,20,458,65,2025-04-20
7564,322,60,624,139,2025-05-28
7565,704,45,444,30,2024-07-28
7566,94,46,351,60,2024-09-15
7567,350,62,390,53,2026-01-31
7568,736,7,185,140,2025-03-22
7569,819,19,552,23,2024-07-24
7570,247,26,743,120,2024-01-19
7571,115,69,729,140,2023-08-25
7572,866,79,787,63,2024-05-02
7573,679,80,694,44,2023-09-12
7574,819,10,462,27,2025-07-23
7575,815,10,628,40,2024-02-02
7576,955,32,719,141,2023-05-19
7577,57,31,649,146,2024-12-21
7578,555,73,50,105,2023-04-23
7579,484,34,377,149,2023-01-18
7580,907,75,723,21,2024-05-18
7581,147,47,10,79,2024-05-01
7582,408,80,480,79,2023-05-21
7583,56,3,651,88,2024-12-06
7584,973,79,63,50,2024-05-11
7585,928,54,471,109,2025-11-30
7586,696,72,703,73,2025-05-20
7587,20,47,502,49,2026-03-09
7588,157,6,100,39,2023-11-15
7589,289,78,395,92,2025-08-26
7590,574,22,300,146,2026-01-19
7591,300,15,549,66,2023-06-09
7592,759,11,321,66,2024-06-13
7593,593,43,700,31,2024-05-24
7594,1,48,434,82,2024-07-30
7595,30,19,99,40,2024-05-16
7596,252,63,428,105,2023-06-30
7597,115,49,518,130,2023-07-02
7598,198,16,320,114,2024-12-28
7599,321,24,182,131,2025-07-06
7600,691,70,169,55,2023-11-02
7601,366,31,284,72,2023-04-29
7602,380,17,289,145,2024-08-17
7603,125,20,247,61,2023-10-03
7604,72,22,267,72,2024-09-18
7605,333,37,362,106,2023-02-24
7606,67,58,529,144,2025-10-31
7607,512,14,605,140,2023-05-03
7608,810,42,500,144,2025-07-08
7609,978,17,480,148,2024-07-25
7610,235,37,643,121,2025-06-25
7611,768,37,789,124,2023-04-07
7612,16,42,580,124,2025-07-16
7613,829,48,614,61,2026-03-19
7614,881,11,7,88,2023-02-04
7615,728,19,582,44,2023-03-10
7616,905,77,626,35,2025-05-12
7617,920,26,15,135,2024-11-11
7618,646,52,347,114,2024-04-02
7619,703,28,634,86,2024-01-10
7620,930,2,641,35,2023-07-16
7621,34,22,591,90,2024-03-18
7622,962,8,251,26,2025-02-05
7623,925,31,289,82,2023-01-11
7624,277,27,435,87,2024-03-13
7625,245,22,390,106,2024-05-30
7626,758,22,725,69,2023-07-14
7627,681,34,612,144,2024-02-12
7628,613,3,557,87,2025-07-17
7629,339,10,370,145,2023-11-21
7630,363,12,149,91,2023-03-24
7631,497,80,515,127,2024-03-22
7632,654,65,528,38,2025-11-27
7633,53,33,252,28,2024-09-12
7634,773,52,582,22,2024-02-25
7635,253,63,715,110,2025-01-22
7636,400,24,367,108,2024-02-22
7637,667,59,239,76,2024-08-09
7638,35,58,8,133,2024-01-17
7639,120,9,345,97,2025-06-19
7640,424,31,552,47,2023-02-09
7641,453,6,660,24,2026-01-07
7642,410,9,545,106,2023-06-04
7643,340,2,431,49,2025-02-22
7644,160,40,637,66,2023-01-08
7645,498,7,742,146,2024-03-21
7646,505,69,751,104,2023-08-15
7647,332,59,355,24,2023-01-05
7648,159,12,220,85,2024-08-13
7649,361,12,648,36,2026-01-28
7650,628,50,61,95,2023-06-07
7651,702,67,200,110,2023-12-14
7652,451,24,67,124,2026-03-16
7653,461,70,450,45,2023-11-01
7654,890,23,167,110,2025-07-25
7655,938,77,401,57,2025-09-28
7656,765,16,565,22,2024-09-15
7657,481,65,636,124,2023-09-02
7658,250,37,178,110,2023-09-14
7659,788,12,31,142,2025-06-05
7660,453,23,756,53,2024-02-11
7661,887,21,386,81,2023-06-03
7662,827,39,380,63,2024-10-24
7663,888,26,377,22,2024-02-10
7664,233,53,592,112,2023-01-11
7665,408,52,262,81,2023-12-05
7666,720,18,578,97,2025-09-11
7667,176,34,492,132,2025-09-22
7668,642,71,654,39,2024-06-26
7669,737,31,592,97,2025-03-09
7670,393,63,62,122,2025-05-06
7671,85,65,328,89,2023-07-17
7672,838,65,550,92,2025-11-11
7673,628,29,654,127,2024-07-09
7674,115,73,203,103,2024-10-11
7675,408,48,510,92,2026-01-26
7676,441,23,61,127,2025-01-10
7677,328,66,330,29,2024-02-23
7678,821,20,768,96,2023-11-14
7679,594,54,776,147,2025-11-09
7680,787,17,755,82,2025-03-30
7681,3,47,362,117,2026-03-23
7682,237,61,26,72,2026-02-05
7683,539,8,121,78,2025-08-16
7684,844,34,695,33,2024-08-17
7685,719,3,113,136,2024-08-12
7686,164,35,457,50,2025-07-28
7687,358,49,493,146,2024-06-02
7688,672,73,641,117,2024-04-02
7689,819,58,789,79,2024-04-02
7690,622,16,653,71,2025-04-17
7691,723,7,259,47,2023-12-11
7692,253,46,258,128,2026-01-18
7693,962,52,561,35,2025-01-02
7694,199,42,327,73,2023-12-03
7695,942,24,120,27,2025-05-11
7696,104,46,309,89,2025-03-30
7697,140,22,243,101,2025-08-03
7698,743,76,405,39,2025-05-14
7699,667,79,361,60,2024-09-20
7700,277,38,474,131,2024-09-11
7701,450,49,24,105,2023-07-30
7702,333,47,687,135,2026-01-15
7703,118,55,54,41,2025-12-27
7704,539,51,366,52,2026-02-24
7705,342,56,463,32,2025-10-13
7706,158,15,397,124,2024-12-27
7707,209,67,581,42,2024-07-29
7708,12,52,625,29,2023-06-09
7709,307,23,291,129,2026-02-10
7710,348,51,517,57,2024-07-29
7711,281,52,443,25,2024-02-25
7712,482,3,504,145,2023-07-13
7713,220,71,41,77,2024-07-02
7714,583,37,457,123,2025-09-26
7715,138,64,751,100,2024-06-06
7716,442,15,99,38,2023-12-24
7717,186,64,72,137,2024-12-12
7718,290,26,513,130,2023-01-01
7719,998,28,279,39,2024-09-11
7720,634,3,352,111,2025-01-04
7721,699,13,626,82,2023-10-15
7722,31,61,28,77,2024-02-14
7723,940,1,280,76,2023-03-26
7724,676,61,31,94,2025-04-12
7725,715,33,623,100,2025-02-28
7726,448,38,115,49,2025-03-18
7727,192,73,267,122,2025-06-07
7728,93,70,554,130,2025-06-18
7729,77,52,470,92,2023-05-03
7730,581,55,528,150,2023-05-06
7731,781,36,166,122,2023-01-08
7732,353,55,602,138,2026-03-19
7733,680,9,774,64,2024-11-18
7734,787,35,514,84,2025-09-07
7735,727,39,394,59,2025-05-19
7736,636,65,575,131,2025-09-20
7737,555,80,727,131,2023-07-26
7738,303,7,573,27,2023-04-14
7739,721,50,447,49,2024-02-29
7740,944,5,767,26,2025-03-09
7741,969,68,549,118,2023-08-28
7742,240,45,1,88,2024-07-06
7743,910,44,604,54,2025-07-20
7744,503,74,99,108,2025-01-23
7745,997,22,178,121,2025-01-10
7746,868,34,742,30,2025-08-30
7747,140,18,653,62,2024-08-09
7748,428,24,748,47,2026-03-06
7749,556,51,779,122,2023-05-26
7750,733,54,258,99,2025-10-24
7751,774,11,478,123,2025-03-29
7752,307,79,352,47,2023-12-29
7753,837,10,657,82,2023-12-24
7754,160,53,627,129,2023-09-03
7755,840,6,447,119,2023-11-09
7756,543,15,532,140,2024-01-02
7757,378,58,398,101,2025-01-18
7758,892,72,421,95,2025-06-07
7759,668,11,361,32,2024-11-21
7760,469,6,504,48,2025-01-18
7761,331,70,97,57,2023-09-09
7762,787,21,29,35,2024-01-21
7763,948,63,221,28,2025-03-15
7764,946,78,212,108,2024-10-04
7765,631,30,58,33,2026-01-10
7766,452,74,723,73,2024-08-11
7767,849,21,472,57,2025-05-02
7768,246,36,97,131,2024-06-19
7769,21,38,797,117,2026-01-20
7770,421,57,115,128,2024-07-24
7771,531,70,262,50,2025-08-30
7772,250,46,589,59,2023-03-18
7773,971,8,729,26,2024-09-22
7774,815,21,575,33,2025-12-03
7775,540,29,93,77,2023-01-26
7776,63,8,601,33,2026-02-15
7777,776,72,110,41,2025-01-11
7778,952,20,530,107,2023-09-11
7779,127,36,123,61,2024-05-17
7780,173,79,211,150,2023-10-19
7781,873,47,739,20,2023-12-19
7782,372,52,554,144,2025-07-24
7783,389,47,136,112,2023-01-19
7784,350,61,766,144,2025-02-28
7785,145,27,523,71,2026-04-03
7786,713,64,672,102,2025-11-24
7787,174,51,16,121,2023-04-19
7788,470,40,359,65,2024-08-13
7789,937,30,455,149,2023-11-09
7790,316,55,88,81,2026-03-27
7791,439,42,73,45,2025-10-12
7792,353,29,27,43,2025-09-01
7793,237,23,257,123,2023-05-31
7794,806,61,228,39,2025-10-06
7795,428,30,367,95,2024-12-06
7796,619,25,528,83,2024-07-29
7797,688,37,365,75,2025-05-12
7798,922,71,614,129,2024-04-19
7799,882,22,354,135,2025-11-21
7800,488,6,68,58,2024-09-20
7801,589,30,414,70,2023-03-06
7802,810,40,714,147,2024-04-08
7803,754,73,759,29,2023-03-07
7804,123,39,694,113,2025-11-24
7805,145,76,539,31,2023-06-12
7806,832,10,491,55,2023-03-02
7807,87,38,32,41,2025-01-05
7808,412,25,504,95,2025-10-10
7809,178,54,233,145,2024-12-08
7810,330,32,755,37,2025-11-11
7811,417,66,203,60,2025-10-27
7812,388,29,415,71,2023-11-11
7813,276,48,483,134,2026-03-03
7814,916,1,329,28,2024-09-26
7815,463,8,200,40,2024-09-19
7816,970,70,57,107,2023-02-12
7817,802,11,792,80,2024-05-25
7818,844,57,484,120,2024-09-23
7819,590,80,667,110,2025-09-24
7820,579,41,366,129,2025-05-31
7821,547,25,464,120,2023-06-18
7822,621,48,571,62,2025-02-10
7823,158,25,749,149,2024-03-09
7824,193,74,178,71,2023-11-21
7825,137,7,126,44,2025-09-19
7826,701,22,640,127,2023-10-13
7827,123,40,690,124,2023-04-01
7828,997,9,471,127,2023-08-06
7829,115,14,524,100,2023-11-03
7830,267,63,453,58,2025-12-16
7831,802,50,146,31,2024-06-28
7832,664,69,506,97,2025-06-20
7833,468,40,246,25,2023-03-01
7834,293,45,362,91,2023-11-26
7835,441,35,113,72,2025-12-01
7836,960,60,797,88,2025-03-11
7837,999,17,785,109,2025-05-30
7838,77,20,25,132,2023-01-05
7839,513,40,65,31,2026-01-30
7840,34,66,313,141,2025-08-14
7841,300,15,664,48,2024-02-18
7842,776,79,192,140,2025-08-21
7843,553,60,572,51,2024-03-04
7844,113,55,788,100,2024-02-02
7845,177,58,234,94,2025-09-22
7846,589,34,366,21,2024-11-19
7847,412,53,108,120,2025-09-15
7848,365,16,581,76,2023-12-16
7849,312,6,414,109,2025-06-17
7850,314,54,128,120,2024-12-22
7851,626,12,200,138,2025-03-24
7852,901,64,14,124,2024-01-18
7853,113,63,502,21,2024-05-29
7854,592,69,796,131,2025-01-23
7855,266,59,798,128,2023-11-01
7856,160,5,102,139,2023-05-29
7857,732,77,586,125,2024-07-27
7858,221,13,372,134,2023-07-27
7859,705,36,434,146,2025-10-04
7860,589,39,630,97,2023-09-25
7861,382,66,440,92,2024-03-18
7862,320,64,713,54,2024-06-26
7863,648,74,127,71,2025-10-11
7864,15,72,283,135,2023-11-18
7865,194,58,699,121,2025-02-27
7866,317,45,548,44,2023-05-14
7867,83,6,784,122,2024-11-12
7868,463,76,680,50,2023-04-06
7869,135,17,412,31,2023-11-13
7870,90,17,785,40,2023-10-10
7871,602,71,297,120,2024-01-27
7872,139,70,266,87,2025-05-21
7873,686,75,27,27,2023-04-12
7874,744,3,793,43,2024-10-27
7875,569,47,203,49,2023-05-16
7876,320,60,607,102,2023-07-14
7877,472,15,131,135,2025-01-19
7878,556,35,184,54,2023-08-10
7879,422,52,567,110,2023-09-04
7880,880,18,493,20,2023-03-18
7881,833,24,756,134,2024-11-16
7882,160,30,200,84,2025-06-19
7883,304,63,573,121,2024-04-26
7884,725,68,470,22,2026-03-17
7885,651,1,195,130,2024-04-13
7886,262,17,238,48,2026-03-03
7887,850,77,406,76,2024-01-13
7888,761,78,636,122,2024-07-26
7889,206,5,192,68,2024-12-12
7890,690,60,662,21,2024-02-22
7891,586,23,571,30,2025-12-22
7892,489,35,272,117,2026-04-10
7893,770,36,412,89,2024-11-24
7894,978,69,170,148,2024-10-22
7895,537,66,37,20,2025-06-10
7896,385,9,635,43,2025-06-12
7897,425,32,50,74,2023-03-08
7898,129,54,443,105,2023-07-10
7899,950,78,787,95,2026-01-02
7900,91,13,166,78,2023-10-19
7901,430,3,586,148,2026-02-14
7902,746,8,315,138,2025-11-27
7903,129,78,789,85,2023-01-05
7904,174,35,161,89,2024-10-09
7905,312,43,614,96,2023-12-30
7906,792,20,699,29,2023-12-24
7907,110,34,482,117,2023-04-28
7908,436,61,299,112,2023-02-09
7909,264,39,387,116,2024-08-12
7910,273,4,757,65,2026-04-09
7911,147,28,551,58,2025-02-21
7912,661,75,37,70,2026-02-24
7913,135,35,511,59,2025-04-06
7914,828,64,576,115,2025-12-15
7915,855,31,681,124,2024-12-29
7916,125,49,255,89,2025-11-13
7917,859,38,779,116,2024-06-20
7918,144,73,36,44,2024-08-24
7919,895,31,159,118,2024-12-27
7920,331,46,56,120,2023-10-22
7921,954,24,14,132,2024-08-27
7922,638,11,96,74,2026-04-11
7923,945,23,173,150,2026-03-09
7924,782,8,180,149,2024-09-11
7925,72,13,308,139,2024-08-27
7926,988,45,698,76,2024-01-19
7927,742,74,533,36,2023-09-17
7928,9,70,215,89,2025-01-15
7929,870,42,540,140,2023-02-17
7930,930,35,422,149,2024-01-21
7931,151,43,473,121,2023-06-26
7932,666,14,787,110,2023-02-26
7933,540,52,428,43,2026-03-17
7934,708,22,778,20,2026-01-13
7935,680,43,539,77,2026-01-11
7936,545,48,407,67,2025-12-12
7937,503,4,782,127,2023-07-09
7938,493,65,340,95,2024-08-31
7939,594,21,138,56,2023-08-08
7940,153,27,102,70,2023-02-20
7941,234,17,312,71,2024-05-11
7942,644,66,122,31,2024-11-12
7943,834,10,457,127,2025-10-12
7944,131,70,190,38,2025-07-21
7945,352,70,79,90,2025-01-04
7946,336,79,489,47,2026-03-24
7947,892,31,222,54,2025-01-25
7948,639,4,553,52,2024-12-12
7949,215,60,96,84,2025-08-27
7950,472,23,160,26,2024-09-25
7951,314,75,702,62,2023-02-12
7952,771,12,392,126,2024-02-28
7953,408,9,262,25,2024-04-11
7954,782,16,249,43,2023-07-28
7955,443,5,305,101,2026-03-11
7956,91,38,74,98,2025-08-14
7957,327,75,522,120,2024-06-27
7958,154,3,292,36,2026-03-26
7959,307,59,451,73,2025-07-05
7960,888,8,281,101,2024-08-17
7961,674,40,621,26,2025-11-16
7962,256,71,634,46,2023-03-05
7963,858,43,346,69,2024-08-07
7964,312,55,707,110,2023-09-18
7965,143,24,37,104,2025-03-29
7966,612,34,447,62,2025-02-25
7967,544,77,692,28,2025-02-05
7968,578,72,344,75,2023-02-24
7969,614,3,491,102,2024-05-11
7970,734,3,91,96,2024-12-03
7971,267,58,569,75,2023-06-08
7972,378,1,748,23,2025-08-17
7973,378,21,578,81,2024-05-12
7974,543,43,699,102,2023-07-11
7975,318,67,182,23,2026-02-18
7976,164,68,504,116,2025-07-27
7977,147,32,772,48,2024-12-22
7978,61,59,432,111,2024-01-06
7979,165,4,599,37,2025-08-16
7980,823,70,115,20,2024-07-27
7981,591,71,247,144,2025-03-04
7982,386,7,216,34,2025-07-12
7983,23,38,472,65,2024-03-05
7984,868,78,379,72,2023-11-08
7985,746,62,164,56,2024-10-13
7986,281,28,571,88,2026-01-05
7987,947,29,625,68,2025-01-11
7988,225,44,496,107,2024-11-04
7989,978,50,99,126,2024-11-23
7990,671,24,270,143,2026-03-21
7991,64,50,542,40,2024-04-19
7992,119,22,245,125,2026-03-14
7993,430,4,475,61,2025-04-26
7994,649,69,428,37,2024-03-27
7995,862,23,52,64,2024-10-31
7996,851,18,95,80,2025-03-14
7997,931,55,106,150,2024-12-12
7998,55,13,213,116,2025-07-25
7999,308,30,772,143,2025-02-18
8000,299,21,17,27,2026-04-15
8001,86,62,192,136,2024-07-05
8002,947,2,61,38,2024-03-14
8003,565,76,139,45,2024-09-10
8004,574,26,285,61,2026-02-07
8005,216,45,49,65,2024-06-30
8006,897,58,352,90,2023-01-06
8007,640,56,499,97,2023-07-07
8008,696,27,235,73,2025-10-01
8009,159,1,556,49,2025-04-16
8010,737,42,418,90,2024-06-26
8011,19,67,646,32,2023-02-23
8012,229,36,13,45,2023-01-25
8013,618,40,761,71,2024-12-24
8014,364,69,9,144,2023-11-10
8015,892,69,486,43,2024-11-30
8016,273,14,488,148,2023-10-27
8017,903,59,452,61,2024-03-02
8018,773,59,634,39,2025-02-05
8019,429,41,239,144,2025-06-23
8020,247,10,593,20,2025-06-21
8021,268,6,710,132,2023-09-22
8022,975,15,211,140,2024-11-09
8023,388,4,726,83,2025-02-27
8024,500,25,23,54,2025-07-10
8025,519,73,158,98,2024-06-16
8026,685,34,573,143,2024-05-11
8027,833,54,440,119,2023-02-13
8028,208,60,369,52,2023-01-12
8029,540,15,20,146,2024-01-07
8030,726,46,526,32,2023-04-25
8031,478,51,464,98,2024-06-25
8032,922,22,50,56,2025-01-27
8033,342,26,101,123,2023-04-20
8034,2,14,556,61,2026-02-26
8035,915,32,678,144,2025-04-05
8036,981,26,63,150,2023-06-09
8037,800,17,539,72,2025-04-24
8038,122,63,750,21,2023-04-14
8039,632,61,630,88,2025-06-14
8040,243,56,102,123,2026-02-22
8041,862,75,644,39,2025-03-29
8042,388,1,745,59,2023-03-04
8043,197,43,528,100,2023-06-08
8044,237,5,258,96,2026-02-10
8045,702,79,518,135,2025-04-16
8046,112,4,471,33,2024-12-26
8047,478,17,88,133,2023-06-24
8048,280,60,562,131,2024-08-30
8049,891,23,731,48,2025-03-28
8050,204,72,753,44,2026-01-22
8051,781,12,386,35,2025-04-12
8052,513,29,290,61,2026-03-03
8053,258,69,606,66,2023-08-22
8054,435,42,539,96,2024-05-15
8055,82,10,761,84,2024-03-19
8056,411,40,202,99,2024-10-20
8057,665,73,777,36,2025-05-03
8058,169,25,282,69,2024-03-09
8059,493,71,286,67,2023-07-15
8060,383,69,377,75,2023-08-02
8061,1,13,388,72,2023-06-09
8062,905,16,778,61,2024-10-24
8063,125,12,288,55,2025-09-29
8064,344,65,741,60,2025-04-08
8065,870,23,63,120,2024-01-10
8066,170,52,509,44,2025-12-23
8067,771,71,652,126,2025-12-30
8068,437,25,785,127,2023-04-15
8069,410,60,406,92,2024-10-23
8070,652,61,361,55,2025-10-01
8071,510,15,356,135,2024-04-11
8072,831,50,663,65,2025-07-30
8073,880,70,438,146,2025-01-12
8074,760,47,352,99,2026-01-26
8075,453,48,641,60,2025-08-30
8076,864,20,259,37,2024-07-27
8077,30,64,612,121,2024-10-07
8078,36,43,625,43,2023-05-19
8079,849,76,315,93,2023-09-05
8080,23,65,713,149,2024-09-05
8081,627,72,438,98,2024-08-01
8082,503,3,309,140,2024-02-04
8083,26,37,304,89,2026-04-03
8084,808,49,740,30,2024-10-15
8085,925,44,510,141,2024-01-25
8086,4,60,474,44,2024-05-23
8087,945,68,611,87,2023-07-24
8088,498,75,374,118,2024-09-18
8089,472,21,699,28,2025-05-22
8090,660,74,145,69,2023-02-26
8091,921,32,637,84,2024-08-20
8092,719,53,85,141,2024-01-09
8093,359,40,651,57,2025-09-13
8094,568,25,597,27,2023-11-30
8095,227,16,599,36,2024-03-29
8096,512,17,608,124,2026-03-25
8097,805,50,792,133,2024-09-20
8098,738,23,387,135,2024-09-11
8099,708,55,315,29,2024-09-08
8100,772,48,207,89,2023-11-08
8101,240,45,409,56,2024-06-01
8102,520,48,371,114,2025-08-25
8103,785,38,186,101,2025-07-04
8104,684,40,231,83,2025-07-19
8105,668,9,665,122,2025-08-02
8106,496,11,137,30,2024-11-15
8107,344,40,788,71,2024-04-17
8108,597,27,771,27,2023-09-28
8109,90,76,212,134,2024-04-21
8110,962,60,289,113,2025-06-16
8111,628,17,540,54,2023-01-22
8112,222,11,401,150,2023-07-08
8113,370,64,138,73,2023-11-14
8114,942,16,752,40,2024-11-16
8115,761,3,194,69,2025-02-15
8116,595,20,463,57,2023-01-22
8117,817,22,506,75,2024-09-23
8118,124,14,542,59,2025-08-05
8119,757,72,404,32,2024-08-29
8120,505,21,657,48,2025-09-27
8121,242,62,663,31,2025-03-07
8122,791,2,89,82,2025-11-09
8123,539,70,417,92,2024-05-24
8124,284,62,566,70,2025-10-28
8125,774,5,66,83,2024-01-12
8126,812,5,190,40,2024-06-06
8127,23,42,235,141,2024-08-21
8128,282,40,482,135,2025-03-11
8129,567,58,608,30,2023-06-18
8130,797,13,191,115,2024-05-06
8131,697,2,760,41,2024-02-11
8132,3,48,196,89,2024-02-14
8133,76,70,774,129,2025-10-13
8134,442,48,736,61,2023-07-30
8135,701,36,517,65,2023-07-04
8136,69,24,326,120,2024-01-01
8137,409,48,68,42,2023-07-10
8138,984,38,578,79,2024-05-26
8139,778,54,451,74,2023-11-16
8140,989,22,661,97,2024-12-15
8141,518,55,399,146,2023-01-08
8142,881,66,214,46,2025-11-20
8143,956,28,706,101,2025-11-17
8144,677,65,789,53,2023-05-29
8145,250,55,321,133,2023-07-27
8146,902,13,638,114,2023-10-09
8147,788,13,314,102,2023-05-29
8148,71,11,673,120,2025-11-16
8149,314,66,513,57,2023-10-19
8150,65,21,678,91,2023-12-20
8151,45,8,340,76,2025-01-31
8152,236,37,103,66,2025-04-23
8153,441,59,356,98,2026-04-09
8154,47,51,130,61,2025-01-27
8155,361,65,371,101,2026-01-27
8156,124,52,657,62,2023-04-02
8157,821,23,740,35,2023-02-18
8158,890,49,124,147,2023-09-28
8159,209,27,503,137,2024-05-15
8160,546,37,48,130,2025-12-21
8161,34,44,461,108,2025-12-12
8162,138,55,220,93,2026-01-09
8163,523,53,278,138,2024-04-28
8164,487,74,761,20,2026-02-06
8165,694,26,798,57,2024-08-04
8166,561,41,136,54,2026-02-23
8167,515,57,141,61,2023-08-29
8168,848,36,238,137,2025-07-29
8169,357,4,783,110,2024-06-20
8170,739,38,657,89,2023-11-11
8171,861,48,406,99,2023-08-20
8172,104,65,624,145,2026-01-13
8173,662,51,92,46,2023-08-31
8174,416,1,539,131,2025-10-18
8175,600,1,229,27,2023-09-14
8176,25,32,363,72,2023-05-21
8177,696,41,553,20,2025-12-02
8178,882,45,569,50,2023-08-29
8179,195,78,39,130,2025-02-12
8180,537,53,32,28,2026-03-29
8181,320,54,570,116,2025-01-22
8182,588,15,641,110,2024-11-08
8183,702,65,128,56,2023-03-02
8184,145,59,535,44,2023-07-25
8185,177,39,556,113,2026-01-05
8186,459,43,505,82,2026-03-27
8187,790,75,177,124,2023-12-08
8188,414,49,497,143,2025-08-13
8189,667,57,418,56,2025-02-08
8190,821,69,756,90,2024-03-05
8191,674,3,376,111,2024-01-25
8192,408,54,443,149,2026-03-04
8193,456,74,261,87,2026-03-14
8194,528,16,390,92,2025-11-25
8195,425,27,641,74,2025-08-30
8196,922,74,88,57,2024-04-08
8197,863,65,149,66,2024-12-28
8198,692,34,773,114,2025-12-16
8199,391,36,121,105,2026-02-23
8200,608,24,127,50,2025-02-25
8201,299,43,323,67,2025-05-08
8202,475,33,213,43,2024-02-10
8203,513,3,20,65,2023-07-01
8204,440,65,100,43,2023-05-11
8205,295,17,321,60,2026-02-27
8206,660,69,172,94,2024-03-30
8207,997,26,561,36,2025-11-10
8208,274,39,688,144,2023-12-29
8209,127,8,614,23,2023-04-20
8210,117,73,137,113,2024-07-04
8211,612,67,491,79,2024-09-08
8212,3,65,84,52,2025-01-10
8213,768,51,39,88,2025-10-21
8214,941,58,204,114,2025-08-07
8215,573,76,610,129,2023-07-04
8216,269,57,198,102,2025-10-03
8217,257,61,680,79,2024-11-30
8218,309,15,462,150,2024-10-31
8219,654,57,711,23,2024-07-11
8220,64,47,11,95,2025-03-07
8221,829,35,258,33,2025-11-12
8222,511,66,211,96,2025-11-30
8223,542,33,410,48,2026-01-24
8224,285,8,404,60,2025-09-24
8225,217,24,413,115,2025-12-20
8226,299,29,588,88,2026-02-26
8227,147,79,110,91,2023-12-09
8228,851,9,403,79,2025-09-08
8229,979,53,649,131,2024-01-05
8230,821,32,96,120,2023-03-10
8231,160,35,567,30,2025-05-21
8232,581,28,179,92,2024-09-26
8233,394,64,699,68,2025-04-24
8234,686,21,774,148,2024-01-11
8235,845,43,707,140,2026-04-03
8236,295,72,82,30,2025-07-08
8237,678,80,16,22,2023-05-10
8238,810,76,58,104,2023-03-02
8239,376,35,297,109,2025-01-03
8240,93,13,52,40,2023-07-07
8241,398,4,399,131,2023-06-17
8242,527,2,156,36,2023-05-08
8243,565,63,89,117,2023-06-17
8244,451,21,353,123,2024-11-13
8245,837,30,793,132,2024-08-02
8246,266,51,229,20,2023-03-27
8247,148,75,128,39,2025-06-13
8248,346,52,94,88,2023-10-07
8249,711,6,573,82,2024-10-31
8250,195,61,432,40,2024-09-12
8251,938,19,718,21,2025-04-28
8252,462,46,471,52,2025-10-10
8253,439,42,335,45,2023-04-04
8254,835,38,719,136,2025-11-21
8255,964,64,764,143,2023-04-04
8256,639,23,614,120,2024-04-03
8257,832,42,177,71,2024-01-13
8258,826,30,244,141,2025-04-01
8259,926,73,599,141,2024-12-27
8260,227,52,698,36,2025-01-03
8261,786,30,363,26,2023-09-21
8262,97,59,692,81,2024-04-25
8263,680,13,529,73,2024-10-26
8264,735,40,553,52,2025-02-28
8265,652,58,778,129,2023-06-08
8266,347,21,95,138,2025-11-26
8267,764,42,478,78,2025-03-27
8268,309,79,729,89,2024-12-27
8269,968,41,26,131,2025-07-16
8270,231,15,722,117,2025-12-05
8271,521,36,142,20,2024-05-10
8272,555,23,211,59,2026-04-14
8273,864,73,30,69,2023-06-26
8274,64,15,474,21,2024-02-15
8275,364,52,698,129,2024-03-29
8276,341,52,133,45,2023-03-16
8277,575,62,206,82,2023-06-02
8278,171,13,105,43,2023-07-04
8279,924,5,203,150,2024-12-13
8280,140,76,151,85,2026-02-11
8281,604,32,427,88,2024-04-05
8282,966,79,768,94,2023-12-11
8283,787,29,134,148,2023-04-24
8284,924,21,692,76,2023-01-28
8285,70,36,233,57,2024-09-11
8286,763,65,136,78,2025-06-13
8287,159,45,261,27,2024-05-22
8288,871,46,573,143,2023-02-24
8289,401,25,772,22,2023-02-22
8290,68,79,96,111,2025-03-25
8291,181,40,782,54,2025-06-19
8292,281,4,617,83,2025-06-07
8293,340,60,779,104,2024-05-21
8294,649,1,466,106,2024-08-22
8295,110,25,86,90,2023-04-30
8296,642,77,446,34,2024-03-16
8297,565,50,764,131,2023-08-22
8298,916,59,150,62,2026-04-14
8299,648,26,469,149,2024-08-19
8300,293,32,233,53,2024-08-23
8301,361,30,164,55,2024-09-30
8302,33,31,429,43,2023-12-26
8303,537,10,543,91,2024-12-11
8304,924,17,483,139,2024-07-28
8305,623,10,25,143,2025-04-25
8306,320,75,132,104,2025-01-14
8307,573,41,302,60,2025-01-10
8308,96,37,391,22,2024-02-06
8309,34,47,550,80,2025-06-20
8310,964,65,152,133,2024-01-26
8311,96,24,499,136,2025-05-07
8312,189,47,761,110,2024-08-20
8313,684,68,690,150,2024-07-19
8314,957,50,296,94,2023-10-15
8315,551,8,413,95,2025-05-23
8316,746,20,327,107,2024-01-15
8317,971,67,576,147,2023-05-04
8318,496,76,654,114,2025-05-06
8319,160,59,650,60,2025-01-29
8320,160,67,648,24,2023-04-01
8321,719,8,750,147,2026-01-13
8322,4,38,794,103,2024-04-06
8323,504,66,755,137,2024-11-06
8324,115,75,226,28,2023-05-03
8325,97,54,757,40,2024-07-26
8326,270,29,449,73,2024-04-24
8327,548,14,694,70,2026-01-24
8328,876,61,607,93,2023-12-15
8329,78,34,95,38,2025-01-30
8330,990,57,537,140,2024-04-01
8331,42,72,275,71,2023-02-22
8332,112,57,0,131,2024-10-24
8333,898,12,762,140,2024-08-22
8334,280,2,205,116,2023-10-16
8335,698,19,693,30,2026-02-18
8336,425,26,591,22,2025-03-11
8337,498,40,53,94,2024-07-16
8338,882,20,474,39,2026-02-22
8339,302,70,530,146,2024-02-01
8340,804,4,317,106,2023-04-14
8341,938,51,301,95,2024-05-09
8342,807,11,72,67,2024-07-07
8343,402,54,244,44,2025-08-20
8344,530,31,290,150,2025-01-04
8345,940,32,575,124,2023-09-29
8346,695,15,467,39,2025-03-13
8347,521,35,779,131,2023-11-01
8348,93,29,673,47,2025-12-28
8349,835,13,359,83,2023-03-04
8350,560,34,615,30,2023-05-13
8351,564,60,252,28,2023-07-29
8352,157,45,240,36,2023-03-03
8353,433,22,366,112,2023-12-16
8354,918,7,622,68,2025-01-21
8355,788,60,305,20,2024-12-25
8356,221,40,64,119,2025-03-14
8357,356,34,411,21,2025-01-05
8358,785,63,157,101,2024-04-29
8359,624,45,552,27,2023-11-07
8360,678,49,740,22,2023-02-21
8361,245,37,198,50,2023-12-17
8362,191,44,487,116,2026-03-17
8363,299,27,400,101,2025-04-14
8364,629,45,402,47,2024-04-12
8365,843,58,397,42,2025-07-29
8366,238,68,755,80,2024-04-03
8367,7,24,245,38,2025-12-26
8368,174,37,591,130,2023-12-27
8369,91,19,179,101,2024-05-27
8370,776,45,198,84,2024-07-03
8371,801,14,217,46,2024-05-22
8372,933,69,554,106,2025-11-27
8373,641,54,525,46,2023-01-13
8374,940,78,484,128,2025-03-20
8375,308,12,250,108,2025-11-03
8376,700,75,505,104,2024-08-07
8377,187,60,9,81,2024-10-10
8378,559,32,644,94,2026-01-16
8379,465,49,617,94,2024-04-30
8380,210,12,47,81,2024-02-02
8381,87,6,89,129,2024-09-29
8382,836,62,575,125,2023-05-25
8383,885,16,378,110,2023-09-30
8384,190,27,693,127,2024-08-23
8385,146,43,510,130,2025-10-22
8386,492,8,669,71,2024-09-12
8387,703,76,346,135,2024-01-19
8388,213,56,132,79,2023-04-27
8389,128,10,327,136,2024-09-16
8390,712,3,303,61,2023-05-06
8391,124,11,321,144,2025-11-25
8392,18,39,109,127,2024-07-04
8393,22,37,449,61,2025-07-07
8394,206,35,75,127,2024-05-24
8395,3,65,589,70,2026-02-08
8396,927,27,354,135,2026-02-16
8397,697,28,246,37,2023-04-22
8398,173,9,540,35,2025-12-15
8399,343,59,10,135,2026-02-07
8400,57,42,239,112,2023-09-11
8401,395,31,376,145,2023-12-25
8402,749,26,441,25,2024-05-20
8403,365,78,650,134,2023-04-17
8404,201,54,304,66,2024-08-02
8405,874,22,191,72,2024-01-31
8406,35,10,539,124,2025-04-04
8407,864,28,321,29,2025-07-12
8408,228,76,87,136,2025-02-08
8409,269,12,669,128,2023-12-09
8410,181,8,36,74,2024-05-25
8411,296,54,525,28,2025-03-30
8412,434,69,513,53,2025-01-06
8413,541,22,527,53,2023-10-02
8414,986,31,149,106,2024-07-20
8415,711,47,491,44,2025-02-09
8416,577,79,722,49,2024-03-29
8417,378,37,652,144,2026-01-16
8418,892,71,294,99,2023-07-05
8419,740,73,79,44,2026-03-22
8420,857,2,77,86,2025-09-22
8421,853,9,709,146,2023-03-14
8422,893,55,337,137,2023-08-29
8423,748,33,266,26,2025-12-21
8424,392,9,586,67,2026-02-26
8425,330,12,263,146,2025-03-15
8426,261,24,154,109,2024-11-23
8427,561,59,203,58,2024-03-02
8428,108,25,285,76,2025-02-11
8429,848,15,112,101,2025-03-27
8430,566,26,28,46,2023-09-21
8431,803,64,580,97,2024-07-13
8432,460,45,245,26,2023-03-21
8433,776,73,272,35,2025-05-18
8434,367,16,770,103,2023-07-01
8435,28,52,791,123,2025-06-22
8436,416,1,383,58,2023-11-20
8437,433,7,663,50,2025-06-08
8438,10,29,609,129,2024-07-08
8439,131,61,476,128,2025-01-03
8440,900,76,478,21,2023-09-30
8441,364,78,431,94,2025-04-10
8442,573,70,550,143,2024-04-02
8443,160,3,424,29,2025-09-11
8444,796,19,763,87,2024-03-01
8445,775,69,447,25,2023-11-23
8446,880,63,49,111,2025-08-06
8447,801,34,656,117,2025-05-01
8448,864,9,678,65,2025-01-21
8449,174,24,609,71,2024-08-21
8450,439,29,614,98,2024-10-20
8451,347,36,767,124,2023-10-11
8452,540,78,376,27,2024-08-03
8453,830,6,624,39,2025-08-27
8454,730,73,124,107,2025-12-09
8455,251,68,721,128,2024-11-02
8456,486,12,475,119,2024-05-18
8457,901,45,501,42,2023-12-18
8458,722,66,221,75,2024-09-18
8459,651,18,153,44,2023-10-27
8460,856,26,363,115,2024-07-13
8461,355,32,372,40,2024-07-23
8462,602,67,253,58,2025-03-11
8463,20,34,378,121,2023-08-30
8464,442,4,46,136,2025-05-14
8465,13,70,537,95,2025-10-12
8466,991,44,160,51,2023-05-02
8467,908,41,190,100,2023-12-08
8468,752,43,758,125,2023-04-24
8469,554,68,335,140,2024-04-12
8470,243,25,5,48,2023-08-17
8471,25,7,462,45,2024-04-18
8472,652,61,68,123,2023-06-29
8473,483,69,238,68,2025-07-18
8474,544,16,67,55,2025-04-08
8475,39,10,654,75,2025-09-10
8476,742,46,495,126,2023-07-28
8477,362,12,517,107,2026-02-04
8478,197,25,597,129,2023-01-17
8479,309,66,112,145,2023-10-08
8480,904,14,147,67,2025-06-22
8481,855,60,489,124,2025-01-08
8482,924,29,370,97,2023-12-21
8483,453,45,508,65,2026-03-03
8484,27,8,255,132,2025-04-01
8485,103,18,436,99,2026-01-25
8486,458,60,462,44,2025-10-07
8487,506,71,719,40,2025-11-19
8488,693,43,748,45,2025-03-29
8489,871,72,23,86,2025-10-03
8490,324,27,181,28,2024-03-04
8491,44,77,568,116,2023-08-15
8492,915,31,65,61,2023-09-20
8493,725,74,99,70,2023-10-30
8494,223,37,352,65,2023-04-14
8495,397,73,192,24,2023-12-10
8496,72,38,404,101,2023-08-06
8497,127,2,282,101,2023-04-18
8498,706,18,148,127,2025-07-15
8499,326,70,610,45,2025-11-05
8500,882,23,264,62,2025-06-21
8501,516,37,482,114,2024-08-14
8502,889,64,270,133,2024-08-04
8503,764,44,119,119,2026-01-02
8504,772,28,648,147,2025-11-18
8505,694,32,717,143,2026-04-01
8506,901,69,498,81,2025-08-04
8507,59,33,95,139,2024-03-08
8508,517,79,375,130,2023-12-27
8509,219,30,600,119,2024-05-11
8510,577,58,304,128,2023-02-02
8511,805,24,657,95,2023-07-27
8512,177,33,719,90,2023-11-30
8513,321,44,353,39,2023-03-05
8514,825,20,327,42,2024-01-22
8515,482,17,201,101,2024-04-16
8516,784,78,648,101,2025-03-04
8517,587,60,85,85,2024-11-05
8518,250,9,710,104,2023-12-15
8519,246,8,460,60,2024-10-07
8520,665,76,426,125,2025-06-01
8521,374,45,96,146,2024-03-25
8522,922,74,423,128,2023-12-16
8523,545,19,711,71,2026-02-24
8524,220,26,261,76,2024-10-17
8525,27,51,564,94,2026-02-09
8526,264,9,496,65,2024-02-24
8527,299,64,380,94,2023-06-21
8528,925,16,700,60,2026-01-18
8529,38,20,719,84,2025-08-17
8530,520,69,588,109,2023-04-18
8531,916,49,496,42,2023-07-31
8532,118,75,65,134,2025-02-28
8533,666,26,600,147,2024-07-28
8534,392,5,158,44,2026-01-15
8535,679,64,741,118,2023-05-15
8536,466,1,13,28,2026-03-01
8537,904,57,594,148,2025-12-05
8538,475,75,611,61,2025-02-13
8539,94,49,103,46,2024-12-10
8540,250,6,789,138,2025-07-11
8541,734,59,688,36,2023-08-17
8542,514,77,718,119,2024-02-17
8543,427,4,150,40,2024-12-02
8544,316,46,298,131,2023-02-11
8545,862,72,408,74,2023-10-05
8546,244,58,165,107,2024-06-14
8547,942,14,592,112,2023-11-14
8548,784,8,110,26,2023-06-02
8549,753,71,414,128,2025-08-10
8550,421,18,298,23,2024-09-21
8551,397,53,425,99,2023-03-12
8552,339,62,154,49,2026-04-08
8553,230,45,4,23,2024-05-26
8554,31,39,246,131,2026-03-04
8555,554,65,380,71,2024-07-18
8556,680,51,100,81,2023-09-16
8557,834,72,119,139,2024-06-04
8558,460,53,706,33,2023-06-28
8559,558,48,136,114,2024-08-23
8560,284,45,737,21,2023-09-20
8561,276,15,391,49,2023-11-13
8562,708,14,285,21,2023-11-07
8563,362,29,31,103,2026-01-19
8564,481,72,797,131,2025-02-07
8565,455,13,510,55,2026-01-18
8566,378,22,435,133,2024-02-22
8567,442,45,558,146,2026-04-14
8568,476,43,86,66,2024-04-26
8569,543,23,379,129,2023-01-06
8570,283,47,101,92,2023-08-26
8571,464,68,662,78,2025-03-25
8572,825,52,258,90,2024-04-18
8573,908,69,231,27,2023-02-15
8574,918,40,311,146,2023-10-28
8575,329,54,108,148,2025-10-04
8576,752,32,305,130,2024-11-16
8577,505,57,326,107,2025-03-08
8578,351,29,608,107,2023-03-13
8579,1,36,213,99,2024-02-24
8580,686,60,741,39,2024-04-29
8581,995,44,432,124,2025-01-04
8582,369,10,692,59,2025-03-26
8583,329,29,393,34,2026-03-28
8584,326,37,628,104,2023-09-03
8585,638,73,541,107,2024-02-14
8586,218,23,479,32,2024-04-04
8587,166,62,586,99,2025-02-11
8588,880,23,367,78,2025-09-17
8589,937,30,638,117,2025-08-24
8590,144,57,550,31,2026-01-19
8591,990,59,623,122,2024-11-12
8592,747,46,316,61,2023-04-28
8593,813,8,256,30,2024-04-02
8594,730,48,698,38,2023-10-08
8595,598,51,607,113,2025-08-03
8596,835,20,205,81,2026-03-15
8597,602,36,51,143,2025-02-21
8598,255,2,571,144,2023-08-10
8599,712,32,667,32,2024-11-23
8600,465,10,723,148,2025-12-28
8601,440,32,378,146,2023-08-26
8602,220,79,82,26,2023-06-03
8603,587,28,487,64,2023-07-13
8604,83,54,756,38,2023-03-12
8605,198,37,315,89,2024-08-06
8606,584,24,46,111,2024-01-26
8607,97,72,191,133,2024-11-23
8608,232,17,758,36,2023-09-24
8609,222,77,287,141,2023-11-15
8610,279,75,10,146,2024-09-21
8611,740,30,423,38,2023-02-08
8612,695,66,747,71,2023-02-24
8613,851,29,338,72,2023-04-09
8614,662,75,219,76,2023-12-31
8615,418,8,233,39,2024-11-06
8616,515,74,542,36,2023-07-03
8617,194,37,300,63,2025-03-12
8618,671,78,204,71,2023-08-29
8619,862,55,219,88,2023-08-26
8620,894,74,748,111,2024-09-20
8621,871,42,252,63,2023-03-25
8622,917,60,448,102,2024-06-11
8623,137,54,273,128,2026-02-25
8624,281,71,312,146,2024-12-16
8625,921,78,329,22,2024-05-26
8626,879,74,39,38,2024-04-08
8627,64,76,302,140,2024-06-08
8628,122,66,660,33,2026-01-28
8629,329,25,797,117,2023-02-03
8630,276,68,772,90,2026-03-12
8631,628,11,118,87,2026-03-12
8632,252,13,535,147,2025-05-13
8633,354,36,306,79,2024-05-27
8634,634,8,397,51,2024-02-15
8635,265,15,376,126,2024-06-18
8636,228,60,262,101,2024-01-22
8637,243,23,240,88,2025-08-18
8638,504,73,783,75,2025-07-21
8639,45,35,110,22,2023-01-08
8640,616,64,50,41,2025-10-03
8641,179,67,258,123,2025-03-17
8642,333,7,696,150,2025-03-24
8643,626,46,438,28,2023-08-03
8644,657,36,701,141,2025-10-08
8645,245,11,104,87,2023-10-16
8646,844,56,758,106,2023-07-06
8647,42,78,758,118,2023-05-27
8648,221,14,490,146,2024-02-22
8649,283,29,430,141,2023-11-21
8650,95,77,570,92,2023-07-12
8651,331,2,25,66,2025-06-11
8652,512,51,290,128,2025-07-25
8653,70,76,317,115,2023-09-15
8654,864,65,237,49,2023-09-30
8655,168,57,650,125,2024-04-12
8656,577,63,539,131,2025-11-11
8657,565,13,162,148,2025-07-12
8658,842,19,444,101,2024-09-15
8659,801,78,677,44,2024-09-17
8660,34,57,201,59,2023-05-19
8661,953,1,58,49,2025-03-27
8662,407,78,708,67,2026-02-24
8663,733,44,673,26,2023-05-09
8664,353,66,424,27,2023-12-03
8665,146,59,464,98,2024-04-27
8666,448,52,41,109,2024-11-25
8667,229,77,702,68,2024-06-02
8668,773,28,402,135,2025-06-19
8669,853,29,57,149,2025-02-04
8670,426,28,369,105,2023-07-04
8671,357,67,374,74,2023-05-23
8672,314,55,664,93,2023-04-23
8673,446,52,306,80,2023-11-05
8674,333,73,132,51,2025-12-15
8675,807,18,353,116,2024-11-19
8676,692,76,502,31,2024-05-05
8677,778,6,244,148,2025-01-05
8678,667,7,171,101,2025-06-21
8679,572,26,453,78,2025-01-19
8680,243,62,41,95,2024-03-25
8681,283,33,532,48,2024-12-10
8682,283,14,520,130,2023-03-24
8683,839,64,640,39,2024-12-02
8684,992,33,27,41,2025-11-09
8685,950,48,467,119,2023-09-04
8686,174,63,349,136,2023-06-26
8687,689,70,527,29,2025-05-25
8688,966,31,288,23,2025-01-25
8689,300,13,696,133,2023-05-16
8690,27,24,213,145,2024-11-08
8691,463,31,531,144,2025-05-31
8692,220,41,539,142,2024-11-29
8693,681,12,120,101,2023-08-13
8694,633,49,440,68,2023-02-24
8695,701,66,215,107,2025-05-30
8696,55,24,140,25,2025-10-22
8697,207,67,603,128,2023-08-15
8698,655,33,202,22,2024-07-17
8699,359,27,726,37,2023-03-17
8700,793,47,154,127,2023-07-15
8701,274,57,550,90,2025-10-11
8702,176,3,120,38,2026-03-27
8703,298,45,478,24,2024-04-20
8704,289,60,661,110,2024-10-14
8705,504,37,319,121,2026-01-03
8706,606,66,637,108,2025-01-01
8707,254,34,218,64,2023-02-26
8708,64,4,644,77,2024-10-02
8709,201,72,780,80,2024-04-29
8710,554,5,789,92,2023-07-02
8711,161,23,772,144,2025-04-14
8712,589,2,627,33,2026-04-05
8713,205,16,525,109,2025-10-21
8714,641,39,308,148,2026-03-29
8715,988,13,696,100,2023-08-13
8716,370,38,27,94,2023-01-19
8717,391,66,195,77,2024-03-24
8718,202,18,373,48,2026-03-22
8719,95,17,588,85,2025-09-18
8720,767,18,16,88,2024-08-13
8721,528,46,730,37,2023-02-08
8722,986,72,105,61,2024-09-09
8723,731,6,266,135,2023-04-27
8724,983,62,484,75,2024-04-09
8725,470,64,170,101,2023-02-18
8726,68,58,181,147,2025-12-12
8727,995,53,383,23,2024-10-21
8728,379,65,669,89,2025-09-10
8729,771,8,3,29,2023-07-09
8730,853,65,268,132,2024-06-17
8731,599,64,132,89,2023-12-24
8732,257,51,599,128,2025-02-03
8733,973,51,345,25,2023-11-20
8734,123,19,357,21,2025-09-07
8735,872,40,388,34,2023-04-24
8736,604,38,459,55,2023-09-27
8737,268,73,693,143,2024-08-26
8738,448,63,138,69,2025-07-27
8739,413,31,527,34,2025-06-22
8740,421,6,400,75,2023-06-11
8741,651,79,743,109,2026-02-26
8742,774,56,13,108,2023-08-17
8743,359,74,106,97,2026-01-05
8744,563,22,2,119,2024-12-28
8745,329,20,164,105,2024-09-08
8746,296,4,698,103,2024-11-07
8747,287,8,3,64,2024-01-01
8748,719,25,545,144,2025-01-09
8749,283,12,34,93,2023-01-12
8750,143,16,787,96,2024-11-20
8751,357,76,537,43,2024-07-06
8752,483,46,98,150,2024-12-14
8753,284,54,487,122,2025-08-04
8754,705,36,470,67,2026-01-24
8755,591,48,39,38,2025-02-17
8756,186,34,289,106,2024-10-12
8757,144,54,248,66,2026-02-20
8758,134,28,457,80,2025-09-15
8759,511,21,699,68,2024-03-07
8760,302,59,502,55,2023-03-24
8761,923,16,738,125,2024-08-28
8762,134,62,269,86,2024-06-26
8763,592,49,55,25,2025-07-08
8764,720,75,579,96,2023-04-22
8765,745,71,287,67,2024-02-07
8766,165,4,350,44,2024-01-31
8767,578,42,129,135,2023-03-02
8768,192,6,247,52,2025-08-06
8769,426,2,498,93,2025-04-27
8770,841,51,244,104,2025-08-25
8771,359,16,207,22,2024-07-07
8772,543,9,41,84,2025-02-26
8773,474,1,485,131,2024-10-20
8774,987,60,113,107,2025-05-26
8775,262,49,507,59,2025-04-30
8776,1,68,380,96,2023-07-01
8777,282,49,695,49,2023-05-24
8778,156,66,442,87,2026-03-24
8779,809,34,154,118,2025-05-06
8780,655,48,734,62,2024-12-20
8781,739,48,614,126,2024-10-14
8782,960,32,800,124,2024-10-18
8783,135,27,127,123,2024-04-07
8784,821,47,547,129,2023-12-30
8785,24,35,682,116,2024-12-30
8786,832,38,237,34,2023-11-22
8787,622,31,176,29,2025-11-06
8788,535,8,475,65,2024-03-19
8789,842,13,475,142,2023-09-18
8790,128,58,413,68,2024-12-08
8791,386,24,292,124,2024-10-30
8792,372,45,98,30,2025-08-02
8793,61,31,211,77,2025-07-20
8794,592,76,249,130,2025-10-14
8795,649,28,328,35,2025-09-04
8796,798,70,723,129,2023-03-15
8797,365,77,582,113,2024-03-13
8798,412,43,533,100,2024-05-16
8799,267,12,27,84,2023-08-10
8800,691,79,84,99,2023-12-10
8801,870,51,324,61,2025-08-10
8802,448,1,536,44,2024-03-12
8803,771,47,736,109,2025-01-17
8804,54,48,162,57,2023-03-28
8805,280,18,637,135,2023-02-10
8806,582,48,780,62,2023-09-04
8807,128,1,666,134,2024-07-12
8808,601,31,33,132,2024-08-09
8809,209,38,722,80,2023-02-02
8810,706,28,250,44,2025-09-16
8811,757,25,610,128,2025-08-21
8812,194,78,142,21,2025-04-20
8813,898,76,110,92,2024-01-14
8814,787,9,428,133,2024-09-25
8815,429,4,717,120,2024-09-17
8816,760,41,627,129,2025-08-31
8817,679,72,738,31,2026-02-13
8818,688,42,499,122,2024-11-10
8819,856,16,184,128,2023-10-30
8820,386,43,535,135,2023-10-23
8821,235,72,571,117,2024-09-16
8822,495,39,315,137,2024-01-14
8823,937,10,398,35,2023-12-23
8824,284,25,412,139,2023-11-23
8825,31,32,88,20,2023-07-19
8826,181,38,357,126,2024-01-03
8827,39,32,616,31,2024-05-22
8828,919,68,706,38,2025-09-27
8829,58,45,99,126,2025-04-14
8830,819,56,22,77,2023-01-20
8831,407,41,250,114,2023-06-11
8832,769,68,8,66,2024-05-13
8833,577,21,644,123,2025-06-28
8834,690,7,353,95,2026-01-28
8835,309,26,613,58,2026-03-01
8836,718,25,291,95,2025-04-20
8837,474,19,542,64,2025-10-23
8838,287,79,622,123,2026-03-26
8839,120,69,384,77,2025-06-22
8840,394,16,518,143,2024-02-27
8841,530,77,724,98,2025-03-12
8842,667,61,95,106,2025-04-13
8843,411,38,204,36,2023-08-02
8844,927,48,751,53,2025-04-13
8845,182,67,247,56,2025-12-08
8846,137,72,146,109,2024-09-10
8847,147,71,329,24,2024-07-20
8848,563,69,722,66,2025-06-05
8849,89,50,462,130,2024-01-13
8850,475,37,432,93,2023-05-05
8851,252,63,169,56,2026-04-02
8852,158,17,172,47,2023-03-22
8853,387,42,437,69,2024-06-19
8854,278,22,526,116,2023-09-29
8855,382,73,59,84,2024-12-04
8856,427,11,549,137,2024-01-06
8857,297,43,154,52,2024-05-13
8858,298,51,124,20,2025-07-26
8859,378,45,738,142,2024-08-31
8860,208,15,397,91,2025-12-09
8861,756,51,19,134,2025-10-27
8862,369,34,94,55,2024-02-01
8863,920,71,662,89,2023-07-20
8864,178,47,659,110,2023-04-16
8865,20,63,142,56,2023-06-19
8866,316,73,403,82,2023-02-26
8867,790,44,40,121,2023-09-14
8868,518,22,691,82,2023-03-18
8869,176,12,772,30,2025-01-22
8870,876,77,120,59,2024-12-19
8871,776,23,191,87,2025-05-26
8872,901,45,233,71,2023-07-22
8873,677,47,434,103,2023-11-14
8874,898,23,644,31,2024-01-01
8875,217,73,86,79,2025-01-07
8876,428,12,513,146,2023-07-16
8877,711,36,107,83,2025-10-30
8878,286,67,538,53,2023-02-24
8879,202,4,141,95,2024-06-20
8880,948,45,673,25,2023-07-31
8881,844,11,85,73,2023-07-05
8882,364,15,605,89,2024-04-27
8883,260,39,749,28,2025-09-11
8884,819,29,632,119,2023-05-12
8885,955,63,522,84,2024-09-15
8886,344,67,217,64,2024-07-07
8887,472,70,649,21,2025-11-13
8888,782,31,435,96,2023-08-21
8889,940,33,231,30,2025-02-06
8890,614,17,759,98,2024-09-23
8891,536,30,442,93,2025-05-02
8892,790,72,46,97,2024-11-20
8893,268,48,489,89,2024-01-15
8894,69,50,778,100,2024-11-15
8895,873,21,656,140,2026-04-07
8896,708,33,752,22,2023-10-19
8897,637,65,29,45,2025-02-26
8898,482,77,800,93,2023-03-21
8899,443,59,293,117,2024-03-22
8900,904,20,335,70,2025-02-12
8901,996,69,265,150,2026-01-01
8902,571,67,287,32,2023-11-01
8903,129,17,151,60,2025-07-31
8904,130,47,496,112,2025-09-17
8905,721,72,536,133,2025-05-22
8906,625,73,433,98,2024-09-12
8907,388,28,399,105,2024-02-02
8908,527,69,754,128,2026-04-07
8909,174,32,491,47,2023-10-21
8910,851,19,243,119,2024-09-15
8911,727,71,533,38,2025-04-26
8912,558,25,551,130,2025-06-01
8913,939,75,272,46,2025-02-14
8914,159,26,506,81,2024-11-04
8915,566,41,3,59,2023-06-30
8916,687,70,142,83,2025-07-23
8917,714,50,20,86,2024-08-28
8918,619,79,337,45,2026-01-03
8919,955,38,2,52,2024-05-21
8920,181,60,579,27,2025-11-14
8921,694,69,761,88,2025-03-25
8922,656,1,344,92,2023-08-15
8923,683,51,475,99,2023-03-16
8924,216,76,530,59,2024-03-09
8925,129,40,547,74,2024-06-23
8926,451,4,253,53,2023-07-15
8927,794,26,290,137,2025-01-20
8928,859,66,593,91,2024-12-13
8929,120,74,241,22,2023-07-02
8930,679,77,229,95,2024-05-30
8931,263,14,786,124,2023-04-02
8932,273,75,304,85,2025-11-16
8933,961,11,41,100,2025-06-20
8934,221,74,210,143,2025-04-20
8935,427,35,684,40,2025-09-05
8936,465,42,241,85,2025-03-06
8937,915,54,616,61,2024-12-28
8938,56,6,421,120,2023-06-20
8939,718,4,589,122,2024-06-30
8940,227,48,31,80,2023-06-14
8941,305,62,276,113,2024-12-31
8942,495,23,496,67,2024-04-24
8943,373,32,340,51,2025-10-11
8944,8,20,736,104,2025-04-11
8945,831,53,466,59,2026-03-01
8946,990,25,428,83,2024-12-18
8947,607,51,608,119,2025-11-06
8948,952,1,386,20,2025-04-18
8949,921,27,508,103,2025-04-06
8950,639,35,101,61,2025-06-20
8951,656,28,443,64,2026-01-01
8952,748,48,769,42,2024-01-09
8953,514,64,793,134,2024-01-09
8954,612,39,718,102,2024-12-31
8955,525,72,6,133,2023-03-08
8956,111,40,774,105,2026-02-18
8957,535,19,574,49,2023-02-08
8958,139,51,76,21,2024-03-13
8959,126,35,580,75,2024-09-22
8960,450,2,173,85,2024-08-29
8961,181,28,98,83,2025-08-17
8962,771,78,102,99,2024-08-25
8963,343,51,642,54,2025-08-12
8964,442,51,409,56,2024-12-18
8965,142,12,570,148,2023-12-20
8966,705,56,640,44,2023-06-02
8967,521,79,59,43,2025-01-04
8968,931,13,761,113,2025-07-09
8969,56,71,356,55,2025-05-14
8970,762,24,26,27,2024-08-08
8971,527,42,419,132,2024-04-19
8972,265,13,595,138,2024-10-10
8973,798,21,422,138,2024-11-03
8974,389,63,113,29,2024-01-11
8975,75,39,134,53,2023-08-11
8976,388,58,775,101,2025-01-16
8977,603,77,158,60,2025-04-28
8978,77,48,643,23,2025-08-24
8979,281,73,678,53,2025-05-29
8980,282,73,481,139,2026-03-30
8981,402,22,563,24,2024-05-22
8982,444,70,8,72,2023-06-23
8983,26,26,799,54,2023-06-20
8984,123,63,606,143,2023-07-03
8985,1,6,761,128,2024-07-01
8986,995,59,201,79,2024-01-26
8987,373,29,643,26,2024-08-06
8988,667,2,23,50,2024-02-17
8989,388,26,247,127,2025-05-16
8990,510,1,265,47,2023-05-22
8991,64,55,388,41,2026-02-11
8992,402,50,564,30,2023-01-18
8993,134,76,362,142,2025-10-23
8994,610,58,238,40,2023-03-06
8995,946,11,612,125,2023-06-16
8996,421,56,42,40,2024-02-23
8997,787,25,609,40,2024-12-26
8998,56,27,671,49,2026-01-06
8999,662,66,318,110,2026-02-08
9000,812,1,74,62,2023-11-24
9001,400,9,591,52,2024-11-17
9002,729,46,563,80,2023-04-23
9003,987,46,48,144,2025-07-03
9004,167,48,291,82,2026-01-01
9005,89,37,450,67,2023-11-23
9006,73,11,452,143,2024-09-23
9007,597,10,422,130,2023-07-26
9008,353,62,772,122,2024-02-02
9009,985,19,402,140,2025-06-11
9010,652,65,176,97,2023-01-14
9011,178,21,451,98,2025-02-26
9012,291,33,52,58,2024-06-24
9013,236,79,220,42,2026-04-14
9014,640,34,613,105,2023-05-30
9015,506,50,729,31,2025-04-22
9016,377,31,537,136,2025-07-09
9017,683,30,569,65,2024-07-20
9018,514,12,3,95,2023-07-19
9019,70,18,38,61,2024-08-05
9020,840,47,729,87,2024-06-23
9021,75,3,247,53,2025-04-17
9022,31,46,401,32,2025-02-14
9023,717,71,251,71,2026-02-14
9024,236,41,620,34,2023-01-29
9025,125,30,706,78,2023-11-07
9026,739,48,8,78,2025-02-28
9027,680,35,680,38,2024-12-23
9028,521,57,582,61,2025-04-08
9029,902,63,658,59,2023-11-23
9030,598,71,314,95,2025-03-03
9031,773,75,194,32,2025-04-30
9032,75,74,572,59,2025-09-03
9033,679,24,663,104,2023-12-02
9034,678,80,482,58,2026-02-26
9035,558,14,631,52,2025-01-02
9036,820,43,659,77,2026-01-17
9037,26,46,5,73,2024-11-22
9038,421,65,709,85,2025-02-05
9039,853,18,486,46,2023-03-01
9040,656,50,352,64,2024-04-12
9041,206,40,366,127,2025-10-31
9042,662,70,604,21,2024-07-29
9043,27,5,693,90,2024-04-14
9044,834,26,339,125,2024-11-26
9045,717,65,784,98,2023-09-18
9046,553,37,625,36,2024-02-10
9047,497,71,492,105,2025-08-22
9048,355,15,283,61,2026-01-17
9049,764,78,728,90,2025-03-07
9050,491,9,756,65,2024-01-05
9051,259,53,166,107,2026-01-22
9052,97,24,16,80,2023-04-13
9053,459,52,175,139,2023-08-02
9054,448,32,378,51,2025-02-08
9055,280,22,743,131,2025-03-13
9056,406,41,693,24,2025-03-25
9057,741,72,787,128,2024-01-23
9058,488,79,564,106,2024-07-03
9059,216,76,27,65,2025-10-18
9060,178,10,95,132,2026-02-15
9061,277,51,410,104,2023-05-18
9062,74,45,177,31,2024-02-11
9063,236,78,418,130,2024-11-01
9064,987,58,308,76,2025-06-02
9065,981,65,767,70,2023-12-23
9066,160,6,47,106,2025-08-08
9067,670,24,601,137,2025-06-13
9068,706,40,610,97,2024-07-03
9069,571,27,7,27,2023-11-11
9070,119,44,331,104,2025-06-24
9071,724,19,455,138,2026-04-12
9072,563,43,339,29,2023-07-14
9073,722,25,566,78,2024-04-03
9074,963,27,654,93,2025-10-30
9075,636,54,713,37,2024-01-03
9076,793,9,166,28,2023-10-21
9077,265,32,597,51,2023-10-28
9078,649,51,693,126,2025-11-13
9079,678,37,33,138,2025-12-13
9080,510,46,124,46,2023-11-08
9081,102,29,545,84,2023-10-02
9082,348,33,715,36,2025-12-10
9083,83,30,545,138,2024-08-06
9084,611,20,540,89,2023-04-07
9085,627,65,793,147,2025-03-01
9086,425,51,457,60,2024-06-20
9087,697,17,114,98,2023-09-01
9088,958,31,639,41,2025-04-06
9089,882,75,300,145,2026-01-20
9090,866,72,38,98,2026-01-21
9091,620,10,495,111,2024-11-16
9092,445,69,133,80,2024-03-14
9093,408,76,713,79,2024-12-30
9094,85,25,752,119,2025-07-01
9095,958,75,622,149,2024-03-17
9096,632,66,186,131,2025-02-10
9097,385,76,574,43,2024-06-18
9098,51,13,289,67,2024-06-22
9099,119,37,474,125,2023-04-12
9100,902,67,185,76,2023-05-01
9101,405,70,211,84,2025-12-23
9102,756,78,318,126,2023-12-20
9103,609,50,728,26,2026-01-12
9104,836,14,100,105,2023-10-15
9105,7,59,545,59,2023-02-10
9106,577,23,56,131,2024-07-21
9107,824,59,682,131,2024-01-07
9108,529,40,447,124,2024-09-14
9109,161,29,136,90,2023-12-31
9110,30,35,364,24,2025-03-28
9111,563,35,172,26,2023-05-12
9112,658,31,419,72,2025-06-14
9113,834,17,82,48,2023-05-31
9114,589,45,163,109,2023-12-03
9115,842,33,595,53,2023-03-11
9116,579,26,407,110,2023-09-15
9117,218,11,288,102,2025-06-04
9118,565,55,69,52,2025-06-19
9119,752,58,169,104,2024-11-30
9120,565,72,322,86,2025-09-08
9121,796,11,401,30,2024-08-21
9122,190,78,87,135,2024-06-27
9123,346,10,283,119,2026-01-23
9124,299,63,303,150,2024-02-14
9125,728,58,654,32,2026-01-09
9126,954,66,728,96,2025-03-28
9127,728,8,36,21,2023-09-11
9128,904,74,674,132,2026-03-21
9129,96,20,731,40,2025-02-07
9130,988,26,316,116,2026-02-01
9131,760,56,534,62,2023-08-15
9132,462,3,737,39,2025-11-19
9133,513,54,588,25,2025-05-13
9134,810,31,278,32,2025-04-25
9135,731,63,384,139,2025-10-17
9136,743,44,540,23,2025-11-29
9137,347,62,141,137,2023-08-25
9138,716,16,688,88,2023-12-05
9139,767,55,747,70,2024-02-12
9140,354,16,429,124,2024-02-11
9141,474,17,604,63,2025-06-12
9142,892,13,186,64,2023-10-28
9143,594,74,713,48,2024-09-18
9144,590,30,102,129,2025-03-18
9145,669,21,113,123,2026-03-12
9146,1,12,480,83,2023-11-02
9147,434,12,654,23,2025-12-08
9148,191,13,422,135,2023-10-12
9149,376,7,577,122,2023-11-27
9150,896,15,693,52,2024-11-11
9151,729,69,294,44,2023-12-15
9152,893,44,473,101,2024-07-14
9153,393,53,292,100,2025-06-19
9154,908,39,794,120,2024-02-05
9155,232,79,89,52,2024-10-11
9156,464,12,506,102,2026-02-06
9157,293,17,305,66,2024-09-19
9158,425,77,380,142,2023-02-18
9159,453,53,96,111,2023-07-18
9160,788,29,449,56,2023-04-14
9161,152,35,232,105,2023-04-12
9162,180,73,152,52,2026-04-06
9163,67,27,221,148,2025-04-03
9164,706,6,240,137,2023-12-31
9165,848,78,102,116,2025-01-16
9166,489,48,348,143,2024-08-19
9167,778,8,149,80,2025-05-28
9168,96,61,15,37,2025-10-03
9169,306,28,96,55,2023-04-13
9170,141,23,290,66,2023-11-14
9171,795,18,363,74,2023-04-07
9172,221,35,344,49,2024-06-30
9173,194,6,706,41,2024-09-11
9174,884,14,127,86,2024-06-23
9175,76,32,584,30,2023-09-01
9176,633,78,503,100,2024-09-13
9177,57,48,725,37,2025-06-10
9178,443,53,39,64,2026-02-13
9179,761,15,314,55,2026-02-05
9180,787,71,628,95,2025-06-24
9181,158,15,514,112,2023-09-07
9182,323,39,412,119,2025-10-16
9183,369,42,730,61,2024-02-09
9184,689,43,377,129,2025-02-07
9185,925,41,541,87,2024-03-05
9186,753,61,613,127,2024-10-28
9187,910,80,602,98,2024-06-10
9188,22,47,33,45,2024-12-19
9189,280,28,134,122,2023-08-23
9190,758,25,671,86,2025-05-01
9191,442,9,732,93,2025-06-04
9192,432,49,775,135,2024-01-24
9193,973,73,706,100,2025-07-22
9194,910,48,501,86,2024-01-08
9195,456,35,772,93,2024-03-09
9196,896,15,151,103,2024-12-18
9197,891,48,558,93,2024-05-14
9198,639,53,311,31,2024-06-14
9199,110,77,168,68,2024-01-07
9200,267,79,452,55,2023-09-13
9201,133,73,33,35,2024-11-05
9202,287,43,91,101,2026-01-02
9203,513,27,643,80,2025-05-11
9204,50,31,300,120,2024-12-29
9205,965,14,125,102,2025-02-09
9206,235,76,76,134,2024-10-31
9207,77,38,743,70,2023-11-11
9208,303,59,211,48,2024-10-15
9209,43,7,177,90,2025-11-28
9210,445,48,485,115,2025-09-11
9211,808,24,544,124,2024-01-04
9212,537,70,457,90,2024-03-21
9213,90,4,289,76,2024-12-26
9214,654,28,22,58,2024-04-12
9215,31,42,116,53,2023-10-15
9216,624,20,114,127,2023-04-02
9217,261,28,179,44,2026-02-11
9218,226,3,194,114,2023-06-13
9219,145,70,155,116,2025-07-23
9220,355,40,343,102,2024-09-08
9221,804,1,640,74,2023-02-11
9222,785,21,25,84,2023-08-24
9223,371,17,671,32,2025-02-27
9224,552,12,222,37,2024-11-06
9225,115,64,308,36,2024-03-22
9226,493,11,47,126,2025-07-10
9227,175,80,711,133,2024-06-30
9228,540,29,269,73,2025-09-19
9229,122,80,55,93,2023-05-29
9230,168,72,743,134,2025-07-29
9231,73,65,129,63,2025-01-11
9232,297,9,672,128,2023-11-27
9233,356,13,87,50,2025-08-04
9234,461,4,316,52,2024-07-26
9235,706,38,63,82,2023-08-16
9236,357,45,439,92,2023-07-29
9237,93,72,617,58,2025-12-26
9238,173,39,754,119,2024-01-23
9239,367,49,131,103,2023-08-29
9240,999,25,589,22,2023-05-23
9241,563,40,81,96,2024-10-22
9242,26,15,352,112,2026-01-27
9243,797,14,224,97,2024-05-20
9244,821,43,530,62,2025-12-29
9245,795,9,324,88,2023-03-03
9246,243,48,419,75,2025-01-24
9247,899,26,404,46,2025-10-07
9248,569,49,368,124,2025-08-29
9249,548,37,611,91,2025-06-29
9250,229,22,87,26,2025-04-16
9251,615,40,576,51,2024-06-18
9252,485,23,584,136,2026-03-24
9253,693,80,11,55,2023-08-28
9254,33,46,701,74,2023-02-09
9255,377,61,410,108,2025-01-11
9256,676,4,197,108,2024-10-28
9257,540,1,363,95,2024-07-14
9258,630,25,340,36,2023-09-30
9259,53,76,189,109,2024-12-27
9260,378,25,511,145,2026-01-28
9261,153,23,731,99,2023-04-21
9262,734,5,243,145,2023-01-12
9263,794,12,644,67,2023-12-12
9264,781,61,132,121,2026-01-01
9265,754,25,321,29,2026-04-03
9266,743,27,349,88,2025-11-08
9267,738,60,90,144,2024-06-07
9268,907,18,271,117,2025-10-02
9269,675,5,394,101,2024-05-04
9270,404,7,237,127,2023-03-20
9271,826,58,172,47,2026-02-15
9272,863,54,535,54,2024-07-19
9273,407,47,465,64,2025-11-06
9274,156,47,723,143,2023-08-26
9275,666,56,409,41,2024-05-27
9276,13,46,350,131,2025-07-11
9277,585,7,400,61,2025-05-15
9278,264,56,495,65,2023-12-13
9279,356,75,756,146,2024-06-06
9280,929,23,736,85,2024-07-14
9281,400,34,514,102,2024-07-09
9282,786,73,375,78,2023-09-19
9283,461,2,512,140,2025-01-07
9284,392,32,75,64,2026-04-06
9285,505,66,153,135,2023-04-20
9286,982,57,89,26,2025-12-10
9287,418,54,747,146,2025-08-24
9288,93,2,469,123,2024-01-23
9289,622,17,504,116,2023-02-13
9290,690,59,447,86,2023-03-08
9291,178,45,775,51,2023-07-19
9292,708,26,445,93,2025-07-26
9293,443,21,208,59,2023-12-02
9294,686,47,455,85,2025-08-15
9295,416,33,773,117,2024-06-07
9296,463,73,118,39,2025-07-29
9297,834,38,544,74,2025-11-03
9298,41,73,722,89,2025-08-10
9299,965,22,277,86,2025-02-23
9300,678,5,610,51,2025-04-12
9301,619,22,700,148,2024-01-07
9302,952,39,9,94,2023-12-21
9303,797,40,9,26,2026-04-01
9304,398,10,459,29,2023-07-23
9305,886,77,439,144,2024-02-05
9306,161,2,765,97,2023-02-08
9307,280,74,253,70,2023-07-10
9308,485,4,551,134,2026-02-18
9309,136,31,462,129,2024-03-18
9310,575,73,708,103,2023-12-25
9311,684,28,671,54,2023-11-27
9312,264,71,21,147,2023-12-26
9313,668,72,763,63,2025-09-11
9314,402,76,788,125,2023-03-14
9315,161,4,408,132,2024-12-16
9316,867,31,764,91,2024-07-05
9317,714,79,742,95,2024-02-09
9318,985,7,554,24,2026-01-31
9319,377,3,134,49,2026-02-07
9320,93,6,519,23,2026-03-13
9321,963,74,646,62,2023-10-22
9322,672,63,26,90,2023-02-12
9323,751,58,467,29,2025-11-15
9324,601,54,73,31,2023-01-24
9325,452,50,570,138,2024-01-04
9326,766,71,726,114,2025-01-22
9327,932,26,447,28,2024-02-26
9328,597,3,298,87,2023-03-20
9329,280,39,260,119,2023-01-29
9330,29,5,592,138,2024-10-19
9331,219,46,127,137,2023-08-25
9332,181,76,677,119,2026-01-30
9333,303,12,693,45,2024-05-27
9334,497,20,279,133,2025-12-18
9335,374,34,614,62,2023-10-28
9336,967,9,45,82,2024-04-15
9337,785,39,662,99,2025-04-03
9338,815,74,67,150,2024-04-01
9339,245,54,202,93,2024-07-23
9340,20,21,47,134,2023-08-25
9341,97,73,776,33,2025-11-02
9342,661,39,372,141,2023-01-14
9343,685,66,447,66,2024-07-27
9344,507,36,436,20,2023-06-21
9345,204,39,479,64,2026-01-15
9346,312,28,282,38,2026-03-31
9347,784,41,557,123,2024-09-27
9348,555,25,423,25,2025-05-30
9349,376,75,500,132,2025-07-03
9350,538,63,444,47,2025-05-03
9351,682,11,702,35,2023-05-14
9352,544,53,215,145,2024-05-06
9353,899,36,78,66,2023-10-06
9354,857,40,74,49,2025-10-24
9355,214,16,338,86,2024-12-10
9356,195,17,340,136,2023-12-22
9357,28,28,33,41,2026-04-01
9358,809,50,464,28,2025-01-19
9359,96,63,262,147,2025-01-25
9360,337,52,99,63,2024-06-30
9361,659,63,96,117,2026-01-24
9362,710,61,764,136,2024-12-31
9363,733,8,520,125,2023-11-04
9364,556,68,206,33,2024-07-09
9365,173,9,723,117,2023-07-26
9366,533,55,785,48,2023-12-31
9367,180,27,783,73,2026-01-16
9368,732,13,298,141,2026-02-05
9369,315,14,61,58,2024-07-29
9370,495,65,65,130,2025-07-22
9371,991,79,758,103,2025-12-06
9372,665,62,424,106,2025-05-24
9373,35,51,661,82,2023-03-29
9374,970,52,668,124,2025-01-05
9375,29,48,97,68,2024-10-24
9376,151,19,53,150,2023-11-09
9377,829,64,505,88,2023-07-23
9378,443,39,776,146,2026-01-10
9379,986,53,386,65,2023-03-30
9380,492,37,574,78,2024-11-27
9381,642,56,144,39,2025-06-23
9382,874,31,594,134,2026-01-15
9383,941,58,479,48,2026-02-24
9384,772,27,45,84,2024-11-11
9385,914,58,579,103,2023-09-09
9386,841,48,718,56,2023-04-21
9387,376,72,410,116,2023-01-14
9388,788,39,233,116,2026-01-21
9389,961,64,300,44,2024-06-24
9390,751,41,129,93,2023-11-14
9391,4,9,757,92,2025-01-28
9392,222,20,572,102,2025-08-20
9393,733,78,271,129,2024-08-03
9394,616,30,614,37,2025-12-19
9395,971,27,180,75,2025-09-24
9396,36,19,334,89,2023-03-06
9397,563,41,364,79,2024-03-04
9398,466,77,643,118,2024-07-03
9399,847,28,681,47,2025-03-05
9400,912,29,421,35,2025-03-24
9401,957,76,263,100,2026-03-01
9402,148,73,120,20,2026-02-27
9403,868,42,345,118,2023-03-24
9404,472,37,153,135,2024-12-31
9405,335,11,680,63,2026-01-15
9406,718,66,750,63,2025-12-03
9407,490,18,674,20,2024-01-12
9408,841,24,623,58,2026-03-17
9409,957,19,711,113,2023-07-07
9410,623,79,398,35,2025-12-20
9411,95,19,245,147,2024-05-19
9412,232,80,60,133,2025-01-16
9413,927,39,574,67,2024-07-07
9414,820,48,794,77,2024-04-24
9415,473,51,715,92,2023-06-20
9416,173,64,625,23,2025-06-19
9417,394,35,724,130,2023-01-20
9418,224,49,603,72,2023-07-14
9419,445,66,752,68,2025-07-27
9420,516,8,635,104,2025-01-02
9421,59,58,34,78,2024-01-13
9422,172,47,155,41,2025-03-07
9423,42,54,509,42,2024-08-15
9424,978,72,772,113,2023-02-07
9425,706,57,80,44,2024-02-15
9426,379,23,213,95,2026-01-19
9427,385,6,244,80,2023-01-31
9428,962,27,353,142,2025-08-04
9429,840,56,542,53,2024-08-18
9430,867,3,127,144,2024-09-12
9431,120,1,247,97,2024-02-01
9432,385,69,487,108,2025-03-23
9433,901,6,18,110,2025-08-01
9434,253,33,617,129,2024-03-19
9435,292,75,20,96,2025-02-20
9436,559,79,686,150,2024-01-16
9437,172,40,302,129,2023-04-06
9438,162,42,101,101,2023-12-01
9439,925,57,98,90,2024-03-13
9440,656,67,58,31,2024-06-27
9441,424,33,200,31,2025-07-29
9442,552,19,605,130,2023-11-28
9443,397,42,605,21,2023-11-26
9444,268,12,784,150,2024-07-16
9445,368,15,620,21,2025-12-03
9446,721,31,373,138,2024-03-05
9447,282,65,774,122,2025-06-18
9448,485,24,466,83,2023-02-26
9449,352,3,57,129,2023-10-19
9450,107,68,323,110,2025-04-12
9451,500,41,251,35,2025-12-17
9452,553,72,205,136,2023-06-23
9453,949,79,139,27,2025-07-14
9454,298,50,117,50,2024-05-19
9455,693,12,618,126,2024-04-18
9456,181,26,367,127,2023-03-26
9457,702,14,666,137,2025-02-01
9458,384,25,327,28,2025-09-05
9459,88,62,280,31,2024-09-21
9460,850,23,648,90,2023-11-19
9461,175,8,94,22,2024-03-19
9462,698,40,429,137,2023-09-12
9463,477,26,260,112,2025-09-26
9464,911,65,6,120,2025-04-16
9465,137,9,738,149,2023-02-21
9466,510,47,145,106,2024-11-23
9467,361,57,196,46,2024-09-17
9468,933,49,314,76,2024-06-30
9469,350,9,746,54,2025-01-19
9470,912,30,296,74,2023-10-16
9471,443,39,438,55,2024-07-25
9472,988,49,596,77,2025-09-12
9473,139,67,356,75,2023-09-19
9474,987,14,288,122,2023-11-03
9475,391,18,77,61,2023-05-18
9476,426,45,602,142,2024-09-05
9477,867,78,603,48,2024-02-09
9478,547,69,534,45,2024-07-25
9479,818,6,311,80,2023-01-05
9480,604,4,359,144,2024-07-03
9481,781,56,211,109,2023-02-21
9482,421,70,698,137,2025-08-25
9483,608,32,546,132,2024-07-11
9484,628,22,282,50,2025-11-11
9485,864,38,7,34,2023-08-06
9486,410,3,280,28,2023-05-12
9487,526,18,512,133,2024-02-12
9488,197,59,351,50,2023-11-01
9489,306,61,93,76,2025-11-19
9490,341,27,492,26,2025-01-31
9491,25,5,478,41,2025-10-28
9492,123,23,370,27,2025-06-16
9493,1000,7,688,138,2024-06-20
9494,666,80,66,130,2024-08-03
9495,581,57,287,118,2023-11-19
9496,345,75,689,77,2025-11-19
9497,819,33,679,26,2026-04-09
9498,153,54,481,53,2025-06-15
9499,752,47,401,66,2025-07-04
9500,168,77,256,96,2024-01-30
9501,710,49,9,62,2023-06-16
9502,173,42,135,126,2023-11-08
9503,750,37,171,127,2023-11-12
9504,249,55,195,107,2024-10-03
9505,551,24,205,28,2025-03-30
9506,802,25,721,86,2023-08-01
9507,566,33,606,69,2025-10-06
9508,992,29,699,69,2023-09-24
9509,407,39,698,51,2023-03-19
9510,321,45,426,68,2024-08-19
9511,219,30,324,87,2024-10-02
9512,749,71,563,124,2025-04-19
9513,815,55,401,150,2025-01-12
9514,817,58,606,115,2025-11-28
9515,193,65,271,103,2025-09-28
9516,743,7,633,30,2024-12-10
9517,924,6,18,131,2025-06-12
9518,751,59,239,77,2023-08-31
9519,716,34,322,20,2024-09-06
9520,530,22,290,27,2025-01-14
9521,941,61,201,25,2024-10-15
9522,967,70,665,133,2025-05-30
9523,660,34,161,49,2024-06-28
9524,808,74,508,80,2023-10-06
9525,11,68,465,88,2023-11-20
9526,561,70,649,104,2026-01-03
9527,415,35,742,59,2023-02-27
9528,419,67,346,88,2024-02-22
9529,307,79,787,101,2023-04-20
9530,829,20,319,106,2024-12-15
9531,976,15,106,133,2025-07-23
9532,75,56,580,101,2023-02-07
9533,349,75,232,43,2025-04-01
9534,642,79,41,85,2025-11-21
9535,904,2,231,91,2023-01-07
9536,443,23,580,42,2025-11-19
9537,818,17,749,65,2023-03-23
9538,887,61,707,94,2026-02-01
9539,284,78,174,42,2024-12-08
9540,137,56,794,139,2024-06-30
9541,625,45,157,43,2025-08-27
9542,958,70,201,122,2024-03-26
9543,183,26,52,22,2023-05-31
9544,586,53,21,48,2025-12-28
9545,918,33,453,136,2026-01-19
9546,282,72,424,116,2024-02-08
9547,286,70,405,89,2026-01-11
9548,934,23,758,58,2024-12-05
9549,495,67,131,146,2024-03-19
9550,278,2,634,95,2026-02-09
9551,659,57,187,95,2025-06-03
9552,37,5,274,127,2024-01-06
9553,824,72,557,111,2024-06-14
9554,291,76,568,144,2024-06-04
9555,857,14,16,96,2025-03-26
9556,112,32,240,111,2026-03-28
9557,757,57,180,127,2026-01-02
9558,128,20,107,26,2023-08-09
9559,600,53,590,121,2025-06-21
9560,777,64,607,137,2026-03-05
9561,442,77,147,131,2023-01-10
9562,849,37,735,90,2023-04-13
9563,406,26,241,20,2023-01-27
9564,744,13,8,142,2023-05-01
9565,943,49,715,40,2025-09-25
9566,70,6,565,141,2024-10-05
9567,549,78,54,59,2025-02-26
9568,43,69,340,41,2023-10-07
9569,327,49,0,95,2025-04-01
9570,401,18,215,75,2025-08-10
9571,465,54,152,57,2024-08-29
9572,148,19,297,128,2025-11-30
9573,204,42,697,71,2025-07-30
9574,768,55,561,129,2025-02-08
9575,303,60,514,23,2024-04-25
9576,807,60,358,105,2025-02-15
9577,35,75,415,89,2025-01-12
9578,22,75,115,57,2024-10-31
9579,574,4,460,64,2023-05-23
9580,293,28,365,21,2025-01-20
9581,721,78,27,53,2025-09-01
9582,129,72,202,33,2025-08-26
9583,72,27,623,96,2023-01-17
9584,558,11,748,138,2026-03-10
9585,391,49,526,41,2025-05-22
9586,80,62,627,95,2023-02-11
9587,82,28,724,25,2023-07-18
9588,448,50,653,99,2024-04-07
9589,578,34,205,62,2025-10-04
9590,925,40,731,52,2023-04-21
9591,71,36,535,65,2023-01-28
9592,658,37,559,104,2025-05-25
9593,90,51,66,126,2026-01-23
9594,208,63,21,61,2024-02-15
9595,71,10,411,39,2023-02-12
9596,345,50,280,132,2025-10-16
9597,697,7,390,118,2026-02-07
9598,355,14,122,46,2023-04-12
9599,357,37,640,45,2023-12-21
9600,371,50,220,136,2024-11-11
9601,873,54,559,30,2024-02-24
9602,782,67,410,39,2024-12-17
9603,453,16,486,149,2025-01-12
9604,666,65,229,39,2024-09-24
9605,877,60,673,141,2024-01-09
9606,41,36,772,149,2024-05-09
9607,533,29,405,41,2025-04-11
9608,249,67,171,117,2024-07-28
9609,666,46,176,112,2023-05-19
9610,427,80,338,125,2024-07-24
9611,468,47,317,54,2025-09-13
9612,708,27,542,74,2024-06-07
9613,950,13,73,126,2025-11-10
9614,743,75,751,85,2023-12-23
9615,220,57,620,107,2025-04-20
9616,360,60,101,90,2024-12-22
9617,791,3,462,109,2023-06-14
9618,686,49,273,70,2024-09-21
9619,825,53,199,112,2023-04-09
9620,84,11,288,91,2024-01-10
9621,573,28,523,84,2023-10-09
9622,294,71,754,33,2025-07-23
9623,766,22,250,71,2025-09-18
9624,839,32,287,49,2023-02-26
9625,585,58,180,132,2023-02-19
9626,186,44,192,73,2023-06-03
9627,117,4,605,131,2023-11-30
9628,554,44,292,123,2024-11-02
9629,978,46,412,117,2024-08-22
9630,877,22,420,78,2023-12-02
9631,107,17,657,24,2024-05-03
9632,51,58,416,122,2026-01-12
9633,689,7,532,111,2025-09-28
9634,775,71,774,62,2023-03-16
9635,387,57,723,32,2023-05-29
9636,512,6,124,40,2026-01-08
9637,358,70,454,92,2024-10-02
9638,422,41,145,22,2025-05-03
9639,386,69,508,123,2025-04-26
9640,678,48,150,109,2024-04-05
9641,414,52,753,127,2025-05-31
9642,351,57,195,55,2023-01-10
9643,207,44,511,104,2024-10-27
9644,469,28,423,114,2026-01-04
9645,885,33,701,106,2024-11-29
9646,78,9,217,62,2024-04-23
9647,891,7,233,129,2023-02-23
9648,637,72,342,44,2023-03-24
9649,668,79,272,74,2025-09-09
9650,558,49,618,99,2024-05-08
9651,872,58,267,80,2023-03-06
9652,412,22,143,99,2024-06-05
9653,525,51,157,112,2024-07-14
9654,279,70,662,140,2024-07-13
9655,931,45,270,61,2025-06-04
9656,924,80,684,93,2025-02-20
9657,34,67,437,94,2023-07-01
9658,5,22,322,129,2024-12-06
9659,64,74,365,83,2024-07-13
9660,793,18,346,37,2025-02-03
9661,540,28,176,25,2025-01-14
9662,388,52,558,35,2023-02-03
9663,37,40,678,90,2024-06-26
9664,26,37,783,48,2025-01-12
9665,373,40,605,44,2023-03-05
9666,853,61,462,61,2023-05-04
9667,630,34,378,28,2026-04-02
9668,217,41,392,59,2024-08-23
9669,464,64,515,92,2024-09-03
9670,356,76,762,69,2025-06-02
9671,941,52,352,98,2026-03-31
9672,999,80,709,70,2024-04-04
9673,894,30,763,93,2024-03-04
9674,897,55,743,138,2024-02-09
9675,189,5,375,67,2023-12-12
9676,299,73,370,75,2025-07-31
9677,409,70,376,139,2026-03-01
9678,313,10,84,138,2024-06-21
9679,653,21,151,20,2026-04-06
9680,566,56,777,112,2023-11-05
9681,680,48,432,70,2023-05-07
9682,902,4,62,66,2024-01-17
9683,305,6,716,63,2025-12-09
9684,414,76,686,141,2024-09-05
9685,523,34,555,124,2023-01-28
9686,384,26,116,144,2023-03-05
9687,893,6,201,96,2026-04-01
9688,1,52,565,97,2025-12-01
9689,354,64,597,27,2024-04-10
9690,617,80,544,103,2026-01-29
9691,734,25,385,104,2024-09-10
9692,877,56,26,41,2025-01-13
9693,22,75,244,138,2023-07-15
9694,138,7,720,50,2023-04-22
9695,320,39,628,96,2025-04-02
9696,410,4,212,76,2024-10-05
9697,887,48,412,34,2025-04-26
9698,504,23,6,93,2024-01-08
9699,847,33,713,69,2023-10-11
9700,477,19,597,67,2023-10-29
9701,169,32,24,20,2023-12-28
9702,799,49,429,22,2025-04-17
9703,591,79,346,126,2024-06-27
9704,173,20,613,54,2023-09-25
9705,581,40,568,76,2024-08-07
9706,126,3,220,129,2025-07-15
9707,606,4,325,74,2024-02-05
9708,581,42,372,82,2023-01-21
9709,548,68,337,104,2025-01-01
9710,571,50,548,117,2026-02-02
9711,130,66,313,38,2024-04-21
9712,337,17,435,116,2026-03-26
9713,681,62,141,101,2024-09-18
9714,824,69,195,43,2025-07-05
9715,604,18,65,118,2023-10-11
9716,223,22,79,85,2025-08-29
9717,222,37,526,134,2026-01-15
9718,918,41,764,106,2025-11-30
9719,730,27,213,145,2025-07-10
9720,808,70,9,108,2025-06-09
9721,838,53,723,118,2025-11-06
9722,95,11,51,67,2024-05-21
9723,479,79,695,53,2026-02-10
9724,481,72,749,140,2024-08-16
9725,888,80,542,131,2024-09-29
9726,230,53,465,114,2025-06-02
9727,966,34,453,78,2024-07-11
9728,308,80,767,138,2025-06-25
9729,764,18,345,70,2023-12-19
9730,818,33,490,88,2023-05-21
9731,765,49,544,51,2026-03-08
9732,432,76,196,103,2023-01-30
9733,956,40,328,21,2025-10-20
9734,560,18,158,42,2024-02-01
9735,930,66,63,90,2024-07-28
9736,963,41,488,110,2025-07-24
9737,689,63,548,24,2023-01-03
9738,985,21,555,141,2024-03-07
9739,223,50,627,88,2026-03-31
9740,19,2,109,97,2023-05-09
9741,752,68,783,65,2023-10-04
9742,459,24,177,43,2023-07-10
9743,45,8,158,89,2023-07-26
9744,574,63,314,111,2023-08-15
9745,945,57,709,95,2026-04-15
9746,492,23,493,133,2023-04-15
9747,886,24,777,93,2025-06-23
9748,736,8,757,99,2023-09-20
9749,909,63,480,145,2024-05-21
9750,733,53,690,94,2025-05-23
9751,725,60,338,50,2023-03-04
9752,28,65,164,51,2024-05-30
9753,544,14,629,111,2025-07-14
9754,108,21,208,113,2024-05-06
9755,463,80,98,88,2024-01-15
9756,895,44,186,127,2025-11-28
9757,638,55,729,133,2024-04-24
9758,877,52,247,103,2024-11-22
9759,136,32,640,147,2025-04-10
9760,666,23,302,70,2025-03-05
9761,824,42,237,58,2023-03-12
9762,795,52,484,55,2023-12-21
9763,953,27,419,74,2025-11-04
9764,319,20,289,71,2023-01-06
9765,58,60,38,35,2023-04-16
9766,400,10,267,105,2025-05-20
9767,928,24,132,54,2026-03-20
9768,205,70,427,55,2023-03-01
9769,775,54,521,126,2026-02-28
9770,803,69,740,97,2024-09-01
9771,209,22,39,23,2025-06-06
9772,784,53,732,144,2024-12-27
9773,924,44,348,148,2026-01-21
9774,981,61,610,63,2023-06-23
9775,232,17,657,107,2025-06-22
9776,273,61,225,33,2023-03-09
9777,538,18,675,147,2026-04-12
9778,51,59,256,58,2023-02-15
9779,594,67,101,61,2023-08-13
9780,521,17,152,108,2024-03-20
9781,795,20,615,115,2024-11-22
9782,57,7,550,69,2025-02-09
9783,784,78,61,46,2024-11-27
9784,695,5,633,112,2025-05-20
9785,92,38,11,60,2025-12-03
9786,852,22,692,127,2024-07-02
9787,528,39,190,93,2023-01-20
9788,529,15,570,95,2026-01-01
9789,378,21,552,135,2023-02-26
9790,177,32,382,150,2023-06-26
9791,940,46,478,40,2025-03-18
9792,488,61,717,139,2025-03-05
9793,369,71,240,150,2023-12-03
9794,401,19,39,43,2024-07-15
9795,405,22,353,70,2025-08-11
9796,74,9,221,69,2024-10-29
9797,420,42,450,38,2023-12-17
9798,709,43,386,38,2024-08-07
9799,945,25,230,45,2023-11-01
9800,515,10,253,48,2024-10-15
9801,200,25,358,63,2023-04-23
9802,359,53,60,95,2024-09-08
9803,449,14,708,72,2024-04-12
9804,102,60,475,74,2024-10-20
9805,233,11,28,54,2026-03-05
9806,932,54,540,74,2023-01-10
9807,79,74,714,92,2024-02-20
9808,251,73,744,133,2023-09-16
9809,352,34,119,71,2024-11-14
9810,669,16,562,131,2025-09-25
9811,867,41,65,69,2023-07-28
9812,754,48,95,70,2024-02-01
9813,471,61,29,87,2024-03-02
9814,130,17,644,112,2024-11-23
9815,120,43,228,72,2024-02-15
9816,11,75,52,31,2025-09-26
9817,413,35,4,52,2025-11-09
9818,25,51,454,74,2024-11-10
9819,965,6,33,118,2023-05-28
9820,213,68,707,82,2023-11-14
9821,544,68,242,96,2025-01-27
9822,760,5,287,57,2023-04-22
9823,706,5,623,132,2024-06-06
9824,959,74,142,24,2023-01-02
9825,43,29,605,22,2025-10-08
9826,598,39,741,53,2023-08-25
9827,872,45,323,24,2023-07-05
9828,189,27,233,125,2026-02-25
9829,368,24,38,22,2026-01-26
9830,428,41,150,52,2024-04-07
9831,593,16,383,28,2024-03-29
9832,198,20,740,139,2023-11-04
9833,427,79,250,147,2023-04-20
9834,510,72,88,63,2025-04-19
9835,215,7,429,104,2025-03-10
9836,311,3,441,143,2026-03-22
9837,744,35,73,98,2023-03-28
9838,784,28,439,63,2024-02-14
9839,583,53,522,31,2023-08-11
9840,765,25,533,112,2024-03-31
9841,441,74,135,93,2024-09-28
9842,74,36,345,23,2025-05-23
9843,318,1,72,22,2024-02-01
9844,601,57,549,20,2025-08-10
9845,650,70,250,75,2026-01-04
9846,337,57,643,74,2024-08-13
9847,532,17,172,62,2025-01-17
9848,566,18,674,49,2023-07-02
9849,114,12,682,117,2025-02-02
9850,863,27,469,139,2023-07-13
9851,58,37,80,25,2025-04-27
9852,957,10,46,59,2025-04-26
9853,46,33,256,90,2023-01-23
9854,220,60,115,89,2024-05-31
9855,41,50,416,38,2025-09-30
9856,570,57,368,137,2023-04-29
9857,629,77,675,128,2024-12-03
9858,520,80,145,147,2024-06-03
9859,258,9,727,43,2023-03-25
9860,981,28,649,71,2025-08-16
9861,623,21,396,80,2025-06-03
9862,789,47,623,44,2025-01-28
9863,760,67,135,26,2023-10-03
9864,309,54,292,75,2024-04-07
9865,728,48,165,35,2024-12-12
9866,556,25,732,98,2025-12-05
9867,550,79,184,98,2023-01-15
9868,489,39,436,127,2025-08-31
9869,750,31,75,92,2026-01-17
9870,718,17,3,79,2024-04-14
9871,260,68,536,96,2023-03-10
9872,918,24,268,68,2023-06-27
9873,687,7,747,146,2025-01-15
9874,791,65,563,127,2023-02-07
9875,424,8,146,126,2025-02-21
9876,876,63,631,136,2023-02-10
9877,284,7,344,108,2023-07-20
9878,209,62,401,89,2024-01-10
9879,443,69,512,34,2026-02-27
9880,27,22,135,66,2024-08-20
9881,141,68,579,101,2025-06-22
9882,824,15,570,147,2024-02-19
9883,220,60,320,148,2024-08-21
9884,721,18,125,148,2024-10-18
9885,608,4,97,53,2025-07-01
9886,198,58,37,38,2023-01-25
9887,815,11,530,69,2024-12-12
9888,31,42,413,84,2024-07-01
9889,723,48,469,143,2023-05-13
9890,720,74,312,44,2023-06-04
9891,972,17,93,107,2023-01-18
9892,546,26,480,28,2023-12-15
9893,361,65,222,110,2025-08-01
9894,980,71,345,138,2024-06-21
9895,687,72,58,96,2023-06-09
9896,808,52,756,26,2026-02-21
9897,524,76,576,131,2025-07-11
9898,182,14,388,75,2024-05-16
9899,622,4,558,76,2025-02-28
9900,259,3,721,57,2024-02-08
9901,743,2,107,116,2026-04-13
9902,562,73,276,39,2025-03-04
9903,159,42,172,24,2024-12-06
9904,3,3,222,98,2023-01-04
9905,426,25,124,77,2023-09-19
9906,728,70,180,134,2024-03-29
9907,196,41,676,21,2023-10-05
9908,899,72,236,50,2025-12-07
9909,197,33,779,69,2023-11-07
9910,97,43,281,41,2023-03-07
9911,503,78,130,141,2026-04-05
9912,720,30,768,54,2024-04-19
9913,928,71,775,36,2024-07-14
9914,324,72,85,77,2024-05-13
9915,314,50,29,145,2026-02-12
9916,120,73,145,96,2024-01-10
9917,535,61,250,56,2026-03-10
9918,531,1,561,114,2024-11-29
9919,420,42,162,49,2026-02-19
9920,355,43,470,61,2025-12-13
9921,763,25,56,146,2024-06-18
9922,65,43,514,22,2024-05-16
9923,431,14,284,102,2025-04-03
9924,628,11,128,38,2023-03-10
9925,232,57,588,44,2024-10-13
9926,231,73,760,63,2025-01-12
9927,515,75,660,57,2025-04-02
9928,561,43,453,119,2023-01-20
9929,889,42,502,116,2025-12-18
9930,525,7,103,76,2025-12-17
9931,40,62,21,113,2025-06-20
9932,532,75,330,102,2025-05-19
9933,798,12,736,79,2024-09-14
9934,848,12,564,117,2024-12-13
9935,787,63,461,131,2024-07-19
9936,333,8,239,148,2024-05-06
9937,525,73,180,40,2024-09-25
9938,485,64,494,145,2023-02-01
9939,246,37,306,149,2024-06-10
9940,224,16,685,118,2023-10-16
9941,266,67,204,55,2026-03-01
9942,815,35,707,91,2025-10-24
9943,343,70,94,54,2025-03-04
9944,888,19,462,71,2025-05-23
9945,630,24,311,40,2025-11-08
9946,203,59,683,77,2025-10-28
9947,322,1,1,61,2023-11-14
9948,77,79,717,136,2024-05-16
9949,246,31,623,120,2026-01-04
9950,565,12,715,21,2023-09-12
9951,814,27,294,61,2023-01-12
9952,380,76,320,54,2024-11-07
9953,330,4,277,85,2024-10-23
9954,826,1,785,131,2025-02-05
9955,586,45,416,30,2024-04-21
9956,642,60,263,91,2023-05-17
9957,715,30,545,102,2025-01-12
9958,25,69,402,103,2024-04-27
9959,509,23,796,36,2024-07-24
9960,902,49,675,65,2024-06-15
9961,207,19,316,130,2024-05-08
9962,190,12,347,31,2023-10-11
9963,549,34,122,82,2024-08-08
9964,12,72,362,78,2025-01-21
9965,509,68,596,38,2024-11-03
9966,617,53,345,88,2023-07-14
9967,635,52,219,137,2023-12-05
9968,306,20,489,127,2023-01-07
9969,38,43,565,74,2025-11-10
9970,979,11,115,133,2025-02-24
9971,957,5,791,138,2023-12-04
9972,549,79,583,99,2024-06-27
9973,419,47,99,149,2024-04-11
9974,611,68,550,28,2025-05-31
9975,961,26,252,36,2024-05-25
9976,99,47,611,120,2026-03-18
9977,234,28,781,64,2025-03-22
9978,873,14,474,72,2024-11-11
9979,904,56,289,73,2024-07-02
9980,950,7,306,102,2025-09-19
9981,58,44,431,64,2026-04-02
9982,335,25,774,35,2023-12-27
9983,526,56,544,44,2024-11-04
9984,583,76,475,42,2025-05-19
9985,968,24,514,129,2024-12-24
9986,120,75,84,130,2023-10-21
9987,254,13,763,93,2025-02-08
9988,405,25,769,101,2024-06-14
9989,274,44,577,105,2024-02-03
9990,842,52,726,62,2025-12-15
9991,167,63,215,69,2023-02-15
9992,408,74,770,38,2024-12-09
9993,169,78,125,92,2026-02-14
9994,145,7,785,123,2023-12-03
9995,605,69,80,78,2024-05-11
9996,739,58,556,146,2025-11-12
9997,26,56,740,57,2025-01-24
9998,549,54,711,85,2023-10-09
9999,97,7,102,36,2025-04-03
10000,558,8,220,56,2024-07-10
10001,89,13,791,121,2023-08-25
10002,386,43,613,121,2023-11-01
10003,375,59,478,78,2025-02-17
10004,28,78,303,86,2024-05-09
10005,126,52,285,89,2025-10-26
10006,546,16,105,126,2023-03-11
10007,599,59,207,34,2025-01-02
10008,461,3,776,46,2025-03-10
10009,645,22,27,27,2023-10-05
10010,844,59,22,54,2024-02-26
10011,77,62,180,59,2023-08-14
10012,166,41,220,26,2025-08-07
10013,453,4,769,79,2025-06-04
10014,324,8,530,111,2024-02-22
10015,70,79,106,45,2024-07-12
10016,372,80,545,76,2025-09-06
10017,545,20,679,61,2023-01-03
10018,815,11,545,101,2026-02-07
10019,69,35,556,99,2025-10-22
10020,747,56,352,44,2025-05-02
10021,667,67,749,44,2023-04-20
10022,314,7,716,107,2024-03-19
10023,33,48,225,34,2024-11-12
10024,974,16,561,45,2024-03-07
10025,578,12,176,55,2023-08-23
10026,477,7,222,48,2024-11-04
10027,887,38,131,34,2025-02-18
10028,229,20,434,128,2023-11-21
10029,363,64,129,73,2023-08-14
10030,522,7,644,26,2025-10-29
10031,460,70,771,137,2025-02-10
10032,2,76,588,92,2024-01-02
10033,935,63,704,111,2025-07-14
10034,943,13,285,82,2025-09-01
10035,899,68,766,140,2023-06-18
10036,27,14,647,99,2023-10-06
10037,910,26,569,26,2023-02-24
10038,49,21,80,141,2025-05-24
10039,258,62,257,126,2024-12-23
10040,138,33,479,106,2023-05-11
10041,91,29,625,36,2025-04-05
10042,697,3,137,93,2024-04-25
10043,747,5,75,81,2024-08-16
10044,505,77,130,106,2024-11-12
10045,762,78,185,134,2023-11-21
10046,988,55,170,137,2025-11-29
10047,19,38,472,142,2023-06-24
10048,132,73,66,120,2025-02-14
10049,495,24,485,99,2023-08-10
10050,354,30,518,135,2023-07-27
10051,957,44,781,105,2024-01-30
10052,720,9,60,29,2026-02-16
10053,910,44,69,91,2024-03-15
10054,948,15,276,138,2025-09-27
10055,988,60,708,135,2025-10-09
10056,51,10,56,143,2024-05-27
10057,890,47,388,122,2023-09-23
10058,72,60,33,116,2023-12-20
10059,600,37,502,104,2023-03-01
10060,108,20,310,67,2024-11-15
10061,258,9,17,58,2024-12-22
10062,265,45,559,131,2024-11-27
10063,264,13,725,29,2023-03-12
10064,825,3,548,28,2025-01-23
10065,22,44,533,56,2023-05-09
10066,482,54,45,105,2023-04-07
10067,6,13,7,29,2023-04-17
10068,915,20,12,41,2024-11-05
10069,4,38,327,91,2023-01-24
10070,82,9,381,135,2024-03-29
10071,456,52,436,40,2024-03-26
10072,814,50,325,86,2023-09-05
10073,18,69,30,120,2024-09-15
10074,924,56,391,21,2024-05-16
10075,68,77,134,38,2025-03-11
10076,394,22,156,126,2024-09-09
10077,610,64,385,144,2026-02-22
10078,532,43,391,66,2023-02-13
10079,87,46,688,112,2025-02-15
10080,669,40,225,140,2023-12-10
10081,598,54,572,76,2023-01-30
10082,671,47,351,103,2025-09-06
10083,505,36,704,31,2024-05-20
10084,560,35,655,52,2024-04-11
10085,709,17,86,60,2026-04-15
10086,73,43,357,125,2024-09-13
10087,321,44,628,61,2025-09-10
10088,744,44,661,117,2025-06-11
10089,283,79,636,56,2024-02-18
10090,37,56,9,130,2023-07-15
10091,167,77,136,126,2023-11-19
10092,635,16,192,85,2025-08-09
10093,461,7,109,99,2024-02-27
10094,920,69,618,87,2026-01-24
10095,403,68,614,114,2023-03-27
10096,362,27,553,70,2025-05-23
10097,409,4,288,65,2025-07-25
10098,426,35,121,72,2025-10-12
10099,253,10,454,77,2023-03-08
10100,386,19,132,110,2026-02-24
10101,67,20,761,50,2026-04-02
10102,634,71,461,30,2025-11-29
10103,361,48,191,28,2025-07-22
10104,184,14,374,120,2024-04-05
10105,53,33,340,53,2023-10-23
10106,993,55,183,79,2024-12-18
10107,439,9,381,88,2024-05-28
10108,154,62,781,107,2025-07-26
10109,843,47,482,60,2025-12-05
10110,597,56,644,93,2024-02-03
10111,129,76,490,118,2026-03-25
10112,623,59,282,103,2025-08-09
10113,592,29,29,58,2024-06-22
10114,450,10,190,104,2023-10-06
10115,157,15,450,42,2025-03-16
10116,216,68,471,54,2024-11-14
10117,928,68,195,141,2025-11-05
10118,714,68,268,141,2025-03-06
10119,952,76,330,21,2025-10-21
10120,219,48,99,64,2024-01-10
10121,565,53,465,94,2023-11-22
10122,540,8,534,57,2025-12-01
10123,313,72,269,91,2026-04-09
10124,989,38,113,112,2023-12-15
10125,218,10,675,66,2025-09-10
10126,517,29,509,131,2024-01-25
10127,876,58,621,119,2023-12-02
10128,526,47,486,127,2023-06-08
10129,126,70,447,120,2025-03-28
10130,368,18,157,63,2024-03-11
10131,741,1,471,126,2024-12-22
10132,584,68,731,144,2024-02-12
10133,706,67,30,103,2026-02-27
10134,925,12,131,80,2023-04-24
10135,660,6,591,102,2024-06-27
10136,737,80,330,147,2024-01-16
10137,641,37,535,76,2025-10-06
10138,490,40,749,133,2023-06-07
10139,47,42,657,112,2023-06-07
10140,895,13,493,77,2023-05-13
10141,397,7,284,26,2024-11-09
10142,909,57,662,74,2026-04-15
10143,513,2,25,117,2026-02-09
10144,55,39,494,36,2025-05-12
10145,249,17,409,110,2024-08-20
10146,885,26,658,94,2025-01-29
10147,481,21,592,42,2024-02-07
10148,65,51,483,20,2023-10-17
10149,151,58,451,51,2023-05-20
10150,674,26,316,143,2025-10-11
10151,779,77,108,127,2023-04-06
10152,493,78,376,104,2024-09-12
10153,498,20,402,85,2024-04-10
10154,683,76,85,63,2023-12-17
10155,481,8,377,136,2025-07-09
10156,419,76,542,85,2025-06-26
10157,224,65,319,41,2025-06-24
10158,238,40,294,148,2025-09-06
10159,21,6,111,37,2023-02-12
10160,204,76,554,20,2024-03-11
10161,677,23,32,79,2023-10-11
10162,303,57,785,143,2024-04-09
10163,615,39,306,123,2025-08-22
10164,984,2,565,63,2026-03-06
10165,976,55,353,81,2024-05-08
10166,116,23,565,79,2024-05-05
10167,656,6,163,91,2024-01-05
10168,757,52,692,113,2025-05-26
10169,182,77,615,93,2024-06-27
10170,477,62,530,107,2023-06-29
10171,401,31,549,73,2023-10-03
10172,597,47,497,79,2025-04-21
10173,344,6,642,50,2024-12-18
10174,558,32,681,70,2026-04-11
10175,561,76,131,106,2023-06-03
10176,780,50,446,56,2025-01-30
10177,942,53,131,50,2023-08-13
10178,749,35,225,62,2023-11-14
10179,619,36,471,101,2024-05-06
10180,666,80,274,67,2025-06-09
10181,561,12,709,41,2023-12-13
10182,672,40,481,82,2023-12-18
10183,497,13,778,83,2023-08-20
10184,971,21,766,76,2023-11-23
10185,880,77,13,67,2024-03-12
10186,841,68,602,136,2024-11-06
10187,497,59,389,90,2025-03-31
10188,943,62,242,26,2023-03-05
10189,360,36,587,101,2023-10-23
10190,177,44,525,55,2023-08-24
10191,414,41,339,100,2023-09-22
10192,857,27,269,20,2023-07-21
10193,51,78,50,124,2023-04-19
10194,67,44,259,67,2025-08-24
10195,581,73,707,125,2025-04-28
10196,876,11,202,133,2024-05-21
10197,133,1,646,125,2023-11-06
10198,259,31,413,146,2024-05-08
10199,642,30,134,126,2023-03-06
10200,35,26,474,105,2023-06-29
10201,876,65,198,115,2025-08-24
10202,401,41,69,98,2025-12-14
10203,542,29,21,126,2023-02-13
10204,352,10,671,74,2023-06-27
10205,145,29,223,63,2024-08-19
10206,964,79,159,88,2024-07-08
10207,242,20,773,133,2024-05-06
10208,401,18,330,94,2023-01-16
10209,277,31,216,49,2026-03-05
10210,320,52,673,59,2023-12-30
10211,173,27,503,141,2024-10-25
10212,708,56,485,149,2025-06-12
10213,146,51,85,34,2025-01-21
10214,151,21,496,32,2024-01-15
10215,633,5,690,72,2024-09-18
10216,116,8,701,83,2023-12-13
10217,691,52,346,117,2024-07-06
10218,899,68,178,133,2024-05-19
10219,677,9,556,34,2023-06-08
10220,109,4,254,29,2024-07-27
10221,602,48,277,97,2024-04-20
10222,149,56,555,34,2025-06-30
10223,997,36,159,112,2023-10-12
10224,323,35,792,48,2025-05-30
10225,117,72,610,105,2023-08-01
10226,286,59,64,122,2024-07-07
10227,35,57,521,63,2024-08-13
10228,946,63,717,149,2025-03-22
10229,406,35,143,21,2024-11-01
10230,476,71,754,63,2023-03-14
10231,886,29,703,136,2023-11-05
10232,986,21,399,146,2025-12-01
10233,159,71,397,149,2024-10-17
10234,286,74,246,118,2023-08-02
10235,33,14,159,64,2025-08-01
10236,222,40,259,105,2026-03-07
10237,11,77,539,38,2025-12-09
10238,77,46,612,81,2025-06-09
10239,467,36,518,97,2024-08-19
10240,253,23,352,39,2023-11-13
10241,959,3,15,57,2024-11-22
10242,546,28,318,118,2024-02-08
10243,518,14,478,81,2023-11-11
10244,53,2,170,55,2025-01-19
10245,424,56,222,123,2024-06-28
10246,880,26,156,131,2023-04-15
10247,289,61,198,108,2025-01-18
10248,24,66,760,99,2026-03-01
10249,671,21,321,80,2026-01-20
10250,701,7,201,132,2023-08-23
10251,32,73,636,25,2025-06-04
10252,169,25,594,122,2024-09-06
10253,694,74,215,107,2025-02-08
10254,354,47,471,51,2025-01-21
10255,528,14,724,26,2024-01-18
10256,889,45,425,148,2026-03-20
10257,929,69,8,129,2025-07-09
10258,389,8,400,51,2023-10-30
10259,507,55,257,20,2024-11-06
10260,554,37,327,72,2024-05-23
10261,625,58,708,108,2023-02-01
10262,362,60,188,143,2023-06-03
10263,389,78,464,97,2025-08-30
10264,421,50,22,136,2025-02-28
10265,277,70,433,122,2026-02-13
10266,105,43,785,86,2025-08-05
10267,490,45,704,41,2024-05-12
10268,395,21,800,67,2024-12-25
10269,647,24,316,105,2023-12-19
10270,331,46,154,129,2025-11-30
10271,822,37,359,144,2023-09-24
10272,479,78,76,135,2025-06-26
10273,105,77,216,127,2023-02-28
10274,872,58,781,93,2024-08-13
10275,678,6,406,31,2024-07-25
10276,465,5,126,80,2023-05-17
10277,510,62,669,146,2023-09-15
10278,178,67,189,79,2025-07-15
10279,145,11,531,131,2025-11-01
10280,272,25,378,88,2024-12-06
10281,242,49,189,61,2024-04-22
10282,858,28,690,103,2023-03-28
10283,631,29,63,67,2024-12-01
10284,318,32,535,56,2025-10-08
10285,83,9,514,146,2024-04-12
10286,584,7,791,118,2025-06-28
10287,160,77,789,100,2023-12-29
10288,572,75,413,82,2025-03-21
10289,305,7,64,88,2024-08-31
10290,426,1,431,39,2025-07-08
10291,524,4,736,41,2023-12-10
10292,832,78,271,63,2024-01-11
10293,882,78,586,70,2026-03-26
10294,131,66,191,55,2023-10-01
10295,231,49,573,83,2024-01-03
10296,114,11,64,31,2023-02-12
10297,570,34,28,79,2025-12-23
10298,366,39,640,87,2023-06-06
10299,148,56,197,22,2025-09-29
10300,411,35,686,106,2023-09-04
10301,628,42,599,107,2024-11-26
10302,308,77,322,63,2025-11-04
10303,684,43,411,113,2023-06-27
10304,822,19,444,85,2024-06-13
10305,809,72,336,43,2025-01-22
10306,647,40,745,93,2026-01-16
10307,426,73,706,135,2025-05-01
10308,882,53,559,116,2023-03-28
10309,138,20,745,121,2025-04-23
10310,685,32,340,146,2023-03-17
10311,398,58,268,62,2023-01-14
10312,778,6,688,136,2024-12-06
10313,8,19,298,144,2023-12-24
10314,990,52,396,72,2023-10-20
10315,432,31,574,150,2024-01-07
10316,584,41,17,40,2023-08-11
10317,285,70,287,118,2025-11-16
10318,774,6,629,86,2023-02-15
10319,267,67,257,61,2024-03-10
10320,769,42,586,94,2023-04-08
10321,477,78,595,138,2024-03-31
10322,645,78,317,52,2024-12-28
10323,259,25,233,132,2024-04-02
10324,946,13,413,58,2025-10-04
10325,481,54,403,24,2024-09-04
10326,784,73,41,59,2024-10-11
10327,293,77,782,77,2025-12-07
10328,688,70,399,26,2026-03-02
10329,617,77,535,66,2025-03-01
10330,623,80,646,26,2023-02-26
10331,221,1,286,101,2025-08-29
10332,674,43,593,68,2026-03-09
10333,838,70,550,59,2024-01-04
10334,71,38,540,83,2023-06-13
10335,939,47,545,61,2023-05-02
10336,686,37,486,142,2023-10-26
10337,867,28,658,71,2023-08-09
10338,205,58,388,104,2023-08-07
10339,95,49,19,78,2026-01-13
10340,162,11,2,149,2023-03-25
10341,47,55,352,53,2024-07-18
10342,68,61,231,28,2025-06-15
10343,234,27,150,48,2026-02-06
10344,654,49,63,61,2025-07-08
10345,59,3,609,92,2025-03-02
10346,823,61,493,85,2024-05-18
10347,798,12,72,34,2024-11-12
10348,303,28,642,146,2025-03-22
10349,212,60,203,132,2024-12-31
10350,691,32,791,77,2024-02-15
10351,142,67,667,63,2025-03-11
10352,185,3,219,121,2026-03-15
10353,441,30,339,134,2026-01-10
10354,409,14,456,54,2025-01-24
10355,178,16,382,85,2024-06-21
10356,231,36,661,62,2023-09-02
10357,1,52,623,24,2025-11-07
10358,288,26,623,93,2023-08-23
10359,309,36,773,98,2026-01-04
10360,326,38,96,142,2023-02-10
10361,36,51,173,73,2024-06-18
10362,66,79,676,128,2025-06-04
10363,206,38,361,69,2025-02-06
10364,923,29,791,79,2024-07-15
10365,722,19,258,89,2024-12-07
10366,233,28,347,35,2024-04-06
10367,330,41,149,61,2024-07-19
10368,635,7,669,114,2023-10-21
10369,98,25,739,22,2023-03-15
10370,261,54,62,99,2025-05-03
10371,411,70,371,147,2025-05-12
10372,541,28,248,73,2024-08-17
10373,349,38,525,122,2025-07-17
10374,465,45,127,104,2023-12-30
10375,393,77,50,117,2024-05-21
10376,37,72,267,103,2024-12-04
10377,220,55,25,48,2025-08-04
10378,590,34,624,146,2023-06-08
10379,13,72,664,33,2023-11-23
10380,872,76,252,126,2023-08-29
10381,456,6,216,121,2025-03-15
10382,781,35,505,30,2023-11-11
10383,623,14,34,52,2026-03-26
10384,497,37,363,58,2025-08-26
10385,508,60,771,129,2023-09-28
10386,919,31,662,140,2024-06-12
10387,243,70,691,38,2023-09-06
10388,730,1,360,119,2025-09-14
10389,178,69,524,36,2026-02-07
10390,394,38,791,132,2023-07-28
10391,278,73,504,77,2025-04-04
10392,389,3,270,65,2024-09-09
10393,633,13,258,144,2024-02-21
10394,972,13,25,48,2025-06-29
10395,558,47,348,73,2026-03-11
10396,960,55,43,21,2024-06-07
10397,592,26,184,113,2024-12-26
10398,709,76,342,74,2026-01-19
10399,640,63,800,134,2024-03-25
10400,908,80,476,30,2025-02-07
10401,928,12,543,127,2023-01-06
10402,692,36,495,117,2024-11-11
10403,910,77,146,131,2024-11-20
10404,970,51,160,31,2023-01-19
10405,982,54,196,89,2026-03-18
10406,734,73,755,144,2023-06-18
10407,614,40,236,71,2024-05-03
10408,126,71,247,73,2024-07-17
10409,782,6,379,146,2023-04-11
10410,227,2,403,59,2024-05-31
10411,506,33,583,69,2023-02-02
10412,689,25,324,119,2023-01-29
10413,880,68,597,49,2026-03-10
10414,160,22,301,22,2025-06-09
10415,313,24,406,84,2023-12-09
10416,465,8,679,62,2023-06-19
10417,873,72,136,109,2023-07-23
10418,371,7,368,74,2023-12-28
10419,373,5,307,54,2024-09-15
10420,137,68,729,113,2024-11-25
10421,119,19,326,116,2025-12-11
10422,609,17,124,110,2023-02-12
10423,399,58,621,137,2024-04-29
10424,808,21,126,29,2024-11-27
10425,496,44,616,137,2025-11-27
10426,682,12,424,123,2024-01-27
10427,118,48,4,147,2024-11-02
10428,34,57,326,100,2023-05-02
10429,834,57,173,74,2023-04-14
10430,627,16,194,88,2024-12-28
10431,254,58,381,71,2024-04-16
10432,328,20,238,102,2024-10-02
10433,769,17,195,31,2025-01-25
10434,925,78,426,30,2023-03-13
10435,225,16,152,143,2023-10-06
10436,617,48,80,98,2025-09-09
10437,644,46,205,106,2024-08-22
10438,438,18,314,83,2025-03-03
10439,907,1,199,105,2023-08-29
10440,95,37,674,64,2024-05-06
10441,22,32,359,125,2024-02-23
10442,654,50,704,118,2023-07-28
10443,885,69,289,91,2026-03-22
10444,290,78,790,94,2025-02-06
10445,238,56,636,46,2023-03-29
10446,992,1,165,48,2025-08-03
10447,246,17,34,81,2023-11-24
10448,279,70,684,36,2024-12-05
10449,515,8,343,35,2024-03-15
10450,864,29,357,86,2025-04-25
10451,364,47,312,113,2024-05-25
10452,885,36,447,79,2023-11-09
10453,429,68,500,23,2023-06-02
10454,248,71,505,139,2023-04-07
10455,118,70,320,21,2025-09-09
10456,719,42,284,74,2025-11-16
10457,294,57,407,46,2023-03-23
10458,286,50,67,134,2023-03-15
10459,208,57,566,40,2024-10-09
10460,510,79,91,127,2026-01-28
10461,718,5,669,139,2026-01-16
10462,104,11,114,59,2025-04-10
10463,202,20,540,144,2023-07-06
10464,266,16,447,78,2023-03-22
10465,95,12,253,112,2024-07-20
10466,921,67,799,34,2024-06-20
10467,333,77,122,33,2025-03-25
10468,268,23,165,71,2024-03-31
10469,906,75,763,47,2026-02-10
10470,332,1,445,33,2024-09-09
10471,669,60,449,78,2025-09-01
10472,261,36,361,132,2024-08-25
10473,651,27,661,71,2023-12-28
10474,544,74,585,27,2025-11-15
10475,17,50,165,93,2023-03-08
10476,47,24,359,131,2023-11-12
10477,975,21,202,137,2025-06-30
10478,129,1,323,38,2023-08-29
10479,214,8,152,83,2024-05-04
10480,649,17,648,109,2023-04-05
10481,332,9,284,131,2025-02-23
10482,507,59,72,53,2025-07-21
10483,371,46,110,125,2024-09-05
10484,456,35,607,138,2025-11-26
10485,758,2,567,75,2023-02-07
10486,420,1,186,149,2023-07-02
10487,876,46,477,50,2025-06-11
10488,935,33,462,138,2025-11-23
10489,606,53,591,100,2023-06-22
10490,768,22,57,110,2024-11-03
10491,684,58,282,73,2023-03-03
10492,838,70,442,64,2023-04-08
10493,399,64,441,143,2024-05-15
10494,807,76,390,87,2025-05-09
10495,184,57,3,85,2026-02-22
10496,4,21,553,125,2023-11-12
10497,132,50,120,109,2024-11-22
10498,482,52,146,30,2024-05-26
10499,72,17,73,96,2023-02-05
10500,115,11,416,123,2024-09-05
10501,18,17,64,97,2023-09-25
10502,171,74,309,47,2024-08-11
10503,541,75,479,146,2024-06-17
10504,799,57,23,111,2023-07-05
10505,778,67,440,60,2024-12-11
10506,808,71,770,59,2025-11-04
10507,239,32,186,57,2024-08-08
10508,309,41,69,107,2024-11-19
10509,196,72,157,125,2024-04-21
10510,732,19,730,40,2024-05-28
10511,891,78,538,83,2023-12-22
10512,843,25,540,46,2024-10-14
10513,194,35,423,125,2024-11-04
10514,488,26,378,98,2024-04-25
10515,593,7,533,123,2024-01-09
10516,718,57,309,71,2023-06-02
10517,974,48,63,94,2023-07-29
10518,321,14,652,92,2025-02-25
10519,392,18,262,37,2025-10-02
10520,516,34,34,70,2026-03-25
10521,268,41,697,37,2025-11-04
10522,67,54,639,126,2024-10-14
10523,919,14,639,56,2025-08-06
10524,751,79,42,119,2024-01-01
10525,869,63,649,30,2026-02-16
10526,562,68,33,107,2025-05-20
10527,839,2,226,38,2025-03-10
10528,738,66,522,70,2026-01-13
10529,610,37,140,26,2023-06-06
10530,814,62,469,135,2024-11-01
10531,700,3,135,129,2024-12-04
10532,18,77,361,30,2025-07-27
10533,297,55,267,100,2025-08-22
10534,401,40,467,44,2024-08-13
10535,16,66,180,147,2023-01-03
10536,527,57,499,25,2023-06-23
10537,778,35,152,87,2023-11-10
10538,596,15,373,32,2023-10-12
10539,296,26,792,28,2026-01-02
10540,166,3,202,87,2026-03-02
10541,442,8,176,63,2024-11-30
10542,239,53,191,139,2024-07-11
10543,222,32,793,150,2025-12-21
10544,585,52,553,39,2023-04-10
10545,425,50,6,137,2024-02-07
10546,217,24,220,74,2025-12-14
10547,518,6,798,32,2023-09-24
10548,584,23,707,33,2025-09-11
10549,856,79,13,68,2025-01-16
10550,40,53,712,42,2024-01-22
10551,490,36,35,37,2023-09-10
10552,992,70,467,56,2023-04-21
10553,868,16,218,120,2025-02-01
10554,630,64,443,121,2023-08-17
10555,504,5,77,101,2025-07-31
10556,657,77,735,36,2025-05-19
10557,86,79,97,146,2026-01-18
10558,353,31,485,74,2024-10-30
10559,488,6,190,113,2023-09-08
10560,525,49,759,86,2024-07-07
10561,254,14,404,37,2025-09-20
10562,427,5,202,42,2023-11-08
10563,595,18,609,87,2026-02-22
10564,976,11,718,92,2025-02-01
10565,831,79,451,45,2024-02-10
10566,228,48,18,130,2026-02-05
10567,168,13,475,148,2023-04-08
10568,192,63,772,117,2024-06-20
10569,235,28,691,92,2026-02-15
10570,923,39,342,87,2023-04-16
10571,882,48,792,45,2026-02-25
10572,570,48,562,23,2023-04-24
10573,715,42,546,88,2024-09-16
10574,12,55,637,29,2023-01-06
10575,277,13,800,121,2024-03-18
10576,197,58,360,98,2024-04-05
10577,286,67,93,40,2023-06-12
10578,464,42,749,22,2023-10-16
10579,857,60,31,58,2024-05-09
10580,704,75,220,136,2023-03-26
10581,539,49,353,42,2026-02-24
10582,174,65,66,79,2024-10-15
10583,52,59,253,85,2025-06-29
10584,976,18,51,93,2025-01-02
10585,846,57,120,122,2024-10-08
10586,102,20,354,36,2023-12-11
10587,753,32,494,77,2025-06-24
10588,535,56,666,41,2024-06-26
10589,67,5,277,117,2025-05-15
10590,889,2,90,81,2023-10-07
10591,637,53,178,79,2025-04-28
10592,975,15,762,99,2023-04-29
10593,538,47,385,82,2025-10-25
10594,440,13,253,25,2023-02-12
10595,10,36,420,42,2025-06-23
10596,425,18,340,61,2023-05-17
10597,552,61,441,97,2025-06-17
10598,983,79,32,109,2023-06-15
10599,409,40,60,115,2025-11-29
10600,627,16,181,22,2023-12-22
10601,344,28,7,114,2024-05-12
10602,312,21,487,75,2024-03-15
10603,509,32,253,103,2024-07-26
10604,560,80,135,108,2023-06-13
10605,339,33,514,45,2024-04-07
10606,141,29,648,120,2023-06-09
10607,280,36,606,144,2025-12-06
10608,502,31,799,134,2023-01-28
10609,433,68,608,42,2024-12-13
10610,63,8,309,101,2026-01-13
10611,896,51,506,112,2023-03-07
10612,174,27,611,119,2024-08-13
10613,452,58,263,28,2025-01-03
10614,728,53,373,140,2023-03-29
10615,467,79,744,34,2025-04-21
10616,208,5,701,148,2026-01-24
10617,615,43,278,142,2023-05-28
10618,944,46,658,87,2025-05-11
10619,311,72,702,41,2023-09-27
10620,401,10,444,83,2023-01-01
10621,621,26,531,143,2023-05-20
10622,582,78,7,117,2024-06-29
10623,620,79,317,144,2026-01-05
10624,2,7,453,70,2023-05-09
10625,526,53,501,89,2025-05-06
10626,643,28,647,120,2024-02-14
10627,837,27,558,94,2023-03-20
10628,19,39,270,138,2025-07-13
10629,892,62,375,136,2025-07-10
10630,801,5,614,136,2023-12-07
10631,671,77,476,20,2024-02-12
10632,555,66,414,72,2023-01-07
10633,36,49,181,114,2024-03-17
10634,994,68,307,149,2024-10-08
10635,210,24,747,96,2024-11-14
10636,671,62,376,150,2023-12-29
10637,845,40,588,121,2025-01-13
10638,213,50,548,108,2024-06-06
10639,890,38,261,138,2025-03-20
10640,925,25,454,80,2023-09-23
10641,616,45,637,113,2023-10-19
10642,784,61,227,149,2023-07-17
10643,980,44,322,72,2026-03-04
10644,685,71,562,62,2025-06-23
10645,266,47,615,21,2023-10-09
10646,866,58,731,136,2024-04-11
10647,775,55,712,137,2025-05-24
10648,808,12,564,43,2024-11-03
10649,793,44,501,38,2026-01-02
10650,288,46,286,116,2025-07-20
10651,208,41,287,95,2023-04-11
10652,927,51,756,23,2024-04-19
10653,13,22,574,117,2025-12-10
10654,918,41,131,140,2023-08-04
10655,790,65,757,121,2023-02-09
10656,896,52,798,65,2024-03-26
10657,674,60,747,66,2024-11-16
10658,305,30,419,124,2025-11-21
10659,896,58,403,37,2024-07-31
10660,758,17,159,87,2023-01-11
10661,108,16,259,123,2024-04-20
10662,691,55,206,112,2023-11-08
10663,653,77,488,141,2023-11-23
10664,502,26,403,40,2025-02-03
10665,898,37,741,150,2026-04-08
10666,535,36,150,98,2024-12-27
10667,237,2,607,140,2024-05-21
10668,283,19,46,61,2026-02-27
10669,570,63,685,77,2024-08-02
10670,795,26,639,149,2024-10-07
10671,729,41,216,131,2024-04-25
10672,24,79,225,74,2023-12-02
10673,506,50,486,23,2025-05-22
10674,579,31,150,118,2025-02-24
10675,964,72,173,21,2023-08-16
10676,914,78,21,123,2025-08-16
10677,965,49,317,37,2024-07-10
10678,354,20,248,67,2025-07-12
10679,404,20,13,79,2026-02-06
10680,979,60,696,67,2025-08-17
10681,999,35,94,50,2025-10-04
10682,199,32,68,85,2023-03-22
10683,208,26,453,63,2024-04-01
10684,134,5,17,89,2025-11-15
10685,768,17,668,119,2025-02-15
10686,91,70,25,58,2023-09-24
10687,585,32,137,126,2026-04-03
10688,934,54,377,115,2025-11-22
10689,273,12,687,120,2025-12-25
10690,498,12,588,78,2024-10-23
10691,183,79,3,20,2025-07-22
10692,18,68,415,22,2024-07-15
10693,775,77,481,141,2024-06-10
10694,433,50,532,127,2024-03-17
10695,958,74,678,47,2025-05-21
10696,236,39,443,101,2024-01-30
10697,438,67,82,22,2025-03-18
10698,75,12,204,137,2025-01-09
10699,607,63,672,52,2023-02-19
10700,866,35,517,128,2026-03-15
10701,534,42,643,41,2025-09-20
10702,848,62,416,23,2025-06-23
10703,181,20,222,113,2023-07-28
10704,576,19,413,77,2025-07-01
10705,157,58,204,97,2023-09-23
10706,483,6,683,139,2026-03-22
10707,240,30,274,145,2025-04-18
10708,63,30,616,99,2023-07-16
10709,851,72,51,23,2026-01-24
10710,640,54,244,144,2025-12-09
10711,329,46,13,91,2024-12-03
10712,428,62,394,32,2023-03-06
10713,349,15,420,82,2025-04-20
10714,180,38,694,42,2026-03-12
10715,299,73,498,82,2024-04-04
10716,439,75,429,123,2023-07-09
10717,147,63,441,109,2023-07-23
10718,967,69,1,84,2025-01-09
10719,577,65,417,100,2025-05-06
10720,903,45,284,102,2025-03-16
10721,176,54,472,78,2025-08-14
10722,288,17,743,53,2025-10-25
10723,255,78,22,103,2025-07-08
10724,738,44,460,97,2025-02-19
10725,8,20,74,33,2023-08-17
10726,657,76,386,94,2025-02-05
10727,389,25,240,92,2024-02-21
10728,847,18,336,150,2026-03-03
10729,285,75,608,41,2023-06-05
10730,780,40,636,93,2026-01-07
10731,708,29,429,84,2024-10-14
10732,231,76,448,71,2023-02-26
10733,729,61,580,114,2023-11-18
10734,897,58,725,138,2024-02-04
10735,49,2,533,150,2023-09-07
10736,757,79,226,149,2023-08-02
10737,98,62,720,149,2023-01-09
10738,42,71,355,58,2024-10-08
10739,138,39,258,109,2023-01-21
10740,323,19,433,42,2024-09-21
10741,529,29,696,36,2025-04-02
10742,787,17,580,58,2025-10-25
10743,867,80,425,50,2024-12-22
10744,480,17,134,65,2023-01-31
10745,837,68,152,90,2024-02-11
10746,724,53,568,71,2023-10-08
10747,465,36,389,61,2024-11-26
10748,907,5,526,37,2023-03-30
10749,534,42,22,91,2024-10-24
10750,580,35,122,53,2023-10-29
10751,422,67,564,114,2023-01-12
10752,299,67,81,126,2025-10-17
10753,868,12,392,130,2025-10-11
10754,575,3,548,146,2025-07-23
10755,389,40,743,118,2024-02-20
10756,307,20,588,109,2023-08-15
10757,109,28,519,107,2025-12-22
10758,379,26,744,125,2024-02-11
10759,584,63,634,110,2023-10-15
10760,790,14,315,106,2023-12-16
10761,691,46,51,62,2024-04-23
10762,264,41,12,24,2025-05-14
10763,951,46,668,72,2023-10-03
10764,27,51,74,63,2024-12-03
10765,348,10,452,70,2023-09-06
10766,103,61,9,50,2025-08-12
10767,259,40,202,143,2025-06-19
10768,473,33,786,94,2025-08-19
10769,680,14,672,61,2025-07-09
10770,357,53,138,115,2025-12-31
10771,417,42,541,52,2024-12-13
10772,333,10,92,140,2023-11-11
10773,543,19,614,70,2024-09-07
10774,733,54,125,76,2023-02-04
10775,227,18,780,30,2024-01-05
10776,816,49,699,98,2025-10-15
10777,595,50,606,64,2025-12-26
10778,457,65,488,127,2024-04-19
10779,275,18,404,28,2024-02-05
10780,285,52,532,80,2026-04-11
10781,607,25,758,81,2026-03-05
10782,158,38,342,133,2025-11-05
10783,646,57,670,31,2024-02-16
10784,203,19,483,28,2023-11-20
10785,432,25,29,58,2023-07-14
10786,918,57,32,141,2025-01-25
10787,949,30,651,128,2026-03-15
10788,867,18,363,77,2023-07-28
10789,323,29,7,32,2024-09-10
10790,372,30,313,95,2024-09-27
10791,932,36,716,82,2024-09-07
10792,214,76,7,105,2024-10-26
10793,962,64,651,30,2023-12-28
10794,783,65,591,149,2024-12-31
10795,607,73,154,122,2024-11-16
10796,480,72,245,72,2024-09-05
10797,473,46,478,102,2024-10-05
10798,13,38,392,56,2024-06-14
10799,133,35,555,143,2025-02-01
10800,410,35,798,41,2023-07-11
10801,696,55,619,110,2025-01-07
10802,882,76,74,59,2024-12-13
10803,519,44,478,22,2024-09-29
10804,202,59,554,61,2024-09-01
10805,147,17,0,27,2023-07-08
10806,891,32,744,79,2024-05-04
10807,530,15,731,118,2024-02-17
10808,994,21,524,128,2023-11-19
10809,270,48,625,117,2024-06-27
10810,560,31,154,83,2024-09-16
10811,620,77,181,34,2025-07-09
10812,130,74,492,97,2025-03-06
10813,762,77,55,55,2025-07-11
10814,261,16,313,42,2024-01-31
10815,295,77,341,114,2026-02-27
10816,955,28,85,68,2024-12-09
10817,493,33,779,96,2025-06-23
10818,900,2,227,110,2026-02-20
10819,511,31,490,126,2024-12-04
10820,471,24,111,127,2023-05-12
10821,631,51,642,149,2024-12-25
10822,193,62,534,131,2024-04-02
10823,862,19,551,55,2025-02-28
10824,498,71,606,83,2025-12-21
10825,851,9,9,127,2024-04-08
10826,636,19,715,138,2024-10-02
10827,239,80,668,47,2024-02-13
10828,248,62,718,37,2023-05-21
10829,492,67,152,26,2024-02-27
10830,153,8,538,114,2025-10-05
10831,622,19,589,65,2025-12-17
10832,568,74,550,119,2024-01-02
10833,455,51,462,24,2025-01-26
10834,591,38,173,141,2023-01-11
10835,341,10,686,130,2023-07-13
10836,636,17,424,30,2026-02-22
10837,487,34,171,44,2025-06-04
10838,427,77,604,115,2023-02-19
10839,99,10,56,148,2024-01-03
10840,604,9,721,22,2025-07-12
10841,960,38,476,58,2023-01-04
10842,106,10,322,145,2025-03-29
10843,701,53,151,101,2025-07-22
10844,339,12,47,134,2023-12-02
10845,688,2,509,127,2024-11-03
10846,599,59,321,139,2024-04-02
10847,934,25,89,27,2023-08-30
10848,793,65,619,37,2024-11-20
10849,937,20,413,109,2024-01-06
10850,276,11,769,117,2023-09-21
10851,941,37,126,146,2025-04-09
10852,523,72,493,120,2025-07-06
10853,983,1,15,109,2025-07-20
10854,780,40,456,62,2023-08-30
10855,472,33,773,22,2025-02-01
10856,269,6,378,20,2026-03-23
10857,246,24,456,20,2023-03-04
10858,696,27,180,41,2025-10-19
10859,642,66,198,114,2024-08-04
10860,975,73,680,83,2024-07-19
10861,73,27,519,135,2023-08-06
10862,74,45,446,149,2026-04-07
10863,284,26,651,120,2023-11-27
10864,966,9,431,42,2023-12-20
10865,149,28,474,55,2023-03-21
10866,465,9,327,44,2023-06-06
10867,620,69,161,84,2023-05-01
10868,291,34,614,62,2026-01-06
10869,58,60,627,92,2023-10-02
10870,793,42,513,97,2026-04-09
10871,450,59,517,91,2023-01-09
10872,765,48,10,69,2024-12-18
10873,875,31,687,89,2026-01-24
10874,96,35,789,45,2023-03-29
10875,701,41,231,98,2023-09-11
10876,682,7,393,84,2025-07-25
10877,234,4,444,109,2026-01-04
10878,517,22,752,97,2023-05-05
10879,814,5,360,147,2025-07-27
10880,954,64,482,74,2023-05-22
10881,677,3,277,54,2024-06-16
10882,1,22,37,105,2023-12-03
10883,95,9,377,35,2024-10-11
10884,486,31,756,51,2023-07-11
10885,430,68,20,29,2023-11-22
10886,658,45,126,150,2025-12-22
10887,283,25,552,46,2026-03-07
10888,854,36,153,121,2023-05-07
10889,669,15,38,96,2023-03-30
10890,515,69,390,146,2023-08-14
10891,817,41,729,61,2023-12-11
10892,658,18,419,58,2025-08-22
10893,258,69,286,94,2024-03-20
10894,996,39,318,100,2023-11-02
10895,837,3,336,22,2024-08-07
10896,326,60,606,118,2024-12-30
10897,976,4,380,84,2025-08-12
10898,781,19,169,27,2025-12-06
10899,55,24,613,110,2023-06-01
10900,547,20,534,71,2023-11-29
10901,435,9,19,77,2024-05-14
10902,740,29,633,64,2026-02-23
10903,392,75,568,33,2025-10-02
10904,325,42,680,140,2025-01-12
10905,959,22,660,102,2023-04-02
10906,269,28,83,92,2025-12-14
10907,761,77,66,107,2025-10-16
10908,421,14,153,131,2025-12-07
10909,407,58,566,111,2024-08-02
10910,803,63,452,147,2023-12-27
10911,653,1,304,75,2024-12-19
10912,564,63,774,34,2024-07-22
10913,463,66,344,124,2024-10-02
10914,361,74,524,125,2024-03-20
10915,644,31,765,47,2023-12-03
10916,841,30,482,47,2024-05-14
10917,669,52,309,145,2024-01-22
10918,962,10,135,34,2023-05-27
10919,644,55,127,43,2024-08-14
10920,821,6,114,59,2025-08-29
10921,471,20,279,30,2023-02-24
10922,72,69,347,121,2025-05-24
10923,47,57,108,39,2026-01-03
10924,445,11,238,79,2023-01-23
10925,875,60,617,71,2024-08-14
10926,787,10,487,24,2025-09-29
10927,809,36,2,123,2023-07-08
10928,543,6,748,33,2025-03-26
10929,190,71,397,26,2025-01-06
10930,461,16,297,46,2025-06-20
10931,327,71,436,125,2025-12-01
10932,902,44,23,65,2025-10-19
10933,771,8,273,108,2024-10-23
10934,939,26,538,77,2024-03-12
10935,244,36,419,120,2025-08-11
10936,250,42,110,47,2023-08-18
10937,667,37,389,73,2023-08-25
10938,802,8,664,49,2024-04-14
10939,507,41,405,68,2023-04-21
10940,111,53,537,113,2024-12-01
10941,909,45,367,29,2024-02-12
10942,836,28,610,104,2025-10-11
10943,605,29,357,86,2025-05-21
10944,909,45,354,121,2023-03-18
10945,864,27,529,85,2024-11-09
10946,660,29,315,36,2025-02-11
10947,139,59,763,45,2026-04-15
10948,167,72,36,81,2023-01-29
10949,799,8,17,65,2023-09-01
10950,283,19,44,37,2023-03-03
10951,929,33,510,35,2024-07-14
10952,741,69,350,66,2024-07-29
10953,201,5,782,139,2026-02-26
10954,936,54,275,51,2025-05-03
10955,920,38,750,88,2023-12-17
10956,956,58,591,41,2024-01-09
10957,248,27,321,135,2025-04-08
10958,610,79,681,109,2026-01-06
10959,992,52,110,104,2023-10-19
10960,840,59,614,75,2023-08-12
10961,953,32,766,130,2025-08-23
10962,877,75,500,150,2024-09-08
10963,683,53,39,21,2026-02-23
10964,484,56,654,98,2025-10-09
10965,199,67,653,134,2024-02-02
10966,775,30,514,58,2023-07-21
10967,800,54,262,134,2026-02-11
10968,417,21,65,27,2024-09-05
10969,664,75,309,50,2025-06-27
10970,397,70,292,29,2026-01-26
10971,987,46,53,59,2025-06-05
10972,137,74,212,117,2025-06-26
10973,184,59,288,45,2023-07-22
10974,873,37,9,45,2024-06-14
10975,428,35,499,36,2024-11-01
10976,711,1,793,144,2023-08-20
10977,441,46,436,137,2025-11-09
10978,790,15,720,126,2024-08-23
10979,134,37,587,103,2024-06-01
10980,686,73,564,91,2024-09-03
10981,884,45,150,137,2025-05-30
10982,836,9,422,42,2023-04-07
10983,612,33,74,137,2025-05-22
10984,756,57,655,42,2026-02-06
10985,412,21,393,66,2025-10-30
10986,1,61,327,31,2025-07-18
10987,853,74,749,119,2025-08-22
10988,304,34,739,80,2024-08-21
10989,998,56,290,135,2025-09-23
10990,410,48,733,65,2024-07-29
10991,900,38,550,56,2023-04-10
10992,178,45,795,109,2024-06-24
10993,184,57,645,32,2026-01-08
10994,475,70,427,89,2025-03-02
10995,778,77,33,112,2023-07-21
10996,860,34,204,69,2025-02-25
10997,587,71,374,64,2024-11-21
10998,920,26,268,33,2024-12-04
10999,210,6,77,109,2025-07-10
11000,690,30,70,114,2026-02-15
11001,594,23,720,21,2026-02-14
11002,139,68,691,45,2023-07-01
11003,682,78,144,122,2026-03-30
11004,262,6,696,60,2023-11-12
11005,535,60,277,105,2023-01-20
11006,474,19,434,95,2024-06-11
11007,869,74,53,135,2024-07-20
11008,610,21,313,100,2023-09-23
11009,638,58,483,133,2023-09-14
11010,329,46,379,102,2025-08-06
11011,447,24,202,57,2026-02-02
11012,687,61,24,27,2025-02-02
11013,404,65,100,96,2025-12-24
11014,66,48,354,71,2023-01-07
11015,530,15,633,110,2024-02-25
11016,71,43,306,150,2023-06-09
11017,48,78,60,96,2026-03-28
11018,236,29,92,61,2024-04-30
11019,276,22,55,42,2024-03-23
11020,817,76,529,137,2025-05-25
11021,331,20,623,137,2023-07-21
11022,778,23,320,33,2025-07-17
11023,820,26,349,77,2025-10-29
11024,143,67,573,94,2023-11-28
11025,898,10,463,97,2023-11-12
11026,713,26,161,109,2023-01-23
11027,452,66,534,138,2023-08-18
11028,656,35,411,99,2023-01-31
11029,733,74,54,94,2024-07-19
11030,700,37,429,112,2024-10-07
11031,58,44,172,87,2023-03-01
11032,988,79,321,93,2023-01-24
11033,440,75,800,27,2026-04-12
11034,293,53,770,90,2023-10-23
11035,723,62,569,109,2024-11-12
11036,276,73,125,33,2025-05-13
11037,917,79,314,99,2024-03-17
11038,586,78,632,129,2024-01-30
11039,396,71,635,48,2023-06-29
11040,398,31,577,26,2024-11-16
11041,807,35,314,96,2025-07-30
11042,185,4,654,116,2024-12-15
11043,744,60,307,95,2024-09-06
11044,451,32,325,42,2023-02-13
11045,134,21,230,130,2024-04-13
11046,381,19,656,48,2023-08-26
11047,133,73,149,114,2025-11-08
11048,993,71,67,131,2025-04-04
11049,509,24,427,76,2023-08-30
11050,984,11,672,115,2024-04-09
11051,394,5,635,91,2025-03-23
11052,185,80,786,134,2025-10-09
11053,658,70,430,133,2023-05-13
11054,570,33,23,20,2025-08-10
11055,75,71,82,127,2024-12-14
11056,158,52,113,95,2025-01-13
11057,405,15,17,78,2025-10-08
11058,912,80,212,93,2023-09-19
11059,321,25,143,62,2024-01-22
11060,518,37,21,148,2023-09-27
11061,846,3,772,121,2025-05-04
11062,18,73,443,30,2024-01-01
11063,140,65,127,38,2025-04-16
11064,499,38,796,60,2024-05-14
11065,192,10,758,32,2024-04-06
11066,334,57,191,76,2023-08-31
11067,169,55,245,104,2024-12-26
11068,842,11,267,67,2024-05-26
11069,26,71,204,20,2023-02-20
11070,727,64,100,26,2024-01-03
11071,53,44,74,86,2024-04-24
11072,527,16,682,132,2023-11-28
11073,704,53,284,21,2024-09-06
11074,703,10,568,53,2023-11-13
11075,363,48,225,26,2023-10-10
11076,809,16,560,79,2024-10-05
11077,311,32,105,111,2026-01-13
11078,965,49,179,135,2024-01-26
11079,309,44,772,110,2026-04-14
11080,541,73,270,88,2025-12-09
11081,773,10,336,129,2024-06-16
11082,543,55,128,145,2024-05-05
11083,625,42,629,148,2024-07-05
11084,425,8,643,141,2023-08-19
11085,827,60,114,147,2025-04-10
11086,502,6,278,81,2024-02-03
11087,29,64,743,34,2025-08-31
11088,772,31,724,132,2025-10-06
11089,152,66,333,137,2025-12-15
11090,807,2,674,31,2023-01-16
11091,547,37,351,149,2026-03-12
11092,609,66,411,118,2024-03-06
11093,429,52,344,35,2025-07-28
11094,851,24,755,47,2026-03-19
11095,393,77,445,101,2023-02-03
11096,422,12,185,112,2025-07-14
11097,14,46,241,143,2025-12-18
11098,664,68,557,35,2026-02-11
11099,616,75,243,105,2023-09-11
11100,972,28,102,119,2023-02-02
11101,41,13,102,116,2023-06-12
11102,327,39,776,72,2024-02-13
11103,864,43,305,42,2023-01-29
11104,950,76,117,76,2024-01-16
11105,931,14,800,103,2023-11-05
11106,244,77,721,68,2023-05-21
11107,686,24,59,36,2023-05-26
11108,27,34,447,144,2024-08-27
11109,994,69,19,122,2023-11-17
11110,956,49,585,101,2025-12-23
11111,764,25,287,21,2023-12-03
11112,807,67,178,64,2025-02-26
11113,719,22,178,68,2025-09-07
11114,585,28,242,98,2025-06-11
11115,530,62,760,101,2025-02-07
11116,418,59,475,53,2025-10-08
11117,450,73,564,115,2026-03-24
11118,943,10,412,99,2024-03-01
11119,632,67,151,129,2024-10-01
11120,578,7,290,149,2025-04-02
11121,144,21,263,116,2024-12-18
11122,862,58,590,144,2024-08-04
11123,235,47,703,30,2025-04-18
11124,176,26,691,114,2024-07-17
11125,800,45,530,89,2025-12-21
11126,364,54,766,89,2025-03-19
11127,207,55,773,25,2024-04-12
11128,344,43,376,130,2025-04-27
11129,701,23,164,52,2023-02-05
11130,311,62,717,76,2023-08-15
11131,113,4,128,93,2025-03-20
11132,380,5,436,130,2023-01-04
11133,695,74,562,29,2024-06-26
11134,594,19,282,49,2023-05-27
11135,765,42,575,32,2026-01-23
11136,900,15,73,88,2024-08-15
11137,28,9,381,62,2024-10-12
11138,671,44,607,128,2024-05-15
11139,435,65,393,135,2025-08-23
11140,799,10,520,34,2024-09-09
11141,999,34,766,146,2023-06-19
11142,667,54,169,130,2023-10-31
11143,925,54,489,142,2025-11-29
11144,52,55,787,38,2023-04-25
11145,158,45,168,137,2024-10-17
11146,382,7,16,57,2023-12-08
11147,420,49,277,127,2025-07-11
11148,437,28,243,34,2025-01-01
11149,776,57,590,87,2024-11-02
11150,741,16,52,37,2024-09-27
11151,180,12,502,135,2025-11-17
11152,462,49,111,39,2026-01-24
11153,257,64,691,146,2024-08-23
11154,626,49,285,30,2023-07-06
11155,197,61,546,124,2026-03-31
11156,838,4,647,66,2023-12-05
11157,580,45,726,86,2025-11-18
11158,231,39,370,21,2025-06-15
11159,776,41,338,143,2026-01-02
11160,915,64,141,142,2024-02-28
11161,68,37,475,139,2025-02-22
11162,980,34,773,125,2023-11-20
11163,597,14,493,139,2023-05-26
11164,516,54,149,124,2025-10-28
11165,251,40,609,23,2024-02-23
11166,433,42,166,103,2025-12-08
11167,276,73,282,132,2025-07-09
11168,580,31,728,148,2023-01-08
11169,507,14,136,40,2025-09-17
11170,419,43,629,145,2024-08-31
11171,186,37,430,31,2025-06-30
11172,56,32,579,55,2023-11-19
11173,988,27,210,22,2025-05-10
11174,748,32,787,34,2025-08-31
11175,46,78,380,70,2024-07-17
11176,133,12,704,66,2025-03-08
11177,573,77,694,65,2025-06-15
11178,589,46,251,136,2024-09-19
11179,302,80,25,79,2025-05-29
11180,711,41,156,56,2024-04-18
11181,821,37,72,106,2023-08-23
11182,535,50,763,142,2024-02-01
11183,326,48,246,103,2024-09-30
11184,222,14,88,132,2023-12-24
11185,686,9,462,30,2023-10-07
11186,818,65,438,67,2023-02-11
11187,12,53,551,45,2024-05-04
11188,3,64,672,126,2024-04-25
11189,139,76,176,26,2024-08-21
11190,473,68,244,119,2026-02-20
11191,803,80,333,21,2023-08-18
11192,7,53,607,67,2025-04-28
11193,252,20,271,64,2024-08-03
11194,574,19,226,57,2023-09-28
11195,179,10,656,31,2024-01-20
11196,948,22,718,143,2026-04-06
11197,807,26,454,69,2023-04-04
11198,812,8,626,31,2025-12-22
11199,145,62,430,36,2025-09-09
11200,924,26,792,112,2023-11-03
11201,657,46,51,44,2024-08-19
11202,197,18,380,75,2023-06-08
11203,781,12,532,38,2023-12-15
11204,557,51,250,84,2025-11-16
11205,109,28,506,118,2024-11-27
11206,448,38,416,62,2023-04-19
11207,625,61,553,60,2023-09-11
11208,324,79,584,21,2026-03-21
11209,719,16,591,47,2026-03-14
11210,832,64,382,50,2024-11-30
11211,953,14,247,136,2025-05-07
11212,609,10,304,116,2025-04-01
11213,36,18,43,55,2023-08-27
11214,894,59,39,148,2025-09-28
11215,232,76,22,89,2023-04-24
11216,208,37,318,76,2025-12-20
11217,440,46,184,111,2024-02-06
11218,988,56,304,113,2025-07-26
11219,178,6,775,48,2023-07-18
11220,325,55,721,29,2023-12-24
11221,470,24,177,32,2023-11-18
11222,803,67,650,87,2024-03-20
11223,405,39,92,92,2025-09-27
11224,401,31,32,36,2023-05-22
11225,558,30,421,33,2023-05-28
11226,840,4,222,94,2024-09-11
11227,913,40,188,114,2024-09-02
11228,978,22,404,32,2024-01-04
11229,768,73,545,48,2023-02-26
11230,749,43,246,51,2023-09-22
11231,422,51,500,116,2024-01-16
11232,71,65,35,81,2025-12-31
11233,577,40,756,43,2025-03-07
11234,112,16,88,63,2024-01-15
11235,359,30,750,24,2023-12-25
11236,79,47,261,117,2026-04-03
11237,706,55,544,143,2023-03-02
11238,17,39,394,103,2024-01-07
11239,998,66,25,33,2024-10-24
11240,418,15,0,114,2023-08-26
11241,199,41,537,84,2025-09-09
11242,664,44,760,97,2023-12-29
11243,865,24,238,124,2025-08-28
11244,785,50,604,132,2024-09-23
11245,510,49,517,84,2024-10-21
11246,4,17,572,53,2025-05-20
11247,795,47,211,143,2023-05-13
11248,472,65,781,104,2023-05-09
11249,507,17,51,60,2024-09-15
11250,567,35,699,71,2025-04-08
11251,855,53,338,83,2025-09-08
11252,648,27,331,148,2024-11-27
11253,413,10,452,54,2023-04-08
11254,694,8,487,98,2023-06-11
11255,501,2,226,110,2024-10-16
11256,916,61,418,55,2024-09-14
11257,730,35,382,28,2025-05-06
11258,535,69,486,114,2024-11-27
11259,415,14,111,28,2025-12-23
11260,237,13,512,32,2023-08-05
11261,972,32,737,144,2024-02-24
11262,619,10,676,84,2024-12-20
11263,273,76,194,115,2024-02-28
11264,284,37,325,145,2025-04-28
11265,732,44,369,89,2024-12-01
11266,481,52,72,141,2025-04-25
11267,202,79,97,120,2023-02-05
11268,830,59,392,122,2025-01-19
11269,953,64,87,20,2023-05-25
11270,677,75,698,45,2023-05-28
11271,825,45,18,67,2023-05-27
11272,257,11,361,66,2023-12-18
11273,977,72,83,140,2025-04-10
11274,966,75,245,121,2024-07-09
11275,481,57,510,50,2024-12-01
11276,927,48,66,41,2023-02-15
11277,520,7,631,100,2024-03-22
11278,806,63,605,145,2023-03-31
11279,124,55,517,34,2023-04-24
11280,686,13,731,34,2024-01-08
11281,677,44,236,81,2025-06-03
11282,227,58,169,150,2024-08-13
11283,896,15,8,21,2025-10-19
11284,591,39,731,117,2023-08-02
11285,602,36,462,94,2023-05-24
11286,621,57,734,101,2023-06-02
11287,309,65,628,27,2025-03-24
11288,974,55,567,77,2023-05-25
11289,484,77,559,70,2024-06-03
11290,299,32,525,135,2024-03-11
11291,62,73,796,64,2024-07-08
11292,290,67,454,44,2024-10-14
11293,300,10,388,38,2025-12-14
11294,430,18,797,46,2024-05-31
11295,759,62,683,49,2023-12-14
11296,3,6,666,129,2024-09-05
11297,162,41,531,94,2025-07-12
11298,291,10,62,100,2025-01-21
11299,117,80,792,142,2026-04-07
11300,312,17,23,122,2026-04-04
11301,815,8,59,115,2024-03-17
11302,938,9,708,121,2024-08-11
11303,711,11,241,70,2026-02-25
11304,364,77,104,22,2024-07-23
11305,99,52,80,82,2024-05-23
11306,355,21,380,53,2024-07-04
11307,275,16,788,39,2024-02-11
11308,1,6,514,42,2026-04-14
11309,333,17,706,112,2026-02-11
11310,151,33,796,116,2025-08-05
11311,172,52,109,30,2024-10-27
11312,624,63,200,21,2023-11-18
11313,271,33,775,98,2023-07-07
11314,90,20,542,101,2023-10-29
11315,701,21,373,139,2025-06-27
11316,827,9,122,47,2025-04-09
11317,837,55,595,45,2023-06-16
11318,856,57,784,117,2025-08-26
11319,922,74,675,114,2023-02-27
11320,191,14,665,31,2023-12-17
11321,256,54,335,34,2024-06-27
11322,47,12,95,92,2024-04-15
11323,423,33,154,56,2026-01-10
11324,757,15,184,142,2024-10-28
11325,85,1,69,22,2023-01-20
11326,56,58,462,30,2025-02-23
11327,787,43,208,60,2025-12-04
11328,694,58,355,42,2024-11-10
11329,981,70,426,41,2025-05-18
11330,591,24,97,68,2023-05-24
11331,279,67,169,143,2025-10-13
11332,966,28,285,125,2023-07-27
11333,798,31,77,79,2025-09-12
11334,449,18,34,62,2024-10-08
11335,809,51,600,72,2023-06-07
11336,165,5,300,38,2024-07-28
11337,686,26,134,49,2024-12-07
11338,25,32,27,27,2024-07-04
11339,321,38,79,58,2025-03-04
11340,425,60,690,130,2025-09-01
11341,775,21,78,84,2023-03-11
11342,977,56,353,137,2025-07-21
11343,724,18,734,81,2024-10-05
11344,439,49,354,111,2023-12-05
11345,810,60,477,60,2024-09-19
11346,126,9,554,76,2026-04-02
11347,924,7,100,46,2024-10-31
11348,290,8,515,104,2024-10-30
11349,189,26,405,52,2025-02-15
11350,480,11,549,26,2024-02-27
11351,295,8,317,60,2024-08-16
11352,312,25,760,36,2025-07-13
11353,165,68,581,24,2024-08-05
11354,146,29,762,130,2024-09-08
11355,828,61,414,142,2025-01-06
11356,192,43,157,94,2026-01-24
11357,312,27,511,92,2025-08-13
11358,491,69,652,47,2023-05-10
11359,865,57,15,66,2025-04-01
11360,725,48,591,140,2024-10-18
11361,220,53,301,123,2023-02-04
11362,410,6,790,96,2025-12-01
11363,606,62,462,108,2025-10-18
11364,227,59,711,125,2024-07-02
11365,980,48,520,124,2025-02-28
11366,219,35,356,82,2024-05-01
11367,436,65,184,118,2023-08-13
11368,367,32,389,58,2026-01-17
11369,387,35,50,40,2026-01-28
11370,611,11,545,40,2024-03-23
11371,231,70,676,128,2023-08-16
11372,97,13,177,125,2023-12-26
11373,213,49,364,76,2024-06-02
11374,831,10,502,94,2023-05-16
11375,327,51,80,73,2023-10-04
11376,46,13,796,131,2024-12-26
11377,703,29,657,123,2025-05-31
11378,267,7,338,36,2024-06-03
11379,535,37,16,69,2024-12-15
11380,661,38,337,72,2023-02-28
11381,521,74,620,85,2024-03-07
11382,780,6,420,117,2024-03-04
11383,182,45,89,38,2025-09-24
11384,948,34,517,80,2023-09-06
11385,137,63,480,51,2023-10-25
11386,829,46,531,121,2025-09-21
11387,533,59,750,124,2024-12-03
11388,124,15,202,22,2025-07-15
11389,21,3,593,137,2024-08-04
11390,584,61,427,116,2023-10-04
11391,148,73,661,88,2023-07-07
11392,23,36,757,147,2023-04-21
11393,195,71,685,107,2024-08-18
11394,289,27,345,116,2026-01-23
11395,706,61,294,29,2024-05-14
11396,637,37,182,99,2024-03-11
11397,815,31,322,92,2023-08-03
11398,805,54,245,110,2024-05-05
11399,201,3,664,88,2024-01-19
11400,788,36,85,73,2025-05-11
11401,538,80,504,67,2024-10-26
11402,564,27,171,30,2023-10-20
11403,546,45,375,42,2023-03-16
11404,279,56,89,74,2024-02-04
11405,352,76,616,46,2024-04-08
11406,143,42,649,80,2023-08-06
11407,937,60,682,74,2024-12-11
11408,575,75,498,79,2023-09-07
11409,569,29,593,125,2023-03-16
11410,920,21,600,54,2023-11-18
11411,953,75,592,79,2024-12-31
11412,45,79,233,89,2024-03-10
11413,301,21,68,126,2024-08-14
11414,454,33,459,120,2024-05-28
11415,226,15,660,77,2023-08-24
11416,844,23,42,111,2024-05-29
11417,224,71,233,117,2025-11-01
11418,660,10,395,145,2024-03-02
11419,131,51,33,125,2023-06-15
11420,328,58,78,58,2023-12-09
11421,70,70,525,77,2023-11-10
11422,671,62,604,91,2023-06-28
11423,946,47,220,99,2023-02-09
11424,746,11,318,60,2025-08-08
11425,583,52,261,127,2024-06-10
11426,568,66,73,22,2023-11-26
11427,726,55,676,45,2024-11-23
11428,234,75,752,49,2025-12-04
11429,658,22,743,48,2025-05-17
11430,411,8,255,73,2026-04-07
11431,703,68,750,119,2024-10-28
11432,705,34,100,50,2024-03-11
11433,154,64,681,90,2024-09-06
11434,193,14,606,71,2023-01-03
11435,478,64,126,100,2023-04-19
11436,597,61,722,87,2023-03-21
11437,538,78,118,120,2025-07-28
11438,697,6,221,75,2023-03-15
11439,427,60,794,93,2025-12-19
11440,224,37,599,126,2024-12-26
11441,592,11,97,78,2023-10-17
11442,528,3,775,42,2024-03-12
11443,335,10,164,133,2023-05-16
11444,148,80,203,42,2025-11-28
11445,768,43,320,112,2023-12-10
11446,722,59,174,112,2025-10-13
11447,940,4,170,134,2024-02-18
11448,948,14,604,56,2024-06-03
11449,1000,11,479,84,2023-09-27
11450,494,39,243,59,2023-03-27
11451,725,72,387,106,2023-04-17
11452,602,50,507,71,2025-04-21
11453,941,71,720,147,2024-11-13
11454,645,33,165,75,2025-08-18
11455,937,52,687,142,2023-03-30
11456,524,44,423,21,2025-09-28
11457,57,36,478,25,2024-08-22
11458,330,24,595,25,2026-04-04
11459,196,41,480,74,2025-11-26
11460,529,15,146,142,2023-04-20
11461,886,60,603,130,2023-07-19
11462,741,13,346,107,2024-11-08
11463,608,79,281,53,2024-10-30
11464,267,33,718,102,2025-05-28
11465,835,56,799,147,2025-07-17
11466,380,15,632,25,2024-10-25
11467,597,23,178,84,2025-04-17
11468,715,73,283,99,2025-02-04
11469,672,74,194,118,2024-03-15
11470,969,71,703,140,2024-05-13
11471,183,68,519,128,2023-07-04
11472,279,9,506,65,2023-04-13
11473,605,2,512,85,2025-09-05
11474,412,41,612,125,2024-03-11
11475,410,7,22,53,2025-07-17
11476,706,23,517,76,2023-11-15
11477,870,66,658,44,2024-03-14
11478,77,31,494,103,2025-03-05
11479,969,37,511,30,2024-12-07
11480,541,70,405,69,2025-07-25
11481,473,26,444,134,2024-07-29
11482,128,41,272,108,2025-01-10
11483,929,6,340,122,2023-05-02
11484,263,62,757,78,2024-01-10
11485,461,74,312,39,2025-08-05
11486,387,70,426,136,2023-06-04
11487,385,24,582,117,2023-08-30
11488,46,32,346,31,2023-04-29
11489,58,25,702,80,2025-09-04
11490,819,2,116,141,2024-12-24
11491,551,80,773,89,2026-04-08
11492,797,77,248,114,2023-11-18
11493,780,28,98,25,2024-05-23
11494,758,4,345,90,2025-04-01
11495,340,11,454,25,2025-01-29
11496,809,65,118,136,2024-11-02
11497,304,32,498,41,2023-07-29
11498,762,40,664,149,2024-03-19
11499,115,65,241,119,2023-10-18
11500,57,1,313,149,2024-01-03
11501,816,6,621,88,2024-08-15
11502,1,51,725,137,2024-05-07
11503,106,13,170,50,2024-12-10
11504,195,41,736,88,2025-01-30
11505,1,52,766,83,2023-06-23
11506,834,76,496,59,2026-01-18
11507,855,39,777,132,2025-09-03
11508,882,4,120,59,2025-12-11
11509,175,47,518,40,2026-03-13
11510,777,8,768,46,2025-03-09
11511,841,77,582,34,2023-08-13
11512,789,43,745,20,2024-12-05
11513,867,26,80,45,2026-02-01
11514,828,35,243,70,2024-02-25
11515,190,14,171,95,2024-01-02
11516,934,59,441,67,2025-04-20
11517,190,65,264,27,2024-03-08
11518,467,7,273,28,2025-06-18
11519,388,45,474,150,2024-09-24
11520,335,68,78,143,2023-09-30
11521,332,10,97,46,2023-12-01
11522,429,30,191,29,2024-05-29
11523,919,28,358,75,2025-08-22
11524,86,3,681,56,2024-01-18
11525,172,50,338,110,2026-03-26
11526,156,65,733,53,2025-01-20
11527,420,65,689,79,2024-08-28
11528,815,3,666,107,2025-05-04
11529,148,63,240,93,2025-08-19
11530,694,60,284,102,2023-01-31
11531,838,63,787,38,2024-05-24
11532,222,79,506,126,2024-06-19
11533,810,14,153,75,2023-06-26
11534,722,44,26,41,2024-01-14
11535,969,51,471,142,2023-05-21
11536,870,16,151,137,2026-04-01
11537,965,58,578,20,2023-07-30
11538,786,26,538,93,2023-10-26
11539,766,56,6,126,2025-07-21
11540,903,42,439,140,2023-12-17
11541,756,61,400,74,2025-07-18
11542,494,53,545,40,2024-06-06
11543,112,21,777,148,2025-04-08
11544,614,61,648,138,2025-08-27
11545,314,9,507,89,2024-12-26
11546,892,78,111,90,2024-01-31
11547,140,70,549,126,2023-05-12
11548,985,36,5,59,2025-02-19
11549,224,15,757,54,2023-05-15
11550,656,19,230,107,2025-02-10
11551,815,41,225,23,2024-09-21
11552,576,65,15,141,2024-09-26
11553,382,32,419,100,2023-06-25
11554,224,61,34,135,2026-03-02
11555,639,32,401,140,2024-12-06
11556,410,10,686,58,2025-01-17
11557,476,18,45,58,2023-09-20
11558,874,1,228,48,2025-05-31
11559,752,60,211,69,2025-06-12
11560,507,50,201,89,2024-08-18
11561,334,33,727,83,2024-04-17
11562,29,52,790,82,2023-11-10
11563,324,19,481,97,2024-05-26
11564,429,76,391,39,2025-09-11
11565,184,28,274,134,2026-01-02
11566,572,37,109,30,2024-11-09
11567,304,13,252,141,2023-03-02
11568,722,68,80,91,2025-09-15
11569,829,48,279,62,2024-02-24
11570,39,17,76,135,2023-11-24
11571,527,31,720,116,2025-03-03
11572,842,55,45,140,2024-06-01
11573,228,32,519,114,2025-02-04
11574,704,8,78,45,2025-01-27
11575,776,65,563,132,2024-04-07
11576,633,10,296,137,2024-09-16
11577,630,56,304,35,2023-01-22
11578,751,19,315,58,2025-07-29
11579,483,29,508,28,2026-02-22
11580,502,28,36,106,2023-03-28
11581,2,40,79,107,2025-07-09
11582,92,22,631,81,2025-09-14
11583,465,67,637,70,2025-02-16
11584,10,10,204,146,2025-08-19
11585,291,70,379,20,2026-04-10
11586,315,3,774,23,2025-05-23
11587,941,79,357,77,2024-05-10
11588,356,47,471,47,2023-01-26
11589,981,62,295,118,2025-07-23
11590,67,64,654,131,2024-08-09
11591,859,34,413,91,2025-05-30
11592,704,79,353,86,2023-07-29
11593,477,59,684,80,2026-03-13
11594,350,63,524,38,2026-01-31
11595,835,62,541,122,2024-02-11
11596,975,28,794,127,2023-07-07
11597,621,45,24,86,2024-06-05
11598,417,1,76,53,2024-10-23
11599,767,30,602,112,2026-02-05
11600,506,73,716,56,2024-08-28
11601,721,49,351,132,2025-04-29
11602,206,6,225,55,2023-12-21
11603,641,76,393,132,2024-06-27
11604,680,20,340,80,2023-02-12
11605,60,77,685,30,2023-02-06
11606,529,55,499,129,2023-07-19
11607,301,58,332,149,2024-08-12
11608,931,71,625,114,2023-09-19
11609,945,80,276,98,2025-04-10
11610,931,80,219,26,2023-01-26
11611,242,47,591,137,2025-12-02
11612,637,33,17,36,2023-07-30
11613,873,20,244,28,2025-03-15
11614,689,78,323,130,2025-01-08
11615,791,25,779,89,2025-11-12
11616,806,37,107,77,2025-10-10
11617,267,10,88,87,2025-01-23
11618,812,68,435,49,2026-02-13
11619,855,52,297,102,2023-02-19
11620,876,27,362,59,2025-10-19
11621,781,45,295,87,2023-07-30
11622,213,10,355,30,2025-07-27
11623,570,55,737,84,2023-01-24
11624,540,33,747,126,2023-05-04
11625,676,14,279,95,2026-02-14
11626,694,1,670,97,2024-04-30
11627,259,75,16,86,2026-03-02
11628,195,14,571,83,2024-05-22
11629,835,24,344,83,2025-10-08
11630,833,59,528,46,2024-11-16
11631,87,59,711,34,2024-03-21
11632,806,5,272,108,2024-11-01
11633,201,33,568,119,2024-08-19
11634,450,27,171,67,2023-10-30
11635,715,27,284,21,2025-06-11
11636,357,75,275,111,2023-04-01
11637,586,66,642,79,2025-01-31
11638,374,33,550,116,2025-02-23
11639,33,21,633,133,2025-12-28
11640,675,39,628,60,2023-09-05
11641,106,74,211,34,2026-02-08
11642,422,8,253,91,2024-02-23
11643,503,71,378,113,2023-10-02
11644,341,47,652,77,2025-10-14
11645,814,76,606,131,2024-04-04
11646,721,43,87,102,2023-08-18
11647,337,43,161,82,2024-12-15
11648,47,70,552,104,2024-12-08
11649,230,46,692,46,2023-06-30
11650,506,40,99,65,2026-03-27
11651,352,62,197,76,2025-01-24
11652,668,1,304,80,2023-06-19
11653,739,80,657,60,2025-05-02
11654,172,56,511,73,2026-03-10
11655,888,11,43,70,2023-05-27
11656,480,1,745,137,2025-08-25
11657,356,54,589,29,2023-02-09
11658,831,76,520,72,2024-04-29
11659,275,67,727,141,2025-10-13
11660,673,9,136,140,2023-07-31
11661,141,58,582,59,2025-12-02
11662,291,57,529,72,2023-09-30
11663,724,12,118,119,2025-11-17
11664,182,30,560,60,2023-08-03
11665,170,35,319,34,2023-08-01
11666,566,42,182,52,2024-04-10
11667,293,70,312,101,2024-05-11
11668,555,73,316,33,2026-03-17
11669,29,41,240,49,2023-07-01
11670,339,42,517,144,2024-10-12
11671,244,15,663,33,2024-12-04
11672,110,43,588,44,2026-03-18
11673,632,17,732,146,2025-10-17
11674,183,55,430,84,2025-04-28
11675,454,30,751,22,2024-05-18
11676,553,4,271,115,2024-04-07
11677,990,71,785,81,2025-06-05
11678,283,47,345,96,2025-02-26
11679,393,60,502,120,2024-10-24
11680,840,80,304,105,2026-03-03
11681,561,64,649,123,2023-05-29
11682,594,37,750,142,2023-03-24
11683,740,71,215,145,2023-09-28
11684,354,69,434,80,2023-01-14
11685,675,56,484,149,2025-05-15
11686,217,23,475,101,2025-12-21
11687,248,50,693,145,2025-01-03
11688,106,76,371,32,2024-03-29
11689,775,2,264,128,2025-08-07
11690,283,50,628,107,2024-04-16
11691,898,19,548,95,2025-08-18
11692,570,65,237,60,2025-12-03
11693,462,59,449,105,2023-11-12
11694,572,25,161,136,2025-07-07
11695,706,32,355,61,2024-06-18
11696,906,62,468,130,2024-10-16
11697,717,72,400,149,2024-09-06
11698,417,73,207,142,2025-06-02
11699,320,16,483,93,2024-03-28
11700,825,49,552,42,2024-01-25
11701,890,71,422,137,2024-05-22
11702,562,5,525,61,2025-04-22
11703,447,56,339,99,2023-04-11
11704,777,51,631,129,2025-11-02
11705,765,34,6,24,2025-10-15
11706,943,49,193,37,2025-12-28
11707,335,35,145,131,2025-02-07
11708,90,5,282,146,2025-04-23
11709,231,72,56,97,2024-07-03
11710,297,35,575,86,2025-03-31
11711,66,60,741,137,2024-12-16
11712,879,76,66,133,2023-02-25
11713,194,30,431,64,2023-03-12
11714,292,2,562,29,2024-07-02
11715,640,16,408,118,2024-11-15
11716,548,24,410,26,2023-08-19
11717,672,46,431,81,2024-09-08
11718,463,9,137,115,2024-11-07
11719,142,2,361,55,2024-01-01
11720,786,35,395,60,2023-12-21
11721,737,18,265,62,2026-04-03
11722,137,17,749,93,2025-08-27
11723,730,38,51,95,2024-02-04
11724,502,9,703,77,2024-05-29
11725,545,48,792,41,2024-12-04
11726,98,77,306,27,2024-05-14
11727,668,70,71,33,2025-12-10
11728,626,33,506,33,2026-02-26
11729,965,73,760,20,2026-03-10
11730,226,26,179,101,2023-10-10
11731,607,70,443,108,2025-04-05
11732,47,78,93,68,2023-10-14
11733,174,36,390,29,2024-02-24
11734,733,37,372,112,2023-11-22
11735,743,28,305,59,2023-04-21
11736,674,32,320,124,2023-08-14
11737,642,67,791,74,2024-01-31
11738,337,13,703,100,2025-03-09
11739,922,35,185,107,2024-02-27
11740,709,53,2,25,2024-06-04
11741,544,75,670,94,2025-07-24
11742,151,51,124,123,2023-02-12
11743,737,61,26,21,2024-08-19
11744,30,78,421,45,2025-11-22
11745,482,29,406,79,2024-11-24
11746,47,73,645,40,2023-10-25
11747,373,18,668,37,2024-09-09
11748,147,32,799,112,2025-06-23
11749,175,3,557,127,2025-05-03
11750,144,14,666,41,2024-04-16
11751,323,38,651,128,2025-01-26
11752,495,10,237,147,2023-12-18
11753,748,25,648,108,2023-06-05
11754,180,57,404,86,2023-09-16
11755,290,50,796,20,2025-08-04
11756,783,11,782,91,2023-02-06
11757,892,23,269,124,2025-12-21
11758,836,65,71,106,2025-04-12
11759,147,53,574,72,2025-06-02
11760,632,74,282,118,2025-12-09
11761,418,79,30,67,2025-05-04
11762,2,21,504,28,2023-01-23
11763,228,41,651,48,2023-09-12
11764,924,75,644,101,2023-12-15
11765,841,34,759,112,2024-09-25
11766,889,43,754,150,2023-09-30
11767,962,15,322,50,2023-10-19
11768,400,70,679,68,2024-08-02
11769,188,67,335,60,2024-12-15
11770,994,40,700,57,2025-03-17
11771,29,18,428,113,2025-08-14
11772,145,13,359,25,2023-09-03
11773,124,22,49,118,2023-04-11
11774,116,39,562,50,2023-03-29
11775,426,3,739,147,2023-10-25
11776,962,70,479,87,2023-05-06
11777,734,8,364,45,2024-05-26
11778,174,36,84,90,2025-06-07
11779,582,72,346,142,2023-04-07
11780,60,24,124,141,2026-03-15
11781,732,19,226,100,2023-09-17
11782,60,9,168,108,2023-05-15
11783,282,21,165,33,2025-09-25
11784,110,64,347,150,2026-03-12
11785,920,10,113,35,2025-12-25
11786,77,2,256,44,2023-05-23
11787,834,42,753,123,2024-02-29
11788,473,30,119,132,2024-02-01
11789,910,12,743,38,2025-07-30
11790,381,3,173,143,2025-04-12
11791,405,35,784,126,2024-05-11
11792,640,71,390,118,2024-05-24
11793,209,69,620,32,2023-02-26
11794,323,76,451,67,2026-03-20
11795,991,43,132,87,2024-12-23
11796,163,70,483,94,2024-03-27
11797,234,44,79,112,2025-09-02
11798,875,33,413,122,2023-05-18
11799,762,30,31,109,2024-10-12
11800,470,41,800,145,2025-08-03
11801,321,23,443,27,2025-09-05
11802,64,56,397,71,2023-04-10
11803,1000,68,660,59,2023-07-27
11804,770,68,352,113,2023-01-19
11805,38,21,158,32,2023-09-09
11806,229,32,558,127,2023-12-11
11807,577,31,526,39,2025-09-01
11808,939,28,652,99,2024-01-22
11809,53,15,171,62,2026-02-20
11810,113,76,291,85,2025-06-22
11811,886,39,235,133,2024-02-03
11812,1,62,454,130,2024-04-15
11813,301,13,203,86,2025-02-20
11814,54,39,672,93,2024-04-20
11815,197,39,767,85,2023-12-11
11816,915,62,598,138,2026-03-14
11817,296,50,370,64,2025-03-03
11818,912,4,310,34,2025-09-08
11819,867,35,795,127,2023-05-16
11820,436,58,501,67,2024-03-11
11821,840,23,636,61,2025-05-17
11822,874,53,501,24,2024-04-12
11823,575,15,310,23,2024-11-14
11824,715,70,153,80,2025-10-14
11825,416,4,360,148,2026-02-08
11826,327,67,722,34,2026-02-07
11827,600,7,710,71,2023-05-08
11828,560,76,582,133,2023-10-25
11829,508,13,617,45,2024-10-16
11830,290,57,565,95,2025-03-05
11831,938,28,785,37,2023-03-23
11832,267,40,246,57,2023-12-27
11833,991,16,761,38,2025-06-02
11834,353,11,17,24,2026-02-11
11835,965,77,696,79,2025-02-11
11836,347,7,224,32,2023-03-31
11837,211,29,206,56,2023-12-06
11838,424,18,606,136,2024-11-27
11839,680,27,725,29,2025-11-26
11840,165,13,545,70,2024-11-10
11841,315,11,158,41,2023-05-09
11842,362,3,548,82,2023-03-26
11843,14,57,377,139,2025-05-05
11844,208,11,526,54,2024-10-15
11845,678,26,441,89,2023-11-20
11846,327,66,214,30,2023-06-23
11847,787,27,91,131,2025-06-13
11848,217,40,696,76,2025-08-21
11849,14,75,532,35,2025-06-16
11850,500,21,58,69,2025-01-17
11851,984,54,776,78,2024-12-20
11852,176,59,716,144,2024-10-03
11853,107,35,506,34,2024-09-28
11854,954,40,232,47,2025-12-19
11855,286,41,620,20,2023-02-25
11856,78,20,39,117,2025-12-01
11857,944,66,309,59,2026-02-24
11858,893,73,667,55,2025-06-16
11859,390,29,488,135,2024-01-02
11860,504,59,790,32,2026-02-16
11861,240,3,446,41,2024-02-25
11862,690,2,413,54,2023-05-26
11863,591,1,111,41,2024-06-05
11864,517,30,358,115,2025-03-19
11865,242,60,324,95,2025-09-02
11866,441,40,605,119,2024-07-19
11867,372,31,446,125,2025-12-02
11868,806,72,362,91,2025-02-07
11869,83,75,489,45,2023-12-21
11870,649,79,41,145,2025-12-05
11871,678,43,582,133,2024-10-11
11872,754,43,44,87,2024-07-17
11873,436,63,358,135,2023-02-12
11874,261,72,191,131,2025-04-19
11875,814,21,777,90,2025-04-25
11876,441,73,754,82,2023-10-17
11877,716,65,509,104,2025-06-08
11878,10,6,443,74,2024-02-27
11879,712,45,324,139,2025-08-13
11880,595,8,596,130,2024-07-21
11881,480,14,656,107,2023-06-19
11882,378,10,665,108,2025-12-26
11883,116,70,788,35,2025-03-01
11884,952,69,168,111,2025-01-14
11885,395,49,169,33,2025-09-14
11886,690,49,153,118,2024-02-14
11887,799,44,230,74,2023-09-10
11888,262,64,744,118,2025-06-21
11889,122,33,143,52,2023-09-26
11890,955,51,356,61,2025-08-27
11891,945,63,354,103,2026-03-28
11892,337,13,458,58,2023-10-04
11893,918,16,563,77,2023-11-20
11894,998,71,695,127,2024-12-25
11895,463,64,740,100,2026-03-22
11896,81,3,272,39,2025-09-02
11897,734,67,610,43,2025-10-24
11898,985,35,705,135,2024-12-10
11899,84,32,612,92,2024-04-24
11900,911,12,793,141,2026-04-10
11901,444,12,799,70,2025-04-11
11902,413,29,22,49,2024-10-29
11903,175,18,496,124,2025-04-25
11904,440,61,750,149,2025-05-04
11905,55,4,714,130,2025-01-19
11906,954,41,623,133,2023-05-28
11907,915,62,800,117,2023-05-31
11908,753,59,124,66,2023-06-01
11909,947,31,88,45,2024-06-26
11910,140,54,557,49,2024-07-23
11911,581,54,618,94,2025-08-23
11912,537,15,165,105,2025-08-24
11913,329,61,440,89,2023-08-29
11914,787,12,100,81,2024-08-02
11915,808,36,129,35,2023-11-06
11916,495,3,210,83,2023-11-01
11917,922,50,769,71,2023-03-09
11918,107,45,313,33,2024-02-15
11919,238,65,555,69,2025-03-15
11920,563,19,765,37,2025-04-17
11921,455,55,605,107,2026-02-01
11922,41,79,579,37,2024-09-07
11923,327,29,31,52,2024-01-20
11924,638,27,591,50,2024-08-09
11925,511,77,262,114,2024-08-28
11926,144,36,470,69,2024-10-28
11927,434,41,652,21,2024-01-05
11928,598,77,591,29,2023-07-24
11929,690,19,70,143,2023-04-29
11930,400,74,33,31,2024-08-17
11931,578,53,486,28,2025-01-07
11932,549,40,784,32,2023-10-04
11933,241,78,735,86,2024-10-09
11934,835,22,595,61,2024-12-04
11935,199,36,201,123,2025-06-27
11936,54,3,486,136,2024-08-25
11937,961,24,398,132,2024-10-15
11938,619,11,664,117,2024-10-06
11939,140,1,441,139,2024-03-23
11940,447,44,360,141,2025-04-20
11941,568,77,216,42,2024-08-21
11942,829,50,637,76,2024-03-07
11943,477,7,619,95,2024-03-17
11944,296,28,107,61,2026-02-07
11945,208,14,464,148,2024-01-20
11946,407,76,629,105,2025-01-13
11947,625,34,732,99,2024-09-19
11948,834,61,593,104,2023-08-02
11949,801,28,600,93,2024-02-22
11950,998,14,607,133,2024-11-08
11951,267,16,791,124,2024-09-16
11952,797,11,502,81,2023-10-06
11953,280,71,665,52,2025-02-20
11954,792,28,759,98,2024-01-04
11955,165,55,457,58,2025-12-15
11956,179,70,344,48,2024-03-02
11957,826,15,611,28,2024-02-26
11958,707,42,409,23,2024-10-23
11959,256,2,457,83,2025-04-17
11960,404,79,771,36,2025-11-20
11961,373,18,454,104,2023-05-09
11962,576,63,101,32,2025-06-24
11963,433,76,267,123,2025-04-15
11964,565,48,144,68,2026-01-28
11965,626,14,497,112,2024-05-16
11966,329,30,364,110,2023-02-16
11967,93,11,138,65,2025-04-05
11968,597,13,188,74,2024-09-18
11969,327,71,513,120,2025-02-14
11970,912,27,504,92,2026-02-07
11971,241,25,763,20,2023-02-04
11972,767,49,423,116,2024-01-07
11973,345,32,650,54,2025-10-15
11974,284,57,709,89,2025-07-29
11975,333,65,11,100,2023-06-07
11976,979,32,562,46,2025-04-05
11977,52,54,700,104,2024-11-05
11978,157,66,114,22,2023-04-13
11979,884,70,22,39,2023-05-08
11980,578,29,31,51,2023-08-27
11981,517,7,546,24,2023-11-28
11982,916,9,781,120,2025-12-28
11983,735,78,68,52,2023-07-12
11984,824,74,418,70,2023-03-09
11985,896,56,226,81,2025-08-28
11986,524,36,414,52,2025-10-02
11987,996,18,512,147,2023-12-07
11988,564,57,406,94,2024-03-22
11989,56,15,500,57,2023-01-19
11990,384,3,652,93,2024-08-30
11991,326,28,294,28,2025-03-14
11992,126,57,402,92,2024-06-27
11993,246,13,515,27,2023-04-14
11994,411,79,719,51,2025-07-21
11995,104,12,439,146,2023-09-11
11996,346,18,574,38,2024-10-03
11997,973,27,6,88,2025-08-08
11998,707,37,750,140,2025-12-17
11999,690,60,793,144,2025-07-22
12000,403,38,469,83,2025-12-15
