SessionID,CustomerID,VisitDate,Device,TrafficSource,SessionDuration_Min,PagesViewed,Purchased
1,3001,2026-03-20,Mobile,Direct,8.92,8,Yes
2,4456,2025-04-08,Mobile,Organic,32.35,2,Yes
3,2425,2024-06-11,Mobile,Organic,18.57,3,Yes
4,1058,2026-10-28,Mobile,Referral,20.14,9,No
5,3512,2025-07-08,Desktop,Referral,10.88,12,Yes
6,1138,2026-03-28,Desktop,Organic,30.21,14,No
7,4249,2025-09-20,Desktop,Email,19.57,7,Yes
8,4000,2024-10-29,Tablet,Referral,27.31,8,No
9,2334,2025-07-10,Tablet,Direct,30.76,2,No
10,4918,2024-11-04,Mobile,Referral,14.05,11,No
11,4539,2026-01-03,Mobile,Google Ads,7.22,2,No
12,1713,2024-04-26,Desktop,Facebook,13.92,5,No
13,3271,2023-04-19,Mobile,Instagram,34.97,1,No
14,2277,2023-05-04,Desktop,Facebook,1.94,15,No
15,753,2024-06-08,Tablet,Google Ads,9.89,9,No
16,4841,2025-11-13,Mobile,Organic,5.94,5,No
17,3675,2023-07-25,Desktop,Facebook,10.88,1,No
18,4994,2026-09-24,Mobile,Organic,21.09,9,Yes
19,2685,2024-09-15,Tablet,Instagram,25.49,6,No
20,4291,2026-05-22,Tablet,Google Ads,-9.02,10,Yes
21,4644,2023-11-21,Tablet,Instagram,-8.38,11,No
22,2716,2025-03-28,Mobile,Google Ads,-3.93,6,No
23,4764,2026-05-16,Tablet,Organic,-5.61,6,No
24,1985,2023-10-29,Desktop,Google Ads,-9.83,7,No
25,4904,2023-03-17,Desktop,Direct,-7.84,6,No
26,2665,2024-02-18,Tablet,Direct,-6.73,7,Yes
27,1950,2023-07-18,Desktop,Email,-2.86,10,No
28,4665,2023-12-15,Mobile,Email,-9.13,4,No
29,4820,2025-05-24,Mobile,Direct,-4.99,10,No
30,3057,2024-12-27,Desktop,Instagram,-9.12,13,Yes
31,344,2024-02-29,Mobile,Facebook,-8.66,6,No
32,2227,2026-05-21,Desktop,Direct,-8.95,10,No
33,960,2024-07-07,Tablet,Email,-4.06,13,No
34,1108,2024-03-25,Tablet,Organic,-9.24,3,No
35,296,2025-04-25,Mobile,Referral,-8.69,5,No
36,2913,2024-08-02,Desktop,Email,-5.07,10,No
37,3260,2026-10-24,Desktop,Facebook,-1.49,14,No
38,545,2026-04-16,Tablet,Instagram,-3.38,15,Yes
39,4393,2024-03-17,Desktop,Direct,-9.35,14,No
40,4135,2023-09-05,Mobile,Google Ads,0.6,1,No
41,2798,2024-08-16,Tablet,Email,18.68,1,No
42,674,2024-03-18,Desktop,Google Ads,35.9,6,No
43,1270,2024-12-19,Desktop,Google Ads,20.56,6,No
44,3946,2023-12-29,Tablet,Facebook,36.51,12,No
45,527,2024-11-03,Tablet,Instagram,18.08,1,No
46,1838,2025-12-15,Tablet,Facebook,2.57,10,Yes
47,307,2026-03-20,Tablet,Email,43.39,8,No
48,2570,2026-05-09,Desktop,Google Ads,28.19,11,No
49,384,2024-04-03,Tablet,Organic,36.65,6,No
50,594,2026-08-03,Desktop,Facebook,21.25,12,Yes
51,766,2026-01-12,Mobile,Instagram,27.24,15,No
52,1244,2023-03-12,Mobile,Facebook,22.23,9,No
53,626,2024-05-05,Desktop,Referral,35.84,10,No
54,274,2024-12-03,Tablet,Direct,17.6,11,No
55,3785,2025-07-18,Desktop,Instagram,5.89,8,No
56,322,2025-10-29,Tablet,Instagram,30.01,1,No
57,1829,2025-09-19,Tablet,Facebook,10.62,8,No
58,199,2023-12-25,Desktop,Direct,40.05,5,Yes
59,50,2023-12-25,Tablet,Email,8.39,10,Yes
60,2834,2026-06-20,Mobile,Instagram,20.13,0,No
61,631,2025-06-13,Desktop,Organic,32.29,0,Yes
62,1952,2025-05-07,Desktop,Email,29.71,0,No
63,3255,2023-07-10,Tablet,Google Ads,42.84,0,No
64,4886,2025-12-10,Desktop,Facebook,42.62,0,Yes
65,3597,2023-11-11,Desktop,Facebook,27.92,0,No
66,1660,2026-08-23,Tablet,Facebook,28.38,0,No
67,4375,2026-11-26,Desktop,Google Ads,20.53,0,No
68,2562,2026-09-30,Tablet,Google Ads,23.57,0,No
69,1412,2026-08-18,Tablet,Referral,38.14,0,No
70,4588,2025-09-13,Desktop,Organic,21.18,0,Yes
71,1099,2026-01-14,Tablet,Referral,10.98,0,Yes
72,4299,2025-04-06,Tablet,Referral,37.47,0,No
73,2131,2026-03-24,Desktop,Organic,11.96,0,No
74,952,2025-07-04,Tablet,Organic,21.07,0,No
75,555,2024-06-04,Desktop,Facebook,44.47,0,No
76,2345,2024-07-22,Tablet,Email,32.27,0,Yes
77,2056,2023-08-17,Tablet,Referral,20.47,0,No
78,4801,2023-02-27,Tablet,Google Ads,23.22,0,Yes
79,790,2026-06-17,Desktop,Google Ads,13.56,0,Yes
80,381,2024-05-25,Mobile,Google Ads,4.01,0,Yes
81,1071,2023-05-25,Mobile,Email,23.91,0,No
82,1914,2025-06-26,Desktop,Instagram,11.32,0,No
83,2532,2023-05-23,Tablet,Google Ads,34.7,0,No
84,4625,2023-07-17,Desktop,Google Ads,6.31,0,No
85,1142,2025-12-13,Mobile,Referral,22.51,0,No
86,3248,2025-10-20,Tablet,Instagram,26.93,0,No
87,1123,2024-11-20,Tablet,Direct,14.23,0,No
88,4044,2024-02-23,Desktop,Referral,13.26,0,Yes
89,4667,2024-01-21,Mobile,Instagram,23.42,0,No
90,2878,2023-10-09,Desktop,Direct,2.19,0,No
91,4896,2025-02-09,Tablet,Email,43.05,0,No
92,3348,2025-12-17,Desktop,Facebook,7.18,0,No
93,395,2023-05-01,Desktop,Instagram,7.85,0,No
94,4503,2023-03-21,Mobile,Organic,40.5,0,Yes
95,1955,2024-07-28,Mobile,Facebook,27.23,0,No
96,2457,2024-08-12,Desktop,Direct,15.53,0,No
97,2299,2023-04-01,Tablet,Email,23.46,0,No
98,713,2023-07-21,Mobile,Instagram,8.5,0,No
99,1876,2026-12-02,Mobile,Facebook,43.22,0,No
100,3716,2025-06-02,Tablet,Organic,24.14,0,No
101,45,2026-11-10,Tablet,Referral,2.3,0,No
102,2151,2023-09-18,Mobile,Google Ads,31.91,0,No
103,1773,2026-04-03,Mobile,Google Ads,12.81,0,No
104,1631,2025-04-26,Tablet,Direct,27.43,0,No
105,3698,2026-08-08,Desktop,Facebook,13.85,0,No
106,3879,2025-06-04,Tablet,Facebook,31.63,0,No
107,853,2026-08-30,Mobile,Instagram,22.02,0,Yes
108,685,2024-11-19,Tablet,Referral,10.86,0,No
109,3777,2024-10-05,Mobile,Referral,44.25,0,No
110,2470,2026-06-30,Mobile,Organic,9.98,0,No
111,570,2023-09-06,Tablet,Referral,15.07,7,No
112,1339,2024-05-08,Desktop,Instagram,5.08,8,No
113,1785,2026-03-16,Tablet,Instagram,1.05,8,No
114,2365,2025-12-02,Mobile,Direct,11.02,12,No
115,424,2024-02-06,Desktop,Organic,21.66,6,No
116,1867,2023-01-17,Desktop,Direct,15.75,14,Yes
117,4790,2024-10-12,Tablet,Facebook,3.79,2,Yes
118,3677,2026-11-10,Mobile,Organic,42.76,13,No
119,1318,2024-07-26,Desktop,Referral,28.77,13,No
120,2095,2025-01-19,Mobile,Google Ads,26.76,9,No
121,3534,2023-03-17,Mobile,Direct,7.97,12,No
122,771,2025-08-14,Mobile,Facebook,44.44,8,No
123,852,2023-05-08,Tablet,Organic,15.87,3,No
124,4168,2025-02-28,Tablet,Direct,28.5,9,No
125,4060,2025-05-08,Desktop,Referral,29.43,5,No
126,3608,2025-02-20,Desktop,Referral,11.87,9,No
127,723,2024-04-18,Mobile,Referral,34.35,4,Yes
128,1029,2023-12-14,Desktop,Google Ads,27.48,10,No
129,1715,2023-05-12,Tablet,Instagram,9.97,9,No
130,3969,2024-06-22,Mobile,Facebook,30.08,3,No
131,3774,2026-02-12,Desktop,Referral,31.05,13,No
132,4729,2024-12-01,Mobile,Referral,3.49,1,No
133,3868,2025-01-19,Tablet,Google Ads,23.89,7,No
134,4321,2023-12-29,Mobile,Instagram,29.81,4,No
135,4768,2023-03-10,Desktop,Referral,41.81,7,No
136,1810,2024-08-27,Tablet,Direct,40.87,10,Yes
137,1982,2025-03-26,Desktop,Direct,27.71,5,No
138,2397,2025-06-07,Mobile,Email,9.64,8,Yes
139,4330,2026-09-26,Tablet,Direct,14.24,7,No
140,1028,2026-08-10,Tablet,Instagram,24.96,1,No
141,1972,2026-10-01,Tablet,Email,3.69,15,Yes
142,2121,2024-09-03,Desktop,Email,32.45,12,No
143,1741,2024-09-26,Desktop,Facebook,28.12,5,No
144,1012,2026-05-03,Mobile,Referral,22.62,15,No
145,3899,2023-05-23,Tablet,Direct,11.65,8,No
146,2583,2023-11-11,Tablet,Referral,17.37,9,Yes
147,520,2026-09-25,Mobile,Facebook,19.61,12,No
148,3928,2026-02-27,Desktop,Facebook,16.11,2,Yes
149,3155,2023-09-25,Tablet,Referral,42.23,8,No
150,0,2026-02-21,Mobile,Direct,17.76,15,Yes
151,0,2025-04-26,Tablet,Organic,13.61,8,Yes
152,0,2026-03-09,Mobile,Organic,41.92,11,Yes
153,0,2025-07-07,Desktop,Instagram,9.3,9,Yes
154,0,2025-05-27,Desktop,Google Ads,26.73,9,Yes
155,0,2026-07-03,Tablet,Direct,41.92,6,Yes
156,0,2025-09-13,Tablet,Instagram,41.79,6,Yes
157,0,2024-04-02,Mobile,Referral,43.09,8,Yes
158,0,2023-12-21,Tablet,Google Ads,4.32,11,Yes
159,0,2023-11-25,Mobile,Google Ads,42.83,14,Yes
160,0,2025-08-02,Tablet,Instagram,39.97,2,Yes
161,0,2023-11-07,Desktop,Facebook,35.69,8,Yes
162,0,2024-01-19,Tablet,Referral,12.89,4,Yes
163,1981,2026-03-10,Mobile,Google Ads,27.28,4,Yes
164,1718,2023-12-07,Tablet,Google Ads,24.67,4,No
165,340,2025-11-20,Desktop,Referral,43.0,10,Yes
166,279,2025-05-07,Tablet,Direct,11.5,11,No
167,4184,2026-05-13,Tablet,Organic,1.98,14,No
168,1280,2024-04-23,Tablet,Referral,3.55,8,No
169,4849,2024-04-23,Desktop,Direct,10.64,3,No
170,866,2023-12-17,Desktop,Organic,8.04,10,Yes
171,703,2024-05-16,Desktop,Google Ads,35.77,14,Yes
172,724,2023-03-12,Desktop,Instagram,36.63,6,No
173,2260,2025-06-18,Tablet,Direct,23.89,4,No
174,3008,2026-04-15,Tablet,Direct,33.28,5,Yes
175,859,2025-04-07,Desktop,Organic,42.4,8,No
176,2202,2026-03-29,Mobile,Email,22.56,12,No
177,2838,2023-09-16,Desktop,Instagram,9.59,7,No
178,4913,2025-06-30,Tablet,Organic,16.63,11,No
179,877,2026-08-12,Desktop,Organic,29.08,5,No
180,61,2026-10-30,Desktop,Facebook,23.43,15,No
181,3326,2026-08-01,Desktop,Google Ads,4.1,11,Yes
182,4755,2026-05-22,Mobile,Email,8.39,12,No
183,3447,2025-07-09,Desktop,Facebook,38.76,4,Yes
184,538,2024-06-17,Desktop,Direct,21.12,13,No
185,3833,2025-07-04,Mobile,Google Ads,21.2,4,No
186,1633,2026-02-23,Mobile,Facebook,26.31,5,No
187,3141,2026-05-09,Tablet,Instagram,33.26,3,No
188,4651,2025-09-12,Desktop,Email,23.84,8,No
189,304,2025-09-28,Desktop,Direct,42.71,7,No
190,4911,2024-01-22,Mobile,Referral,7.49,9,Yes
191,1869,2023-10-22,Tablet,Facebook,8.49,3,No
192,232,2026-10-24,Tablet,Instagram,42.74,8,No
193,2336,2023-12-22,Mobile,Facebook,31.44,6,No
194,3779,2023-01-19,Mobile,Google Ads,23.65,14,No
195,1089,2025-12-12,Mobile,Google Ads,20.16,3,No
196,4587,2023-11-13,Desktop,Direct,22.43,14,No
197,3369,2024-07-14,Tablet,Organic,10.3,9,No
198,4230,2026-11-13,Desktop,Facebook,20.56,10,No
199,2106,2023-05-30,Tablet,Direct,4.03,11,No
200,3330,2023-09-18,Desktop,Facebook,42.35,2,No
201,3195,2024-04-26,Desktop,Google Ads,12.48,1,No
202,4109,2023-10-15,Mobile,Email,5.36,11,No
203,3363,2024-09-21,Tablet,Organic,38.45,10,No
204,734,2023-10-19,Desktop,Instagram,36.2,3,Yes
205,666,2023-06-15,Desktop,Organic,10.34,11,No
206,4005,2023-01-07,Desktop,Google Ads,2.26,11,No
207,3643,2023-04-08,Desktop,Direct,9.7,1,No
208,3506,2023-10-25,Tablet,Direct,1.52,15,No
209,4083,2026-11-26,Desktop,Referral,24.73,4,No
210,3078,2024-11-18,Desktop,Direct,14.25,14,No
211,1080,2023-09-09,Desktop,Google Ads,6.12,4,No
212,2874,2024-10-08,Tablet,Google Ads,40.64,7,No
213,3750,2026-04-15,Tablet,Email,34.18,12,No
214,2004,2024-02-04,Mobile,Google Ads,19.76,3,No
215,1647,2025-03-15,Desktop,Email,37.17,9,No
216,2046,2025-08-02,Mobile,Referral,36.08,8,No
217,1452,2025-09-18,Desktop,Instagram,33.35,1,No
218,2846,2024-12-03,Tablet,Google Ads,5.5,13,No
219,3505,2023-01-13,Tablet,Referral,42.96,9,Yes
220,4828,2025-02-04,Tablet,Email,22.69,14,No
221,805,2024-04-30,Desktop,Organic,15.27,10,No
222,1156,2026-09-28,Tablet,Instagram,33.61,3,Yes
223,238,2026-06-16,Mobile,Facebook,3.51,9,No
224,4520,2025-06-26,Desktop,Organic,6.78,4,No
225,3930,2023-06-06,Desktop,Google Ads,37.92,5,Yes
226,1193,2026-12-24,Mobile,Organic,1.14,3,No
227,2148,2024-11-06,Mobile,Email,44.89,2,No
228,4634,2023-08-27,Tablet,Instagram,23.56,8,No
229,4993,2023-07-21,Desktop,Direct,32.65,10,No
230,3347,2023-11-17,Mobile,Email,16.89,11,No
231,1291,2026-03-27,Tablet,Instagram,40.51,3,No
232,1814,2025-07-10,Mobile,Direct,37.27,14,Yes
233,879,2025-06-19,Tablet,Instagram,38.7,2,No
234,1211,2024-02-23,Desktop,Instagram,14.03,6,No
235,289,2024-05-30,Desktop,Organic,10.0,5,No
236,994,2023-12-08,Tablet,Email,33.31,8,No
237,200,2024-04-03,Mobile,Organic,21.43,14,No
238,265,2024-11-28,Mobile,Referral,33.3,3,No
239,1154,2023-01-18,Tablet,Instagram,9.14,6,No
240,1807,2025-07-26,Mobile,Facebook,34.53,8,Yes
241,2176,2026-06-24,Mobile,Direct,7.04,3,No
242,4888,2023-12-21,Tablet,Instagram,24.77,2,Yes
243,1481,2026-07-27,Desktop,Direct,19.44,11,No
244,1414,2024-03-25,Mobile,Organic,23.39,2,No
245,2070,2025-11-07,Mobile,Referral,2.78,3,No
246,4068,2026-10-31,Tablet,Instagram,17.27,7,No
247,879,2024-03-01,Desktop,Facebook,13.9,1,No
248,396,2024-12-13,Tablet,Google Ads,38.54,12,No
249,1340,2025-10-20,Tablet,Google Ads,14.93,14,No
250,4046,2024-03-16,Tablet,Organic,35.1,5,No
251,3347,2023-11-13,Tablet,Organic,31.3,8,No
252,4200,2024-01-27,Desktop,Instagram,27.63,5,No
253,555,2025-09-26,Mobile,Direct,32.48,8,No
254,323,2025-03-15,Desktop,Facebook,43.06,3,No
255,103,2024-06-03,Tablet,Google Ads,27.86,12,No
256,2377,2023-07-18,Mobile,Organic,39.37,4,No
257,4344,2026-08-27,Tablet,Facebook,37.07,3,No
258,3864,2024-06-07,Desktop,Google Ads,44.73,9,No
259,2835,2023-05-29,Desktop,Facebook,6.23,4,No
260,4293,2023-04-26,Mobile,Facebook,24.32,5,No
261,4698,2026-11-20,Mobile,Direct,24.48,5,No
262,3218,2025-04-11,Mobile,Facebook,0.83,6,No
263,4117,2026-05-25,Mobile,Facebook,22.61,1,No
264,1726,2026-07-07,Tablet,Email,18.2,13,No
265,636,2023-04-12,Tablet,Direct,14.25,15,No
266,1130,2024-08-11,Tablet,Organic,40.41,12,No
267,3262,2025-05-05,Tablet,Google Ads,1.73,5,Yes
268,2815,2024-11-29,Mobile,Google Ads,21.33,6,No
269,674,2024-03-06,Mobile,Referral,21.07,7,No
270,4520,2026-02-13,Tablet,Facebook,16.76,15,Yes
271,3390,2026-03-06,Mobile,Organic,28.0,6,No
272,2050,2023-01-19,Mobile,Google Ads,15.27,1,No
273,4742,2026-11-16,Tablet,Organic,12.09,14,Yes
274,2606,2024-03-22,Tablet,Google Ads,30.96,5,No
275,3846,2024-08-30,Mobile,Organic,6.78,7,No
276,973,2026-11-19,Mobile,Google Ads,43.48,2,No
277,203,2023-01-28,Desktop,Facebook,31.88,11,No
278,2661,2023-12-13,Mobile,Referral,23.26,7,No
279,4305,2023-06-11,Tablet,Direct,5.54,2,No
280,2607,2026-11-25,Mobile,Instagram,10.91,9,No
281,239,2026-03-15,Mobile,Google Ads,20.24,9,No
282,1026,2026-03-09,Tablet,Facebook,16.63,3,No
283,1730,2026-04-14,Mobile,Email,28.42,11,No
284,1309,2024-03-18,Desktop,Referral,35.12,3,No
285,2767,2024-08-13,Mobile,Email,31.94,5,Yes
286,4310,2026-03-30,Mobile,Organic,6.38,7,Yes
287,387,2023-11-25,Mobile,Referral,3.46,12,Yes
288,173,2025-04-22,Desktop,Direct,38.67,2,No
289,4025,2024-06-15,Tablet,Facebook,13.37,14,No
290,3940,2025-03-18,Tablet,Google Ads,27.83,2,No
291,3222,2024-02-23,Desktop,Direct,37.48,3,Yes
292,3596,2026-01-27,Tablet,Organic,5.79,1,No
293,3256,2026-12-06,Mobile,Google Ads,11.32,13,Yes
294,870,2023-06-15,Mobile,Direct,28.14,14,No
295,998,2024-06-23,Mobile,Instagram,16.08,13,No
296,4539,2024-03-25,Tablet,Instagram,0.67,13,No
297,1095,2025-04-18,Tablet,Instagram,12.36,11,No
298,3909,2023-07-23,Tablet,Instagram,26.38,12,No
299,996,2024-05-11,Mobile,Direct,26.32,5,No
300,1491,2026-05-23,Mobile,Instagram,31.92,13,No
301,2138,2026-11-23,Desktop,Direct,36.56,1,No
302,1122,2024-12-13,Mobile,Instagram,16.29,4,No
303,3756,2026-05-18,Desktop,Direct,26.62,13,No
304,4665,2024-02-18,Desktop,Organic,16.17,5,No
305,4471,2025-03-04,Mobile,Referral,10.32,8,No
306,2854,2026-07-10,Desktop,Referral,41.33,2,No
307,1236,2025-12-14,Mobile,Organic,38.04,1,No
308,370,2024-04-22,Desktop,Google Ads,21.47,1,No
309,1474,2025-11-24,Mobile,Google Ads,13.58,15,No
310,4682,2023-03-15,Mobile,Google Ads,18.45,1,No
311,3038,2025-10-23,Desktop,Google Ads,13.93,11,No
312,3683,2025-06-05,Desktop,Email,27.83,10,No
313,3793,2025-09-11,Desktop,Direct,16.43,5,No
314,2426,2024-11-07,Mobile,Referral,18.9,12,No
315,84,2026-08-18,Tablet,Direct,9.35,6,No
316,4767,2025-12-26,Desktop,Google Ads,42.71,1,No
317,3993,2026-08-27,Desktop,Instagram,28.92,6,No
318,4274,2024-09-13,Desktop,Direct,27.13,5,No
319,759,2023-02-15,Desktop,Google Ads,37.15,8,No
320,1226,2025-02-21,Tablet,Google Ads,21.92,13,Yes
321,2623,2024-06-18,Tablet,Google Ads,31.95,7,Yes
322,3963,2023-01-30,Mobile,Direct,28.23,1,No
323,2873,2023-02-18,Tablet,Facebook,38.01,11,No
324,2647,2026-01-02,Desktop,Direct,32.89,11,No
325,2277,2025-06-08,Mobile,Referral,28.9,5,No
326,3560,2023-12-05,Desktop,Organic,17.25,1,Yes
327,2076,2026-06-22,Tablet,Organic,13.57,12,Yes
328,3218,2025-05-20,Desktop,Instagram,1.57,5,Yes
329,2511,2023-08-31,Desktop,Direct,7.62,11,No
330,2784,2026-02-07,Desktop,Instagram,26.07,11,Yes
331,1405,2024-12-03,Desktop,Instagram,33.09,6,No
332,167,2025-11-19,Tablet,Referral,29.81,5,No
333,4397,2026-11-07,Desktop,Referral,18.37,2,Yes
334,3733,2025-11-11,Mobile,Google Ads,42.61,9,No
335,3349,2024-04-21,Mobile,Facebook,3.99,3,No
336,3255,2023-09-11,Desktop,Google Ads,44.44,12,Yes
337,4407,2023-10-11,Tablet,Google Ads,24.68,9,No
338,1062,2025-07-21,Tablet,Instagram,31.76,7,No
339,942,2024-10-22,Desktop,Email,30.09,1,No
340,2258,2024-03-21,Desktop,Email,4.11,5,No
341,1438,2024-10-04,Mobile,Email,21.3,12,No
342,4852,2026-07-17,Tablet,Referral,13.51,1,No
343,1246,2026-01-04,Desktop,Referral,10.82,1,No
344,2945,2023-12-29,Mobile,Google Ads,6.88,1,No
345,1864,2026-04-25,Tablet,Instagram,39.0,6,No
346,2174,2025-04-02,Mobile,Facebook,29.67,4,No
347,4547,2024-05-04,Mobile,Organic,30.1,13,No
348,620,2025-10-10,Desktop,Direct,19.25,13,No
349,2333,2025-11-30,Desktop,Referral,36.49,14,Yes
350,1195,2024-07-30,Mobile,Email,27.43,4,No
351,3864,2026-10-19,Desktop,Organic,32.41,12,No
352,505,2025-02-24,Desktop,Facebook,26.31,14,No
353,2939,2023-11-18,Tablet,Google Ads,22.23,11,No
354,3567,2023-05-16,Mobile,Google Ads,35.67,14,No
355,4883,2023-02-19,Mobile,Direct,2.68,8,No
356,2690,2026-02-22,Mobile,Referral,16.86,6,Yes
357,3130,2024-10-26,Mobile,Instagram,33.03,1,No
358,4088,2024-07-01,Desktop,Instagram,23.9,2,No
359,913,2025-05-09,Desktop,Organic,22.92,10,No
360,2007,2024-09-07,Tablet,Referral,11.65,5,No
361,1006,2026-02-16,Mobile,Google Ads,26.51,6,Yes
362,4760,2023-07-24,Desktop,Instagram,26.62,8,Yes
363,1117,2025-10-25,Mobile,Direct,5.92,5,No
364,2323,2025-11-13,Desktop,Google Ads,0.9,10,No
365,3883,2026-07-23,Mobile,Facebook,42.65,1,No
366,3482,2026-04-23,Desktop,Facebook,17.84,13,No
367,3471,2025-03-24,Tablet,Email,38.16,10,No
368,3886,2024-08-13,Mobile,Direct,39.07,9,No
369,4739,2025-12-13,Tablet,Google Ads,17.95,4,Yes
370,1704,2023-01-01,Mobile,Direct,6.81,3,No
371,2219,2023-11-04,Tablet,Direct,43.45,7,No
372,2117,2023-10-01,Tablet,Organic,22.14,7,No
373,3547,2026-01-25,Mobile,Facebook,4.69,6,No
374,3381,2025-07-20,Tablet,Direct,20.65,4,No
375,1118,2025-04-07,Tablet,Direct,25.28,7,Yes
376,462,2025-01-02,Mobile,Instagram,17.0,15,No
377,2660,2026-12-11,Mobile,Instagram,37.79,15,No
378,2823,2024-05-03,Tablet,Google Ads,33.77,8,Yes
379,834,2023-06-15,Tablet,Referral,39.63,2,No
380,3139,2025-10-28,Desktop,Organic,43.51,13,No
381,1066,2024-03-31,Desktop,Google Ads,21.61,1,No
382,1802,2024-04-01,Mobile,Email,16.52,7,No
383,4804,2024-03-20,Tablet,Organic,5.67,9,No
384,3634,2025-11-22,Desktop,Google Ads,22.27,2,No
385,1354,2026-02-05,Tablet,Direct,16.96,10,No
386,263,2026-11-14,Desktop,Google Ads,30.4,11,No
387,28,2025-12-18,Desktop,Email,1.92,15,No
388,4489,2026-01-13,Desktop,Email,39.02,4,No
389,4759,2025-08-16,Tablet,Organic,17.88,15,Yes
390,1095,2023-06-24,Mobile,Email,42.98,5,No
391,2580,2023-10-07,Mobile,Organic,42.33,15,No
392,4489,2023-06-10,Mobile,Email,31.57,15,No
393,2975,2025-01-03,Mobile,Facebook,35.83,14,No
394,3999,2026-07-07,Desktop,Facebook,32.01,10,Yes
395,1478,2023-11-29,Desktop,Google Ads,5.56,7,No
396,128,2026-03-28,Tablet,Email,35.94,2,No
397,3794,2023-03-05,Tablet,Organic,31.29,5,No
398,4602,2024-03-23,Mobile,Google Ads,11.84,4,Yes
399,764,2023-08-26,Desktop,Email,10.32,9,Yes
400,833,2025-06-28,Tablet,Organic,26.38,11,No
401,4236,2024-12-01,Desktop,Organic,21.8,10,No
402,976,2024-12-16,Mobile,Facebook,40.71,10,No
403,3681,2025-08-21,Desktop,Referral,31.69,1,No
404,3795,2024-06-25,Tablet,Direct,10.55,4,No
405,2121,2025-12-20,Mobile,Google Ads,19.76,15,No
406,4792,2025-05-18,Desktop,Direct,10.99,14,Yes
407,3964,2023-11-19,Desktop,Referral,26.65,6,No
408,2331,2026-03-02,Desktop,Instagram,20.15,11,No
409,1408,2026-01-28,Mobile,Email,11.04,5,No
410,4167,2026-04-09,Mobile,Google Ads,1.15,3,No
411,1588,2025-12-09,Desktop,Email,44.23,14,Yes
412,3571,2023-05-07,Mobile,Google Ads,3.57,8,No
413,2437,2025-04-08,Desktop,Email,5.74,9,Yes
414,1411,2024-04-09,Tablet,Email,18.5,9,No
415,2643,2025-12-17,Mobile,Email,19.66,8,No
416,612,2023-11-02,Mobile,Direct,14.23,8,No
417,3731,2023-11-21,Desktop,Direct,4.97,8,No
418,3398,2024-02-26,Desktop,Organic,37.1,13,No
419,4517,2024-06-10,Desktop,Direct,37.89,6,No
420,2871,2026-12-12,Tablet,Email,26.74,3,No
421,2866,2024-12-31,Tablet,Referral,28.78,9,Yes
422,1418,2025-01-09,Tablet,Facebook,15.17,13,Yes
423,1552,2024-06-07,Tablet,Direct,34.87,11,No
424,1178,2023-10-25,Desktop,Google Ads,1.25,6,No
425,4231,2026-10-21,Tablet,Referral,8.76,1,No
426,3765,2026-09-11,Mobile,Email,3.74,6,No
427,1550,2025-12-20,Mobile,Email,5.54,2,No
428,1558,2025-06-28,Tablet,Direct,25.49,12,No
429,468,2023-08-01,Desktop,Organic,16.44,15,No
430,838,2023-02-10,Mobile,Facebook,5.78,15,No
431,740,2024-01-02,Desktop,Instagram,28.15,3,Yes
432,334,2025-10-25,Desktop,Direct,43.89,4,No
433,1695,2024-04-01,Mobile,Referral,25.87,11,No
434,647,2026-05-17,Desktop,Organic,15.3,5,No
435,1215,2024-04-05,Mobile,Direct,19.75,1,No
436,4466,2024-10-08,Desktop,Organic,20.06,8,No
437,688,2024-10-22,Mobile,Email,7.17,14,Yes
438,693,2026-10-18,Mobile,Facebook,38.1,6,No
439,433,2026-12-22,Mobile,Google Ads,43.54,15,No
440,2370,2025-10-22,Tablet,Facebook,7.3,12,No
441,1421,2025-03-09,Tablet,Direct,9.74,9,No
442,4233,2024-09-30,Tablet,Instagram,2.69,11,No
443,829,2023-02-19,Tablet,Facebook,19.5,4,No
444,439,2025-10-19,Desktop,Direct,20.7,2,No
445,4587,2024-02-21,Tablet,Facebook,13.89,14,No
446,2123,2024-03-04,Desktop,Direct,28.66,4,Yes
447,3931,2025-06-07,Mobile,Referral,30.15,14,Yes
448,776,2025-06-16,Desktop,Instagram,24.52,2,No
449,2224,2024-02-26,Mobile,Direct,35.99,10,No
450,3734,2025-12-21,Desktop,Google Ads,37.96,6,No
451,4479,2024-10-15,Tablet,Referral,44.76,3,No
452,17,2024-05-31,Desktop,Referral,22.88,15,Yes
453,1452,2023-03-10,Desktop,Referral,33.0,12,No
454,2255,2025-11-25,Mobile,Email,4.56,3,No
455,1416,2025-03-21,Tablet,Direct,2.97,2,No
456,2633,2025-04-02,Desktop,Google Ads,9.03,1,Yes
457,2859,2024-06-25,Desktop,Direct,30.62,10,Yes
458,2134,2024-12-29,Desktop,Google Ads,3.08,9,No
459,4645,2025-06-15,Tablet,Organic,34.95,1,No
460,2760,2026-04-27,Desktop,Google Ads,8.13,5,No
461,782,2024-11-18,Desktop,Organic,34.8,13,No
462,1434,2025-11-25,Mobile,Email,35.12,1,No
463,4157,2026-06-02,Desktop,Instagram,17.63,4,No
464,1220,2023-10-08,Mobile,Instagram,11.05,12,No
465,3848,2024-12-06,Tablet,Referral,44.37,4,No
466,92,2025-10-11,Tablet,Direct,1.02,13,No
467,1920,2025-08-10,Desktop,Facebook,31.97,13,No
468,4528,2025-01-09,Desktop,Organic,2.33,13,No
469,3942,2026-12-25,Mobile,Instagram,26.19,11,No
470,1054,2025-12-18,Tablet,Organic,24.06,15,No
471,2729,2026-03-06,Tablet,Google Ads,26.32,9,No
472,4264,2023-10-01,Tablet,Referral,4.09,8,No
473,1662,2024-11-04,Mobile,Organic,14.96,7,No
474,2435,2026-09-21,Desktop,Direct,26.68,11,No
475,2978,2026-09-24,Desktop,Google Ads,43.76,5,No
476,4395,2026-07-16,Desktop,Direct,23.17,3,Yes
477,4399,2023-09-03,Desktop,Instagram,34.98,3,No
478,2735,2026-04-18,Desktop,Instagram,11.7,8,No
479,4657,2025-04-10,Desktop,Facebook,37.71,10,No
480,4654,2026-09-28,Desktop,Instagram,42.67,11,No
481,2045,2025-03-11,Desktop,Instagram,6.71,3,No
482,1068,2026-01-15,Tablet,Organic,25.19,11,No
483,3296,2026-09-14,Tablet,Facebook,12.51,11,Yes
484,435,2025-05-26,Tablet,Email,30.94,3,No
485,4668,2025-02-02,Mobile,Facebook,21.92,12,Yes
486,4748,2023-09-21,Mobile,Google Ads,25.31,14,Yes
487,419,2023-11-14,Mobile,Referral,40.32,7,Yes
488,3142,2023-12-04,Tablet,Instagram,23.06,4,No
489,4072,2024-08-20,Mobile,Organic,39.99,8,No
490,3843,2023-12-01,Tablet,Organic,36.94,12,No
491,2855,2025-09-04,Desktop,Google Ads,30.2,12,No
492,2706,2025-03-29,Tablet,Google Ads,9.79,15,No
493,3414,2025-05-21,Tablet,Google Ads,5.5,13,Yes
494,3189,2023-03-16,Tablet,Facebook,4.14,2,No
495,793,2025-11-27,Tablet,Referral,23.51,7,No
496,4746,2023-07-03,Mobile,Referral,41.55,8,No
497,52,2025-02-25,Mobile,Direct,9.0,3,Yes
498,236,2023-07-12,Desktop,Referral,14.33,8,No
499,1334,2024-07-28,Tablet,Google Ads,1.74,7,No
500,4001,2023-04-01,Tablet,Google Ads,20.29,9,No
501,2375,2025-02-16,Desktop,Organic,44.09,10,Yes
502,4423,2024-08-08,Tablet,Referral,11.6,8,No
503,978,2024-09-26,Desktop,Organic,39.95,11,No
504,4770,2026-04-06,Mobile,Email,1.45,7,No
505,1537,2023-12-06,Desktop,Facebook,6.94,7,Yes
506,1859,2026-08-24,Mobile,Email,40.15,11,No
507,289,2025-08-31,Desktop,Organic,2.2,2,Yes
508,3399,2023-06-28,Desktop,Google Ads,36.21,5,No
509,3546,2023-01-05,Tablet,Direct,33.84,15,Yes
510,2963,2024-05-26,Desktop,Instagram,3.14,4,No
511,2291,2026-10-18,Desktop,Organic,38.91,7,No
512,2674,2023-02-08,Mobile,Email,22.73,2,Yes
513,844,2024-08-25,Mobile,Instagram,21.87,11,No
514,4714,2026-04-11,Mobile,Organic,13.11,4,No
515,3750,2023-12-25,Tablet,Email,8.21,5,No
516,4590,2025-07-18,Mobile,Email,11.72,13,No
517,2775,2024-10-17,Desktop,Referral,31.06,3,No
518,2202,2025-07-03,Desktop,Direct,19.86,2,No
519,229,2023-12-30,Tablet,Email,33.7,12,No
520,2389,2025-09-21,Mobile,Google Ads,4.09,6,No
521,2737,2023-08-10,Tablet,Direct,11.09,3,No
522,381,2023-04-15,Tablet,Google Ads,25.21,2,No
523,4880,2026-09-13,Mobile,Instagram,12.82,13,No
524,3198,2025-01-03,Desktop,Google Ads,31.74,4,No
525,3096,2025-01-13,Desktop,Email,36.48,3,No
526,1592,2023-07-26,Tablet,Facebook,23.28,4,No
527,1391,2025-11-12,Tablet,Email,39.1,2,No
528,2877,2026-05-20,Tablet,Organic,43.01,6,No
529,266,2024-12-12,Mobile,Google Ads,30.17,12,No
530,4418,2025-10-08,Tablet,Email,35.8,5,No
531,4223,2026-02-13,Mobile,Referral,27.03,12,No
532,41,2025-03-03,Mobile,Direct,18.33,2,No
533,3086,2024-07-01,Mobile,Organic,11.4,2,No
534,236,2026-03-11,Desktop,Instagram,5.73,14,No
535,4692,2024-05-09,Mobile,Email,24.09,6,Yes
536,1409,2023-01-03,Tablet,Email,25.6,14,No
537,2890,2023-12-12,Desktop,Referral,7.99,13,No
538,3025,2026-08-21,Tablet,Instagram,11.58,11,Yes
539,3282,2025-03-11,Desktop,Referral,5.79,9,No
540,3258,2026-02-07,Tablet,Email,35.41,12,No
541,651,2023-04-20,Desktop,Direct,21.1,12,No
542,2096,2026-07-02,Mobile,Facebook,22.78,9,No
543,272,2023-01-05,Tablet,Google Ads,10.09,7,No
544,7,2024-05-20,Mobile,Google Ads,23.02,1,No
545,1269,2024-04-09,Tablet,Email,44.06,9,No
546,830,2023-12-22,Mobile,Organic,18.49,13,No
547,4888,2024-05-03,Desktop,Google Ads,22.82,8,Yes
548,2934,2024-06-14,Desktop,Google Ads,30.37,15,No
549,1878,2026-05-22,Mobile,Organic,24.97,7,No
550,4726,2026-12-09,Mobile,Instagram,35.87,12,No
551,1899,2026-06-17,Mobile,Organic,18.65,12,No
552,1582,2023-06-27,Tablet,Referral,44.96,12,No
553,142,2023-09-19,Mobile,Facebook,41.87,15,No
554,650,2026-06-24,Tablet,Email,17.49,8,No
555,1382,2025-07-09,Mobile,Organic,2.35,2,Yes
556,2635,2026-11-25,Tablet,Instagram,23.77,4,No
557,774,2025-07-10,Tablet,Google Ads,3.51,3,Yes
558,2701,2024-07-12,Desktop,Direct,8.15,12,No
559,2860,2024-01-09,Mobile,Direct,33.85,6,No
560,4817,2024-11-27,Desktop,Organic,9.53,14,No
561,2369,2025-05-23,Desktop,Google Ads,31.18,2,No
562,2867,2024-02-07,Mobile,Direct,26.44,1,No
563,1098,2026-06-13,Tablet,Email,13.52,13,No
564,3709,2026-06-28,Mobile,Organic,21.88,14,No
565,2267,2024-05-06,Mobile,Facebook,34.05,3,No
566,1836,2023-08-29,Mobile,Organic,25.77,7,No
567,2027,2026-05-30,Desktop,Instagram,18.15,6,No
568,2917,2026-08-26,Tablet,Facebook,8.09,11,No
569,1527,2026-11-06,Desktop,Direct,40.1,7,No
570,3270,2025-08-18,Mobile,Direct,7.56,12,No
571,1170,2023-04-24,Tablet,Organic,31.7,5,No
572,709,2025-05-16,Tablet,Email,4.84,8,Yes
573,2521,2023-05-22,Mobile,Instagram,32.37,7,Yes
574,3621,2023-08-29,Mobile,Email,40.59,8,No
575,325,2023-04-11,Desktop,Organic,1.26,1,No
576,4634,2026-11-11,Desktop,Organic,28.8,11,No
577,873,2024-05-10,Desktop,Google Ads,7.41,2,No
578,3614,2024-11-10,Desktop,Direct,43.5,2,No
579,3382,2023-04-02,Tablet,Organic,9.02,12,No
580,2708,2025-04-07,Desktop,Direct,2.89,10,No
581,642,2025-09-06,Mobile,Instagram,41.93,6,No
582,290,2023-11-15,Tablet,Google Ads,26.97,11,No
583,4830,2026-09-20,Mobile,Direct,40.95,11,No
584,2081,2025-09-02,Desktop,Direct,30.86,15,No
585,64,2023-09-07,Tablet,Instagram,43.66,15,No
586,4647,2024-07-20,Tablet,Google Ads,31.49,15,No
587,2195,2023-01-08,Tablet,Referral,32.22,6,Yes
588,2627,2026-04-26,Tablet,Google Ads,42.35,14,Yes
589,1736,2024-04-06,Tablet,Facebook,6.51,3,No
590,4547,2025-06-04,Mobile,Organic,1.37,1,No
591,3904,2025-08-25,Desktop,Referral,32.55,6,No
592,2800,2026-08-31,Desktop,Facebook,9.38,13,No
593,3304,2025-12-12,Tablet,Email,22.63,15,No
594,3226,2024-04-04,Desktop,Direct,40.67,15,No
595,4929,2023-04-18,Desktop,Organic,20.54,11,No
596,2186,2023-10-25,Desktop,Google Ads,11.39,4,No
597,4811,2023-07-19,Mobile,Direct,16.47,2,No
598,2862,2025-11-05,Tablet,Email,10.36,15,Yes
599,504,2026-09-20,Tablet,Referral,21.51,5,No
600,2932,2024-10-09,Mobile,Facebook,44.71,3,No
601,454,2024-02-06,Desktop,Google Ads,12.54,15,No
602,2263,2026-02-26,Mobile,Facebook,6.44,9,No
603,3892,2025-06-23,Desktop,Email,24.12,4,No
604,4212,2023-11-25,Desktop,Google Ads,22.96,15,Yes
605,1214,2024-07-12,Mobile,Organic,10.17,15,No
606,2895,2023-10-24,Tablet,Referral,1.96,6,No
607,2724,2023-02-15,Desktop,Email,23.53,6,Yes
608,4096,2025-10-09,Mobile,Instagram,18.83,1,No
609,230,2024-05-29,Mobile,Google Ads,24.42,5,Yes
610,4953,2023-04-13,Tablet,Facebook,16.41,2,No
611,3188,2023-05-07,Mobile,Direct,32.94,6,Yes
612,3533,2026-11-21,Desktop,Referral,31.81,3,No
613,3998,2023-06-30,Desktop,Referral,0.67,15,No
614,3988,2024-07-23,Tablet,Email,4.4,13,No
615,2478,2025-09-02,Mobile,Facebook,29.12,12,No
616,3518,2026-12-22,Mobile,Email,10.74,15,No
617,675,2023-09-06,Desktop,Email,14.94,6,No
618,1342,2024-07-27,Tablet,Facebook,37.44,3,No
619,3568,2026-03-09,Mobile,Google Ads,8.75,13,No
620,3667,2026-04-24,Tablet,Email,32.8,7,No
621,1033,2026-01-31,Desktop,Direct,17.39,9,No
622,932,2026-11-22,Mobile,Instagram,16.8,7,No
623,3959,2024-02-06,Desktop,Instagram,43.39,8,No
624,4263,2023-03-02,Tablet,Organic,5.37,3,Yes
625,4330,2023-02-01,Tablet,Instagram,35.38,15,No
626,3948,2025-01-31,Desktop,Email,35.21,14,No
627,2028,2023-05-21,Desktop,Organic,14.03,13,Yes
628,2225,2024-10-18,Mobile,Facebook,37.21,1,Yes
629,4494,2025-04-28,Desktop,Google Ads,7.25,14,Yes
630,2337,2024-03-13,Mobile,Instagram,32.96,8,No
631,4308,2025-08-06,Desktop,Instagram,14.67,9,Yes
632,2065,2024-01-16,Desktop,Referral,40.45,8,Yes
633,435,2026-04-29,Tablet,Instagram,3.03,2,No
634,1015,2025-07-20,Mobile,Google Ads,0.58,8,No
635,164,2024-08-17,Desktop,Direct,37.85,6,No
636,4093,2023-05-29,Mobile,Google Ads,11.7,5,No
637,18,2023-07-12,Mobile,Direct,39.45,2,No
638,982,2026-02-01,Tablet,Organic,18.19,9,Yes
639,1254,2025-02-16,Mobile,Email,35.39,7,No
640,2991,2023-02-22,Tablet,Direct,2.37,15,No
641,1189,2024-07-22,Desktop,Facebook,19.68,6,No
642,311,2025-11-03,Tablet,Direct,9.36,4,No
643,4123,2025-01-20,Tablet,Organic,6.05,12,No
644,346,2025-04-02,Tablet,Organic,29.25,10,Yes
645,1003,2024-05-28,Desktop,Referral,44.57,13,No
646,904,2025-01-27,Desktop,Instagram,11.63,4,No
647,2381,2026-01-02,Desktop,Google Ads,20.89,9,No
648,1968,2026-03-26,Desktop,Instagram,2.18,12,No
649,540,2025-05-15,Desktop,Direct,12.18,3,No
650,1275,2026-02-05,Tablet,Direct,3.93,11,No
651,2519,2024-05-26,Tablet,Facebook,23.95,10,No
652,583,2026-04-10,Tablet,Email,40.98,4,No
653,1014,2024-12-31,Mobile,Google Ads,30.69,14,No
654,3355,2026-05-31,Mobile,Direct,3.7,11,No
655,3576,2023-03-13,Tablet,Facebook,8.44,4,No
656,933,2026-03-08,Mobile,Instagram,33.07,4,No
657,2104,2023-06-12,Desktop,Organic,42.09,2,No
658,2896,2025-06-09,Tablet,Organic,18.22,5,No
659,4873,2024-11-01,Mobile,Direct,1.85,10,No
660,3528,2026-07-20,Desktop,Instagram,10.05,2,No
661,1684,2026-11-21,Mobile,Email,30.04,8,No
662,3599,2025-10-11,Desktop,Google Ads,34.2,1,No
663,84,2024-11-26,Desktop,Organic,28.27,2,No
664,322,2026-10-27,Tablet,Instagram,32.1,2,No
665,10,2023-11-18,Tablet,Organic,41.21,5,Yes
666,415,2026-09-07,Tablet,Instagram,16.31,12,No
667,4982,2023-01-23,Mobile,Direct,4.47,1,No
668,679,2025-03-22,Desktop,Organic,10.45,11,No
669,3396,2026-03-29,Tablet,Google Ads,7.86,13,No
670,2128,2025-11-12,Desktop,Referral,10.44,8,No
671,4617,2023-05-21,Mobile,Instagram,2.91,3,No
672,1770,2026-05-18,Tablet,Google Ads,13.39,12,Yes
673,1137,2026-04-25,Tablet,Organic,19.82,15,No
674,2675,2025-02-10,Tablet,Organic,29.2,10,No
675,4666,2025-02-06,Desktop,Google Ads,25.23,15,No
676,3635,2023-12-20,Mobile,Referral,30.81,15,No
677,3662,2023-09-11,Desktop,Referral,28.48,6,Yes
678,2270,2023-08-08,Tablet,Email,28.09,2,No
679,4915,2024-08-20,Mobile,Email,35.09,2,No
680,4360,2024-03-10,Tablet,Facebook,2.18,9,Yes
681,3510,2025-09-14,Tablet,Direct,44.28,8,No
682,1478,2025-06-12,Desktop,Facebook,1.38,13,Yes
683,1855,2023-11-29,Tablet,Referral,9.66,6,Yes
684,4330,2023-12-23,Mobile,Google Ads,32.04,12,No
685,2034,2026-07-12,Desktop,Direct,39.96,1,No
686,2475,2024-07-11,Desktop,Instagram,40.69,6,No
687,4874,2024-01-12,Tablet,Organic,11.83,10,No
688,1961,2023-07-30,Mobile,Referral,1.54,1,No
689,883,2023-05-05,Tablet,Email,35.36,5,No
690,819,2025-07-15,Tablet,Direct,13.99,2,No
691,426,2024-06-17,Mobile,Organic,35.78,9,No
692,1755,2025-10-16,Tablet,Instagram,40.25,5,No
693,2187,2024-12-29,Tablet,Instagram,34.85,6,No
694,2926,2024-01-21,Mobile,Instagram,42.66,3,No
695,4385,2026-12-06,Desktop,Referral,25.49,11,No
696,4280,2023-03-07,Mobile,Organic,18.11,5,No
697,4638,2026-08-12,Tablet,Google Ads,18.75,9,No
698,151,2023-10-11,Tablet,Organic,28.3,9,No
699,3792,2024-05-29,Tablet,Referral,29.77,9,No
700,1138,2026-08-18,Mobile,Referral,12.45,8,No
701,447,2024-06-10,Tablet,Referral,22.85,10,No
702,447,2023-05-13,Mobile,Email,3.92,1,Yes
703,3368,2026-07-03,Desktop,Organic,2.71,10,No
704,4950,2025-09-07,Mobile,Google Ads,8.62,7,No
705,2394,2026-07-17,Tablet,Google Ads,44.93,6,Yes
706,3956,2026-01-15,Tablet,Organic,40.28,9,No
707,714,2024-12-13,Mobile,Referral,40.8,15,Yes
708,917,2026-08-11,Desktop,Organic,32.3,15,Yes
709,3867,2025-11-07,Desktop,Direct,6.45,2,Yes
710,4395,2025-12-24,Tablet,Google Ads,2.15,8,No
711,2104,2025-12-24,Desktop,Referral,23.4,10,No
712,826,2024-04-02,Tablet,Direct,35.45,15,No
713,1241,2024-02-06,Mobile,Facebook,23.21,14,No
714,3910,2026-02-21,Tablet,Facebook,18.06,3,Yes
715,4679,2024-02-27,Mobile,Facebook,12.92,7,No
716,41,2023-12-28,Tablet,Direct,27.08,12,No
717,1248,2024-11-14,Mobile,Direct,2.68,7,No
718,2831,2023-01-26,Mobile,Direct,35.9,3,No
719,3504,2026-08-31,Desktop,Referral,5.44,10,No
720,1411,2024-02-26,Desktop,Google Ads,22.87,2,Yes
721,1255,2023-02-08,Mobile,Email,15.62,5,No
722,2706,2025-07-11,Desktop,Google Ads,38.95,7,Yes
723,2572,2026-09-03,Desktop,Organic,11.18,4,No
724,4858,2025-07-06,Mobile,Direct,31.68,2,No
725,2502,2023-01-20,Tablet,Email,21.75,3,No
726,2265,2024-11-16,Desktop,Facebook,28.02,2,Yes
727,3371,2026-02-07,Desktop,Instagram,15.77,13,No
728,2159,2023-12-09,Tablet,Google Ads,24.07,14,Yes
729,1412,2024-12-30,Desktop,Google Ads,16.49,11,No
730,3336,2023-08-17,Mobile,Direct,25.51,9,No
731,4432,2026-08-27,Desktop,Instagram,35.23,7,No
732,1891,2023-10-26,Desktop,Organic,32.13,2,No
733,2320,2024-12-19,Desktop,Organic,7.52,15,Yes
734,1991,2023-12-05,Desktop,Email,42.7,4,No
735,873,2024-06-24,Mobile,Organic,41.47,2,No
736,311,2026-06-26,Tablet,Instagram,24.5,8,No
737,3196,2023-10-05,Mobile,Email,35.47,2,No
738,691,2024-04-12,Desktop,Direct,17.93,8,No
739,3824,2026-01-02,Desktop,Email,15.24,15,No
740,3042,2026-10-28,Mobile,Direct,27.67,15,No
741,3056,2025-12-19,Mobile,Instagram,2.26,1,No
742,2632,2024-12-11,Mobile,Instagram,3.34,6,No
743,4497,2026-05-18,Mobile,Email,4.72,4,Yes
744,4600,2023-04-20,Tablet,Organic,39.57,8,No
745,1516,2023-02-03,Mobile,Referral,39.14,3,Yes
746,3278,2025-05-15,Mobile,Instagram,42.12,7,No
747,3077,2023-01-23,Desktop,Facebook,41.98,13,No
748,216,2023-07-02,Desktop,Facebook,40.17,7,No
749,3925,2024-07-01,Tablet,Facebook,35.72,11,No
750,3124,2025-09-13,Mobile,Email,39.36,2,No
751,1079,2026-03-13,Desktop,Instagram,24.81,10,No
752,3535,2023-08-05,Mobile,Facebook,13.84,3,Yes
753,466,2026-04-04,Tablet,Direct,4.84,14,No
754,3811,2026-08-03,Tablet,Facebook,32.38,5,No
755,3105,2024-07-19,Desktop,Google Ads,19.85,12,No
756,3835,2025-11-02,Mobile,Referral,10.2,8,No
757,3907,2025-10-25,Mobile,Google Ads,34.27,15,No
758,4179,2023-07-28,Mobile,Organic,20.26,1,Yes
759,2,2024-05-04,Desktop,Email,13.18,8,No
760,678,2026-05-02,Mobile,Google Ads,14.64,12,No
761,1647,2026-05-07,Tablet,Instagram,28.32,8,No
762,1167,2023-02-11,Tablet,Email,9.8,8,No
763,688,2025-04-25,Desktop,Email,19.06,3,No
764,214,2024-07-12,Tablet,Referral,42.94,12,No
765,3821,2023-08-16,Desktop,Organic,33.41,10,No
766,3228,2023-07-20,Desktop,Facebook,36.21,5,No
767,2111,2024-07-13,Desktop,Email,13.1,10,Yes
768,3133,2026-07-02,Tablet,Facebook,2.78,6,No
769,1895,2024-11-18,Tablet,Organic,7.61,6,No
770,1435,2025-05-21,Tablet,Instagram,4.95,12,No
771,1910,2026-05-05,Desktop,Facebook,11.57,11,No
772,1336,2024-09-28,Desktop,Referral,15.52,3,Yes
773,2995,2025-07-06,Mobile,Organic,39.67,9,Yes
774,3628,2026-04-30,Desktop,Organic,23.6,2,No
775,1641,2024-10-04,Desktop,Google Ads,4.46,1,No
776,4093,2024-10-25,Desktop,Instagram,18.27,3,Yes
777,693,2024-09-27,Desktop,Google Ads,1.78,2,No
778,917,2026-06-23,Desktop,Email,37.64,3,Yes
779,4436,2026-03-25,Mobile,Direct,41.71,14,No
780,4929,2026-09-25,Mobile,Facebook,25.9,10,No
781,3754,2024-05-26,Tablet,Facebook,3.77,9,No
782,672,2023-09-07,Mobile,Facebook,14.21,7,Yes
783,1074,2023-12-15,Desktop,Direct,10.58,4,No
784,600,2024-09-23,Desktop,Referral,44.51,14,No
785,4735,2026-03-23,Desktop,Google Ads,34.86,13,No
786,2366,2024-01-07,Mobile,Direct,38.59,12,No
787,4974,2024-11-23,Tablet,Instagram,34.94,1,No
788,2330,2025-02-10,Tablet,Email,36.22,13,No
789,3130,2023-10-03,Desktop,Referral,2.29,13,No
790,4450,2023-12-02,Mobile,Email,34.31,15,No
791,288,2025-06-10,Tablet,Direct,10.21,3,No
792,1445,2026-01-14,Mobile,Instagram,44.95,8,No
793,3799,2025-12-12,Tablet,Instagram,35.04,5,No
794,2655,2024-03-09,Desktop,Organic,7.82,1,No
795,2115,2025-08-22,Desktop,Direct,2.2,1,No
796,2593,2024-03-13,Tablet,Direct,0.55,14,No
797,3992,2023-10-06,Desktop,Facebook,39.96,3,No
798,3166,2024-02-18,Tablet,Facebook,9.37,9,No
799,4768,2025-03-17,Desktop,Facebook,38.87,11,No
800,2270,2026-10-18,Mobile,Google Ads,21.83,3,No
801,2611,2024-10-14,Mobile,Referral,14.3,3,Yes
802,4247,2024-12-28,Mobile,Facebook,37.65,12,No
803,703,2024-09-15,Tablet,Google Ads,34.05,14,Yes
804,407,2024-12-01,Desktop,Direct,19.39,6,No
805,2109,2025-01-27,Mobile,Organic,33.72,3,No
806,461,2023-10-25,Mobile,Instagram,33.05,9,Yes
807,4406,2026-01-05,Desktop,Email,32.55,15,No
808,4332,2026-04-09,Desktop,Referral,20.97,12,No
809,4477,2025-06-09,Tablet,Organic,39.8,13,No
810,1157,2026-04-03,Desktop,Email,34.2,13,No
811,577,2024-10-06,Mobile,Direct,32.12,9,No
812,587,2024-05-22,Mobile,Email,22.82,8,No
813,2978,2024-09-03,Tablet,Referral,36.63,2,No
814,2428,2026-10-22,Mobile,Facebook,27.67,12,Yes
815,4363,2023-10-12,Mobile,Email,12.49,9,Yes
816,2564,2024-10-10,Desktop,Referral,28.58,2,Yes
817,3460,2026-05-19,Mobile,Google Ads,1.87,11,Yes
818,4719,2024-06-12,Tablet,Direct,44.32,11,No
819,1006,2025-01-27,Desktop,Referral,6.68,9,No
820,4238,2026-05-31,Tablet,Direct,5.99,2,No
821,1878,2024-07-11,Mobile,Email,9.38,8,No
822,4041,2023-02-03,Tablet,Organic,39.68,12,No
823,4309,2025-06-04,Desktop,Instagram,12.75,15,No
824,4059,2025-01-28,Desktop,Google Ads,3.25,1,No
825,4196,2023-09-19,Mobile,Direct,11.2,1,No
826,3639,2025-12-07,Desktop,Organic,41.84,3,No
827,1992,2024-11-10,Mobile,Direct,4.62,13,No
828,3647,2023-05-11,Mobile,Instagram,21.42,5,No
829,4577,2023-09-25,Tablet,Organic,24.34,1,No
830,334,2026-05-08,Desktop,Instagram,24.17,7,No
831,544,2026-11-11,Mobile,Direct,27.81,15,No
832,244,2025-07-07,Desktop,Facebook,10.66,4,Yes
833,1824,2023-02-27,Tablet,Direct,28.74,2,No
834,1975,2026-08-17,Desktop,Instagram,16.65,7,No
835,493,2023-05-28,Desktop,Direct,5.0,15,No
836,3939,2026-01-25,Tablet,Facebook,5.63,14,No
837,640,2025-01-18,Tablet,Organic,43.93,6,No
838,3992,2023-05-16,Mobile,Facebook,32.07,2,No
839,4981,2024-04-21,Tablet,Email,41.05,11,No
840,2,2026-07-14,Desktop,Email,5.22,12,No
841,4596,2023-12-28,Tablet,Organic,37.5,7,No
842,3504,2026-12-02,Desktop,Direct,39.42,1,No
843,2987,2025-08-13,Desktop,Direct,15.18,5,No
844,1630,2026-03-23,Tablet,Facebook,24.46,2,No
845,895,2024-01-21,Tablet,Direct,9.15,2,Yes
846,4171,2026-10-15,Desktop,Direct,29.77,12,No
847,4804,2024-09-12,Desktop,Facebook,6.45,5,No
848,1432,2026-02-05,Desktop,Google Ads,9.68,5,No
849,1611,2026-04-23,Mobile,Instagram,11.65,7,No
850,3069,2025-01-25,Desktop,Google Ads,25.31,5,No
851,2145,2026-10-24,Tablet,Facebook,38.51,12,Yes
852,2693,2026-11-12,Mobile,Google Ads,18.16,11,No
853,3588,2026-03-08,Desktop,Organic,29.18,7,No
854,4683,2025-09-05,Desktop,Facebook,19.74,8,Yes
855,2224,2024-08-25,Mobile,Instagram,13.56,10,No
856,1753,2026-07-18,Tablet,Google Ads,0.74,1,No
857,1713,2025-10-28,Mobile,Instagram,23.49,3,No
858,4104,2025-10-16,Mobile,Referral,10.49,5,No
859,100,2026-02-11,Mobile,Organic,22.01,12,No
860,4666,2023-09-02,Tablet,Google Ads,12.65,5,No
861,2113,2024-03-27,Tablet,Organic,41.42,9,No
862,3069,2026-12-10,Mobile,Email,17.66,5,No
863,2570,2023-10-11,Desktop,Google Ads,26.55,10,No
864,1328,2024-08-29,Desktop,Referral,37.39,15,No
865,2863,2025-03-29,Tablet,Instagram,34.25,9,No
866,4798,2024-09-04,Tablet,Google Ads,31.4,7,No
867,1306,2024-06-26,Desktop,Instagram,13.67,6,No
868,4914,2025-12-19,Tablet,Facebook,8.18,7,No
869,4648,2026-07-09,Desktop,Direct,8.52,5,No
870,2786,2025-02-11,Desktop,Email,28.59,13,Yes
871,3599,2024-02-29,Tablet,Facebook,27.51,12,No
872,1747,2024-06-07,Desktop,Direct,4.14,13,No
873,1292,2023-10-19,Mobile,Organic,18.8,5,No
874,1162,2026-02-19,Desktop,Email,44.87,12,Yes
875,2240,2023-04-09,Desktop,Email,44.21,2,No
876,719,2023-05-02,Tablet,Instagram,29.43,7,No
877,3946,2025-06-13,Mobile,Organic,42.05,8,No
878,845,2023-10-12,Desktop,Instagram,35.62,1,No
879,3693,2024-08-08,Desktop,Organic,24.39,5,No
880,1215,2024-07-08,Tablet,Organic,44.87,10,No
881,3468,2023-02-02,Mobile,Facebook,19.18,4,No
882,2299,2023-12-02,Desktop,Facebook,5.55,1,No
883,3968,2025-12-01,Mobile,Instagram,8.38,15,No
884,1731,2024-01-14,Tablet,Direct,37.04,7,No
885,4774,2025-12-31,Tablet,Facebook,13.2,3,No
886,890,2025-08-28,Mobile,Referral,26.13,1,Yes
887,22,2023-12-18,Tablet,Instagram,36.84,4,No
888,692,2025-05-28,Mobile,Facebook,22.2,2,No
889,2094,2026-05-02,Tablet,Organic,19.96,6,No
890,1186,2025-08-29,Desktop,Facebook,29.8,14,No
891,2915,2024-06-21,Mobile,Direct,40.07,9,No
892,1041,2025-09-06,Tablet,Organic,26.63,2,No
893,4612,2023-03-16,Desktop,Referral,19.82,14,No
894,2726,2024-07-03,Desktop,Organic,27.66,12,Yes
895,866,2025-12-10,Desktop,Organic,21.23,3,No
896,1200,2024-06-17,Desktop,Email,16.23,13,No
897,1350,2024-05-02,Mobile,Google Ads,29.68,7,No
898,1248,2023-09-27,Mobile,Direct,9.31,7,No
899,25,2024-01-06,Tablet,Email,7.61,2,No
900,4026,2025-04-25,Tablet,Organic,24.81,11,No
901,1936,2023-09-11,Mobile,Direct,12.99,8,No
902,2152,2023-05-08,Tablet,Facebook,42.32,8,No
903,2325,2025-08-20,Mobile,Organic,35.43,6,No
904,370,2026-10-23,Desktop,Referral,22.43,5,Yes
905,2510,2026-07-27,Tablet,Google Ads,34.72,10,No
906,4801,2023-09-18,Tablet,Email,11.0,11,No
907,525,2025-11-14,Desktop,Referral,6.18,6,No
908,1375,2024-09-09,Desktop,Email,22.46,8,Yes
909,137,2023-06-14,Desktop,Email,35.13,15,No
910,567,2026-10-31,Mobile,Email,10.18,12,No
911,1750,2024-10-27,Mobile,Google Ads,31.69,14,No
912,2483,2026-09-29,Desktop,Facebook,40.5,9,No
913,339,2025-11-29,Mobile,Referral,5.79,14,No
914,3270,2025-05-01,Tablet,Referral,34.88,4,No
915,3253,2024-05-16,Desktop,Email,19.95,15,No
916,3684,2024-02-28,Tablet,Instagram,5.16,5,No
917,4614,2026-10-25,Desktop,Organic,14.97,15,No
918,4447,2024-06-29,Mobile,Instagram,30.19,8,Yes
919,2317,2025-10-29,Tablet,Direct,13.71,9,No
920,1812,2024-01-10,Mobile,Email,16.99,8,No
921,1615,2024-04-20,Mobile,Referral,16.47,8,No
922,433,2025-01-24,Desktop,Email,44.02,9,No
923,1288,2023-02-15,Desktop,Organic,19.03,6,No
924,167,2026-02-05,Desktop,Instagram,4.62,11,No
925,3588,2025-12-27,Tablet,Instagram,39.12,7,No
926,309,2026-11-02,Mobile,Email,9.12,5,No
927,133,2024-05-15,Desktop,Google Ads,31.92,1,No
928,4735,2024-02-06,Desktop,Referral,1.66,4,No
929,3588,2024-10-11,Desktop,Google Ads,16.33,1,No
930,3764,2023-05-18,Mobile,Facebook,38.95,2,No
931,4368,2026-06-18,Mobile,Google Ads,8.35,8,No
932,1964,2023-01-03,Desktop,Direct,9.67,8,No
933,2581,2026-02-21,Desktop,Google Ads,34.88,12,Yes
934,4927,2025-08-17,Desktop,Organic,21.64,9,No
935,242,2026-04-02,Tablet,Instagram,15.69,1,No
936,3808,2025-03-05,Mobile,Organic,23.27,15,No
937,195,2023-02-06,Tablet,Direct,42.44,7,Yes
938,3804,2023-01-04,Mobile,Referral,4.02,6,No
939,4437,2023-10-25,Mobile,Facebook,42.96,7,Yes
940,3268,2025-04-12,Tablet,Instagram,29.21,4,No
941,313,2026-08-02,Desktop,Facebook,22.17,8,Yes
942,4996,2026-06-02,Tablet,Organic,15.54,2,No
943,645,2024-04-07,Tablet,Google Ads,29.54,14,Yes
944,682,2025-10-12,Tablet,Direct,33.74,1,No
945,3479,2025-10-12,Desktop,Google Ads,25.28,12,No
946,2848,2023-04-15,Mobile,Organic,7.62,8,No
947,2099,2026-08-31,Mobile,Direct,17.09,9,Yes
948,424,2025-11-01,Tablet,Facebook,41.42,13,No
949,3704,2026-10-17,Desktop,Direct,15.6,7,Yes
950,4501,2025-02-23,Mobile,Email,1.83,1,Yes
951,1814,2026-06-19,Desktop,Facebook,38.22,13,No
952,620,2023-05-21,Mobile,Direct,37.62,9,No
953,1121,2025-05-04,Tablet,Direct,18.35,8,Yes
954,1906,2025-10-13,Desktop,Email,17.36,12,No
955,707,2026-04-04,Mobile,Email,23.26,1,Yes
956,2154,2025-04-02,Mobile,Google Ads,11.12,4,No
957,2981,2023-09-12,Mobile,Google Ads,40.44,7,No
958,1946,2025-05-22,Tablet,Google Ads,35.11,8,Yes
959,3874,2023-05-26,Mobile,Instagram,22.86,5,No
960,4889,2023-03-09,Mobile,Email,1.23,12,No
961,2855,2024-06-29,Tablet,Direct,1.62,15,No
962,510,2024-01-30,Mobile,Direct,24.21,5,No
963,3793,2025-09-01,Mobile,Email,2.24,2,No
964,4766,2023-04-27,Tablet,Email,36.7,15,Yes
965,2684,2023-05-28,Desktop,Direct,36.49,2,No
966,4064,2023-04-24,Tablet,Referral,44.42,3,No
967,4412,2024-04-17,Tablet,Organic,10.64,9,No
968,3974,2026-09-09,Mobile,Google Ads,10.56,11,No
969,3121,2026-10-05,Desktop,Google Ads,41.87,1,Yes
970,3373,2023-10-26,Mobile,Direct,6.25,2,No
971,4854,2026-10-06,Mobile,Organic,13.04,9,Yes
972,3147,2026-02-28,Tablet,Organic,15.88,15,Yes
973,627,2024-06-23,Mobile,Google Ads,42.9,6,Yes
974,697,2026-12-03,Tablet,Facebook,14.24,7,No
975,4295,2026-11-09,Tablet,Email,37.09,10,No
976,2347,2026-03-07,Mobile,Organic,21.4,11,No
977,1480,2026-10-03,Tablet,Referral,28.4,10,Yes
978,281,2023-01-27,Mobile,Google Ads,35.36,15,No
979,2846,2025-08-17,Desktop,Email,33.07,10,No
980,601,2025-05-07,Tablet,Organic,37.34,12,No
981,4476,2026-08-01,Desktop,Referral,39.41,8,No
982,4079,2024-11-23,Tablet,Email,8.42,8,No
983,3564,2024-11-13,Tablet,Organic,30.76,8,No
984,742,2026-05-10,Desktop,Instagram,9.38,15,No
985,4807,2026-07-22,Tablet,Facebook,15.56,3,Yes
986,519,2024-03-16,Tablet,Facebook,39.31,6,No
987,3531,2023-07-16,Tablet,Facebook,7.62,5,Yes
988,2326,2025-12-06,Mobile,Facebook,30.23,14,No
989,2656,2026-12-04,Mobile,Instagram,11.09,1,No
990,3688,2026-03-28,Tablet,Instagram,26.94,6,Yes
991,3543,2023-02-20,Mobile,Email,43.52,13,No
992,3720,2024-08-12,Tablet,Email,42.34,11,No
993,4675,2026-12-04,Tablet,Organic,36.83,7,No
994,3330,2026-06-21,Desktop,Google Ads,3.32,6,Yes
995,3096,2026-09-19,Tablet,Google Ads,25.4,14,No
996,2442,2025-09-07,Mobile,Organic,1.03,8,No
997,960,2024-12-09,Tablet,Organic,32.67,5,Yes
998,3405,2024-09-10,Desktop,Google Ads,12.31,9,No
999,1848,2026-08-06,Tablet,Referral,2.81,15,No
1000,4754,2024-02-28,Desktop,Email,28.04,10,No
1001,1407,2025-11-27,Mobile,Email,13.7,15,No
1002,2487,2025-05-14,Tablet,Organic,25.18,10,No
1003,4067,2023-09-02,Mobile,Facebook,21.61,15,No
1004,157,2023-10-30,Tablet,Instagram,39.81,7,No
1005,4743,2026-02-25,Mobile,Instagram,23.51,11,No
1006,3468,2026-12-10,Tablet,Organic,40.28,5,No
1007,4293,2026-08-06,Tablet,Direct,3.09,1,Yes
1008,3170,2023-07-23,Desktop,Google Ads,20.08,13,No
1009,2746,2026-12-06,Mobile,Instagram,5.14,1,No
1010,2125,2025-06-12,Mobile,Facebook,29.28,9,No
1011,3819,2025-02-09,Tablet,Facebook,19.6,5,No
1012,4810,2024-09-29,Desktop,Email,9.69,14,No
1013,656,2024-02-20,Mobile,Organic,36.27,7,No
1014,4491,2023-02-10,Mobile,Direct,30.54,1,No
1015,726,2025-07-13,Desktop,Email,13.33,4,No
1016,1556,2024-11-17,Tablet,Direct,26.34,9,No
1017,1760,2023-06-03,Mobile,Email,26.9,6,No
1018,2977,2024-12-15,Tablet,Direct,39.18,5,No
1019,2302,2025-07-13,Mobile,Instagram,41.59,14,No
1020,632,2024-02-16,Desktop,Facebook,6.83,4,No
1021,3884,2025-03-06,Desktop,Organic,38.37,9,Yes
1022,4499,2026-12-06,Tablet,Referral,1.12,9,No
1023,2328,2023-07-01,Desktop,Referral,33.3,1,No
1024,1795,2026-01-05,Desktop,Referral,16.23,13,No
1025,1935,2023-07-03,Mobile,Facebook,35.67,1,No
1026,4170,2025-01-28,Desktop,Direct,41.56,8,No
1027,3584,2024-02-01,Desktop,Referral,13.96,7,No
1028,2680,2024-12-28,Desktop,Email,17.28,10,No
1029,2091,2026-05-30,Desktop,Organic,31.91,12,No
1030,1594,2024-12-14,Desktop,Email,35.88,4,No
1031,4865,2025-04-11,Tablet,Email,1.99,10,No
1032,3459,2024-09-14,Desktop,Direct,2.1,13,No
1033,4292,2025-03-24,Desktop,Email,3.95,10,No
1034,4593,2026-07-29,Mobile,Direct,37.43,13,Yes
1035,4183,2023-10-14,Tablet,Organic,41.1,4,No
1036,1324,2025-03-16,Tablet,Direct,38.9,3,No
1037,941,2025-10-17,Tablet,Direct,13.89,15,No
1038,4429,2023-08-03,Tablet,Email,8.97,10,No
1039,1288,2026-01-16,Mobile,Direct,29.69,10,No
1040,3879,2023-05-13,Desktop,Facebook,32.82,7,No
1041,2526,2023-04-18,Mobile,Organic,9.16,11,Yes
1042,1240,2025-03-23,Desktop,Direct,10.32,6,No
1043,1839,2023-07-29,Desktop,Organic,6.65,1,No
1044,2918,2024-04-14,Desktop,Email,24.73,6,No
1045,4376,2024-05-22,Desktop,Instagram,18.36,2,No
1046,278,2025-11-19,Mobile,Referral,8.53,6,Yes
1047,720,2024-08-04,Tablet,Instagram,20.76,6,No
1048,146,2023-01-14,Mobile,Email,22.02,14,Yes
1049,4093,2026-03-31,Mobile,Organic,16.32,6,No
1050,3081,2025-05-07,Mobile,Instagram,42.12,7,No
1051,1123,2026-08-16,Tablet,Referral,19.67,9,Yes
1052,2088,2025-10-09,Mobile,Referral,25.82,1,No
1053,4659,2026-04-03,Desktop,Direct,3.08,3,No
1054,4917,2024-02-11,Desktop,Referral,35.31,12,No
1055,4934,2025-07-25,Desktop,Direct,13.67,15,No
1056,4781,2026-02-09,Desktop,Referral,27.87,2,No
1057,1742,2026-02-12,Mobile,Referral,13.41,1,No
1058,153,2024-08-13,Mobile,Google Ads,10.99,4,No
1059,239,2024-06-22,Mobile,Instagram,43.23,15,Yes
1060,4734,2024-10-17,Desktop,Referral,10.09,11,No
1061,1721,2023-11-14,Mobile,Email,8.25,1,No
1062,310,2023-01-04,Tablet,Organic,38.86,15,No
1063,490,2023-04-05,Desktop,Organic,26.36,11,No
1064,2640,2023-04-18,Mobile,Direct,42.43,12,No
1065,1767,2026-11-19,Tablet,Instagram,20.31,2,No
1066,776,2023-11-02,Mobile,Facebook,34.65,6,No
1067,2593,2026-06-17,Mobile,Instagram,20.93,5,No
1068,2024,2026-04-25,Tablet,Facebook,29.13,15,Yes
1069,220,2023-10-10,Desktop,Instagram,37.58,15,No
1070,1179,2026-12-14,Tablet,Email,4.85,5,No
1071,1768,2023-06-29,Mobile,Google Ads,33.16,12,No
1072,3969,2023-05-23,Mobile,Facebook,28.86,15,Yes
1073,3755,2026-09-03,Mobile,Instagram,17.64,8,No
1074,3133,2023-06-30,Desktop,Direct,40.34,1,No
1075,3939,2023-08-03,Mobile,Instagram,9.53,7,No
1076,1213,2025-02-04,Desktop,Referral,23.21,8,No
1077,2167,2025-03-21,Tablet,Instagram,14.89,7,No
1078,3909,2023-07-11,Mobile,Direct,8.24,1,No
1079,293,2025-07-07,Mobile,Referral,8.5,8,Yes
1080,2137,2024-05-07,Desktop,Direct,15.83,15,No
1081,4277,2024-07-20,Tablet,Instagram,37.56,15,Yes
1082,1772,2023-12-23,Mobile,Google Ads,28.73,10,Yes
1083,619,2023-07-15,Desktop,Instagram,9.37,7,No
1084,1504,2025-11-12,Tablet,Facebook,12.91,6,No
1085,3332,2023-10-28,Mobile,Google Ads,31.13,15,No
1086,4671,2025-06-02,Tablet,Direct,41.48,8,No
1087,803,2026-01-03,Desktop,Email,18.48,7,No
1088,1948,2025-12-16,Mobile,Google Ads,19.72,14,Yes
1089,152,2025-08-16,Mobile,Google Ads,5.61,15,No
1090,3133,2023-11-27,Tablet,Direct,21.03,4,No
1091,3809,2024-12-18,Desktop,Google Ads,8.47,4,No
1092,2546,2024-07-05,Mobile,Instagram,41.99,7,No
1093,1560,2024-10-02,Desktop,Instagram,42.43,9,No
1094,520,2023-09-09,Mobile,Google Ads,36.91,15,No
1095,2577,2026-03-23,Mobile,Direct,1.71,10,No
1096,4838,2025-05-14,Mobile,Referral,9.09,14,No
1097,4325,2024-10-14,Desktop,Direct,38.09,7,No
1098,4645,2024-09-08,Mobile,Instagram,42.74,1,Yes
1099,1408,2026-01-24,Desktop,Email,12.29,8,No
1100,1671,2025-10-30,Tablet,Facebook,42.16,15,No
1101,594,2025-01-05,Mobile,Google Ads,36.08,8,No
1102,2966,2024-05-21,Tablet,Facebook,14.83,13,No
1103,558,2025-07-17,Desktop,Facebook,35.98,12,Yes
1104,3625,2026-09-14,Mobile,Organic,13.03,14,No
1105,4350,2024-07-24,Mobile,Referral,36.72,4,No
1106,3272,2023-12-03,Mobile,Referral,18.31,4,No
1107,119,2026-05-18,Desktop,Google Ads,29.95,13,No
1108,780,2024-05-21,Tablet,Organic,24.07,10,Yes
1109,2022,2025-02-26,Tablet,Instagram,32.58,9,No
1110,1424,2026-09-03,Mobile,Facebook,19.99,15,No
1111,1229,2024-10-23,Tablet,Organic,4.73,3,No
1112,1477,2026-08-13,Tablet,Email,2.51,14,No
1113,1334,2025-11-25,Mobile,Instagram,14.94,14,No
1114,3941,2023-07-21,Desktop,Email,1.06,11,No
1115,703,2025-09-20,Desktop,Email,9.12,6,No
1116,4439,2026-07-14,Desktop,Direct,2.59,12,No
1117,3190,2025-05-13,Mobile,Facebook,21.8,12,No
1118,40,2023-08-27,Mobile,Instagram,21.1,6,No
1119,2074,2026-01-02,Tablet,Facebook,33.44,6,No
1120,2614,2026-05-20,Desktop,Instagram,18.31,4,No
1121,1859,2026-04-12,Mobile,Google Ads,8.63,11,No
1122,2056,2023-08-03,Desktop,Referral,4.49,11,No
1123,4661,2024-05-29,Desktop,Google Ads,30.02,14,No
1124,1599,2023-04-18,Tablet,Facebook,14.57,5,No
1125,41,2026-05-09,Mobile,Google Ads,28.37,13,No
1126,4033,2023-09-07,Mobile,Email,29.74,5,No
1127,4013,2023-03-19,Mobile,Organic,20.31,11,Yes
1128,1867,2026-05-05,Mobile,Instagram,33.65,10,No
1129,4231,2026-12-14,Mobile,Direct,40.7,14,No
1130,4264,2025-04-24,Desktop,Facebook,15.51,13,No
1131,3176,2026-06-10,Mobile,Direct,37.72,7,No
1132,736,2026-09-02,Tablet,Referral,13.73,3,No
1133,3986,2023-11-29,Mobile,Facebook,24.39,11,No
1134,2181,2025-02-17,Mobile,Referral,44.44,3,No
1135,1991,2026-02-15,Mobile,Organic,6.91,8,No
1136,2460,2026-05-02,Mobile,Email,18.72,6,No
1137,3277,2026-06-28,Tablet,Referral,23.51,5,No
1138,1763,2025-02-18,Mobile,Instagram,43.27,5,No
1139,1149,2023-11-09,Desktop,Direct,33.9,11,No
1140,1893,2023-08-25,Tablet,Instagram,1.01,10,No
1141,2220,2024-02-06,Mobile,Google Ads,17.87,3,No
1142,2019,2024-11-30,Desktop,Referral,26.27,10,No
1143,54,2024-01-15,Tablet,Referral,18.14,5,No
1144,4247,2025-11-21,Tablet,Email,7.04,1,Yes
1145,4211,2025-02-04,Desktop,Referral,38.68,6,No
1146,610,2025-11-26,Tablet,Direct,38.92,6,No
1147,3375,2023-10-04,Mobile,Facebook,24.44,1,No
1148,4710,2025-02-08,Tablet,Instagram,34.04,11,No
1149,4591,2024-09-06,Mobile,Email,23.99,1,No
1150,3865,2024-08-22,Mobile,Email,40.01,10,No
1151,3708,2024-01-01,Tablet,Direct,7.52,9,No
1152,4629,2026-11-30,Desktop,Instagram,34.77,10,No
1153,3549,2023-06-13,Mobile,Instagram,34.19,10,No
1154,2409,2025-05-26,Tablet,Email,34.69,14,Yes
1155,4111,2026-07-24,Desktop,Organic,27.88,4,No
1156,1500,2024-05-09,Desktop,Instagram,18.61,3,No
1157,2400,2023-05-23,Mobile,Direct,9.43,6,No
1158,3196,2023-08-25,Desktop,Referral,37.72,10,No
1159,2601,2025-11-23,Desktop,Instagram,6.84,10,No
1160,3866,2023-12-25,Mobile,Organic,4.14,15,No
1161,3779,2024-08-31,Tablet,Google Ads,38.84,8,No
1162,3381,2026-05-19,Desktop,Organic,35.14,5,No
1163,3540,2024-08-18,Desktop,Google Ads,12.73,6,No
1164,2375,2023-02-12,Mobile,Direct,23.61,13,No
1165,3960,2024-10-06,Mobile,Email,37.72,14,Yes
1166,1534,2026-06-25,Desktop,Organic,24.13,7,No
1167,3637,2023-10-14,Tablet,Google Ads,4.4,2,No
1168,458,2025-05-03,Desktop,Referral,40.05,13,No
1169,4462,2023-01-03,Desktop,Email,26.91,11,No
1170,42,2024-02-11,Desktop,Direct,9.36,2,No
1171,890,2025-07-31,Tablet,Google Ads,34.71,10,Yes
1172,3747,2024-06-08,Mobile,Google Ads,22.2,9,No
1173,2842,2026-01-07,Mobile,Email,8.65,8,No
1174,471,2025-02-02,Desktop,Instagram,36.6,2,No
1175,4615,2025-05-17,Tablet,Email,8.1,1,No
1176,3256,2025-12-18,Mobile,Email,23.08,1,No
1177,3394,2025-11-22,Mobile,Google Ads,44.24,10,No
1178,1107,2026-06-13,Mobile,Google Ads,42.3,5,Yes
1179,3774,2025-05-27,Mobile,Instagram,1.16,1,No
1180,3926,2024-07-17,Tablet,Facebook,5.89,15,No
1181,4949,2023-03-02,Desktop,Referral,38.99,9,Yes
1182,3306,2023-04-13,Desktop,Referral,35.37,15,No
1183,1839,2024-04-25,Tablet,Organic,5.7,2,No
1184,4511,2024-09-12,Mobile,Google Ads,17.45,14,No
1185,1186,2025-04-28,Desktop,Organic,14.62,4,No
1186,694,2026-01-17,Tablet,Organic,6.13,5,No
1187,2084,2024-09-01,Tablet,Instagram,8.2,9,No
1188,1223,2024-09-19,Desktop,Facebook,33.74,6,No
1189,4669,2023-06-01,Tablet,Referral,41.99,7,No
1190,4624,2026-04-17,Desktop,Referral,34.09,5,Yes
1191,2881,2024-07-11,Tablet,Facebook,33.57,4,No
1192,242,2024-09-23,Tablet,Instagram,43.32,15,No
1193,2700,2025-12-08,Tablet,Referral,12.54,2,Yes
1194,867,2025-07-03,Desktop,Organic,9.27,9,No
1195,308,2023-01-11,Mobile,Google Ads,42.76,4,No
1196,2809,2026-12-10,Tablet,Direct,10.34,1,No
1197,3128,2023-04-16,Tablet,Google Ads,25.1,11,No
1198,1956,2025-02-25,Tablet,Email,16.65,11,No
1199,146,2024-05-25,Desktop,Facebook,2.9,4,No
1200,4149,2025-09-17,Tablet,Google Ads,16.83,10,No
1201,3285,2024-11-14,Mobile,Referral,32.66,3,No
1202,901,2026-09-11,Desktop,Facebook,2.04,6,No
1203,1822,2023-03-07,Mobile,Instagram,9.48,3,No
1204,138,2025-11-28,Mobile,Referral,12.07,10,Yes
1205,949,2023-11-12,Mobile,Organic,11.54,11,No
1206,116,2023-03-11,Mobile,Facebook,32.09,7,No
1207,2503,2024-04-30,Tablet,Google Ads,44.57,1,Yes
1208,4966,2023-09-13,Tablet,Referral,41.33,15,No
1209,702,2023-05-03,Desktop,Organic,34.32,15,No
1210,783,2025-11-05,Mobile,Organic,12.84,12,No
1211,4543,2024-05-31,Desktop,Direct,21.55,4,No
1212,649,2025-09-19,Mobile,Direct,44.45,2,No
1213,4241,2023-07-09,Mobile,Google Ads,2.51,3,No
1214,1303,2024-12-29,Mobile,Facebook,9.89,1,No
1215,831,2024-01-24,Desktop,Google Ads,16.36,7,Yes
1216,2187,2026-07-26,Mobile,Direct,35.95,6,No
1217,3725,2024-02-08,Mobile,Google Ads,34.16,14,No
1218,3613,2026-07-05,Mobile,Referral,41.4,5,No
1219,4253,2024-02-01,Desktop,Instagram,43.06,4,No
1220,1409,2025-09-05,Desktop,Facebook,36.15,6,No
1221,1057,2023-01-24,Desktop,Google Ads,21.84,4,No
1222,4,2026-02-07,Mobile,Email,40.78,1,No
1223,2052,2025-07-27,Mobile,Referral,11.34,14,No
1224,2466,2024-07-23,Desktop,Direct,33.82,6,Yes
1225,1479,2023-01-13,Mobile,Direct,14.57,9,No
1226,2391,2025-05-12,Desktop,Facebook,26.81,14,No
1227,2621,2024-11-24,Mobile,Facebook,8.78,9,No
1228,1675,2025-08-08,Mobile,Referral,33.59,5,No
1229,3192,2026-09-03,Mobile,Organic,33.88,12,No
1230,3625,2025-06-07,Tablet,Direct,25.98,2,Yes
1231,221,2026-07-03,Mobile,Google Ads,39.42,9,Yes
1232,2806,2025-07-02,Tablet,Email,13.02,15,No
1233,2285,2023-12-02,Desktop,Email,25.8,6,No
1234,2082,2023-04-24,Desktop,Google Ads,43.76,3,Yes
1235,2066,2025-10-18,Desktop,Email,39.38,15,No
1236,4294,2024-08-14,Tablet,Email,19.07,4,No
1237,921,2025-11-01,Tablet,Facebook,30.63,6,Yes
1238,1933,2026-11-11,Mobile,Google Ads,30.37,9,No
1239,4170,2025-03-05,Desktop,Organic,33.06,1,Yes
1240,4779,2025-08-27,Desktop,Organic,34.53,8,No
1241,3099,2023-12-18,Tablet,Email,44.72,5,No
1242,2829,2023-04-26,Tablet,Instagram,14.91,6,No
1243,4390,2023-09-29,Mobile,Instagram,31.36,11,No
1244,1073,2024-05-21,Mobile,Instagram,38.16,14,Yes
1245,4577,2026-01-19,Tablet,Facebook,43.24,1,No
1246,3967,2023-08-05,Tablet,Instagram,17.14,8,No
1247,3650,2024-07-18,Tablet,Google Ads,4.38,10,Yes
1248,221,2024-06-30,Tablet,Facebook,19.95,2,No
1249,3014,2026-06-08,Mobile,Email,4.22,5,No
1250,1340,2023-10-02,Mobile,Email,28.82,14,No
1251,1516,2023-08-16,Desktop,Organic,29.95,6,No
1252,3590,2024-02-15,Desktop,Facebook,42.95,14,No
1253,2315,2024-03-30,Mobile,Facebook,3.72,3,No
1254,1111,2025-04-21,Mobile,Google Ads,2.8,1,No
1255,253,2026-10-08,Desktop,Referral,15.05,13,No
1256,4623,2023-01-01,Desktop,Google Ads,25.19,8,No
1257,1482,2025-05-21,Desktop,Google Ads,20.92,8,No
1258,2839,2026-04-13,Mobile,Direct,9.75,15,No
1259,2251,2025-10-18,Tablet,Facebook,6.96,6,Yes
1260,1138,2024-06-15,Desktop,Email,12.72,13,No
1261,2204,2024-10-29,Desktop,Direct,28.91,11,No
1262,4162,2024-12-03,Tablet,Instagram,25.98,8,No
1263,2240,2026-12-15,Desktop,Email,21.79,1,Yes
1264,3991,2024-06-20,Tablet,Email,10.53,8,No
1265,3544,2023-12-16,Tablet,Instagram,25.18,1,Yes
1266,4640,2026-08-05,Tablet,Facebook,7.96,3,No
1267,3855,2026-02-07,Desktop,Direct,19.75,3,No
1268,1106,2023-05-09,Tablet,Google Ads,34.35,8,No
1269,3188,2024-10-03,Desktop,Facebook,32.02,14,No
1270,2428,2024-04-27,Tablet,Referral,10.81,3,No
1271,4749,2023-05-09,Desktop,Facebook,24.01,12,Yes
1272,1040,2025-07-23,Tablet,Instagram,43.88,11,No
1273,2791,2023-01-31,Tablet,Instagram,27.38,12,Yes
1274,4828,2024-12-24,Tablet,Organic,42.79,5,No
1275,1537,2024-09-20,Mobile,Google Ads,10.51,6,No
1276,1630,2025-06-20,Mobile,Organic,25.75,11,No
1277,390,2026-07-06,Desktop,Email,43.18,4,No
1278,4809,2026-02-03,Desktop,Referral,26.04,9,No
1279,2379,2026-02-05,Tablet,Direct,13.77,10,Yes
1280,4921,2024-01-12,Tablet,Referral,23.21,13,No
1281,4544,2023-01-09,Desktop,Direct,10.03,6,No
1282,2691,2023-12-07,Desktop,Organic,26.55,1,No
1283,3594,2025-06-02,Mobile,Google Ads,17.16,2,No
1284,148,2026-02-26,Tablet,Facebook,24.83,5,Yes
1285,3739,2026-06-04,Tablet,Google Ads,26.0,2,No
1286,368,2024-04-22,Desktop,Instagram,9.55,9,No
1287,453,2024-10-27,Mobile,Facebook,41.72,9,No
1288,1377,2025-11-22,Desktop,Facebook,35.39,1,No
1289,4706,2026-09-10,Desktop,Facebook,34.25,2,No
1290,1937,2025-05-23,Mobile,Google Ads,19.85,8,No
1291,1895,2023-01-19,Tablet,Instagram,26.01,15,No
1292,3615,2025-08-07,Tablet,Direct,15.49,13,Yes
1293,1788,2023-04-07,Mobile,Direct,24.19,3,No
1294,1600,2026-12-29,Mobile,Instagram,10.83,15,No
1295,3264,2023-02-09,Tablet,Facebook,43.69,11,No
1296,1182,2023-05-04,Tablet,Organic,8.21,5,No
1297,1624,2026-05-05,Tablet,Organic,28.75,9,No
1298,3016,2026-08-15,Tablet,Referral,33.86,14,No
1299,4355,2024-12-25,Mobile,Facebook,6.88,13,No
1300,3727,2024-08-23,Desktop,Referral,11.56,13,No
1301,456,2023-10-03,Mobile,Facebook,44.75,6,No
1302,1095,2024-08-26,Mobile,Facebook,6.99,10,No
1303,3566,2024-06-05,Mobile,Google Ads,41.42,13,No
1304,2197,2025-04-08,Tablet,Direct,41.04,7,No
1305,2012,2026-12-21,Mobile,Direct,6.72,8,No
1306,1892,2023-09-08,Mobile,Referral,11.8,12,No
1307,4297,2024-10-27,Mobile,Email,1.69,5,No
1308,4870,2023-10-11,Mobile,Facebook,10.32,14,No
1309,2139,2023-05-17,Tablet,Organic,36.14,10,No
1310,2990,2024-04-16,Mobile,Instagram,31.19,4,No
1311,3637,2025-08-04,Desktop,Instagram,31.06,5,No
1312,3152,2025-01-20,Tablet,Referral,40.75,12,Yes
1313,484,2026-01-12,Desktop,Facebook,35.76,9,No
1314,1561,2024-05-26,Tablet,Instagram,23.99,9,No
1315,2797,2023-09-20,Mobile,Referral,26.17,10,No
1316,3339,2023-01-03,Mobile,Email,13.46,12,No
1317,987,2023-11-21,Mobile,Direct,18.93,5,No
1318,1038,2025-04-06,Mobile,Instagram,4.1,12,Yes
1319,1958,2025-03-02,Desktop,Email,35.07,14,No
1320,885,2025-11-13,Mobile,Email,22.25,2,Yes
1321,883,2025-03-01,Desktop,Instagram,36.54,14,No
1322,1705,2026-01-16,Mobile,Direct,24.11,15,No
1323,1658,2025-05-09,Desktop,Google Ads,27.63,11,No
1324,1940,2024-07-06,Tablet,Email,10.77,8,No
1325,174,2023-12-18,Mobile,Direct,17.28,1,No
1326,3122,2026-05-04,Desktop,Referral,21.31,13,No
1327,1052,2026-02-06,Desktop,Direct,5.78,11,No
1328,1233,2025-09-30,Tablet,Google Ads,23.71,11,No
1329,1929,2023-05-17,Tablet,Organic,16.95,15,No
1330,4315,2024-12-20,Desktop,Direct,22.08,11,No
1331,592,2024-10-13,Tablet,Facebook,33.56,1,No
1332,4212,2026-10-03,Desktop,Facebook,40.45,8,No
1333,11,2026-02-25,Tablet,Instagram,39.39,7,No
1334,1723,2023-12-21,Mobile,Organic,2.9,11,Yes
1335,3804,2024-05-18,Tablet,Referral,8.32,13,No
1336,4707,2023-04-09,Desktop,Email,43.82,11,Yes
1337,3581,2025-03-03,Desktop,Facebook,22.49,9,No
1338,810,2023-08-12,Mobile,Google Ads,26.81,12,No
1339,402,2025-05-25,Desktop,Organic,7.91,2,No
1340,3132,2024-03-23,Desktop,Facebook,22.92,13,No
1341,604,2023-04-08,Desktop,Direct,32.1,11,Yes
1342,4492,2024-05-12,Mobile,Direct,19.59,9,Yes
1343,4556,2025-12-09,Tablet,Email,28.05,3,No
1344,1432,2023-10-25,Desktop,Referral,31.37,11,No
1345,2289,2024-06-15,Mobile,Instagram,19.38,10,No
1346,4405,2023-02-13,Mobile,Email,29.48,13,No
1347,218,2023-01-28,Mobile,Facebook,33.45,12,No
1348,2769,2023-03-29,Desktop,Instagram,11.3,1,No
1349,1319,2026-06-23,Mobile,Direct,1.59,5,No
1350,3432,2023-06-12,Desktop,Email,33.06,2,No
1351,3504,2026-03-17,Mobile,Facebook,27.06,7,No
1352,3648,2023-10-06,Mobile,Google Ads,28.81,11,Yes
1353,2737,2024-04-04,Mobile,Facebook,20.64,4,No
1354,4964,2023-12-22,Desktop,Google Ads,39.46,2,Yes
1355,1959,2023-09-17,Desktop,Facebook,6.29,7,Yes
1356,2101,2023-03-01,Mobile,Facebook,22.72,15,No
1357,3369,2025-12-04,Desktop,Direct,3.02,3,Yes
1358,901,2026-12-05,Desktop,Instagram,12.43,14,No
1359,3048,2026-04-30,Desktop,Email,30.16,6,No
1360,585,2025-03-31,Tablet,Direct,40.07,6,No
1361,1396,2023-11-06,Desktop,Email,13.7,11,No
1362,3545,2023-05-13,Mobile,Organic,20.04,7,No
1363,402,2025-04-09,Desktop,Email,7.2,1,No
1364,1572,2026-06-07,Mobile,Referral,6.86,13,No
1365,1597,2026-12-09,Desktop,Organic,20.74,7,No
1366,160,2023-04-03,Tablet,Referral,3.37,4,Yes
1367,1780,2026-02-02,Tablet,Referral,41.6,8,No
1368,2129,2026-02-08,Tablet,Direct,20.84,11,No
1369,2745,2024-06-21,Mobile,Referral,44.91,13,No
1370,3807,2023-12-20,Mobile,Instagram,19.64,2,No
1371,4533,2026-07-07,Tablet,Direct,8.91,10,No
1372,747,2026-08-13,Mobile,Google Ads,15.61,12,No
1373,2901,2025-01-27,Desktop,Organic,15.31,10,No
1374,196,2024-09-27,Desktop,Referral,13.26,12,Yes
1375,877,2023-03-27,Tablet,Instagram,28.98,6,Yes
1376,1748,2026-07-15,Mobile,Direct,21.33,8,No
1377,667,2023-11-19,Mobile,Direct,30.13,7,No
1378,1427,2026-10-27,Tablet,Instagram,39.13,4,No
1379,391,2026-11-02,Desktop,Email,29.77,7,No
1380,3695,2025-02-06,Desktop,Email,9.99,8,Yes
1381,3512,2023-09-13,Tablet,Email,38.57,4,No
1382,4923,2026-09-19,Tablet,Google Ads,20.87,13,Yes
1383,2947,2025-11-10,Tablet,Facebook,0.66,9,No
1384,1925,2026-11-02,Desktop,Instagram,16.82,3,No
1385,1798,2024-04-15,Desktop,Direct,26.62,9,Yes
1386,1897,2026-05-26,Tablet,Facebook,21.7,8,No
1387,1368,2025-06-12,Tablet,Organic,12.18,2,No
1388,1015,2026-09-15,Desktop,Referral,19.67,3,No
1389,3155,2025-05-25,Desktop,Organic,27.43,7,Yes
1390,3346,2023-05-23,Mobile,Google Ads,2.92,8,No
1391,4719,2024-01-26,Desktop,Email,28.36,13,No
1392,3620,2026-08-21,Tablet,Direct,12.02,10,No
1393,4378,2025-04-21,Mobile,Referral,39.86,6,No
1394,306,2023-10-31,Mobile,Direct,11.45,4,No
1395,543,2024-12-26,Tablet,Direct,33.89,8,No
1396,2852,2026-12-28,Desktop,Direct,33.16,12,No
1397,4621,2026-05-22,Tablet,Referral,23.66,11,No
1398,1524,2026-01-24,Desktop,Referral,26.72,11,No
1399,2762,2024-01-02,Desktop,Instagram,3.74,7,Yes
1400,4454,2024-08-18,Tablet,Organic,14.01,4,No
1401,2450,2024-05-18,Mobile,Google Ads,31.97,4,No
1402,4602,2024-07-15,Mobile,Referral,44.67,14,Yes
1403,4771,2025-07-21,Desktop,Direct,11.48,4,No
1404,34,2026-02-20,Tablet,Organic,36.45,14,No
1405,3382,2024-09-25,Mobile,Direct,16.11,6,No
1406,3401,2024-12-28,Tablet,Instagram,25.36,7,No
1407,2867,2023-02-25,Desktop,Facebook,4.73,10,Yes
1408,2641,2023-07-01,Mobile,Instagram,2.39,6,No
1409,4827,2026-11-11,Desktop,Direct,2.05,7,No
1410,1977,2025-01-05,Mobile,Referral,17.71,7,No
1411,2461,2024-12-21,Mobile,Instagram,13.82,1,Yes
1412,1400,2025-01-06,Tablet,Referral,38.36,6,No
1413,4997,2024-07-01,Tablet,Direct,29.52,7,Yes
1414,25,2024-01-30,Tablet,Instagram,43.94,4,No
1415,52,2024-01-04,Tablet,Organic,5.75,11,No
1416,2068,2024-08-31,Tablet,Referral,17.14,10,Yes
1417,2802,2025-10-12,Desktop,Instagram,23.28,6,No
1418,2620,2026-12-19,Desktop,Referral,23.15,11,No
1419,1533,2023-07-14,Tablet,Direct,13.92,2,No
1420,1013,2023-06-07,Mobile,Facebook,43.11,6,No
1421,1748,2026-09-24,Tablet,Organic,9.97,6,No
1422,3342,2026-04-09,Mobile,Direct,18.85,10,No
1423,2995,2025-07-03,Mobile,Instagram,20.72,2,No
1424,1419,2023-04-28,Tablet,Organic,5.01,10,No
1425,4839,2026-06-15,Desktop,Organic,3.97,14,Yes
1426,3796,2024-12-04,Tablet,Referral,24.3,15,No
1427,3553,2024-12-05,Mobile,Email,37.19,11,No
1428,646,2024-05-26,Tablet,Email,14.86,2,Yes
1429,1197,2024-12-13,Mobile,Direct,30.95,9,No
1430,1724,2024-05-13,Mobile,Facebook,25.28,11,No
1431,3833,2023-09-22,Desktop,Referral,30.92,6,Yes
1432,1124,2024-11-06,Mobile,Referral,2.9,1,Yes
1433,3827,2023-06-08,Desktop,Email,25.83,1,No
1434,4377,2026-03-23,Mobile,Facebook,22.99,13,No
1435,3469,2024-11-19,Desktop,Email,23.64,1,No
1436,2760,2024-09-16,Desktop,Email,39.57,14,No
1437,2774,2023-03-01,Mobile,Organic,34.89,3,No
1438,1238,2024-07-18,Mobile,Direct,1.32,14,Yes
1439,3489,2025-01-27,Mobile,Organic,1.58,2,No
1440,1312,2025-12-07,Desktop,Google Ads,16.52,10,Yes
1441,1718,2025-07-18,Tablet,Google Ads,26.68,4,No
1442,2674,2026-10-03,Mobile,Facebook,14.6,15,No
1443,208,2024-06-04,Tablet,Organic,24.37,9,No
1444,1433,2024-09-18,Mobile,Email,30.52,5,No
1445,2296,2024-11-09,Mobile,Instagram,29.47,4,Yes
1446,3541,2026-06-04,Desktop,Referral,23.2,12,No
1447,4041,2026-07-23,Tablet,Facebook,25.1,14,No
1448,2241,2023-03-02,Mobile,Instagram,17.58,9,No
1449,488,2023-04-12,Tablet,Email,41.12,7,No
1450,2056,2023-01-25,Mobile,Instagram,19.3,4,No
1451,4825,2023-08-14,Tablet,Referral,23.58,9,No
1452,8,2026-04-30,Mobile,Instagram,5.92,3,No
1453,268,2025-12-12,Mobile,Organic,40.1,9,No
1454,4185,2025-07-09,Desktop,Direct,38.59,8,No
1455,3460,2025-03-07,Tablet,Email,11.33,3,No
1456,2618,2024-06-22,Tablet,Google Ads,5.74,12,Yes
1457,1292,2023-07-28,Desktop,Facebook,17.25,15,No
1458,3177,2024-01-05,Mobile,Organic,32.62,11,No
1459,1210,2023-09-18,Desktop,Instagram,33.19,15,No
1460,1528,2024-01-01,Tablet,Google Ads,8.97,2,No
1461,1159,2025-02-28,Desktop,Direct,30.54,8,Yes
1462,191,2025-10-11,Mobile,Email,25.89,15,No
1463,4456,2023-05-23,Desktop,Facebook,31.33,4,No
1464,4429,2023-05-01,Mobile,Instagram,21.86,9,No
1465,2723,2025-11-04,Desktop,Google Ads,40.75,2,No
1466,2866,2026-02-26,Mobile,Email,5.37,15,No
1467,8,2025-05-14,Desktop,Google Ads,22.78,12,Yes
1468,2210,2025-11-07,Desktop,Email,33.97,12,No
1469,1514,2024-10-16,Tablet,Referral,41.89,8,No
1470,3930,2025-05-17,Mobile,Email,16.5,13,No
1471,2008,2026-12-23,Tablet,Email,4.52,9,No
1472,3240,2023-03-03,Tablet,Direct,11.48,2,No
1473,2746,2025-11-02,Mobile,Google Ads,16.16,11,No
1474,1125,2023-10-01,Desktop,Organic,26.96,10,No
1475,3061,2024-10-25,Desktop,Referral,44.21,12,Yes
1476,4620,2023-10-07,Tablet,Facebook,28.27,12,Yes
1477,4105,2026-10-15,Mobile,Referral,37.2,14,No
1478,3588,2023-05-14,Tablet,Google Ads,15.87,14,No
1479,4632,2025-03-09,Tablet,Facebook,32.35,7,No
1480,3612,2026-05-19,Mobile,Facebook,19.11,15,No
1481,2119,2025-03-28,Desktop,Email,7.87,11,No
1482,271,2023-10-14,Desktop,Organic,36.9,8,Yes
1483,1936,2026-11-01,Mobile,Email,11.62,4,No
1484,4995,2025-03-05,Mobile,Facebook,43.19,1,Yes
1485,620,2025-04-14,Desktop,Facebook,6.21,12,No
1486,2826,2023-02-22,Tablet,Facebook,23.94,1,Yes
1487,2644,2023-12-12,Mobile,Facebook,11.52,2,No
1488,117,2026-03-01,Desktop,Facebook,11.83,8,No
1489,837,2023-03-10,Tablet,Organic,27.47,8,No
1490,1539,2023-04-28,Tablet,Instagram,21.99,8,Yes
1491,1243,2023-12-23,Mobile,Referral,6.23,10,Yes
1492,3949,2025-11-22,Tablet,Facebook,37.55,8,Yes
1493,2182,2024-01-28,Desktop,Instagram,7.6,4,No
1494,4526,2023-05-18,Desktop,Referral,36.55,10,No
1495,4795,2024-05-30,Desktop,Referral,19.18,2,No
1496,3795,2023-04-14,Desktop,Email,34.94,7,No
1497,4299,2026-05-20,Tablet,Facebook,21.65,12,No
1498,2923,2023-12-29,Desktop,Google Ads,32.02,9,No
1499,2074,2023-01-28,Desktop,Referral,38.52,3,Yes
1500,3609,2025-10-03,Tablet,Referral,22.59,2,No
1501,3458,2023-05-02,Mobile,Email,7.02,9,No
1502,4366,2026-10-09,Tablet,Google Ads,2.94,10,No
1503,3280,2024-09-14,Desktop,Referral,5.36,1,Yes
1504,1392,2025-03-10,Desktop,Direct,34.59,13,No
1505,1320,2024-09-29,Desktop,Instagram,5.54,13,No
1506,1147,2026-06-21,Tablet,Organic,17.48,5,No
1507,2984,2026-02-11,Tablet,Organic,4.38,9,No
1508,3651,2023-06-27,Desktop,Google Ads,36.7,8,No
1509,2366,2026-06-23,Desktop,Email,22.04,6,No
1510,4504,2023-10-14,Mobile,Email,25.1,13,No
1511,1585,2023-07-18,Desktop,Facebook,6.48,15,No
1512,3384,2026-04-22,Mobile,Instagram,39.42,2,No
1513,3996,2026-02-04,Mobile,Organic,39.89,13,No
1514,4045,2025-06-18,Tablet,Organic,41.68,2,No
1515,4318,2024-09-03,Mobile,Email,43.06,5,No
1516,2539,2025-05-12,Desktop,Referral,31.16,5,Yes
1517,4463,2023-03-27,Tablet,Organic,28.11,7,Yes
1518,4872,2025-09-14,Mobile,Instagram,37.64,3,Yes
1519,2212,2026-10-17,Tablet,Google Ads,42.52,9,No
1520,3831,2025-02-01,Desktop,Google Ads,24.26,2,No
1521,4933,2023-02-07,Desktop,Organic,7.14,12,No
1522,4518,2024-02-16,Tablet,Instagram,24.81,9,No
1523,833,2025-10-29,Desktop,Instagram,23.98,12,No
1524,4306,2024-05-07,Desktop,Email,10.42,12,No
1525,1769,2026-01-05,Tablet,Google Ads,13.91,1,No
1526,3695,2025-03-02,Mobile,Organic,5.94,4,No
1527,1541,2026-06-11,Tablet,Organic,1.0,1,No
1528,2541,2024-08-12,Desktop,Referral,6.48,9,No
1529,1616,2026-06-21,Tablet,Referral,43.65,14,No
1530,4220,2024-01-18,Desktop,Facebook,31.56,12,No
1531,4807,2023-09-18,Desktop,Facebook,2.57,10,No
1532,331,2023-09-16,Mobile,Referral,22.61,7,No
1533,259,2024-11-24,Desktop,Facebook,19.95,12,No
1534,659,2025-09-06,Desktop,Organic,37.85,4,No
1535,1160,2026-03-01,Tablet,Facebook,26.78,12,No
1536,1771,2026-03-19,Tablet,Referral,1.4,7,Yes
1537,902,2025-02-08,Desktop,Email,36.18,9,No
1538,1713,2026-09-14,Desktop,Google Ads,16.44,13,No
1539,4415,2026-06-01,Mobile,Referral,12.35,8,No
1540,4568,2023-10-20,Desktop,Instagram,36.18,10,No
1541,588,2024-04-10,Tablet,Email,20.77,4,Yes
1542,3917,2023-04-24,Tablet,Email,21.88,1,No
1543,1706,2023-07-08,Tablet,Email,34.36,14,No
1544,4704,2025-08-28,Mobile,Direct,8.55,6,No
1545,4468,2026-03-21,Mobile,Email,44.73,12,No
1546,1133,2023-07-16,Tablet,Google Ads,37.72,14,No
1547,2288,2026-02-23,Mobile,Email,31.79,12,Yes
1548,210,2024-02-15,Tablet,Organic,40.96,1,Yes
1549,1135,2026-09-22,Mobile,Direct,13.84,9,Yes
1550,1918,2025-03-09,Desktop,Google Ads,38.12,8,No
1551,3463,2023-03-19,Tablet,Facebook,30.42,13,No
1552,1223,2026-12-24,Desktop,Instagram,14.38,4,Yes
1553,3339,2024-10-26,Desktop,Facebook,2.54,15,No
1554,4588,2025-09-07,Desktop,Google Ads,26.64,15,Yes
1555,3322,2023-11-17,Tablet,Direct,28.3,8,No
1556,2836,2024-11-30,Tablet,Instagram,23.28,14,No
1557,4655,2024-04-04,Mobile,Direct,6.52,1,No
1558,237,2026-09-14,Mobile,Direct,3.41,15,No
1559,1092,2024-10-24,Tablet,Email,38.0,15,No
1560,1926,2023-08-30,Desktop,Direct,1.83,14,Yes
1561,4743,2026-12-21,Tablet,Email,4.26,11,Yes
1562,3170,2025-10-29,Desktop,Referral,8.81,8,No
1563,3347,2025-07-18,Desktop,Facebook,23.03,10,No
1564,3955,2024-02-26,Mobile,Google Ads,43.18,15,No
1565,2983,2025-02-22,Mobile,Google Ads,0.74,2,No
1566,3729,2026-03-29,Desktop,Instagram,42.85,11,No
1567,351,2025-10-06,Desktop,Email,17.08,5,Yes
1568,3308,2025-05-20,Mobile,Organic,16.59,9,No
1569,2897,2025-04-10,Tablet,Google Ads,13.38,2,No
1570,221,2023-06-11,Mobile,Organic,4.05,6,No
1571,909,2025-01-31,Mobile,Instagram,17.18,4,No
1572,831,2023-05-29,Desktop,Organic,22.27,9,No
1573,1936,2023-02-28,Mobile,Referral,14.1,7,Yes
1574,635,2025-11-26,Tablet,Google Ads,41.99,10,No
1575,1767,2023-03-22,Mobile,Email,16.35,15,Yes
1576,1360,2025-08-04,Mobile,Direct,13.31,2,No
1577,1662,2025-01-22,Mobile,Facebook,23.49,3,No
1578,1524,2025-05-14,Desktop,Organic,29.17,15,No
1579,74,2023-04-05,Tablet,Instagram,42.09,2,No
1580,282,2023-03-31,Mobile,Organic,15.59,2,No
1581,1857,2026-02-12,Mobile,Instagram,30.92,6,No
1582,2290,2026-03-17,Desktop,Email,16.18,14,No
1583,2978,2025-09-09,Tablet,Google Ads,35.6,2,No
1584,990,2026-10-25,Mobile,Google Ads,44.0,3,No
1585,3257,2023-07-24,Tablet,Referral,18.47,3,No
1586,1815,2024-01-27,Desktop,Referral,23.94,6,No
1587,2885,2023-08-03,Tablet,Referral,36.1,2,No
1588,651,2026-02-16,Desktop,Instagram,29.54,14,No
1589,3319,2024-06-23,Mobile,Organic,21.15,6,No
1590,2980,2025-02-23,Desktop,Facebook,13.07,10,Yes
1591,277,2025-10-30,Desktop,Facebook,7.78,11,No
1592,1152,2026-04-27,Mobile,Organic,18.46,9,No
1593,4033,2025-11-07,Desktop,Google Ads,38.72,1,No
1594,2400,2025-09-07,Tablet,Instagram,3.16,12,No
1595,4803,2023-05-20,Mobile,Facebook,30.74,11,Yes
1596,3569,2026-05-02,Mobile,Direct,18.47,1,No
1597,2817,2024-11-30,Mobile,Facebook,14.98,10,No
1598,394,2023-05-13,Tablet,Referral,34.85,1,Yes
1599,1163,2023-02-14,Mobile,Referral,37.89,6,No
1600,251,2026-01-09,Tablet,Referral,0.95,10,No
1601,4069,2025-06-29,Desktop,Instagram,22.88,6,Yes
1602,1423,2024-11-02,Desktop,Direct,15.22,11,No
1603,1308,2024-12-06,Mobile,Organic,5.5,14,No
1604,1266,2023-03-13,Desktop,Instagram,33.32,14,No
1605,4099,2026-01-25,Mobile,Facebook,8.42,14,Yes
1606,2312,2024-10-12,Desktop,Direct,40.74,9,No
1607,2142,2025-10-16,Desktop,Email,10.04,8,No
1608,3751,2025-10-23,Tablet,Facebook,42.34,1,No
1609,4257,2024-08-31,Mobile,Direct,36.15,9,Yes
1610,4618,2025-02-08,Desktop,Facebook,14.27,10,No
1611,4838,2023-07-12,Mobile,Google Ads,2.87,9,No
1612,3389,2026-01-21,Mobile,Direct,42.48,14,Yes
1613,1769,2024-07-28,Tablet,Direct,29.52,3,No
1614,856,2026-12-12,Tablet,Referral,36.51,8,No
1615,2253,2024-09-20,Desktop,Instagram,19.12,2,No
1616,784,2024-01-07,Mobile,Organic,7.39,12,No
1617,1721,2026-10-26,Tablet,Referral,8.19,8,No
1618,2969,2023-02-10,Tablet,Google Ads,29.45,10,Yes
1619,2003,2025-12-20,Tablet,Organic,43.29,1,No
1620,2779,2024-07-06,Desktop,Email,9.55,2,No
1621,429,2026-02-13,Desktop,Google Ads,41.89,15,No
1622,1209,2023-10-23,Tablet,Google Ads,40.1,11,No
1623,3820,2026-08-11,Tablet,Email,38.19,3,No
1624,4659,2024-01-14,Tablet,Google Ads,44.0,7,No
1625,3314,2024-11-13,Desktop,Email,0.96,4,No
1626,2448,2023-02-10,Mobile,Direct,44.77,1,No
1627,3556,2025-04-12,Desktop,Instagram,41.21,15,No
1628,2712,2023-07-10,Mobile,Organic,7.59,4,No
1629,1521,2023-03-15,Mobile,Email,43.73,2,No
1630,4862,2024-05-10,Mobile,Facebook,24.41,15,No
1631,282,2026-09-01,Tablet,Google Ads,44.98,13,Yes
1632,1646,2026-12-16,Desktop,Instagram,31.12,9,No
1633,4219,2024-08-03,Tablet,Facebook,7.55,4,No
1634,2187,2024-04-07,Desktop,Organic,26.1,15,No
1635,1885,2024-08-23,Desktop,Organic,38.37,9,No
1636,2505,2023-08-02,Desktop,Google Ads,25.38,10,No
1637,1598,2025-05-19,Mobile,Organic,19.7,11,No
1638,878,2025-01-24,Tablet,Referral,29.45,9,Yes
1639,4857,2024-06-12,Desktop,Email,13.72,12,No
1640,3478,2023-06-10,Mobile,Direct,28.81,14,No
1641,4645,2025-10-24,Tablet,Instagram,13.17,5,Yes
1642,678,2026-09-26,Mobile,Facebook,9.22,7,No
1643,4419,2024-04-22,Desktop,Instagram,13.64,14,Yes
1644,1524,2024-03-24,Mobile,Direct,29.88,15,Yes
1645,2817,2025-05-25,Tablet,Google Ads,20.26,7,No
1646,107,2023-12-09,Tablet,Facebook,5.92,5,No
1647,2291,2026-11-04,Desktop,Email,27.71,14,No
1648,1828,2023-07-06,Tablet,Instagram,31.43,8,Yes
1649,4238,2026-10-25,Tablet,Instagram,6.62,15,No
1650,4382,2025-05-10,Tablet,Referral,19.78,14,No
1651,2214,2026-02-18,Tablet,Direct,3.58,5,No
1652,3037,2025-12-18,Desktop,Instagram,1.59,13,No
1653,2325,2026-01-30,Mobile,Organic,2.85,15,No
1654,2976,2024-03-06,Desktop,Direct,43.13,9,Yes
1655,3235,2024-12-26,Tablet,Referral,10.96,4,No
1656,4281,2023-10-05,Tablet,Facebook,15.56,3,No
1657,650,2024-11-01,Mobile,Facebook,30.23,12,No
1658,1808,2024-09-07,Mobile,Referral,28.68,5,No
1659,2560,2025-10-05,Desktop,Instagram,2.33,4,No
1660,1604,2024-09-06,Mobile,Direct,25.52,6,No
1661,4162,2024-06-15,Tablet,Direct,15.64,5,No
1662,1993,2026-10-05,Desktop,Email,12.9,9,No
1663,3359,2024-01-05,Tablet,Email,42.93,3,No
1664,569,2025-10-22,Tablet,Instagram,42.07,5,No
1665,4706,2026-10-31,Tablet,Referral,21.27,9,No
1666,3793,2026-12-20,Desktop,Google Ads,19.27,3,No
1667,1233,2025-02-27,Mobile,Google Ads,39.96,1,No
1668,3321,2026-06-16,Tablet,Google Ads,29.95,4,No
1669,3631,2026-10-03,Mobile,Email,0.82,14,No
1670,3420,2025-10-13,Tablet,Google Ads,18.22,2,No
1671,4455,2023-07-15,Desktop,Organic,29.9,11,No
1672,388,2023-01-30,Mobile,Instagram,29.34,6,No
1673,3510,2025-05-26,Mobile,Email,37.05,5,No
1674,4973,2023-11-15,Tablet,Facebook,23.39,11,No
1675,4789,2026-11-07,Desktop,Google Ads,32.99,7,No
1676,2068,2024-10-21,Mobile,Organic,4.95,6,Yes
1677,4465,2025-08-11,Desktop,Referral,29.02,13,No
1678,2291,2024-01-14,Tablet,Google Ads,39.57,12,Yes
1679,2776,2023-07-26,Mobile,Direct,14.14,10,No
1680,3030,2026-09-21,Mobile,Referral,39.01,12,No
1681,3186,2023-02-18,Tablet,Organic,5.49,4,Yes
1682,2881,2025-06-01,Mobile,Facebook,8.63,5,No
1683,1570,2023-02-03,Mobile,Email,22.93,9,No
1684,267,2023-11-05,Mobile,Facebook,17.14,10,No
1685,873,2023-04-17,Desktop,Instagram,10.51,13,No
1686,2425,2023-10-08,Mobile,Instagram,10.84,5,No
1687,147,2026-12-19,Tablet,Instagram,20.98,9,No
1688,4859,2023-12-17,Desktop,Organic,6.17,9,No
1689,1333,2025-10-23,Desktop,Instagram,30.23,12,No
1690,4952,2024-06-27,Tablet,Organic,26.22,9,No
1691,1004,2026-10-16,Desktop,Referral,17.34,4,No
1692,1284,2025-12-26,Mobile,Referral,13.2,14,No
1693,4706,2023-06-20,Desktop,Google Ads,32.69,12,Yes
1694,2270,2025-05-17,Desktop,Referral,7.31,3,Yes
1695,1657,2023-04-10,Mobile,Facebook,11.08,6,No
1696,2903,2024-11-18,Desktop,Google Ads,31.56,9,No
1697,147,2023-04-16,Tablet,Instagram,39.02,14,No
1698,3616,2025-04-30,Mobile,Referral,35.15,7,No
1699,2207,2025-09-02,Tablet,Referral,14.1,13,No
1700,4635,2023-10-01,Desktop,Google Ads,9.62,14,No
1701,4240,2025-08-30,Desktop,Google Ads,14.25,6,No
1702,1760,2026-02-21,Desktop,Email,40.44,12,No
1703,3721,2023-07-06,Mobile,Email,28.57,6,No
1704,2904,2025-05-23,Mobile,Referral,20.41,4,No
1705,3477,2025-01-27,Desktop,Instagram,12.45,11,Yes
1706,4291,2026-08-29,Tablet,Instagram,7.46,11,No
1707,628,2026-08-25,Tablet,Referral,35.49,9,No
1708,3264,2024-11-08,Mobile,Email,21.63,3,No
1709,3838,2023-09-25,Tablet,Facebook,35.39,2,No
1710,1592,2024-08-19,Tablet,Email,4.77,14,Yes
1711,218,2026-02-27,Mobile,Google Ads,19.97,10,No
1712,393,2023-06-29,Tablet,Direct,2.15,2,No
1713,148,2026-03-08,Desktop,Instagram,15.61,6,No
1714,3115,2023-07-30,Tablet,Instagram,18.07,12,No
1715,3355,2024-01-25,Mobile,Email,20.61,10,No
1716,1125,2026-12-20,Desktop,Email,41.48,12,No
1717,4917,2023-07-03,Mobile,Email,28.82,6,No
1718,3043,2024-12-11,Tablet,Direct,29.64,9,No
1719,4399,2026-12-07,Mobile,Instagram,6.94,6,No
1720,4614,2025-04-24,Mobile,Organic,17.55,2,No
1721,1683,2023-02-18,Tablet,Instagram,28.78,5,No
1722,1334,2024-02-21,Mobile,Google Ads,33.03,9,No
1723,1612,2023-09-26,Tablet,Direct,37.6,8,No
1724,3235,2026-03-07,Desktop,Organic,9.26,2,No
1725,4554,2025-09-14,Desktop,Instagram,11.0,8,No
1726,4987,2026-03-08,Tablet,Facebook,35.75,9,No
1727,4570,2024-05-13,Mobile,Referral,42.36,13,No
1728,3972,2025-12-13,Tablet,Email,8.03,8,No
1729,289,2025-09-10,Desktop,Email,29.57,11,No
1730,548,2024-11-29,Desktop,Facebook,25.14,8,No
1731,4715,2024-12-09,Desktop,Email,37.28,7,No
1732,3086,2026-12-23,Desktop,Organic,35.49,7,No
1733,66,2023-04-20,Tablet,Referral,15.63,10,No
1734,370,2024-03-04,Mobile,Direct,2.01,13,No
1735,4177,2025-08-04,Desktop,Instagram,13.06,1,No
1736,4517,2024-08-08,Desktop,Referral,15.03,15,No
1737,1061,2023-08-08,Desktop,Referral,10.32,6,Yes
1738,38,2025-02-24,Tablet,Facebook,6.79,5,No
1739,297,2026-08-24,Mobile,Facebook,30.63,6,No
1740,3160,2025-01-04,Desktop,Organic,41.9,9,No
1741,2219,2026-02-25,Desktop,Referral,40.43,4,No
1742,3984,2024-04-29,Desktop,Google Ads,12.42,12,Yes
1743,3140,2023-04-27,Desktop,Google Ads,3.68,13,Yes
1744,1571,2025-01-05,Tablet,Facebook,18.18,9,No
1745,4078,2025-03-29,Tablet,Email,32.17,12,No
1746,4990,2026-07-13,Mobile,Google Ads,23.55,9,No
1747,2927,2026-12-29,Desktop,Direct,38.69,3,No
1748,2585,2025-07-03,Tablet,Instagram,39.43,8,No
1749,4351,2026-09-26,Desktop,Google Ads,31.3,1,No
1750,462,2023-06-14,Tablet,Direct,2.64,10,No
1751,121,2023-08-18,Mobile,Facebook,4.16,7,No
1752,786,2023-04-30,Mobile,Referral,35.88,6,No
1753,2042,2023-06-26,Tablet,Google Ads,14.19,2,Yes
1754,3047,2025-06-16,Tablet,Facebook,3.02,13,No
1755,155,2024-03-20,Desktop,Email,33.47,15,Yes
1756,4579,2023-02-21,Mobile,Facebook,5.34,1,No
1757,2652,2025-08-08,Tablet,Organic,21.26,3,Yes
1758,3459,2026-07-18,Desktop,Email,22.65,10,Yes
1759,4642,2023-12-16,Tablet,Direct,9.34,8,No
1760,4480,2023-05-19,Mobile,Organic,11.97,7,No
1761,4022,2025-09-08,Tablet,Referral,33.1,15,No
1762,2837,2023-12-11,Tablet,Google Ads,9.83,6,No
1763,3731,2024-02-11,Desktop,Direct,4.62,2,No
1764,818,2023-11-29,Tablet,Instagram,24.07,14,No
1765,1784,2023-05-26,Mobile,Direct,26.03,7,No
1766,403,2026-01-10,Desktop,Instagram,16.28,2,Yes
1767,2972,2025-05-17,Mobile,Referral,21.81,1,No
1768,3613,2026-10-28,Mobile,Direct,21.52,3,Yes
1769,296,2023-12-17,Mobile,Facebook,10.92,3,No
1770,3109,2023-09-03,Mobile,Instagram,29.2,2,No
1771,4677,2026-09-13,Desktop,Email,27.51,6,No
1772,3582,2026-12-29,Desktop,Email,3.27,12,No
1773,4857,2023-03-21,Desktop,Referral,34.1,9,Yes
1774,3567,2025-06-23,Tablet,Google Ads,0.7,6,No
1775,1911,2023-07-14,Tablet,Organic,26.3,10,Yes
1776,2285,2024-01-04,Tablet,Direct,43.31,3,No
1777,599,2024-10-20,Tablet,Email,27.65,6,No
1778,2872,2023-06-29,Desktop,Instagram,43.24,8,No
1779,1979,2025-04-01,Tablet,Email,30.61,6,No
1780,1548,2026-02-01,Desktop,Facebook,6.95,9,No
1781,4394,2024-02-14,Desktop,Organic,20.61,5,No
1782,3247,2026-10-05,Desktop,Organic,43.58,11,No
1783,3636,2023-08-03,Mobile,Instagram,30.17,12,No
1784,2307,2024-07-28,Tablet,Referral,34.66,9,No
1785,80,2024-06-05,Mobile,Instagram,2.05,3,No
1786,700,2024-06-15,Mobile,Instagram,40.17,1,No
1787,1468,2025-02-18,Tablet,Facebook,23.2,5,No
1788,4825,2025-09-22,Tablet,Google Ads,10.86,9,No
1789,1258,2024-08-20,Tablet,Instagram,26.77,11,No
1790,452,2025-03-30,Mobile,Google Ads,40.89,7,No
1791,1559,2025-06-04,Desktop,Organic,43.78,2,Yes
1792,1593,2025-06-02,Mobile,Email,10.44,2,Yes
1793,3046,2025-03-25,Mobile,Referral,38.14,6,No
1794,4007,2024-03-30,Tablet,Email,33.45,12,No
1795,655,2026-12-11,Mobile,Facebook,26.46,5,No
1796,3382,2024-08-11,Tablet,Organic,20.4,14,No
1797,4642,2023-08-16,Desktop,Referral,40.97,2,No
1798,1781,2026-10-26,Tablet,Google Ads,9.85,1,No
1799,687,2026-07-13,Tablet,Instagram,32.08,13,No
1800,3828,2026-08-12,Desktop,Instagram,20.79,1,No
1801,4065,2026-11-27,Desktop,Email,22.4,12,No
1802,90,2024-10-21,Tablet,Email,17.32,7,No
1803,3463,2023-07-18,Mobile,Email,41.77,9,No
1804,1396,2023-06-24,Tablet,Instagram,28.35,13,Yes
1805,4532,2024-03-03,Mobile,Organic,42.61,10,No
1806,4946,2025-08-01,Desktop,Instagram,38.18,14,No
1807,229,2025-10-13,Mobile,Instagram,24.91,3,Yes
1808,4420,2024-10-13,Mobile,Email,42.0,10,No
1809,1937,2025-05-19,Desktop,Direct,42.47,8,No
1810,538,2026-04-15,Mobile,Email,21.38,14,No
1811,1813,2025-11-08,Tablet,Facebook,16.33,7,No
1812,4666,2023-08-25,Desktop,Facebook,30.02,14,No
1813,1293,2023-01-07,Desktop,Google Ads,40.55,3,No
1814,697,2026-12-14,Mobile,Instagram,11.56,15,No
1815,1738,2026-09-28,Desktop,Instagram,15.1,2,Yes
1816,3528,2025-01-07,Desktop,Google Ads,13.49,12,Yes
1817,3448,2026-08-01,Tablet,Google Ads,12.88,1,No
1818,3297,2026-08-15,Desktop,Facebook,39.23,6,No
1819,3609,2024-09-01,Mobile,Facebook,35.08,14,No
1820,4448,2026-03-21,Tablet,Facebook,18.68,2,No
1821,793,2024-12-22,Tablet,Referral,29.87,7,No
1822,3279,2023-09-23,Mobile,Organic,10.94,6,No
1823,2262,2026-04-10,Desktop,Facebook,27.93,1,No
1824,591,2025-08-20,Desktop,Instagram,4.26,7,No
1825,3843,2023-10-19,Mobile,Direct,32.06,6,No
1826,3443,2024-11-01,Mobile,Email,31.23,5,Yes
1827,884,2023-04-07,Tablet,Direct,15.36,3,No
1828,407,2023-06-29,Desktop,Facebook,24.01,5,No
1829,3081,2026-07-08,Tablet,Direct,33.05,7,No
1830,4310,2025-09-20,Desktop,Referral,17.85,8,No
1831,1355,2026-01-16,Desktop,Facebook,37.08,4,No
1832,1952,2024-06-29,Desktop,Email,15.6,7,No
1833,37,2023-07-10,Mobile,Email,20.93,6,No
1834,2269,2023-04-22,Desktop,Instagram,20.93,4,Yes
1835,4877,2024-11-16,Tablet,Email,23.84,6,Yes
1836,593,2024-05-21,Tablet,Instagram,7.31,7,No
1837,1721,2023-07-10,Desktop,Organic,16.57,12,No
1838,3700,2024-07-31,Desktop,Direct,34.75,14,No
1839,3459,2026-07-16,Desktop,Google Ads,20.93,8,No
1840,1741,2024-10-31,Mobile,Referral,5.6,13,No
1841,998,2025-10-29,Tablet,Direct,6.57,5,No
1842,2975,2025-11-08,Tablet,Organic,18.77,12,No
1843,4113,2024-07-22,Mobile,Google Ads,35.56,4,No
1844,3740,2024-07-24,Tablet,Facebook,26.35,3,No
1845,3236,2024-10-31,Desktop,Email,26.89,15,No
1846,79,2026-12-25,Tablet,Direct,4.31,2,No
1847,1393,2023-12-04,Mobile,Facebook,20.97,9,No
1848,3097,2025-10-09,Tablet,Organic,10.94,4,No
1849,3523,2024-01-23,Desktop,Google Ads,8.7,6,No
1850,20,2025-02-03,Mobile,Referral,5.67,11,No
1851,2027,2026-11-01,Mobile,Direct,8.4,7,No
1852,4248,2024-11-11,Mobile,Organic,22.12,15,No
1853,1420,2023-06-15,Desktop,Direct,19.41,11,No
1854,815,2026-01-08,Mobile,Email,13.23,15,No
1855,4188,2023-08-17,Desktop,Instagram,43.02,15,No
1856,1350,2024-03-16,Tablet,Instagram,19.13,10,No
1857,3704,2023-09-20,Mobile,Google Ads,33.73,3,No
1858,2279,2026-05-28,Mobile,Email,18.4,1,No
1859,751,2026-05-24,Mobile,Google Ads,43.58,10,No
1860,3029,2023-07-02,Tablet,Instagram,36.06,7,Yes
1861,690,2023-07-29,Mobile,Direct,11.34,1,No
1862,4565,2026-12-10,Desktop,Organic,13.26,6,No
1863,3130,2026-10-08,Mobile,Direct,12.42,4,No
1864,1309,2023-12-30,Desktop,Referral,41.76,5,No
1865,4133,2023-07-05,Mobile,Email,41.15,11,No
1866,1412,2024-03-13,Tablet,Facebook,37.75,14,No
1867,4978,2023-01-07,Mobile,Instagram,11.55,5,No
1868,4023,2023-02-04,Tablet,Referral,37.44,2,No
1869,3721,2024-09-25,Tablet,Referral,30.07,10,No
1870,884,2023-09-14,Tablet,Direct,22.42,13,Yes
1871,4713,2025-10-10,Desktop,Organic,3.0,10,No
1872,4572,2023-05-22,Desktop,Direct,25.15,12,No
1873,303,2023-01-07,Tablet,Google Ads,2.34,13,No
1874,3941,2026-05-24,Desktop,Email,5.67,6,No
1875,2935,2023-01-02,Tablet,Facebook,11.14,11,No
1876,4661,2025-03-25,Tablet,Email,5.11,12,No
1877,1474,2023-05-09,Desktop,Email,40.88,14,No
1878,4075,2025-11-18,Desktop,Facebook,32.32,4,No
1879,4126,2025-05-03,Mobile,Facebook,17.12,9,No
1880,643,2023-10-17,Tablet,Email,36.61,6,Yes
1881,1527,2026-06-29,Desktop,Instagram,17.31,1,No
1882,3096,2025-04-19,Desktop,Google Ads,14.45,5,No
1883,3764,2025-10-01,Mobile,Email,30.3,4,No
1884,1134,2026-03-21,Tablet,Google Ads,5.18,12,No
1885,1902,2026-10-25,Tablet,Instagram,28.1,7,Yes
1886,2528,2025-01-20,Desktop,Direct,21.28,11,No
1887,3869,2024-01-28,Desktop,Facebook,22.34,5,No
1888,3779,2025-11-11,Desktop,Facebook,34.79,11,No
1889,1351,2023-10-02,Tablet,Direct,2.21,14,No
1890,1216,2026-10-26,Tablet,Instagram,9.16,3,No
1891,3458,2024-08-13,Mobile,Email,25.96,2,No
1892,3889,2026-06-28,Tablet,Facebook,14.85,14,No
1893,3675,2026-12-04,Mobile,Email,1.81,1,No
1894,1829,2026-10-28,Tablet,Referral,20.55,11,Yes
1895,773,2024-12-14,Tablet,Google Ads,35.11,15,No
1896,4486,2025-06-26,Mobile,Facebook,9.38,6,No
1897,3309,2025-02-24,Desktop,Direct,36.94,6,No
1898,4334,2024-06-14,Mobile,Organic,44.86,11,No
1899,4155,2023-10-15,Tablet,Instagram,37.65,13,Yes
1900,4212,2025-08-29,Tablet,Instagram,3.85,13,No
1901,4924,2024-05-12,Tablet,Direct,8.68,7,No
1902,4885,2024-10-21,Mobile,Direct,42.1,3,Yes
1903,499,2026-11-11,Mobile,Google Ads,23.12,12,No
1904,2728,2025-07-02,Mobile,Instagram,37.12,14,No
1905,1155,2023-08-21,Mobile,Email,42.26,8,No
1906,2127,2024-05-03,Desktop,Email,34.67,8,No
1907,1844,2026-12-01,Desktop,Direct,26.79,10,No
1908,1834,2024-01-15,Mobile,Facebook,18.01,3,No
1909,1228,2024-10-17,Desktop,Instagram,33.23,14,Yes
1910,3649,2025-11-20,Tablet,Facebook,40.44,4,No
1911,1242,2024-08-29,Desktop,Direct,36.83,2,Yes
1912,2981,2023-04-30,Mobile,Organic,28.64,15,No
1913,3489,2025-03-06,Mobile,Facebook,6.06,10,Yes
1914,3092,2026-01-06,Desktop,Facebook,44.03,15,No
1915,91,2026-09-27,Mobile,Instagram,7.02,1,No
1916,2784,2026-03-06,Tablet,Referral,12.19,5,No
1917,3689,2024-08-01,Mobile,Direct,35.48,7,No
1918,4292,2023-06-12,Desktop,Referral,10.96,9,No
1919,2566,2024-02-02,Tablet,Direct,0.7,3,No
1920,2258,2026-07-30,Mobile,Instagram,11.22,14,No
1921,3642,2025-07-11,Desktop,Organic,9.64,13,No
1922,2578,2026-11-04,Mobile,Instagram,41.16,13,No
1923,4708,2023-05-21,Desktop,Google Ads,43.62,14,Yes
1924,531,2023-05-02,Desktop,Google Ads,18.87,8,No
1925,525,2023-02-12,Desktop,Facebook,32.32,3,No
1926,2018,2023-06-26,Tablet,Referral,16.15,13,No
1927,4555,2025-05-03,Mobile,Google Ads,10.11,9,No
1928,330,2023-11-28,Desktop,Email,35.67,3,No
1929,542,2023-08-10,Mobile,Instagram,3.55,1,Yes
1930,3827,2024-02-03,Desktop,Organic,6.79,3,No
1931,3593,2024-12-26,Mobile,Instagram,42.57,2,No
1932,2870,2025-03-10,Tablet,Email,8.38,4,Yes
1933,1773,2026-02-04,Desktop,Instagram,9.86,1,No
1934,804,2026-09-24,Tablet,Direct,23.85,13,Yes
1935,4603,2024-08-25,Tablet,Facebook,39.77,13,No
1936,2739,2026-02-19,Desktop,Email,24.63,10,No
1937,4965,2024-02-22,Mobile,Instagram,31.54,3,No
1938,1637,2023-05-07,Mobile,Organic,16.49,14,No
1939,2479,2025-04-11,Mobile,Instagram,42.69,7,Yes
1940,4698,2023-04-09,Mobile,Direct,33.12,14,Yes
1941,4328,2026-07-11,Desktop,Organic,39.64,14,No
1942,1362,2023-06-04,Mobile,Organic,25.37,11,No
1943,793,2023-07-21,Desktop,Organic,7.27,3,No
1944,2433,2024-10-05,Mobile,Organic,34.8,13,No
1945,3720,2025-10-20,Desktop,Email,29.84,12,No
1946,2573,2026-03-20,Tablet,Email,34.9,8,Yes
1947,4933,2024-10-17,Mobile,Google Ads,9.61,2,No
1948,3970,2023-01-06,Desktop,Instagram,23.65,7,No
1949,4501,2023-10-17,Tablet,Email,43.93,4,Yes
1950,2880,2026-07-11,Mobile,Referral,16.52,2,Yes
1951,2443,2026-08-24,Mobile,Direct,2.73,13,No
1952,827,2023-02-04,Desktop,Direct,19.68,1,No
1953,993,2023-11-23,Desktop,Organic,12.62,7,No
1954,2487,2025-08-21,Tablet,Direct,5.05,10,No
1955,337,2024-08-26,Mobile,Google Ads,18.0,13,Yes
1956,954,2024-04-21,Desktop,Facebook,39.99,4,Yes
1957,567,2025-04-23,Mobile,Referral,17.51,3,No
1958,3518,2025-04-06,Tablet,Email,16.41,7,No
1959,3044,2025-01-13,Desktop,Email,36.09,14,No
1960,2568,2024-11-09,Mobile,Organic,12.67,14,No
1961,1580,2024-02-01,Desktop,Organic,4.12,12,No
1962,1401,2023-05-23,Tablet,Organic,39.33,6,No
1963,4013,2025-07-20,Tablet,Instagram,38.68,8,No
1964,4334,2026-05-27,Tablet,Google Ads,7.59,9,No
1965,117,2026-01-16,Tablet,Direct,5.04,12,No
1966,4671,2026-12-07,Desktop,Organic,12.47,12,No
1967,4716,2026-12-26,Tablet,Direct,38.6,9,Yes
1968,1671,2024-01-22,Desktop,Referral,21.88,1,Yes
1969,2162,2025-08-12,Tablet,Facebook,3.1,6,No
1970,2250,2024-06-05,Desktop,Instagram,31.58,14,No
1971,3267,2025-11-08,Tablet,Organic,4.56,5,No
1972,3968,2023-02-21,Desktop,Organic,13.6,8,Yes
1973,894,2025-02-16,Mobile,Email,29.33,3,Yes
1974,4174,2026-04-03,Desktop,Facebook,27.76,5,No
1975,445,2026-07-08,Mobile,Organic,42.17,4,No
1976,389,2023-12-16,Mobile,Email,7.29,10,Yes
1977,1585,2023-05-17,Tablet,Instagram,26.78,4,No
1978,1209,2026-06-25,Desktop,Instagram,15.37,1,No
1979,6,2025-01-07,Mobile,Organic,31.25,8,No
1980,1744,2025-05-30,Desktop,Google Ads,19.84,8,Yes
1981,3481,2026-03-07,Desktop,Referral,36.99,15,No
1982,874,2024-03-22,Mobile,Instagram,38.46,4,Yes
1983,3813,2026-01-21,Mobile,Organic,5.73,9,No
1984,353,2026-04-06,Mobile,Direct,8.52,13,Yes
1985,846,2023-01-12,Desktop,Direct,12.4,9,Yes
1986,2406,2024-07-23,Mobile,Instagram,12.64,15,No
1987,3645,2026-09-18,Tablet,Facebook,12.75,1,No
1988,1796,2025-10-28,Mobile,Direct,36.7,4,No
1989,512,2023-02-24,Tablet,Facebook,14.49,11,No
1990,3746,2024-08-11,Mobile,Google Ads,34.94,3,No
1991,1829,2024-06-07,Desktop,Facebook,9.61,14,No
1992,2593,2025-08-15,Mobile,Direct,18.38,3,No
1993,2842,2024-12-29,Desktop,Referral,39.76,2,No
1994,1031,2025-01-17,Mobile,Email,31.27,10,Yes
1995,4545,2023-06-17,Mobile,Facebook,21.8,2,No
1996,2490,2026-10-06,Desktop,Email,29.11,2,No
1997,1815,2025-08-28,Tablet,Facebook,28.92,11,No
1998,4510,2023-04-11,Desktop,Email,24.37,7,No
1999,3379,2025-11-26,Mobile,Direct,10.93,14,No
2000,4886,2024-08-05,Desktop,Direct,43.02,3,No
2001,3539,2026-02-13,Desktop,Organic,26.94,11,Yes
2002,284,2023-02-03,Tablet,Instagram,20.22,3,No
2003,2097,2026-03-05,Desktop,Google Ads,12.86,5,No
2004,3138,2024-03-16,Desktop,Facebook,35.28,8,Yes
2005,464,2026-05-27,Mobile,Referral,43.52,1,No
2006,2019,2023-12-24,Tablet,Direct,7.46,15,No
2007,4320,2026-11-27,Desktop,Direct,2.7,12,No
2008,2090,2025-02-09,Tablet,Instagram,43.31,1,No
2009,685,2025-07-23,Mobile,Direct,39.62,15,Yes
2010,2873,2023-01-25,Mobile,Direct,10.96,3,No
2011,4894,2026-07-21,Mobile,Organic,44.92,11,No
2012,4893,2024-02-11,Tablet,Direct,31.32,12,Yes
2013,3886,2026-10-23,Desktop,Organic,22.25,9,No
2014,4457,2024-05-05,Mobile,Direct,9.28,15,No
2015,1449,2025-02-12,Mobile,Organic,6.87,10,Yes
2016,1490,2025-03-27,Desktop,Google Ads,19.58,14,No
2017,988,2024-03-22,Mobile,Email,36.71,10,Yes
2018,4165,2026-10-09,Tablet,Facebook,35.23,12,No
2019,4332,2024-08-27,Mobile,Google Ads,30.83,9,No
2020,4200,2023-05-10,Desktop,Organic,17.08,14,No
2021,1530,2024-12-14,Tablet,Organic,8.67,7,No
2022,2172,2026-07-28,Tablet,Organic,39.98,15,No
2023,474,2026-11-18,Mobile,Referral,12.08,8,No
2024,115,2026-01-17,Mobile,Organic,15.46,11,No
2025,3666,2026-03-19,Desktop,Organic,30.94,13,No
2026,4173,2024-01-17,Mobile,Facebook,38.66,3,No
2027,4501,2025-06-20,Tablet,Google Ads,44.56,3,No
2028,2565,2025-06-28,Desktop,Direct,16.22,7,No
2029,3064,2024-11-05,Tablet,Direct,11.69,7,No
2030,4108,2024-12-24,Tablet,Instagram,37.38,3,No
2031,2336,2025-05-14,Desktop,Email,31.43,9,No
2032,756,2026-01-13,Mobile,Direct,16.52,9,No
2033,3711,2026-04-29,Desktop,Organic,1.43,7,Yes
2034,2433,2026-09-11,Mobile,Organic,33.57,6,No
2035,2615,2023-07-06,Mobile,Organic,12.34,2,No
2036,348,2025-01-23,Desktop,Facebook,34.76,3,No
2037,294,2026-07-06,Mobile,Facebook,8.65,4,No
2038,889,2023-06-28,Tablet,Organic,39.3,4,No
2039,1303,2024-03-03,Tablet,Google Ads,5.86,15,No
2040,2005,2026-06-17,Desktop,Google Ads,1.15,1,Yes
2041,1291,2025-07-28,Tablet,Instagram,44.84,9,No
2042,4448,2025-04-29,Desktop,Organic,22.31,7,No
2043,1570,2024-02-29,Mobile,Facebook,33.85,2,No
2044,2226,2024-10-30,Mobile,Organic,39.33,10,No
2045,4422,2024-05-17,Tablet,Instagram,22.52,9,No
2046,2610,2024-08-08,Tablet,Email,12.11,11,No
2047,741,2023-03-03,Mobile,Email,39.19,14,No
2048,805,2024-01-03,Mobile,Organic,16.99,2,No
2049,166,2025-06-28,Desktop,Email,34.2,9,No
2050,2504,2024-12-24,Mobile,Email,21.39,13,Yes
2051,308,2026-12-08,Desktop,Instagram,39.68,1,No
2052,1105,2025-11-01,Mobile,Email,27.3,12,No
2053,443,2025-10-09,Mobile,Instagram,2.72,6,No
2054,4411,2025-05-30,Mobile,Referral,27.58,6,Yes
2055,3155,2024-08-20,Tablet,Direct,27.36,5,No
2056,3222,2026-05-17,Desktop,Referral,34.36,9,No
2057,2615,2025-03-20,Tablet,Facebook,10.26,2,No
2058,1510,2025-01-23,Tablet,Direct,32.44,11,No
2059,3668,2025-04-18,Desktop,Organic,5.57,15,No
2060,2416,2023-10-11,Tablet,Organic,15.49,12,Yes
2061,1236,2024-05-05,Desktop,Facebook,44.62,10,No
2062,1460,2025-12-08,Mobile,Email,43.33,1,No
2063,2058,2025-02-19,Tablet,Direct,23.78,2,No
2064,1658,2023-08-29,Tablet,Google Ads,22.13,3,Yes
2065,3464,2025-10-06,Tablet,Organic,21.04,13,No
2066,991,2024-01-30,Desktop,Instagram,3.16,4,No
2067,1346,2025-05-17,Desktop,Email,41.2,7,No
2068,2298,2023-09-29,Desktop,Direct,14.95,9,No
2069,4493,2023-08-06,Mobile,Direct,38.61,12,No
2070,2709,2023-07-03,Desktop,Email,41.74,3,Yes
2071,600,2024-09-29,Tablet,Instagram,10.43,7,Yes
2072,4307,2025-10-15,Tablet,Direct,11.82,10,No
2073,4815,2026-02-26,Tablet,Direct,23.7,15,No
2074,1385,2023-04-12,Tablet,Facebook,15.89,11,No
2075,1420,2024-05-12,Tablet,Instagram,13.04,7,No
2076,3382,2024-04-24,Tablet,Organic,14.99,13,Yes
2077,1795,2023-11-24,Desktop,Referral,24.29,15,No
2078,1733,2024-03-16,Desktop,Direct,14.88,9,No
2079,851,2024-03-31,Tablet,Email,0.92,3,Yes
2080,598,2026-03-31,Desktop,Email,1.42,14,No
2081,2168,2024-02-12,Tablet,Organic,5.72,12,No
2082,818,2026-04-17,Tablet,Email,14.98,14,Yes
2083,2799,2024-02-04,Mobile,Email,0.83,13,No
2084,2248,2024-06-10,Desktop,Referral,27.93,14,Yes
2085,587,2024-05-19,Mobile,Facebook,39.34,10,No
2086,2212,2025-06-03,Tablet,Referral,10.26,13,No
2087,574,2026-06-25,Tablet,Organic,37.46,5,No
2088,1644,2025-10-16,Mobile,Organic,42.26,15,No
2089,349,2023-03-11,Desktop,Email,27.07,5,No
2090,4393,2023-02-28,Tablet,Direct,41.01,6,No
2091,2591,2026-07-13,Tablet,Google Ads,6.18,9,Yes
2092,4550,2024-11-07,Mobile,Direct,30.84,6,Yes
2093,3055,2023-09-20,Mobile,Direct,31.3,9,Yes
2094,2802,2026-05-14,Mobile,Referral,5.63,15,No
2095,3534,2023-04-16,Desktop,Email,19.15,14,No
2096,3863,2024-08-12,Mobile,Organic,11.57,13,No
2097,1106,2023-01-14,Tablet,Email,32.71,9,No
2098,2637,2023-12-22,Desktop,Referral,11.83,4,No
2099,4890,2024-10-05,Mobile,Organic,39.89,7,No
2100,3868,2024-03-31,Tablet,Organic,22.52,7,No
2101,288,2024-12-25,Tablet,Organic,38.57,4,Yes
2102,3889,2024-12-15,Mobile,Direct,2.76,14,No
2103,4371,2023-02-18,Tablet,Google Ads,41.95,9,No
2104,1244,2023-01-28,Tablet,Instagram,31.33,12,Yes
2105,1451,2023-04-29,Desktop,Facebook,15.37,14,No
2106,392,2026-05-22,Mobile,Email,20.57,12,No
2107,3276,2024-01-09,Desktop,Instagram,23.55,1,No
2108,4941,2026-01-15,Desktop,Organic,39.34,1,No
2109,301,2024-03-31,Mobile,Google Ads,15.66,6,Yes
2110,3355,2024-11-03,Tablet,Direct,13.24,14,No
2111,4827,2023-06-03,Tablet,Direct,41.89,7,Yes
2112,4166,2023-01-29,Desktop,Email,0.99,1,No
2113,4434,2023-06-16,Tablet,Instagram,35.17,10,No
2114,3525,2026-06-25,Tablet,Email,35.52,2,No
2115,2780,2024-09-24,Desktop,Google Ads,41.87,15,No
2116,4601,2025-12-10,Mobile,Google Ads,38.28,2,No
2117,4760,2023-04-03,Desktop,Direct,19.1,2,No
2118,1587,2023-10-09,Desktop,Email,38.71,11,Yes
2119,1808,2025-12-11,Desktop,Referral,3.75,1,No
2120,2925,2023-08-16,Desktop,Facebook,16.53,10,No
2121,2749,2023-06-27,Mobile,Direct,15.73,11,No
2122,4302,2024-11-18,Desktop,Organic,22.54,10,No
2123,4043,2026-03-22,Desktop,Instagram,29.63,6,No
2124,4730,2024-06-29,Tablet,Organic,42.27,4,No
2125,1589,2023-01-06,Mobile,Email,36.46,6,No
2126,1055,2026-07-16,Tablet,Direct,5.1,5,Yes
2127,2515,2026-08-31,Tablet,Direct,25.27,7,No
2128,1635,2024-09-19,Desktop,Referral,29.93,11,No
2129,4605,2025-07-03,Desktop,Facebook,39.42,6,No
2130,4675,2023-06-03,Desktop,Facebook,33.42,6,No
2131,1683,2026-08-07,Desktop,Referral,25.57,12,No
2132,3421,2026-07-24,Tablet,Direct,6.32,5,No
2133,751,2024-11-06,Mobile,Facebook,15.37,8,Yes
2134,4949,2024-08-04,Desktop,Facebook,2.5,12,Yes
2135,4911,2023-10-17,Mobile,Instagram,37.38,9,No
2136,3756,2023-09-10,Mobile,Facebook,44.44,7,Yes
2137,4198,2026-02-03,Desktop,Email,9.89,4,No
2138,2333,2024-11-07,Desktop,Referral,10.25,13,No
2139,3242,2025-11-29,Desktop,Facebook,36.05,7,Yes
2140,1439,2023-11-04,Mobile,Direct,28.16,9,Yes
2141,1148,2026-01-26,Desktop,Referral,33.91,11,No
2142,545,2025-11-23,Mobile,Email,37.79,13,No
2143,2783,2023-12-12,Desktop,Direct,40.11,15,No
2144,1956,2025-06-02,Mobile,Instagram,19.17,1,No
2145,1740,2023-08-01,Mobile,Instagram,26.14,15,No
2146,2983,2023-05-08,Tablet,Referral,37.15,2,No
2147,3262,2023-10-28,Desktop,Referral,18.08,11,No
2148,2970,2024-09-13,Desktop,Direct,34.73,7,Yes
2149,1493,2024-09-22,Tablet,Referral,14.45,2,No
2150,4204,2023-08-29,Tablet,Facebook,40.56,5,No
2151,4778,2023-10-07,Tablet,Google Ads,37.49,4,No
2152,2713,2023-09-26,Mobile,Direct,40.64,4,No
2153,4145,2023-01-01,Tablet,Referral,3.39,4,No
2154,3087,2024-07-23,Mobile,Facebook,22.93,9,Yes
2155,925,2023-09-09,Tablet,Instagram,42.89,15,No
2156,4918,2024-09-14,Tablet,Facebook,31.81,13,No
2157,889,2023-07-23,Tablet,Direct,7.26,10,No
2158,2436,2025-02-23,Desktop,Google Ads,2.53,10,No
2159,3405,2023-11-14,Tablet,Referral,9.99,8,No
2160,1161,2023-10-12,Tablet,Facebook,25.88,1,No
2161,2021,2023-12-17,Desktop,Direct,2.09,3,Yes
2162,4803,2026-12-13,Mobile,Organic,28.32,3,Yes
2163,2415,2026-05-01,Tablet,Instagram,27.34,11,Yes
2164,2343,2026-06-06,Tablet,Organic,33.31,10,No
2165,1535,2024-07-24,Tablet,Google Ads,6.4,6,Yes
2166,2684,2023-02-19,Mobile,Email,30.61,6,Yes
2167,865,2025-06-25,Desktop,Instagram,23.11,12,Yes
2168,982,2024-04-04,Desktop,Email,29.59,14,No
2169,766,2025-02-16,Desktop,Facebook,16.88,13,Yes
2170,4500,2026-01-18,Desktop,Facebook,43.79,14,No
2171,4967,2024-10-06,Desktop,Referral,29.02,12,No
2172,2896,2025-12-16,Tablet,Email,42.41,12,No
2173,4061,2026-07-31,Tablet,Email,16.61,15,No
2174,1956,2026-09-12,Desktop,Instagram,19.63,10,No
2175,2309,2026-01-16,Mobile,Direct,32.58,8,No
2176,3923,2023-02-05,Desktop,Facebook,40.59,13,No
2177,2805,2025-10-12,Mobile,Google Ads,27.32,12,No
2178,1828,2023-05-15,Tablet,Direct,10.72,13,No
2179,2132,2023-09-16,Tablet,Referral,26.39,12,No
2180,1384,2023-03-30,Tablet,Referral,39.73,14,No
2181,1871,2026-11-16,Mobile,Facebook,30.67,15,No
2182,2787,2026-05-23,Desktop,Email,24.75,8,No
2183,1234,2026-07-25,Tablet,Referral,30.55,15,No
2184,1842,2025-06-01,Tablet,Facebook,25.54,7,No
2185,1290,2025-11-07,Tablet,Organic,18.37,14,No
2186,3624,2025-10-01,Tablet,Facebook,6.74,15,No
2187,471,2024-04-28,Mobile,Organic,21.26,12,Yes
2188,1434,2026-05-28,Mobile,Google Ads,16.53,10,No
2189,317,2025-06-02,Tablet,Organic,6.99,10,Yes
2190,3621,2024-06-04,Mobile,Direct,12.37,10,No
2191,366,2024-08-14,Mobile,Google Ads,1.67,2,No
2192,4325,2023-12-20,Desktop,Organic,15.72,8,No
2193,3628,2025-01-28,Tablet,Email,28.15,15,No
2194,1156,2023-06-20,Tablet,Facebook,13.56,13,Yes
2195,1628,2026-02-04,Desktop,Google Ads,41.1,4,No
2196,2010,2024-09-22,Desktop,Direct,1.9,7,No
2197,4161,2026-11-24,Desktop,Referral,43.65,8,No
2198,4879,2025-07-25,Tablet,Referral,2.43,3,No
2199,2198,2025-05-23,Mobile,Organic,16.52,7,Yes
2200,494,2024-09-22,Desktop,Direct,18.18,1,Yes
2201,1730,2023-10-12,Desktop,Direct,42.98,3,No
2202,1611,2025-03-09,Tablet,Google Ads,43.31,6,No
2203,4437,2026-03-01,Desktop,Referral,24.42,15,No
2204,2367,2026-10-03,Desktop,Referral,37.65,8,Yes
2205,1688,2026-01-06,Tablet,Direct,28.82,14,No
2206,1508,2026-12-14,Mobile,Facebook,29.8,4,No
2207,1846,2024-01-11,Desktop,Facebook,5.12,11,No
2208,435,2025-02-05,Tablet,Referral,20.89,6,Yes
2209,1510,2025-01-26,Mobile,Email,10.01,10,No
2210,3402,2026-11-26,Mobile,Direct,26.95,9,No
2211,1953,2023-07-03,Mobile,Facebook,28.17,2,No
2212,3056,2024-07-13,Desktop,Email,28.58,2,Yes
2213,3822,2023-10-04,Desktop,Facebook,29.16,8,No
2214,2430,2025-09-17,Desktop,Direct,43.74,9,No
2215,4862,2025-07-08,Desktop,Organic,36.96,6,No
2216,2929,2025-09-10,Tablet,Referral,41.24,9,No
2217,2001,2026-05-19,Desktop,Facebook,25.72,12,Yes
2218,4471,2024-04-15,Tablet,Organic,15.56,10,No
2219,3038,2023-04-07,Mobile,Organic,9.34,1,No
2220,4509,2024-11-10,Desktop,Google Ads,11.02,6,No
2221,4135,2023-12-07,Desktop,Organic,25.34,9,No
2222,1908,2024-11-17,Mobile,Organic,1.82,7,No
2223,4597,2025-03-08,Mobile,Email,42.68,9,No
2224,2214,2023-12-30,Desktop,Google Ads,24.63,11,No
2225,1386,2024-05-15,Mobile,Email,41.68,8,No
2226,3159,2024-07-21,Tablet,Facebook,42.94,5,No
2227,4136,2025-04-10,Tablet,Referral,19.59,3,Yes
2228,2699,2025-05-25,Mobile,Referral,37.81,8,No
2229,1510,2024-11-17,Mobile,Instagram,18.71,8,Yes
2230,1995,2023-05-24,Tablet,Instagram,8.66,11,No
2231,4266,2025-02-23,Mobile,Email,20.86,3,No
2232,3837,2023-06-25,Desktop,Email,40.55,8,No
2233,1120,2023-08-19,Mobile,Referral,15.35,11,No
2234,482,2026-08-01,Mobile,Organic,31.33,12,No
2235,523,2024-09-30,Desktop,Organic,5.27,5,No
2236,3621,2023-03-09,Tablet,Instagram,37.23,13,No
2237,225,2025-10-05,Mobile,Referral,26.47,1,No
2238,1871,2026-10-14,Desktop,Google Ads,10.26,2,No
2239,4367,2026-08-12,Desktop,Email,13.06,15,No
2240,976,2024-08-28,Desktop,Referral,19.97,13,No
2241,4042,2024-07-10,Desktop,Google Ads,2.23,8,No
2242,2906,2024-10-06,Tablet,Facebook,16.7,4,No
2243,199,2026-04-29,Mobile,Direct,42.34,13,No
2244,1852,2024-05-15,Mobile,Instagram,39.7,3,No
2245,3315,2024-01-12,Tablet,Direct,16.01,6,No
2246,2149,2025-10-22,Tablet,Email,38.72,1,Yes
2247,1098,2023-02-03,Mobile,Google Ads,14.91,2,No
2248,3167,2024-06-08,Mobile,Google Ads,14.3,4,No
2249,700,2024-09-04,Tablet,Direct,16.59,6,No
2250,2613,2024-06-13,Tablet,Organic,8.93,15,No
2251,3605,2023-03-20,Desktop,Organic,18.06,8,Yes
2252,618,2024-08-28,Tablet,Instagram,24.04,2,No
2253,1973,2024-06-12,Desktop,Google Ads,10.58,11,Yes
2254,4612,2026-09-27,Desktop,Referral,43.03,10,No
2255,675,2024-07-20,Desktop,Direct,33.65,2,No
2256,2062,2024-07-02,Desktop,Google Ads,11.05,14,Yes
2257,3341,2024-06-30,Mobile,Direct,1.41,2,No
2258,1861,2024-08-26,Desktop,Direct,13.3,5,No
2259,4308,2026-10-28,Desktop,Instagram,41.62,3,No
2260,877,2025-08-31,Tablet,Google Ads,24.02,10,No
2261,1059,2023-09-07,Desktop,Google Ads,1.68,4,No
2262,2927,2026-09-24,Desktop,Facebook,4.03,3,No
2263,1920,2026-09-04,Mobile,Google Ads,20.63,2,Yes
2264,4163,2026-03-11,Tablet,Email,29.94,15,No
2265,4262,2023-10-16,Mobile,Referral,32.66,12,No
2266,2477,2026-12-22,Tablet,Instagram,37.1,11,Yes
2267,434,2023-11-02,Mobile,Email,19.43,10,No
2268,4855,2025-11-04,Mobile,Direct,10.02,1,No
2269,446,2025-04-13,Mobile,Email,37.41,11,No
2270,1571,2024-01-16,Tablet,Direct,22.75,15,No
2271,2950,2026-10-29,Desktop,Google Ads,8.66,14,No
2272,2909,2023-10-09,Desktop,Direct,43.49,13,No
2273,300,2025-10-22,Tablet,Facebook,0.58,8,No
2274,1437,2024-10-26,Desktop,Google Ads,15.47,12,Yes
2275,4199,2023-03-14,Mobile,Direct,21.77,12,Yes
2276,2340,2023-09-16,Desktop,Direct,0.99,5,No
2277,1035,2025-02-25,Tablet,Instagram,6.33,2,Yes
2278,3677,2023-11-28,Desktop,Facebook,20.88,9,No
2279,4688,2026-12-08,Tablet,Referral,44.09,6,No
2280,245,2024-05-25,Tablet,Organic,34.01,11,No
2281,753,2025-07-08,Mobile,Referral,31.8,10,Yes
2282,1107,2023-07-22,Mobile,Referral,31.7,12,No
2283,1383,2026-09-02,Desktop,Organic,3.93,10,Yes
2284,4597,2025-06-15,Mobile,Instagram,14.97,9,No
2285,1891,2024-02-28,Desktop,Referral,33.14,4,No
2286,3723,2023-10-24,Desktop,Facebook,11.43,9,No
2287,1980,2023-11-01,Tablet,Instagram,25.59,13,Yes
2288,4068,2025-03-22,Desktop,Email,19.34,9,No
2289,3782,2025-06-15,Mobile,Google Ads,36.29,10,No
2290,2024,2025-08-16,Mobile,Google Ads,39.27,7,No
2291,3369,2023-05-02,Desktop,Organic,14.46,2,No
2292,4232,2023-09-10,Mobile,Referral,40.2,2,Yes
2293,1539,2026-07-19,Mobile,Facebook,21.82,7,No
2294,287,2025-04-28,Mobile,Direct,42.78,7,Yes
2295,1693,2023-03-14,Desktop,Instagram,9.69,3,No
2296,184,2026-08-21,Tablet,Email,26.44,1,No
2297,4435,2026-09-23,Mobile,Facebook,38.2,6,No
2298,1943,2026-10-29,Tablet,Email,43.99,12,Yes
2299,2928,2023-12-10,Tablet,Direct,2.01,11,Yes
2300,2289,2024-06-18,Desktop,Direct,0.62,2,No
2301,45,2025-03-07,Tablet,Email,40.6,8,No
2302,632,2024-08-15,Desktop,Referral,9.76,8,No
2303,2357,2024-03-02,Tablet,Organic,31.03,3,No
2304,3049,2023-02-08,Mobile,Referral,34.16,14,No
2305,339,2024-03-23,Tablet,Google Ads,33.68,10,Yes
2306,3420,2024-04-01,Mobile,Email,20.03,5,Yes
2307,1099,2025-08-06,Tablet,Google Ads,39.72,10,No
2308,774,2024-05-16,Desktop,Direct,25.79,6,No
2309,4264,2024-01-05,Tablet,Referral,18.66,10,No
2310,619,2023-01-09,Tablet,Organic,16.14,2,No
2311,2373,2023-08-22,Mobile,Instagram,30.46,15,No
2312,487,2025-11-05,Mobile,Instagram,32.16,8,No
2313,1078,2025-01-17,Desktop,Instagram,29.74,6,No
2314,2353,2026-02-10,Desktop,Email,12.7,5,Yes
2315,95,2024-03-28,Desktop,Organic,26.64,12,No
2316,2608,2023-02-27,Mobile,Direct,35.57,1,No
2317,2234,2026-02-07,Desktop,Facebook,9.74,8,No
2318,4990,2023-02-19,Mobile,Facebook,20.32,13,No
2319,1439,2023-08-21,Mobile,Facebook,5.23,9,No
2320,174,2023-03-14,Desktop,Direct,4.12,12,No
2321,3135,2025-08-28,Desktop,Direct,41.37,5,No
2322,2782,2023-04-23,Mobile,Instagram,41.15,3,No
2323,1304,2025-03-08,Tablet,Referral,39.43,15,No
2324,3027,2023-03-23,Desktop,Facebook,8.03,14,Yes
2325,2285,2025-11-14,Mobile,Email,4.26,7,No
2326,3390,2023-12-09,Desktop,Referral,26.7,4,No
2327,3333,2023-03-30,Mobile,Email,29.03,2,No
2328,4196,2023-07-23,Tablet,Instagram,39.02,1,No
2329,811,2023-04-07,Tablet,Organic,34.85,15,No
2330,3048,2023-08-24,Tablet,Direct,8.91,10,No
2331,3406,2025-07-22,Mobile,Facebook,8.73,4,Yes
2332,299,2024-06-12,Mobile,Facebook,17.82,5,No
2333,4551,2026-11-22,Tablet,Google Ads,36.2,1,No
2334,1493,2024-03-26,Desktop,Facebook,15.64,11,No
2335,930,2026-08-02,Mobile,Email,12.46,13,Yes
2336,1598,2023-07-25,Tablet,Google Ads,16.34,14,No
2337,3429,2024-08-23,Tablet,Direct,12.18,9,No
2338,2640,2026-10-30,Mobile,Referral,30.9,6,No
2339,2181,2024-04-11,Desktop,Google Ads,26.35,9,No
2340,4248,2023-12-29,Mobile,Facebook,38.71,8,Yes
2341,4365,2025-11-30,Mobile,Referral,3.77,5,Yes
2342,1469,2026-02-09,Mobile,Instagram,23.38,8,No
2343,2046,2025-05-19,Mobile,Instagram,2.89,1,No
2344,2681,2025-03-31,Tablet,Organic,9.56,7,No
2345,3227,2025-11-18,Tablet,Organic,26.18,9,Yes
2346,2058,2026-01-14,Mobile,Instagram,6.9,14,No
2347,4229,2026-12-21,Tablet,Google Ads,36.08,6,No
2348,4741,2025-10-03,Desktop,Organic,20.28,8,No
2349,2367,2026-02-21,Mobile,Instagram,22.98,5,Yes
2350,1260,2024-01-24,Tablet,Email,26.67,15,No
2351,666,2023-01-08,Mobile,Referral,5.69,11,Yes
2352,4435,2025-05-05,Tablet,Email,26.95,10,No
2353,1409,2026-10-23,Mobile,Email,41.84,5,No
2354,291,2023-07-19,Desktop,Direct,7.09,8,No
2355,4710,2023-10-04,Desktop,Instagram,26.66,13,Yes
2356,4887,2025-08-04,Tablet,Google Ads,36.91,1,Yes
2357,1432,2025-12-22,Desktop,Facebook,17.74,15,No
2358,1494,2024-08-27,Tablet,Google Ads,7.89,6,Yes
2359,4724,2023-05-22,Mobile,Referral,36.28,14,No
2360,4427,2023-11-16,Desktop,Referral,28.56,2,No
2361,940,2026-03-25,Desktop,Google Ads,16.63,6,No
2362,4584,2025-03-21,Tablet,Organic,33.62,5,Yes
2363,1830,2025-08-29,Desktop,Organic,2.37,7,No
2364,2569,2024-07-14,Tablet,Referral,18.55,3,No
2365,4659,2025-02-26,Desktop,Email,25.69,10,No
2366,184,2026-04-30,Mobile,Google Ads,17.85,14,No
2367,1438,2024-04-11,Desktop,Direct,42.68,15,No
2368,4968,2026-05-12,Tablet,Instagram,19.16,14,No
2369,915,2024-10-05,Tablet,Email,10.98,3,No
2370,3004,2024-06-17,Mobile,Referral,30.44,7,No
2371,2977,2024-07-24,Mobile,Direct,16.73,3,No
2372,4388,2024-01-01,Tablet,Organic,27.35,7,No
2373,4096,2023-11-16,Desktop,Google Ads,41.46,13,No
2374,2085,2024-04-27,Tablet,Email,9.46,2,No
2375,890,2024-03-05,Desktop,Instagram,42.69,5,No
2376,1272,2024-09-27,Tablet,Direct,0.58,2,No
2377,2166,2024-01-02,Mobile,Referral,17.29,4,No
2378,3717,2025-02-26,Mobile,Organic,4.14,2,Yes
2379,909,2023-07-06,Mobile,Email,6.71,14,No
2380,642,2026-02-19,Mobile,Google Ads,17.52,5,No
2381,1630,2025-03-12,Tablet,Instagram,2.29,6,No
2382,197,2026-07-31,Tablet,Organic,29.95,7,No
2383,1956,2024-04-26,Mobile,Referral,2.8,13,No
2384,4202,2023-12-30,Mobile,Direct,40.27,3,No
2385,3589,2024-12-18,Tablet,Organic,28.01,11,No
2386,2165,2023-12-23,Tablet,Facebook,37.45,15,No
2387,3008,2023-03-27,Mobile,Referral,42.64,4,Yes
2388,3922,2023-10-02,Mobile,Email,9.45,15,No
2389,3882,2025-05-19,Mobile,Email,42.32,14,No
2390,968,2024-02-12,Tablet,Direct,29.54,7,No
2391,2374,2023-09-24,Desktop,Facebook,43.02,8,No
2392,1670,2024-07-09,Mobile,Facebook,10.63,6,No
2393,1649,2025-05-16,Mobile,Google Ads,33.85,1,No
2394,973,2024-04-24,Mobile,Direct,3.28,10,No
2395,3039,2025-03-07,Tablet,Google Ads,28.01,4,No
2396,4705,2024-05-25,Mobile,Google Ads,35.08,4,No
2397,2898,2025-02-03,Tablet,Instagram,21.89,4,No
2398,972,2025-07-01,Desktop,Referral,36.84,15,No
2399,2384,2026-07-07,Desktop,Instagram,36.11,15,No
2400,528,2024-12-25,Desktop,Google Ads,33.17,13,No
2401,1485,2025-03-20,Tablet,Referral,21.93,1,Yes
2402,4750,2026-01-19,Tablet,Organic,14.32,15,No
2403,503,2025-08-25,Tablet,Instagram,41.05,14,No
2404,2463,2025-10-11,Tablet,Organic,6.97,1,No
2405,4368,2025-07-15,Tablet,Email,17.38,9,No
2406,2123,2025-07-13,Mobile,Email,13.2,13,No
2407,3009,2025-11-23,Tablet,Email,24.11,13,Yes
2408,3808,2024-09-24,Desktop,Direct,43.59,3,No
2409,3211,2024-09-16,Tablet,Google Ads,3.51,6,No
2410,874,2026-07-13,Mobile,Referral,24.76,2,No
2411,3237,2023-09-26,Desktop,Organic,17.7,6,No
2412,4736,2024-12-15,Desktop,Instagram,27.17,12,Yes
2413,4758,2026-08-04,Tablet,Instagram,36.6,13,No
2414,2819,2023-08-18,Tablet,Direct,11.63,12,No
2415,2987,2024-01-17,Mobile,Email,39.97,11,No
2416,4477,2026-08-15,Desktop,Instagram,23.54,14,No
2417,3213,2025-07-24,Mobile,Referral,18.05,11,No
2418,4016,2023-08-12,Tablet,Google Ads,21.63,7,No
2419,2838,2025-10-19,Mobile,Email,37.16,12,No
2420,1646,2023-08-13,Tablet,Organic,33.13,3,Yes
2421,4294,2026-01-02,Mobile,Referral,18.59,1,No
2422,3981,2026-04-07,Mobile,Facebook,1.66,1,No
2423,2548,2025-05-31,Tablet,Google Ads,41.26,1,No
2424,1262,2026-07-22,Mobile,Direct,18.69,6,Yes
2425,2810,2025-05-25,Desktop,Organic,34.39,12,No
2426,4598,2024-11-20,Desktop,Facebook,30.77,7,Yes
2427,2537,2025-12-16,Mobile,Direct,4.28,2,No
2428,4720,2023-03-24,Desktop,Instagram,13.74,7,No
2429,756,2024-03-23,Desktop,Instagram,35.82,14,No
2430,3426,2026-12-09,Mobile,Referral,28.04,13,No
2431,4445,2024-04-15,Desktop,Email,9.77,11,No
2432,885,2026-08-15,Desktop,Referral,30.92,1,No
2433,3284,2025-11-30,Tablet,Google Ads,29.44,4,No
2434,1828,2025-01-22,Desktop,Email,42.33,4,No
2435,4252,2025-05-25,Desktop,Email,42.93,8,Yes
2436,333,2023-07-05,Mobile,Direct,22.83,14,Yes
2437,2670,2024-08-21,Desktop,Google Ads,19.51,12,No
2438,642,2026-03-04,Desktop,Organic,40.06,8,No
2439,506,2023-08-25,Tablet,Instagram,32.19,3,No
2440,410,2024-10-13,Desktop,Facebook,30.08,12,No
2441,383,2024-12-29,Tablet,Instagram,25.6,5,No
2442,4746,2026-06-27,Tablet,Facebook,13.59,12,No
2443,4357,2024-10-06,Tablet,Organic,7.57,4,No
2444,4030,2024-06-13,Tablet,Instagram,11.19,15,No
2445,4412,2025-12-01,Tablet,Referral,25.7,15,No
2446,2106,2026-10-10,Mobile,Direct,36.27,7,No
2447,3672,2025-09-10,Desktop,Facebook,44.82,8,No
2448,1083,2025-09-28,Tablet,Facebook,2.77,12,No
2449,2170,2023-01-30,Tablet,Facebook,10.61,13,No
2450,2605,2025-02-09,Tablet,Email,15.72,4,No
2451,2996,2023-03-08,Mobile,Google Ads,28.31,15,No
2452,3330,2025-01-08,Mobile,Email,9.4,11,No
2453,1319,2026-09-20,Mobile,Instagram,40.85,11,No
2454,2914,2026-03-29,Desktop,Instagram,28.25,7,No
2455,1986,2023-11-25,Desktop,Google Ads,27.33,2,No
2456,4737,2024-11-02,Mobile,Organic,28.9,13,No
2457,1934,2025-02-02,Tablet,Google Ads,43.39,3,No
2458,3808,2025-12-01,Mobile,Facebook,1.56,6,No
2459,1319,2025-04-11,Tablet,Google Ads,25.9,11,No
2460,1025,2024-04-27,Desktop,Google Ads,24.52,11,Yes
2461,477,2024-02-16,Tablet,Email,8.29,7,No
2462,2327,2024-06-30,Mobile,Direct,12.46,2,Yes
2463,4425,2024-12-30,Tablet,Facebook,8.67,1,No
2464,4035,2024-11-20,Desktop,Organic,3.63,13,No
2465,3979,2024-11-13,Mobile,Email,2.32,2,Yes
2466,1496,2026-01-16,Desktop,Direct,25.89,10,No
2467,337,2026-03-26,Desktop,Email,32.86,12,No
2468,807,2025-03-31,Desktop,Instagram,26.48,4,No
2469,4521,2024-11-02,Mobile,Organic,15.82,10,No
2470,3806,2023-07-15,Tablet,Facebook,18.43,15,No
2471,3453,2025-08-01,Desktop,Referral,10.81,3,No
2472,4751,2023-04-18,Desktop,Organic,13.53,6,Yes
2473,4209,2023-12-29,Tablet,Facebook,18.95,2,No
2474,4207,2025-04-15,Desktop,Instagram,32.94,4,Yes
2475,582,2023-06-04,Tablet,Organic,2.82,4,Yes
2476,2053,2023-07-03,Desktop,Organic,8.88,7,No
2477,4521,2026-09-23,Tablet,Google Ads,40.13,12,No
2478,1685,2024-03-10,Desktop,Facebook,14.84,11,No
2479,2386,2025-12-15,Desktop,Google Ads,36.44,5,No
2480,3250,2026-02-15,Tablet,Email,6.98,11,No
2481,1792,2023-03-03,Desktop,Instagram,43.67,4,No
2482,6,2024-01-29,Mobile,Direct,32.5,12,No
2483,4989,2025-10-10,Desktop,Facebook,19.37,1,No
2484,1246,2024-05-17,Mobile,Instagram,14.34,7,Yes
2485,3037,2023-03-15,Mobile,Direct,38.78,15,Yes
2486,314,2026-03-01,Desktop,Instagram,21.9,2,Yes
2487,1539,2025-07-19,Tablet,Google Ads,1.88,7,No
2488,4494,2026-10-02,Desktop,Email,15.12,1,Yes
2489,541,2025-10-30,Mobile,Referral,21.27,6,No
2490,1973,2026-01-25,Mobile,Direct,32.9,10,Yes
2491,2088,2025-01-14,Mobile,Direct,10.03,1,No
2492,4661,2025-04-28,Tablet,Instagram,10.86,4,Yes
2493,3461,2023-12-15,Desktop,Facebook,28.64,7,Yes
2494,2076,2024-07-05,Desktop,Facebook,41.19,7,No
2495,3026,2023-01-30,Mobile,Instagram,27.88,9,Yes
2496,4538,2024-12-05,Mobile,Direct,19.37,14,No
2497,2177,2025-11-05,Desktop,Referral,7.16,11,No
2498,2843,2023-10-20,Mobile,Direct,1.16,4,No
2499,4157,2024-10-10,Desktop,Organic,12.04,5,No
2500,2220,2025-08-12,Desktop,Facebook,26.83,6,No
2501,793,2025-10-05,Desktop,Email,36.06,8,Yes
2502,2111,2024-05-02,Mobile,Facebook,24.83,12,No
2503,3967,2025-02-02,Mobile,Google Ads,25.49,5,No
2504,4576,2024-06-03,Mobile,Facebook,23.86,7,No
2505,3801,2026-02-16,Tablet,Organic,11.4,7,No
2506,2206,2023-10-27,Mobile,Email,22.26,7,No
2507,4396,2024-05-01,Desktop,Google Ads,24.38,7,Yes
2508,2050,2023-08-31,Tablet,Instagram,20.84,10,No
2509,4792,2023-03-16,Desktop,Instagram,22.5,13,No
2510,1384,2025-11-13,Mobile,Facebook,25.95,14,No
2511,1845,2025-04-08,Mobile,Organic,33.87,9,No
2512,3456,2024-03-12,Tablet,Referral,33.01,1,No
2513,3905,2025-11-08,Mobile,Organic,17.97,4,No
2514,3809,2025-02-09,Tablet,Instagram,12.57,9,No
2515,3162,2024-03-04,Mobile,Referral,22.01,7,No
2516,1688,2024-10-18,Mobile,Referral,11.47,1,No
2517,3994,2024-07-16,Tablet,Google Ads,28.37,8,No
2518,4818,2023-03-05,Tablet,Organic,26.2,5,No
2519,4782,2024-09-24,Mobile,Facebook,5.25,14,No
2520,1492,2024-09-26,Tablet,Instagram,30.59,4,No
2521,1363,2025-05-09,Mobile,Instagram,40.31,4,No
2522,3982,2024-12-06,Desktop,Referral,15.06,10,No
2523,4384,2025-12-19,Mobile,Referral,3.18,3,No
2524,3476,2023-03-26,Tablet,Direct,12.86,14,No
2525,1399,2023-06-25,Mobile,Google Ads,20.01,12,No
2526,284,2025-01-24,Mobile,Direct,44.67,13,No
2527,4277,2026-06-22,Tablet,Facebook,27.0,7,No
2528,483,2024-04-15,Mobile,Email,1.72,15,Yes
2529,4568,2023-05-06,Tablet,Referral,40.56,5,Yes
2530,916,2025-05-03,Tablet,Referral,34.62,3,No
2531,4041,2025-11-04,Desktop,Email,41.42,1,No
2532,2001,2025-06-10,Desktop,Instagram,29.02,4,No
2533,521,2025-04-09,Mobile,Email,21.63,5,No
2534,3061,2023-10-20,Desktop,Instagram,40.9,4,No
2535,68,2025-07-26,Tablet,Direct,5.95,10,No
2536,4364,2024-11-03,Desktop,Instagram,1.73,7,No
2537,4952,2023-04-11,Tablet,Facebook,36.38,10,No
2538,731,2026-05-23,Desktop,Email,14.09,5,No
2539,4515,2024-03-22,Tablet,Direct,38.9,6,No
2540,4604,2024-12-15,Tablet,Instagram,12.29,12,No
2541,2094,2026-08-11,Mobile,Referral,10.77,1,No
2542,4058,2023-06-16,Tablet,Direct,38.74,14,No
2543,1844,2024-07-25,Tablet,Email,15.73,9,No
2544,122,2026-01-14,Desktop,Email,18.4,2,No
2545,2220,2023-08-04,Mobile,Email,11.24,2,No
2546,3485,2024-03-08,Mobile,Google Ads,10.04,7,No
2547,94,2026-11-22,Tablet,Referral,23.78,9,No
2548,2501,2024-12-04,Mobile,Organic,24.7,4,No
2549,2016,2025-02-19,Mobile,Facebook,43.73,6,Yes
2550,907,2025-09-11,Desktop,Email,7.39,4,Yes
2551,4294,2026-03-05,Desktop,Referral,25.85,2,No
2552,2632,2023-05-19,Tablet,Facebook,37.77,12,No
2553,4118,2026-06-13,Desktop,Organic,41.81,14,No
2554,288,2023-08-30,Mobile,Facebook,37.27,4,No
2555,2305,2025-04-15,Desktop,Email,29.05,1,No
2556,787,2024-03-29,Desktop,Google Ads,14.59,14,No
2557,4347,2025-02-04,Tablet,Google Ads,35.42,11,Yes
2558,3626,2026-02-05,Desktop,Google Ads,21.54,2,No
2559,3331,2025-12-02,Desktop,Instagram,7.75,10,No
2560,3155,2024-06-30,Mobile,Instagram,32.06,13,No
2561,2716,2024-02-14,Tablet,Instagram,43.61,7,No
2562,111,2024-12-27,Mobile,Google Ads,5.45,12,No
2563,2487,2024-11-16,Mobile,Facebook,38.07,6,No
2564,2438,2024-01-17,Desktop,Instagram,42.42,15,No
2565,1844,2024-10-08,Desktop,Direct,0.76,6,No
2566,1215,2026-01-22,Mobile,Referral,12.54,11,No
2567,4687,2026-01-09,Tablet,Email,17.81,1,No
2568,2620,2026-09-01,Desktop,Google Ads,16.24,1,No
2569,3057,2025-08-05,Tablet,Referral,3.8,6,No
2570,13,2024-12-29,Mobile,Instagram,40.93,7,No
2571,4206,2024-04-26,Mobile,Instagram,37.53,12,Yes
2572,3576,2025-02-07,Desktop,Facebook,5.14,13,No
2573,3421,2026-10-29,Mobile,Instagram,16.97,14,No
2574,4651,2025-07-30,Tablet,Email,38.86,7,Yes
2575,4294,2026-07-27,Tablet,Email,31.31,9,No
2576,1430,2024-07-13,Tablet,Organic,1.6,6,No
2577,2595,2025-12-15,Desktop,Email,14.0,5,No
2578,2590,2024-09-17,Tablet,Instagram,26.16,9,Yes
2579,3404,2024-12-06,Tablet,Instagram,19.87,5,No
2580,2070,2025-01-04,Tablet,Direct,10.92,6,No
2581,3212,2025-05-16,Tablet,Referral,31.86,6,No
2582,3730,2024-04-11,Tablet,Facebook,0.59,9,Yes
2583,4350,2023-04-24,Tablet,Google Ads,2.08,14,Yes
2584,469,2023-06-02,Tablet,Facebook,22.06,15,No
2585,4545,2026-06-13,Mobile,Direct,29.77,9,No
2586,2022,2026-05-26,Tablet,Google Ads,44.94,4,No
2587,3435,2025-03-25,Desktop,Email,11.61,10,Yes
2588,3161,2026-07-10,Tablet,Facebook,24.16,11,Yes
2589,582,2025-01-13,Tablet,Organic,33.29,3,No
2590,2156,2024-11-20,Desktop,Organic,11.85,1,No
2591,1472,2025-06-09,Mobile,Organic,42.86,13,No
2592,4107,2026-01-08,Desktop,Referral,36.48,13,Yes
2593,4577,2025-06-29,Tablet,Facebook,14.32,15,Yes
2594,3927,2024-04-02,Desktop,Facebook,36.34,2,No
2595,3123,2024-06-29,Desktop,Referral,6.28,11,No
2596,4994,2023-06-04,Desktop,Instagram,10.73,13,No
2597,305,2025-09-19,Tablet,Referral,40.9,9,No
2598,3406,2025-10-19,Mobile,Facebook,9.58,6,No
2599,1300,2026-04-01,Tablet,Instagram,12.08,11,No
2600,2300,2025-10-05,Tablet,Direct,38.29,3,No
2601,2030,2026-04-05,Desktop,Google Ads,31.75,1,No
2602,616,2025-01-29,Mobile,Direct,4.88,15,No
2603,4731,2024-02-28,Desktop,Direct,22.74,11,No
2604,2001,2024-12-12,Desktop,Email,11.65,10,No
2605,2384,2026-04-03,Tablet,Google Ads,9.14,7,No
2606,1010,2023-07-04,Desktop,Organic,44.17,7,No
2607,1675,2023-01-18,Desktop,Facebook,12.68,3,No
2608,4183,2025-09-02,Tablet,Organic,18.4,8,No
2609,1362,2025-11-15,Mobile,Organic,36.98,12,No
2610,649,2025-06-02,Mobile,Direct,40.94,12,No
2611,2492,2026-03-15,Tablet,Direct,11.51,7,No
2612,1077,2023-07-23,Tablet,Instagram,22.29,9,No
2613,1832,2023-05-30,Mobile,Facebook,11.5,9,No
2614,4663,2024-02-27,Tablet,Instagram,43.52,12,No
2615,3321,2025-11-23,Desktop,Facebook,15.95,1,No
2616,4487,2024-09-28,Desktop,Direct,14.84,14,Yes
2617,3370,2026-08-18,Mobile,Referral,8.77,7,No
2618,1934,2023-05-29,Tablet,Facebook,40.77,10,No
2619,1145,2023-12-09,Mobile,Referral,38.51,10,Yes
2620,2957,2023-02-11,Tablet,Organic,19.94,14,No
2621,445,2024-11-11,Desktop,Referral,32.75,11,No
2622,1939,2024-08-03,Desktop,Email,39.05,3,No
2623,3320,2025-03-06,Tablet,Direct,36.02,2,No
2624,4155,2025-06-18,Desktop,Instagram,14.54,4,No
2625,1890,2023-12-29,Mobile,Referral,18.01,9,No
2626,1963,2025-06-13,Mobile,Referral,37.61,1,No
2627,927,2026-09-26,Tablet,Google Ads,14.41,8,No
2628,1383,2023-03-17,Mobile,Instagram,35.9,2,No
2629,3750,2025-06-05,Tablet,Instagram,34.37,5,No
2630,4148,2026-02-09,Tablet,Email,5.83,13,No
2631,1412,2026-04-28,Tablet,Google Ads,18.79,11,No
2632,3048,2023-04-17,Desktop,Facebook,24.93,4,No
2633,3814,2025-08-12,Mobile,Instagram,18.7,9,No
2634,3363,2024-03-21,Mobile,Facebook,30.81,4,No
2635,3711,2026-04-09,Desktop,Google Ads,15.66,6,No
2636,3445,2025-10-05,Tablet,Facebook,21.78,8,No
2637,3174,2024-04-19,Desktop,Direct,32.28,4,No
2638,281,2025-07-26,Desktop,Organic,2.5,14,No
2639,656,2025-02-22,Mobile,Direct,25.56,13,No
2640,1765,2025-05-26,Tablet,Instagram,10.78,14,No
2641,2216,2024-06-13,Tablet,Email,22.3,14,No
2642,3701,2024-07-01,Desktop,Email,31.58,3,No
2643,3177,2025-08-09,Desktop,Referral,17.91,13,Yes
2644,4342,2024-11-06,Mobile,Organic,2.25,13,No
2645,2986,2026-08-03,Desktop,Email,1.6,8,No
2646,4949,2025-09-03,Mobile,Email,32.81,11,No
2647,4728,2024-06-30,Mobile,Email,9.98,1,Yes
2648,1694,2023-11-12,Mobile,Referral,12.73,4,No
2649,426,2025-08-13,Mobile,Google Ads,26.65,10,No
2650,1329,2023-03-22,Tablet,Google Ads,5.78,3,No
2651,3875,2025-01-23,Tablet,Instagram,37.77,13,No
2652,4604,2023-01-17,Mobile,Organic,19.43,3,No
2653,4694,2023-05-26,Desktop,Organic,21.6,10,Yes
2654,4552,2023-06-25,Mobile,Facebook,24.3,13,No
2655,263,2024-10-19,Mobile,Referral,5.76,15,No
2656,3710,2024-09-16,Tablet,Organic,40.94,14,No
2657,3634,2023-02-24,Mobile,Direct,40.23,9,No
2658,1020,2024-02-26,Mobile,Referral,13.41,11,No
2659,830,2026-04-12,Tablet,Email,6.5,5,No
2660,2677,2023-06-13,Tablet,Instagram,37.89,8,Yes
2661,4905,2025-01-05,Tablet,Email,42.3,7,No
2662,2335,2026-06-24,Tablet,Referral,7.86,8,No
2663,4600,2023-11-21,Desktop,Google Ads,27.46,4,Yes
2664,1754,2025-04-22,Desktop,Instagram,20.97,2,No
2665,376,2024-07-10,Mobile,Email,19.66,7,No
2666,4991,2026-09-08,Mobile,Google Ads,43.72,8,No
2667,828,2023-04-07,Desktop,Google Ads,19.24,3,No
2668,1589,2026-01-02,Tablet,Email,34.6,6,No
2669,1413,2023-05-26,Mobile,Google Ads,8.74,12,No
2670,3709,2025-03-10,Tablet,Referral,38.53,4,Yes
2671,4194,2025-01-03,Desktop,Organic,17.23,12,No
2672,1980,2024-08-13,Desktop,Referral,15.4,5,No
2673,2536,2023-07-16,Desktop,Organic,18.43,13,Yes
2674,4188,2025-06-23,Tablet,Organic,16.08,11,No
2675,4437,2026-07-29,Mobile,Organic,9.93,14,No
2676,3300,2025-07-03,Desktop,Referral,40.01,5,No
2677,2214,2025-01-19,Mobile,Direct,38.16,15,No
2678,196,2026-12-05,Desktop,Referral,36.56,4,No
2679,3201,2025-09-09,Tablet,Google Ads,38.26,5,No
2680,3463,2023-05-04,Desktop,Instagram,43.06,7,No
2681,2278,2025-11-13,Tablet,Facebook,23.79,3,Yes
2682,4184,2024-06-16,Tablet,Instagram,20.49,4,No
2683,1465,2026-05-01,Desktop,Facebook,31.53,10,No
2684,3041,2026-10-16,Desktop,Facebook,44.87,1,No
2685,10,2023-05-29,Tablet,Organic,38.44,9,Yes
2686,1780,2023-04-26,Desktop,Google Ads,25.84,6,No
2687,4147,2024-09-21,Tablet,Facebook,37.74,9,No
2688,1830,2026-09-18,Tablet,Email,16.23,12,No
2689,3836,2026-02-10,Mobile,Direct,10.99,5,No
2690,426,2026-10-21,Desktop,Referral,5.98,14,Yes
2691,2507,2024-04-04,Tablet,Google Ads,25.14,11,Yes
2692,3307,2026-03-23,Desktop,Referral,43.89,5,No
2693,4168,2025-06-07,Tablet,Direct,35.39,3,No
2694,2106,2026-12-30,Mobile,Direct,9.9,7,No
2695,2739,2026-09-28,Desktop,Referral,38.13,5,Yes
2696,4895,2025-10-16,Mobile,Direct,1.83,10,No
2697,3021,2023-10-24,Tablet,Facebook,4.04,5,No
2698,1238,2023-10-25,Mobile,Direct,10.87,5,No
2699,1533,2025-07-15,Tablet,Email,38.94,15,Yes
2700,419,2024-06-18,Tablet,Facebook,38.61,5,No
2701,1399,2025-06-26,Desktop,Facebook,31.33,11,No
2702,2294,2024-08-02,Tablet,Email,16.01,10,No
2703,1100,2024-02-25,Desktop,Google Ads,36.19,7,Yes
2704,3654,2024-01-11,Mobile,Direct,26.36,14,No
2705,4498,2025-05-05,Desktop,Facebook,26.59,12,No
2706,4484,2025-08-20,Desktop,Google Ads,0.58,9,No
2707,4874,2025-05-13,Tablet,Referral,41.09,1,No
2708,2149,2023-04-12,Tablet,Referral,32.6,13,No
2709,3938,2024-10-07,Mobile,Email,20.71,7,No
2710,2179,2026-08-26,Desktop,Email,29.56,11,Yes
2711,3128,2026-06-13,Mobile,Referral,17.73,13,No
2712,2336,2023-09-30,Desktop,Direct,11.5,4,No
2713,2005,2024-12-09,Tablet,Facebook,19.21,1,No
2714,100,2024-08-30,Mobile,Direct,39.15,9,No
2715,294,2024-08-25,Tablet,Direct,8.31,8,Yes
2716,1668,2026-03-12,Mobile,Referral,44.74,13,No
2717,1572,2024-10-28,Tablet,Instagram,37.37,9,No
2718,2196,2024-03-10,Tablet,Referral,3.95,7,Yes
2719,2009,2025-04-09,Tablet,Instagram,27.5,15,No
2720,2742,2024-08-31,Mobile,Organic,36.91,3,No
2721,828,2023-08-01,Tablet,Referral,24.2,14,Yes
2722,903,2023-03-13,Mobile,Direct,2.64,6,No
2723,1758,2025-01-11,Desktop,Referral,36.79,3,No
2724,2137,2023-06-28,Tablet,Facebook,6.4,5,No
2725,3407,2026-05-28,Tablet,Facebook,10.56,3,Yes
2726,109,2026-11-08,Desktop,Facebook,12.55,3,No
2727,3354,2026-10-04,Desktop,Direct,25.29,13,No
2728,165,2024-03-17,Desktop,Facebook,26.61,12,No
2729,541,2025-04-28,Desktop,Organic,42.32,12,No
2730,3918,2026-10-20,Desktop,Direct,31.0,13,No
2731,1100,2025-03-03,Tablet,Organic,41.05,8,No
2732,4923,2025-01-14,Tablet,Direct,24.51,11,No
2733,4362,2024-10-28,Desktop,Referral,13.2,4,No
2734,399,2023-06-05,Tablet,Referral,42.38,7,No
2735,2285,2025-12-10,Mobile,Direct,41.43,1,No
2736,2670,2023-04-07,Desktop,Google Ads,36.93,3,No
2737,624,2025-01-07,Mobile,Direct,35.13,3,Yes
2738,2574,2025-03-14,Desktop,Email,13.2,7,No
2739,2912,2024-11-18,Tablet,Google Ads,10.04,7,No
2740,4969,2026-12-11,Mobile,Google Ads,15.35,14,No
2741,4553,2026-11-09,Mobile,Facebook,41.47,1,Yes
2742,2867,2023-03-12,Desktop,Facebook,13.99,4,No
2743,4965,2026-11-05,Desktop,Organic,32.48,1,No
2744,3369,2023-08-04,Desktop,Instagram,25.92,13,No
2745,4380,2023-08-30,Desktop,Referral,41.46,3,No
2746,2179,2024-02-06,Desktop,Direct,8.88,10,No
2747,3398,2025-11-02,Desktop,Organic,11.21,2,No
2748,2266,2026-12-06,Mobile,Referral,43.87,14,No
2749,319,2026-09-27,Desktop,Direct,19.26,13,No
2750,3591,2026-03-31,Mobile,Email,12.56,8,No
2751,2067,2023-05-08,Mobile,Organic,4.92,2,No
2752,721,2026-02-12,Mobile,Instagram,22.71,2,No
2753,2608,2023-12-10,Tablet,Instagram,10.73,13,No
2754,63,2023-07-18,Tablet,Instagram,32.81,5,No
2755,2781,2026-05-04,Mobile,Facebook,1.76,15,Yes
2756,1545,2026-03-30,Tablet,Direct,25.27,12,No
2757,544,2026-02-04,Mobile,Referral,3.06,12,No
2758,3986,2024-08-10,Mobile,Organic,0.9,15,Yes
2759,1094,2025-10-05,Tablet,Google Ads,23.74,3,Yes
2760,4611,2026-01-28,Tablet,Google Ads,28.16,7,No
2761,4842,2025-08-24,Tablet,Direct,25.99,13,No
2762,801,2024-04-30,Mobile,Facebook,34.01,1,No
2763,3871,2025-12-22,Mobile,Direct,26.16,6,No
2764,1252,2024-03-15,Mobile,Organic,43.98,3,No
2765,3010,2026-08-02,Mobile,Direct,1.91,4,No
2766,3431,2023-11-02,Mobile,Facebook,39.93,4,No
2767,2366,2025-07-17,Mobile,Email,29.49,14,Yes
2768,2358,2023-11-12,Mobile,Instagram,24.77,10,No
2769,1915,2026-04-10,Desktop,Referral,9.71,13,No
2770,4770,2023-08-01,Desktop,Instagram,13.92,12,Yes
2771,4425,2024-02-28,Tablet,Email,13.22,7,No
2772,1484,2024-10-18,Desktop,Instagram,24.95,11,No
2773,3719,2023-04-28,Desktop,Facebook,23.51,4,No
2774,3895,2025-03-08,Mobile,Facebook,21.58,12,No
2775,3034,2023-12-19,Mobile,Facebook,16.61,11,Yes
2776,1159,2023-04-20,Tablet,Instagram,24.56,6,No
2777,3783,2023-11-22,Mobile,Referral,15.12,3,No
2778,1794,2025-06-25,Mobile,Instagram,39.61,8,No
2779,285,2025-02-25,Tablet,Direct,21.05,3,No
2780,4455,2023-04-22,Mobile,Google Ads,36.94,15,No
2781,3565,2024-08-01,Mobile,Organic,8.7,3,No
2782,3806,2026-04-30,Mobile,Organic,0.8,9,Yes
2783,3119,2026-01-23,Mobile,Referral,8.03,14,No
2784,1112,2025-07-04,Mobile,Facebook,37.22,7,No
2785,458,2025-02-12,Mobile,Referral,41.75,15,No
2786,435,2025-04-05,Mobile,Google Ads,3.51,4,No
2787,875,2024-02-22,Desktop,Referral,11.74,13,No
2788,4173,2026-12-04,Mobile,Google Ads,41.29,4,Yes
2789,3917,2023-06-27,Tablet,Organic,25.47,12,No
2790,662,2025-04-21,Desktop,Instagram,27.05,12,No
2791,4131,2025-08-07,Mobile,Google Ads,35.2,10,Yes
2792,1088,2025-07-16,Mobile,Direct,2.62,4,No
2793,934,2023-07-13,Tablet,Direct,13.56,9,No
2794,240,2026-04-26,Mobile,Email,11.04,7,No
2795,4017,2026-12-30,Mobile,Google Ads,13.37,5,No
2796,4089,2025-05-05,Mobile,Email,3.34,10,Yes
2797,1418,2024-01-14,Tablet,Email,5.73,15,No
2798,110,2025-02-16,Mobile,Email,17.5,2,No
2799,1303,2025-03-24,Desktop,Email,15.36,13,Yes
2800,2954,2023-05-05,Desktop,Email,11.58,4,Yes
2801,2568,2024-11-28,Desktop,Organic,19.99,11,No
2802,4037,2026-08-31,Mobile,Direct,7.54,13,No
2803,4013,2024-10-01,Mobile,Organic,8.27,4,No
2804,2625,2024-11-17,Mobile,Organic,44.52,8,Yes
2805,222,2023-10-13,Tablet,Instagram,39.81,1,No
2806,2019,2024-01-04,Desktop,Google Ads,6.88,2,No
2807,4327,2026-01-15,Mobile,Direct,19.25,14,No
2808,3832,2025-06-03,Tablet,Instagram,29.26,2,No
2809,3192,2026-09-29,Tablet,Facebook,3.82,15,No
2810,89,2025-09-08,Mobile,Google Ads,40.52,7,No
2811,910,2025-04-09,Tablet,Instagram,42.36,10,No
2812,1994,2026-01-29,Desktop,Facebook,1.21,1,No
2813,4883,2024-05-30,Desktop,Direct,1.51,10,No
2814,377,2024-02-09,Mobile,Referral,6.49,6,No
2815,4629,2024-09-12,Tablet,Referral,11.05,7,Yes
2816,1898,2024-12-31,Mobile,Organic,41.9,10,No
2817,2006,2024-09-16,Mobile,Direct,22.17,6,No
2818,2200,2025-05-28,Mobile,Direct,11.93,5,No
2819,3953,2026-06-04,Desktop,Instagram,12.43,15,No
2820,4140,2024-02-14,Mobile,Email,44.0,6,No
2821,3050,2025-09-20,Tablet,Referral,15.58,13,No
2822,3624,2023-08-23,Mobile,Referral,28.28,10,No
2823,1639,2026-06-24,Desktop,Direct,39.1,14,No
2824,2759,2025-12-26,Desktop,Email,15.78,13,No
2825,4601,2026-03-23,Tablet,Organic,34.68,1,No
2826,2592,2024-02-16,Mobile,Instagram,26.87,10,No
2827,385,2026-01-10,Mobile,Email,23.51,1,No
2828,4986,2026-01-13,Desktop,Direct,39.89,6,Yes
2829,4184,2025-01-30,Desktop,Direct,18.93,10,No
2830,3771,2026-10-24,Desktop,Referral,25.66,7,No
2831,537,2026-06-16,Mobile,Organic,44.11,3,No
2832,89,2024-04-17,Tablet,Direct,39.9,14,No
2833,1153,2026-11-22,Tablet,Direct,16.27,5,Yes
2834,3947,2026-10-27,Mobile,Google Ads,41.96,1,No
2835,4584,2024-07-11,Tablet,Direct,31.56,3,No
2836,2149,2025-10-16,Mobile,Google Ads,35.67,3,No
2837,1468,2026-12-17,Tablet,Google Ads,26.27,10,No
2838,3343,2023-10-31,Desktop,Email,18.81,10,No
2839,4337,2023-10-11,Desktop,Google Ads,14.59,14,No
2840,4078,2025-12-28,Mobile,Instagram,9.23,13,Yes
2841,227,2023-03-23,Desktop,Facebook,4.2,9,No
2842,2967,2026-05-01,Tablet,Instagram,0.76,6,No
2843,2912,2025-12-19,Mobile,Direct,8.47,4,No
2844,1333,2024-05-08,Desktop,Instagram,33.43,2,No
2845,2613,2025-04-23,Mobile,Organic,36.21,10,No
2846,2590,2025-01-05,Tablet,Referral,1.4,15,No
2847,54,2024-05-07,Desktop,Referral,26.4,14,Yes
2848,3280,2024-05-23,Tablet,Referral,15.45,6,No
2849,2237,2024-08-25,Tablet,Direct,15.53,1,No
2850,266,2023-09-29,Desktop,Facebook,7.16,5,No
2851,3524,2024-10-24,Tablet,Instagram,32.51,5,No
2852,248,2023-11-15,Tablet,Facebook,17.29,8,No
2853,180,2023-06-23,Desktop,Email,10.97,5,No
2854,2482,2024-02-21,Mobile,Email,35.61,4,No
2855,452,2023-03-08,Mobile,Instagram,31.46,12,No
2856,4097,2024-07-19,Mobile,Organic,22.36,3,No
2857,2135,2025-12-06,Mobile,Email,11.22,5,No
2858,4694,2026-03-14,Mobile,Direct,43.05,2,No
2859,1494,2025-04-26,Tablet,Referral,17.05,10,No
2860,3896,2026-11-02,Tablet,Organic,12.34,2,Yes
2861,4587,2025-07-01,Desktop,Email,35.83,9,No
2862,2319,2026-09-28,Tablet,Instagram,39.97,1,No
2863,4911,2024-11-02,Desktop,Instagram,0.77,7,No
2864,282,2026-02-09,Tablet,Direct,4.98,9,No
2865,1504,2026-02-09,Tablet,Organic,30.68,8,No
2866,1044,2023-01-28,Tablet,Facebook,39.08,5,No
2867,4348,2023-06-24,Mobile,Email,25.31,4,No
2868,734,2026-02-24,Desktop,Referral,11.24,14,No
2869,985,2023-09-26,Desktop,Email,9.74,1,No
2870,1127,2026-05-06,Mobile,Referral,22.89,14,No
2871,1630,2023-10-25,Tablet,Direct,0.57,1,No
2872,3137,2025-06-19,Tablet,Google Ads,1.42,3,No
2873,316,2026-09-18,Desktop,Google Ads,2.87,15,No
2874,2112,2026-10-31,Mobile,Facebook,6.14,7,No
2875,2154,2024-06-08,Desktop,Instagram,21.11,10,Yes
2876,153,2026-02-28,Mobile,Referral,14.82,6,No
2877,2487,2024-08-04,Tablet,Referral,38.45,11,No
2878,4157,2024-02-01,Desktop,Organic,15.33,14,No
2879,99,2025-02-03,Mobile,Referral,44.13,7,No
2880,1574,2023-06-04,Tablet,Facebook,2.13,13,No
2881,4327,2026-09-18,Tablet,Referral,11.8,10,No
2882,549,2026-05-06,Desktop,Email,41.62,5,No
2883,3537,2026-06-13,Mobile,Direct,37.31,7,No
2884,2463,2024-08-01,Tablet,Google Ads,25.35,15,No
2885,3028,2023-02-20,Mobile,Referral,42.47,4,No
2886,3878,2025-12-20,Tablet,Email,8.4,15,No
2887,3099,2025-07-28,Tablet,Instagram,33.94,8,No
2888,1010,2026-08-22,Desktop,Facebook,32.64,1,No
2889,4404,2025-01-24,Mobile,Google Ads,9.21,1,No
2890,2557,2026-05-16,Desktop,Facebook,8.57,4,No
2891,1876,2023-06-20,Desktop,Email,23.29,3,Yes
2892,715,2025-12-19,Desktop,Referral,18.08,10,No
2893,1897,2026-11-07,Mobile,Email,25.45,11,No
2894,2217,2025-07-28,Desktop,Organic,38.76,13,No
2895,4372,2023-06-29,Mobile,Email,40.1,9,No
2896,3494,2025-10-31,Tablet,Direct,3.43,10,No
2897,330,2025-02-14,Desktop,Google Ads,23.41,4,No
2898,2459,2025-10-30,Tablet,Facebook,16.85,4,Yes
2899,3245,2023-08-18,Tablet,Organic,40.91,4,No
2900,331,2025-08-15,Mobile,Facebook,19.61,2,No
2901,323,2026-02-12,Desktop,Instagram,16.97,8,No
2902,4190,2025-06-26,Mobile,Instagram,21.88,2,No
2903,4855,2025-12-15,Desktop,Email,36.55,4,Yes
2904,4134,2025-07-18,Mobile,Google Ads,21.31,7,No
2905,1037,2023-10-11,Tablet,Facebook,38.37,12,No
2906,4804,2026-07-30,Desktop,Organic,2.04,11,Yes
2907,1440,2024-06-14,Desktop,Referral,11.42,4,No
2908,3670,2023-11-15,Desktop,Google Ads,22.27,8,No
2909,1553,2024-09-02,Mobile,Referral,29.4,13,No
2910,1643,2023-08-22,Mobile,Direct,2.93,11,No
2911,1196,2023-04-15,Mobile,Referral,22.16,1,No
2912,1575,2024-08-17,Tablet,Google Ads,30.26,14,No
2913,4468,2024-11-30,Mobile,Referral,40.32,7,Yes
2914,2991,2024-03-10,Tablet,Facebook,38.2,9,Yes
2915,2759,2026-04-23,Desktop,Facebook,28.57,13,No
2916,2649,2023-04-26,Desktop,Email,10.4,1,Yes
2917,4168,2025-06-30,Mobile,Referral,23.47,4,Yes
2918,4326,2026-07-26,Tablet,Google Ads,9.62,6,Yes
2919,3902,2024-03-29,Tablet,Email,32.35,9,No
2920,1061,2024-06-17,Tablet,Direct,30.1,13,No
2921,1162,2023-05-08,Tablet,Organic,10.58,7,No
2922,3803,2023-03-27,Tablet,Email,19.67,4,No
2923,3481,2026-02-21,Desktop,Instagram,43.95,7,No
2924,3587,2023-04-27,Mobile,Referral,30.97,11,No
2925,3624,2026-05-10,Mobile,Referral,39.32,11,No
2926,1188,2024-04-04,Desktop,Google Ads,8.94,8,No
2927,3256,2025-03-06,Tablet,Google Ads,43.91,10,No
2928,63,2026-08-26,Desktop,Email,15.64,8,No
2929,501,2023-07-11,Tablet,Instagram,9.72,15,No
2930,984,2023-10-26,Desktop,Google Ads,41.24,1,No
2931,4144,2024-08-10,Tablet,Email,10.34,6,No
2932,469,2024-11-22,Desktop,Organic,33.8,14,No
2933,2653,2026-11-09,Mobile,Instagram,9.68,4,No
2934,4344,2025-10-07,Desktop,Referral,31.12,7,No
2935,2085,2024-12-11,Tablet,Instagram,24.79,15,No
2936,2499,2025-09-10,Tablet,Referral,16.44,14,Yes
2937,3233,2025-02-12,Mobile,Instagram,28.25,8,No
2938,3535,2026-04-05,Desktop,Email,36.84,13,No
2939,1620,2024-08-29,Mobile,Instagram,12.98,12,No
2940,4191,2025-02-20,Desktop,Email,35.74,1,Yes
2941,1940,2026-04-07,Tablet,Instagram,34.18,13,No
2942,3837,2026-10-25,Tablet,Referral,28.48,10,No
2943,3041,2023-06-29,Desktop,Email,11.33,12,No
2944,3895,2024-06-30,Mobile,Organic,41.02,10,No
2945,366,2023-09-23,Tablet,Organic,34.49,7,No
2946,3258,2024-06-07,Mobile,Referral,0.94,1,No
2947,735,2025-03-29,Tablet,Organic,10.92,6,No
2948,2055,2024-12-11,Desktop,Facebook,30.18,14,Yes
2949,4282,2026-04-17,Desktop,Instagram,20.49,1,No
2950,1562,2026-11-12,Mobile,Google Ads,31.58,7,Yes
2951,2224,2024-09-23,Tablet,Email,31.91,11,No
2952,3037,2025-07-27,Mobile,Email,1.43,5,No
2953,4400,2023-06-23,Tablet,Facebook,3.87,9,No
2954,266,2023-04-25,Tablet,Email,13.28,2,No
2955,1017,2023-09-15,Mobile,Google Ads,12.11,3,Yes
2956,3098,2025-09-10,Mobile,Direct,34.54,14,No
2957,589,2026-09-02,Mobile,Google Ads,22.85,11,No
2958,3210,2026-10-17,Tablet,Facebook,29.78,9,No
2959,4686,2025-05-06,Desktop,Instagram,1.95,10,Yes
2960,3095,2023-06-15,Tablet,Email,30.29,8,No
2961,143,2025-10-30,Desktop,Google Ads,22.46,15,Yes
2962,3933,2025-01-18,Mobile,Instagram,37.83,13,No
2963,2850,2023-01-31,Mobile,Referral,18.74,2,No
2964,1682,2023-12-16,Desktop,Organic,42.25,3,No
2965,2567,2025-08-20,Mobile,Facebook,34.06,2,No
2966,3125,2025-05-04,Desktop,Email,21.51,6,No
2967,795,2023-09-28,Tablet,Instagram,3.14,12,No
2968,2511,2024-12-22,Tablet,Instagram,38.04,14,No
2969,2744,2023-01-25,Tablet,Google Ads,32.21,1,Yes
2970,4722,2024-04-26,Desktop,Referral,37.22,4,No
2971,4952,2026-01-02,Mobile,Email,18.91,14,No
2972,2658,2025-11-02,Tablet,Facebook,11.42,9,Yes
2973,2022,2026-08-31,Tablet,Referral,41.58,5,Yes
2974,3362,2023-11-20,Mobile,Instagram,8.39,6,No
2975,2832,2024-02-05,Desktop,Facebook,32.47,6,No
2976,2652,2026-11-15,Desktop,Organic,40.28,3,No
2977,4070,2024-07-29,Desktop,Organic,2.98,9,No
2978,1892,2023-08-18,Desktop,Facebook,12.8,11,No
2979,53,2024-10-20,Desktop,Instagram,30.37,4,No
2980,4225,2025-10-27,Desktop,Email,38.65,7,No
2981,2949,2026-03-21,Tablet,Direct,18.73,10,Yes
2982,2342,2025-10-31,Desktop,Facebook,38.9,7,No
2983,3564,2024-09-13,Mobile,Facebook,29.78,2,No
2984,4131,2024-07-12,Mobile,Direct,17.88,14,No
2985,3179,2024-02-27,Mobile,Referral,1.0,5,No
2986,296,2023-11-05,Desktop,Direct,1.09,14,No
2987,4051,2024-02-08,Mobile,Referral,34.24,9,No
2988,4321,2024-06-23,Tablet,Email,29.46,5,No
2989,3171,2024-11-07,Tablet,Facebook,23.34,5,No
2990,261,2026-08-01,Mobile,Instagram,32.38,13,Yes
2991,3891,2024-07-02,Mobile,Organic,19.08,13,No
2992,4365,2024-08-11,Mobile,Instagram,37.65,4,No
2993,4590,2026-09-07,Tablet,Email,27.05,8,No
2994,1268,2024-09-28,Tablet,Instagram,8.03,11,Yes
2995,3457,2023-05-30,Mobile,Organic,29.29,14,Yes
2996,4368,2025-05-15,Desktop,Facebook,14.02,10,No
2997,3540,2025-09-04,Desktop,Direct,13.21,7,No
2998,806,2026-12-14,Desktop,Direct,14.51,8,No
2999,1266,2023-12-26,Mobile,Organic,16.68,10,Yes
3000,53,2025-08-19,Tablet,Direct,36.1,4,Yes
3001,2873,2023-01-19,Tablet,Email,29.75,11,No
3002,4474,2024-11-04,Desktop,Organic,18.01,5,No
3003,2073,2026-10-17,Tablet,Email,12.45,7,No
3004,2012,2023-02-16,Desktop,Facebook,25.62,4,No
3005,3372,2026-05-16,Tablet,Direct,42.33,14,No
3006,3572,2024-11-21,Mobile,Referral,14.9,2,No
3007,1666,2023-09-22,Mobile,Direct,27.74,2,No
3008,4576,2025-09-27,Mobile,Email,36.75,9,Yes
3009,506,2024-07-18,Tablet,Organic,36.72,7,No
3010,4013,2024-04-30,Desktop,Google Ads,41.58,1,No
3011,4994,2023-06-06,Mobile,Referral,42.88,8,No
3012,451,2024-10-24,Tablet,Instagram,33.42,13,No
3013,3096,2025-11-03,Mobile,Referral,32.81,6,No
3014,390,2025-05-26,Tablet,Referral,16.49,7,No
3015,2614,2024-12-06,Desktop,Google Ads,6.74,13,No
3016,3451,2023-07-24,Mobile,Facebook,19.13,4,No
3017,2825,2024-05-18,Desktop,Organic,18.9,14,No
3018,4244,2026-05-23,Mobile,Facebook,28.58,2,No
3019,1441,2026-09-05,Tablet,Email,9.19,2,Yes
3020,448,2024-01-02,Mobile,Referral,2.98,7,No
3021,4699,2023-09-12,Mobile,Google Ads,40.7,6,Yes
3022,1599,2026-12-22,Desktop,Facebook,36.99,11,No
3023,882,2023-08-19,Desktop,Email,44.9,15,No
3024,4337,2025-03-27,Desktop,Referral,22.94,10,Yes
3025,645,2026-06-05,Tablet,Instagram,11.19,4,No
3026,4987,2024-07-21,Mobile,Organic,15.5,5,No
3027,3841,2025-07-01,Mobile,Direct,26.94,14,No
3028,4404,2023-03-24,Desktop,Instagram,31.97,1,No
3029,4422,2023-02-09,Desktop,Instagram,28.86,15,No
3030,1535,2025-08-03,Tablet,Organic,36.46,3,No
3031,4113,2024-05-29,Desktop,Instagram,14.8,3,Yes
3032,1632,2023-07-23,Mobile,Instagram,16.8,3,Yes
3033,4712,2025-07-11,Tablet,Email,44.94,15,Yes
3034,1003,2026-04-11,Mobile,Email,12.76,5,No
3035,2636,2025-11-02,Mobile,Email,23.21,2,No
3036,1050,2025-03-02,Tablet,Google Ads,30.15,14,No
3037,4440,2025-05-26,Mobile,Google Ads,36.44,3,No
3038,3735,2025-08-27,Mobile,Referral,5.21,8,Yes
3039,828,2024-03-23,Desktop,Referral,6.51,7,No
3040,4123,2025-08-09,Desktop,Instagram,43.24,8,No
3041,3734,2023-09-23,Desktop,Direct,41.4,7,No
3042,106,2023-06-08,Desktop,Direct,26.18,5,No
3043,4341,2026-05-08,Tablet,Organic,40.18,14,No
3044,1281,2024-03-12,Mobile,Instagram,10.01,6,Yes
3045,3624,2023-06-28,Tablet,Organic,4.75,3,No
3046,4411,2023-04-05,Mobile,Referral,27.7,12,No
3047,2245,2024-11-24,Mobile,Instagram,32.61,12,No
3048,1240,2025-04-09,Mobile,Facebook,8.99,9,No
3049,4878,2026-02-07,Tablet,Organic,6.08,12,No
3050,779,2023-08-04,Desktop,Instagram,30.45,7,No
3051,1793,2024-07-28,Mobile,Google Ads,10.49,7,No
3052,2733,2023-11-15,Tablet,Email,29.23,12,No
3053,3436,2024-12-19,Mobile,Instagram,30.31,7,No
3054,154,2023-11-09,Mobile,Organic,17.63,2,No
3055,1456,2026-08-08,Desktop,Direct,41.44,5,No
3056,1697,2026-05-12,Tablet,Google Ads,14.16,10,No
3057,2013,2025-06-13,Desktop,Email,2.61,5,No
3058,3019,2023-09-11,Tablet,Facebook,36.59,4,No
3059,510,2023-05-23,Desktop,Google Ads,27.09,1,No
3060,1269,2026-09-28,Mobile,Direct,39.66,12,No
3061,2350,2023-04-14,Desktop,Google Ads,11.09,12,Yes
3062,2836,2024-06-21,Tablet,Email,17.47,14,No
3063,3682,2023-10-29,Desktop,Organic,7.53,11,No
3064,2376,2026-07-11,Mobile,Referral,38.3,3,No
3065,1695,2024-07-02,Tablet,Organic,26.55,2,No
3066,4237,2026-04-23,Desktop,Referral,42.65,11,No
3067,3602,2023-12-06,Desktop,Email,11.12,1,No
3068,680,2026-11-18,Tablet,Facebook,28.94,1,No
3069,291,2026-08-29,Desktop,Organic,1.41,5,No
3070,1683,2025-03-01,Tablet,Google Ads,35.31,2,No
3071,1828,2026-07-31,Tablet,Instagram,41.28,3,Yes
3072,158,2025-12-07,Mobile,Email,43.7,6,No
3073,641,2023-10-02,Mobile,Email,7.07,13,Yes
3074,3873,2023-08-12,Desktop,Email,6.32,6,No
3075,3383,2026-08-13,Tablet,Referral,23.57,1,Yes
3076,1570,2025-06-16,Mobile,Referral,11.55,2,No
3077,1956,2026-08-27,Tablet,Facebook,6.4,7,No
3078,1523,2023-09-22,Mobile,Organic,34.1,10,No
3079,1049,2026-06-04,Desktop,Organic,10.2,15,No
3080,3121,2024-05-19,Tablet,Instagram,2.12,8,No
3081,4873,2026-01-31,Tablet,Google Ads,18.34,8,Yes
3082,4404,2026-10-02,Desktop,Facebook,39.12,15,No
3083,816,2024-08-23,Desktop,Referral,7.23,2,No
3084,1445,2024-06-18,Mobile,Direct,10.75,12,Yes
3085,2825,2025-01-02,Mobile,Facebook,44.17,5,No
3086,925,2024-05-12,Mobile,Email,18.49,2,Yes
3087,694,2024-01-07,Mobile,Instagram,14.7,3,No
3088,4736,2023-11-05,Desktop,Facebook,32.32,4,Yes
3089,1726,2024-05-15,Mobile,Facebook,4.13,15,No
3090,1515,2026-12-20,Desktop,Google Ads,6.8,1,No
3091,3852,2024-03-23,Tablet,Facebook,34.89,13,No
3092,953,2024-07-22,Mobile,Facebook,31.52,13,No
3093,4868,2023-11-02,Mobile,Referral,34.52,13,Yes
3094,1657,2023-10-04,Desktop,Direct,36.87,10,No
3095,2579,2025-04-21,Tablet,Instagram,24.85,9,Yes
3096,4026,2025-02-14,Tablet,Direct,43.86,10,Yes
3097,3757,2025-12-13,Desktop,Instagram,3.38,13,No
3098,3086,2026-02-02,Tablet,Organic,6.23,15,No
3099,794,2026-02-23,Desktop,Facebook,12.15,5,No
3100,2629,2025-05-10,Tablet,Google Ads,19.59,4,No
3101,4572,2026-05-16,Tablet,Direct,43.5,9,No
3102,4746,2025-07-23,Mobile,Direct,6.32,8,Yes
3103,2537,2023-10-01,Tablet,Email,15.6,5,No
3104,4844,2026-01-16,Mobile,Google Ads,27.85,5,Yes
3105,2689,2025-10-05,Desktop,Facebook,41.56,8,No
3106,1709,2024-12-16,Desktop,Facebook,14.3,5,No
3107,3872,2026-08-06,Desktop,Email,33.74,3,No
3108,213,2024-04-15,Tablet,Direct,0.92,7,No
3109,3976,2024-05-19,Mobile,Email,23.98,5,Yes
3110,2759,2024-02-22,Desktop,Instagram,36.09,10,No
3111,3691,2024-07-29,Tablet,Referral,5.91,8,No
3112,1870,2024-05-23,Mobile,Direct,8.75,10,No
3113,4150,2025-08-26,Tablet,Referral,31.41,10,No
3114,3767,2026-07-11,Tablet,Instagram,1.06,12,No
3115,3046,2026-11-03,Mobile,Google Ads,11.5,13,No
3116,671,2025-10-23,Desktop,Instagram,16.73,9,No
3117,4524,2025-01-26,Tablet,Referral,0.69,9,No
3118,1902,2024-10-25,Desktop,Google Ads,3.78,6,No
3119,4210,2025-10-29,Desktop,Organic,41.03,5,No
3120,4553,2023-07-11,Tablet,Email,16.1,9,No
3121,3025,2023-05-22,Desktop,Direct,29.91,13,No
3122,132,2024-06-06,Tablet,Organic,41.67,15,No
3123,2711,2026-10-29,Desktop,Instagram,44.21,4,No
3124,270,2024-12-30,Desktop,Referral,41.88,8,No
3125,4043,2025-09-22,Tablet,Organic,3.55,11,No
3126,4759,2025-07-17,Mobile,Facebook,18.17,5,No
3127,4532,2026-03-12,Desktop,Google Ads,44.24,15,No
3128,13,2026-10-17,Tablet,Direct,13.35,3,No
3129,470,2026-08-24,Desktop,Direct,11.44,10,No
3130,120,2025-03-20,Mobile,Facebook,32.43,14,No
3131,2406,2025-08-11,Tablet,Facebook,14.06,2,No
3132,2173,2023-10-25,Mobile,Google Ads,23.24,5,No
3133,1675,2025-04-16,Desktop,Google Ads,9.31,15,No
3134,1142,2026-06-19,Mobile,Facebook,19.33,9,No
3135,1,2023-10-02,Desktop,Direct,10.04,7,No
3136,2200,2023-05-16,Desktop,Facebook,28.68,12,No
3137,4636,2025-01-21,Desktop,Instagram,24.08,3,No
3138,1187,2024-12-29,Tablet,Google Ads,42.26,2,No
3139,4638,2026-03-20,Desktop,Facebook,22.06,15,No
3140,3058,2024-01-31,Mobile,Direct,38.64,7,Yes
3141,2969,2026-06-16,Tablet,Email,9.8,10,No
3142,1830,2023-03-24,Desktop,Organic,9.74,5,No
3143,297,2026-06-02,Tablet,Organic,13.44,3,No
3144,3400,2024-03-30,Tablet,Direct,6.23,7,No
3145,490,2025-05-24,Tablet,Instagram,23.43,1,No
3146,4996,2026-10-06,Tablet,Email,23.19,10,No
3147,539,2026-08-30,Mobile,Referral,8.07,8,No
3148,1969,2026-08-30,Mobile,Email,43.87,15,No
3149,932,2025-04-15,Mobile,Google Ads,12.78,2,No
3150,2259,2026-05-02,Desktop,Google Ads,24.7,5,Yes
3151,2264,2026-10-23,Desktop,Facebook,13.9,6,No
3152,3999,2025-12-24,Mobile,Organic,7.02,11,No
3153,2108,2025-08-09,Mobile,Referral,6.15,14,No
3154,2762,2024-04-08,Tablet,Referral,33.72,1,Yes
3155,3626,2026-09-05,Desktop,Email,17.36,6,No
3156,3254,2023-07-11,Mobile,Direct,11.68,10,Yes
3157,2816,2026-10-18,Tablet,Email,29.74,2,No
3158,2568,2023-11-16,Mobile,Direct,1.92,4,No
3159,1466,2024-11-21,Tablet,Google Ads,36.19,3,No
3160,2871,2026-05-10,Mobile,Organic,26.63,12,No
3161,3872,2025-08-13,Desktop,Email,15.49,9,No
3162,4814,2025-04-27,Tablet,Direct,41.63,9,No
3163,2093,2025-04-04,Mobile,Google Ads,28.8,5,No
3164,4449,2025-04-11,Tablet,Facebook,20.73,15,No
3165,1058,2025-08-02,Mobile,Facebook,5.52,6,No
3166,2164,2025-11-29,Tablet,Email,43.88,6,No
3167,249,2026-05-16,Tablet,Referral,15.98,14,No
3168,2446,2026-07-16,Desktop,Google Ads,28.61,10,No
3169,2842,2025-11-10,Mobile,Email,1.54,5,Yes
3170,3409,2023-01-13,Tablet,Organic,21.71,15,No
3171,3648,2024-12-10,Tablet,Organic,15.26,4,No
3172,622,2026-03-28,Tablet,Email,16.31,11,No
3173,822,2025-12-04,Desktop,Email,5.67,5,Yes
3174,1178,2023-02-19,Tablet,Referral,40.12,12,No
3175,11,2023-03-02,Desktop,Facebook,1.47,5,No
3176,1626,2023-07-05,Tablet,Facebook,9.72,5,No
3177,4869,2024-04-09,Desktop,Google Ads,11.19,12,No
3178,1970,2025-07-31,Tablet,Referral,12.99,5,No
3179,2196,2024-01-08,Tablet,Email,11.59,10,No
3180,2975,2025-11-26,Mobile,Direct,4.29,6,No
3181,1911,2024-06-04,Desktop,Direct,7.01,9,No
3182,491,2023-10-03,Tablet,Instagram,9.41,7,No
3183,1921,2026-08-30,Mobile,Email,30.61,14,No
3184,2591,2025-08-05,Mobile,Direct,11.37,6,No
3185,4121,2024-05-13,Mobile,Direct,12.73,4,No
3186,3858,2023-05-26,Tablet,Direct,26.29,15,No
3187,177,2026-03-09,Tablet,Organic,13.0,6,No
3188,1198,2025-02-10,Mobile,Direct,31.41,4,No
3189,2160,2025-07-11,Mobile,Facebook,19.17,14,No
3190,3893,2023-04-14,Desktop,Organic,26.62,10,No
3191,2451,2023-11-17,Desktop,Instagram,21.03,14,Yes
3192,2383,2023-11-03,Desktop,Facebook,3.5,14,No
3193,4435,2026-04-12,Tablet,Referral,0.51,13,No
3194,3462,2024-08-13,Desktop,Google Ads,26.1,9,Yes
3195,1014,2024-08-19,Mobile,Direct,35.57,9,No
3196,589,2025-04-22,Desktop,Direct,28.38,1,Yes
3197,3071,2026-05-23,Mobile,Facebook,20.38,13,No
3198,2250,2024-11-22,Desktop,Facebook,6.39,12,No
3199,3025,2025-06-05,Mobile,Email,31.48,5,No
3200,2198,2024-12-22,Desktop,Direct,19.56,2,No
3201,2352,2026-08-02,Desktop,Organic,16.34,14,No
3202,4044,2026-08-25,Tablet,Referral,24.02,8,Yes
3203,743,2026-08-14,Desktop,Google Ads,37.35,3,No
3204,698,2026-03-09,Desktop,Google Ads,38.34,5,No
3205,3988,2023-08-10,Desktop,Email,8.39,11,No
3206,3999,2026-12-19,Mobile,Instagram,10.9,1,No
3207,1905,2024-02-24,Mobile,Organic,14.29,12,No
3208,1247,2025-05-31,Tablet,Facebook,20.05,2,No
3209,3406,2025-04-23,Mobile,Google Ads,27.53,7,No
3210,2476,2026-10-15,Desktop,Referral,31.25,8,No
3211,2378,2023-07-29,Mobile,Facebook,35.27,11,No
3212,3455,2026-02-26,Mobile,Instagram,21.82,11,Yes
3213,3330,2025-02-02,Mobile,Instagram,27.35,6,No
3214,4021,2025-04-02,Desktop,Google Ads,35.63,7,No
3215,4862,2023-06-06,Tablet,Organic,44.5,15,No
3216,2205,2025-09-26,Mobile,Email,36.22,1,Yes
3217,1747,2026-08-09,Tablet,Google Ads,8.32,1,No
3218,1061,2023-04-07,Tablet,Facebook,28.27,7,Yes
3219,2382,2023-02-13,Desktop,Referral,22.29,14,No
3220,4148,2026-12-08,Tablet,Email,24.23,4,No
3221,3198,2024-03-18,Desktop,Google Ads,2.96,6,No
3222,2462,2023-02-20,Desktop,Direct,12.06,2,No
3223,3566,2023-10-28,Tablet,Instagram,44.2,1,No
3224,3290,2025-09-24,Mobile,Instagram,20.08,11,Yes
3225,3387,2026-08-05,Mobile,Direct,3.04,3,No
3226,3346,2023-07-29,Mobile,Referral,24.52,11,No
3227,3794,2025-11-03,Tablet,Facebook,33.55,13,No
3228,4704,2025-12-28,Mobile,Google Ads,0.52,7,No
3229,1870,2024-05-06,Desktop,Instagram,3.45,15,No
3230,2374,2023-08-28,Mobile,Email,22.05,10,No
3231,2799,2026-05-06,Mobile,Direct,10.04,13,Yes
3232,3345,2024-03-13,Mobile,Organic,31.2,11,No
3233,1532,2026-08-29,Tablet,Referral,28.51,6,No
3234,829,2024-02-28,Desktop,Direct,15.85,4,No
3235,18,2026-05-19,Tablet,Google Ads,13.85,9,No
3236,587,2025-03-30,Mobile,Google Ads,18.39,7,No
3237,4864,2025-05-31,Desktop,Email,25.3,5,No
3238,4282,2025-09-01,Mobile,Referral,6.63,3,Yes
3239,2178,2025-03-07,Desktop,Email,1.58,10,No
3240,3957,2024-05-20,Mobile,Organic,6.44,6,No
3241,1982,2024-05-26,Desktop,Google Ads,6.42,15,Yes
3242,3191,2026-11-16,Desktop,Referral,5.66,10,No
3243,4567,2023-06-12,Tablet,Referral,25.19,6,No
3244,496,2026-12-17,Mobile,Google Ads,42.43,1,No
3245,1494,2025-07-02,Desktop,Facebook,8.65,4,No
3246,4603,2024-02-08,Mobile,Referral,5.68,11,No
3247,405,2025-06-02,Tablet,Email,36.96,5,No
3248,4685,2026-06-30,Tablet,Facebook,43.92,8,No
3249,447,2026-06-18,Tablet,Google Ads,10.04,6,No
3250,849,2025-03-31,Tablet,Facebook,1.69,5,No
3251,3453,2024-07-14,Tablet,Facebook,36.73,15,No
3252,2275,2026-10-10,Mobile,Referral,9.18,14,No
3253,1651,2025-02-27,Mobile,Email,39.67,3,No
3254,4981,2025-07-02,Mobile,Facebook,40.17,6,No
3255,846,2023-12-21,Mobile,Google Ads,39.9,6,No
3256,3808,2023-05-15,Desktop,Organic,12.25,2,No
3257,3332,2024-12-10,Desktop,Google Ads,41.76,8,No
3258,3079,2026-09-14,Mobile,Instagram,16.34,5,No
3259,1071,2026-11-11,Desktop,Instagram,42.32,8,No
3260,3866,2024-06-20,Mobile,Google Ads,36.6,8,No
3261,816,2025-04-06,Tablet,Direct,1.46,6,No
3262,3152,2025-10-08,Mobile,Google Ads,5.33,13,Yes
3263,4964,2023-01-06,Tablet,Instagram,22.29,13,No
3264,4757,2023-02-16,Desktop,Instagram,13.87,1,No
3265,1312,2025-04-12,Tablet,Instagram,8.32,12,No
3266,1187,2026-11-27,Tablet,Google Ads,18.69,5,Yes
3267,34,2023-06-29,Tablet,Email,6.04,6,No
3268,3705,2024-02-24,Mobile,Instagram,40.5,15,Yes
3269,1850,2026-10-11,Tablet,Facebook,6.93,6,No
3270,253,2025-09-30,Tablet,Google Ads,10.51,15,No
3271,2791,2023-11-09,Mobile,Email,40.74,12,No
3272,2642,2023-08-18,Tablet,Google Ads,36.56,6,No
3273,3868,2023-07-18,Mobile,Email,33.24,12,No
3274,2410,2025-04-11,Mobile,Referral,9.22,8,No
3275,123,2023-05-16,Desktop,Instagram,11.43,13,No
3276,1347,2023-04-15,Tablet,Google Ads,44.22,6,No
3277,1007,2023-03-15,Desktop,Organic,20.09,6,Yes
3278,3921,2024-09-03,Desktop,Referral,13.42,15,No
3279,4533,2023-06-14,Tablet,Direct,20.22,10,No
3280,3364,2025-08-11,Desktop,Instagram,36.5,12,No
3281,3079,2024-05-14,Desktop,Referral,23.25,13,No
3282,74,2024-08-21,Desktop,Email,10.23,9,No
3283,275,2023-04-16,Desktop,Organic,27.19,14,Yes
3284,889,2026-01-28,Tablet,Organic,28.7,4,No
3285,2811,2023-04-07,Desktop,Direct,11.17,3,No
3286,4370,2024-09-24,Tablet,Instagram,35.11,9,No
3287,600,2024-05-05,Mobile,Email,28.73,3,No
3288,3696,2024-07-25,Desktop,Direct,17.36,11,No
3289,3991,2023-12-17,Desktop,Instagram,23.96,5,No
3290,4058,2025-10-02,Tablet,Referral,0.99,13,No
3291,4142,2026-08-08,Tablet,Organic,44.61,14,No
3292,1770,2026-05-22,Tablet,Email,28.77,13,No
3293,3386,2026-11-24,Mobile,Direct,6.9,12,Yes
3294,4453,2025-01-06,Tablet,Facebook,5.28,13,No
3295,692,2024-11-06,Desktop,Referral,35.01,2,No
3296,21,2024-04-16,Desktop,Referral,37.56,11,No
3297,2188,2026-06-11,Desktop,Instagram,2.08,4,No
3298,2985,2024-10-30,Mobile,Email,18.0,11,No
3299,763,2024-03-07,Desktop,Instagram,39.93,8,No
3300,712,2025-04-18,Mobile,Organic,29.6,7,No
3301,893,2025-02-05,Tablet,Instagram,23.11,3,No
3302,4107,2025-09-24,Desktop,Facebook,8.98,1,No
3303,1884,2024-11-10,Desktop,Organic,29.47,11,No
3304,2837,2025-05-24,Tablet,Direct,31.68,5,No
3305,743,2024-04-25,Tablet,Direct,34.64,5,No
3306,796,2026-04-21,Desktop,Instagram,35.21,2,No
3307,675,2026-06-10,Tablet,Referral,6.11,4,No
3308,1764,2024-11-20,Mobile,Instagram,32.75,14,No
3309,2489,2025-09-04,Tablet,Google Ads,34.47,5,No
3310,1397,2023-05-25,Tablet,Organic,41.4,5,No
3311,38,2023-04-14,Desktop,Organic,35.6,12,No
3312,3165,2024-07-29,Desktop,Email,4.34,8,Yes
3313,3251,2024-08-17,Mobile,Facebook,18.32,4,No
3314,922,2026-09-28,Desktop,Referral,18.25,10,No
3315,2396,2024-08-04,Desktop,Referral,1.66,3,Yes
3316,360,2024-02-15,Desktop,Email,5.47,15,No
3317,3384,2026-09-21,Mobile,Direct,16.01,12,No
3318,87,2023-01-28,Tablet,Direct,35.19,10,No
3319,4586,2026-08-23,Tablet,Organic,33.58,7,No
3320,1224,2025-10-05,Tablet,Google Ads,17.86,12,No
3321,2440,2023-09-10,Tablet,Direct,43.12,14,No
3322,874,2025-03-24,Tablet,Facebook,36.9,10,No
3323,437,2024-05-09,Mobile,Instagram,39.94,4,No
3324,1147,2023-06-20,Tablet,Email,41.02,11,No
3325,2931,2026-02-01,Tablet,Google Ads,17.76,1,No
3326,3734,2025-05-22,Desktop,Facebook,21.86,8,No
3327,4712,2024-07-12,Mobile,Direct,4.1,8,No
3328,7,2023-06-19,Desktop,Organic,19.07,1,No
3329,4272,2023-10-28,Tablet,Referral,30.46,13,Yes
3330,4526,2026-03-02,Tablet,Instagram,9.38,8,Yes
3331,3006,2023-02-24,Mobile,Organic,18.68,8,No
3332,636,2026-07-25,Desktop,Organic,4.03,11,No
3333,613,2023-05-22,Tablet,Email,0.97,9,No
3334,2732,2025-05-05,Desktop,Direct,42.41,7,No
3335,1519,2023-03-08,Tablet,Google Ads,4.24,4,No
3336,1778,2025-06-12,Tablet,Referral,38.12,8,No
3337,51,2023-12-18,Tablet,Referral,29.3,6,No
3338,4749,2026-07-04,Mobile,Direct,16.27,2,Yes
3339,4311,2023-09-18,Mobile,Google Ads,5.87,7,Yes
3340,4069,2025-05-24,Tablet,Direct,44.32,3,No
3341,3271,2025-03-19,Mobile,Organic,7.45,6,No
3342,1646,2023-01-26,Tablet,Email,18.91,7,No
3343,1845,2024-10-05,Tablet,Organic,29.86,13,Yes
3344,702,2025-01-21,Desktop,Email,1.02,4,No
3345,2760,2024-10-16,Tablet,Organic,8.43,3,No
3346,2332,2023-07-24,Tablet,Direct,40.3,11,Yes
3347,4875,2023-12-07,Mobile,Instagram,34.12,2,No
3348,3496,2025-11-14,Tablet,Direct,27.35,12,No
3349,1363,2023-05-25,Tablet,Email,24.6,3,No
3350,2247,2023-09-15,Desktop,Email,33.71,3,No
3351,2217,2024-02-18,Mobile,Organic,11.32,4,No
3352,3398,2023-01-02,Desktop,Referral,15.96,15,No
3353,2970,2023-09-14,Desktop,Direct,21.35,12,No
3354,1757,2026-12-24,Mobile,Email,8.18,9,No
3355,1349,2023-07-31,Tablet,Referral,31.02,11,No
3356,4565,2023-08-29,Tablet,Instagram,24.82,8,No
3357,3741,2024-06-04,Desktop,Email,25.65,15,No
3358,3843,2025-11-30,Tablet,Direct,42.66,14,No
3359,1226,2024-04-08,Mobile,Direct,26.26,2,No
3360,2801,2023-11-23,Mobile,Email,44.86,10,No
3361,1845,2026-12-31,Mobile,Instagram,19.82,6,No
3362,1391,2025-10-09,Tablet,Direct,8.58,13,Yes
3363,2994,2023-03-09,Mobile,Direct,7.33,6,No
3364,349,2026-11-24,Mobile,Facebook,28.77,6,Yes
3365,3014,2025-12-13,Desktop,Instagram,12.84,9,No
3366,641,2023-03-27,Mobile,Email,34.86,8,Yes
3367,2370,2025-02-05,Mobile,Organic,39.77,7,No
3368,269,2024-06-22,Tablet,Email,17.81,7,No
3369,2300,2024-12-19,Desktop,Facebook,35.84,1,No
3370,1241,2024-07-24,Tablet,Facebook,21.03,9,Yes
3371,1611,2025-02-12,Desktop,Facebook,20.58,15,No
3372,4865,2024-06-23,Tablet,Instagram,30.56,11,No
3373,1078,2023-06-14,Tablet,Facebook,7.21,13,Yes
3374,2573,2024-07-09,Desktop,Email,31.55,10,No
3375,2823,2025-12-27,Desktop,Google Ads,11.44,2,No
3376,505,2025-06-07,Mobile,Organic,33.86,7,No
3377,3156,2025-11-23,Mobile,Instagram,44.98,8,No
3378,1711,2023-01-07,Tablet,Google Ads,11.77,6,No
3379,3043,2026-09-04,Tablet,Google Ads,33.77,6,Yes
3380,1762,2023-09-29,Desktop,Referral,43.15,9,Yes
3381,2673,2023-02-08,Desktop,Organic,19.18,6,No
3382,557,2026-10-06,Mobile,Instagram,16.87,4,No
3383,4596,2026-05-12,Tablet,Instagram,6.92,5,No
3384,3552,2025-04-10,Mobile,Facebook,44.97,14,No
3385,3511,2026-09-22,Tablet,Organic,4.82,15,No
3386,97,2024-12-31,Desktop,Direct,11.43,10,No
3387,4477,2026-04-09,Desktop,Referral,23.63,2,No
3388,1691,2026-09-27,Mobile,Instagram,3.72,12,No
3389,1537,2024-04-29,Tablet,Facebook,42.43,15,No
3390,3231,2025-09-18,Desktop,Direct,15.56,2,No
3391,3279,2023-08-04,Tablet,Referral,14.12,5,Yes
3392,4510,2024-01-06,Tablet,Direct,11.01,9,No
3393,3784,2026-06-09,Desktop,Referral,32.02,4,No
3394,1095,2023-08-18,Mobile,Email,28.12,1,No
3395,1110,2023-11-10,Mobile,Referral,34.35,1,No
3396,4910,2023-05-23,Desktop,Referral,31.81,10,No
3397,2775,2025-01-31,Desktop,Facebook,9.82,5,No
3398,966,2024-05-22,Tablet,Facebook,28.81,13,Yes
3399,1632,2023-05-02,Tablet,Instagram,24.54,7,No
3400,2774,2026-12-02,Mobile,Referral,41.17,12,Yes
3401,1363,2023-12-29,Desktop,Facebook,7.87,15,Yes
3402,3881,2023-12-19,Mobile,Google Ads,24.6,14,No
3403,503,2023-07-16,Desktop,Direct,11.86,3,No
3404,4491,2026-05-07,Tablet,Facebook,37.63,15,Yes
3405,2778,2024-11-16,Mobile,Organic,16.76,2,No
3406,732,2026-08-10,Tablet,Referral,41.26,14,Yes
3407,2105,2026-11-05,Desktop,Facebook,25.29,11,No
3408,1073,2026-01-01,Mobile,Email,41.85,4,Yes
3409,4456,2023-01-27,Desktop,Google Ads,36.42,15,No
3410,605,2023-04-02,Tablet,Instagram,18.61,4,No
3411,1738,2026-06-02,Mobile,Instagram,17.3,13,Yes
3412,3912,2025-02-08,Tablet,Referral,32.61,3,No
3413,726,2023-10-26,Tablet,Email,25.77,14,No
3414,3565,2024-01-12,Desktop,Email,36.52,7,No
3415,256,2023-01-09,Mobile,Instagram,35.98,11,No
3416,1645,2025-06-19,Desktop,Email,30.85,13,No
3417,4357,2026-03-07,Mobile,Facebook,28.21,2,No
3418,98,2026-04-18,Tablet,Email,7.45,14,No
3419,3808,2023-03-28,Desktop,Email,36.36,7,No
3420,561,2024-10-04,Mobile,Email,37.68,13,No
3421,3810,2025-05-21,Mobile,Organic,11.65,10,No
3422,3634,2024-05-28,Tablet,Instagram,41.34,12,No
3423,1119,2024-10-13,Tablet,Email,14.18,3,No
3424,2506,2024-07-16,Tablet,Organic,28.04,1,No
3425,2289,2023-04-03,Tablet,Direct,31.15,2,No
3426,1965,2024-12-24,Mobile,Organic,32.22,5,No
3427,1766,2026-09-06,Desktop,Organic,34.14,10,No
3428,4227,2026-11-22,Desktop,Organic,15.6,8,No
3429,3219,2026-02-02,Tablet,Referral,10.59,11,Yes
3430,4938,2025-08-02,Tablet,Google Ads,44.52,10,No
3431,3971,2026-12-01,Desktop,Organic,11.26,13,No
3432,2538,2023-09-29,Desktop,Direct,9.58,11,No
3433,4338,2025-10-27,Mobile,Facebook,28.58,10,No
3434,700,2025-02-08,Mobile,Instagram,12.57,14,No
3435,2457,2026-06-02,Tablet,Direct,8.83,15,No
3436,3732,2023-09-25,Desktop,Referral,30.61,11,No
3437,3586,2023-12-29,Desktop,Google Ads,25.45,9,No
3438,4955,2025-05-17,Desktop,Facebook,1.4,11,Yes
3439,459,2025-06-22,Tablet,Google Ads,7.27,15,Yes
3440,3806,2026-07-03,Desktop,Google Ads,27.61,3,No
3441,3805,2024-11-22,Desktop,Facebook,38.01,1,No
3442,4768,2025-06-24,Tablet,Organic,4.93,14,Yes
3443,4680,2026-08-15,Desktop,Facebook,28.34,7,No
3444,4893,2024-01-09,Desktop,Direct,10.74,8,No
3445,3125,2024-04-01,Desktop,Email,34.17,7,No
3446,4862,2024-05-10,Tablet,Referral,28.65,5,No
3447,1881,2023-06-10,Mobile,Organic,21.62,11,No
3448,2362,2025-10-25,Mobile,Google Ads,2.54,15,No
3449,1874,2024-07-28,Desktop,Google Ads,24.81,2,Yes
3450,59,2024-04-10,Desktop,Instagram,31.88,5,No
3451,412,2026-09-30,Tablet,Organic,25.14,1,No
3452,703,2024-05-14,Mobile,Facebook,17.23,4,No
3453,1737,2024-12-25,Desktop,Facebook,13.22,10,No
3454,3445,2026-04-09,Desktop,Direct,20.68,5,No
3455,4575,2024-04-28,Mobile,Direct,36.73,4,No
3456,154,2024-11-04,Tablet,Direct,13.02,3,No
3457,4434,2024-03-05,Mobile,Facebook,6.51,5,No
3458,2501,2024-12-02,Tablet,Direct,5.41,7,No
3459,2226,2023-08-24,Desktop,Email,16.03,7,Yes
3460,4529,2025-09-04,Desktop,Google Ads,10.12,10,No
3461,2882,2024-01-03,Tablet,Direct,36.24,6,No
3462,4967,2025-07-25,Desktop,Organic,35.17,3,No
3463,3538,2023-04-06,Mobile,Instagram,5.84,11,No
3464,4914,2026-09-21,Desktop,Referral,43.67,1,No
3465,4396,2026-07-23,Tablet,Instagram,15.38,4,No
3466,4356,2026-09-16,Desktop,Direct,40.69,12,No
3467,2530,2025-10-07,Mobile,Facebook,14.74,14,No
3468,1356,2024-08-30,Mobile,Instagram,14.98,7,Yes
3469,2912,2023-03-10,Desktop,Referral,41.11,2,No
3470,3820,2024-06-22,Mobile,Instagram,43.51,1,Yes
3471,4238,2026-01-02,Mobile,Referral,3.37,12,No
3472,1160,2024-11-09,Desktop,Instagram,27.52,13,Yes
3473,1288,2024-01-11,Tablet,Facebook,3.17,5,No
3474,904,2025-04-26,Desktop,Instagram,35.77,6,No
3475,4985,2024-03-31,Desktop,Google Ads,27.37,5,No
3476,4188,2026-05-03,Tablet,Organic,10.46,14,No
3477,1326,2023-06-07,Tablet,Email,0.91,15,No
3478,3193,2026-06-12,Mobile,Facebook,25.14,4,No
3479,118,2025-04-02,Desktop,Referral,33.78,9,No
3480,3149,2025-01-24,Tablet,Direct,38.7,6,No
3481,3684,2023-07-16,Desktop,Google Ads,39.42,13,No
3482,3668,2026-02-13,Desktop,Google Ads,19.45,10,No
3483,1106,2024-05-09,Tablet,Email,26.52,11,No
3484,4953,2025-10-21,Tablet,Facebook,16.38,10,No
3485,1674,2024-12-22,Mobile,Direct,34.86,14,No
3486,1743,2026-03-05,Mobile,Instagram,44.62,8,No
3487,4489,2024-02-20,Mobile,Direct,26.17,7,No
3488,4516,2024-10-01,Desktop,Email,4.9,13,No
3489,4874,2023-03-06,Desktop,Facebook,34.12,4,No
3490,3066,2025-03-02,Mobile,Referral,34.63,12,No
3491,4147,2024-01-21,Desktop,Email,0.76,14,No
3492,2055,2023-07-21,Tablet,Email,32.19,4,No
3493,1051,2025-10-20,Desktop,Organic,44.5,1,No
3494,2985,2026-06-13,Mobile,Instagram,40.24,7,No
3495,2936,2024-10-28,Mobile,Google Ads,11.01,10,Yes
3496,3232,2023-10-16,Mobile,Direct,27.73,9,Yes
3497,4625,2024-04-22,Tablet,Email,41.62,9,No
3498,4533,2025-09-08,Desktop,Instagram,44.87,1,No
3499,4272,2026-12-06,Mobile,Google Ads,3.25,1,Yes
3500,3240,2024-04-20,Desktop,Facebook,34.42,2,No
3501,815,2025-07-14,Desktop,Instagram,21.06,7,No
3502,4969,2024-10-13,Desktop,Direct,42.81,6,No
3503,3885,2024-07-12,Mobile,Direct,11.07,4,No
3504,1762,2024-12-29,Desktop,Facebook,11.43,1,Yes
3505,861,2023-11-23,Tablet,Email,44.06,6,No
3506,4298,2026-05-17,Mobile,Direct,10.54,13,No
3507,2225,2024-10-22,Tablet,Direct,33.18,9,No
3508,4223,2023-02-17,Desktop,Direct,4.28,13,No
3509,4872,2023-11-05,Mobile,Facebook,42.88,10,No
3510,927,2025-04-02,Mobile,Direct,17.68,9,No
3511,2134,2026-01-14,Desktop,Referral,3.53,6,No
3512,827,2025-01-17,Mobile,Referral,39.77,12,Yes
3513,2983,2024-11-14,Tablet,Facebook,20.66,6,Yes
3514,307,2025-03-25,Tablet,Organic,39.82,11,No
3515,2068,2023-06-11,Desktop,Direct,34.29,15,Yes
3516,2503,2025-11-14,Mobile,Instagram,7.51,6,Yes
3517,4286,2024-06-07,Mobile,Email,36.48,9,Yes
3518,4424,2026-12-06,Mobile,Email,20.7,15,No
3519,393,2023-11-17,Desktop,Email,41.1,7,No
3520,4456,2024-04-04,Tablet,Organic,44.04,10,Yes
3521,2203,2026-05-20,Desktop,Facebook,23.92,9,No
3522,2773,2025-05-22,Tablet,Instagram,32.63,10,No
3523,1961,2026-10-31,Mobile,Email,12.22,12,No
3524,1964,2025-05-22,Tablet,Direct,5.25,14,No
3525,2972,2023-01-02,Desktop,Organic,31.76,2,No
3526,2602,2023-01-12,Mobile,Organic,38.11,15,No
3527,1741,2026-07-27,Mobile,Direct,23.94,7,Yes
3528,4086,2023-01-25,Tablet,Email,13.7,2,Yes
3529,2191,2024-02-01,Desktop,Email,14.06,3,No
3530,388,2025-02-09,Desktop,Direct,22.28,5,No
3531,4118,2023-07-29,Mobile,Google Ads,40.52,6,Yes
3532,2342,2026-03-22,Mobile,Google Ads,34.61,15,No
3533,170,2023-10-28,Desktop,Referral,40.07,11,No
3534,1108,2024-05-30,Tablet,Organic,33.34,3,No
3535,2863,2023-11-08,Mobile,Direct,36.98,11,No
3536,1889,2026-10-06,Mobile,Email,31.29,15,Yes
3537,4363,2024-04-20,Mobile,Email,30.48,2,No
3538,692,2024-07-12,Tablet,Facebook,8.54,5,No
3539,550,2024-04-13,Mobile,Referral,41.99,11,No
3540,4636,2025-07-04,Desktop,Referral,30.08,9,Yes
3541,3894,2025-05-04,Tablet,Direct,21.79,2,No
3542,2791,2025-08-13,Desktop,Instagram,21.03,1,No
3543,3193,2024-01-09,Tablet,Referral,37.27,10,No
3544,4679,2026-07-29,Tablet,Email,21.81,7,No
3545,3232,2024-02-11,Desktop,Referral,9.42,15,No
3546,1303,2025-12-19,Desktop,Organic,42.83,5,No
3547,3095,2024-11-04,Mobile,Google Ads,16.63,6,No
3548,3704,2023-07-17,Desktop,Google Ads,34.77,3,No
3549,860,2025-05-26,Mobile,Email,10.79,8,No
3550,4173,2024-06-04,Mobile,Direct,34.71,12,Yes
3551,4318,2023-06-17,Desktop,Email,10.5,10,No
3552,2123,2025-06-06,Tablet,Instagram,42.02,1,No
3553,1216,2026-06-21,Desktop,Organic,5.64,9,No
3554,4124,2026-05-05,Desktop,Organic,28.15,2,Yes
3555,2599,2025-06-25,Mobile,Email,11.44,4,No
3556,3165,2025-02-25,Tablet,Direct,12.59,13,No
3557,4407,2025-02-27,Mobile,Instagram,12.79,3,Yes
3558,4661,2025-04-01,Mobile,Direct,15.96,2,No
3559,3568,2026-07-31,Mobile,Email,20.24,2,No
3560,1433,2023-05-26,Desktop,Instagram,30.41,13,Yes
3561,2518,2025-06-22,Mobile,Direct,25.86,9,No
3562,4518,2026-10-02,Mobile,Instagram,41.96,5,No
3563,1157,2023-01-11,Tablet,Google Ads,21.31,11,No
3564,2019,2025-12-28,Desktop,Referral,43.86,7,Yes
3565,1722,2025-07-04,Tablet,Google Ads,42.98,15,No
3566,1098,2026-08-13,Tablet,Facebook,10.27,5,No
3567,4226,2026-12-04,Mobile,Google Ads,26.1,7,No
3568,683,2026-01-12,Tablet,Google Ads,13.45,7,No
3569,3627,2024-02-15,Mobile,Referral,5.84,13,No
3570,415,2024-07-10,Mobile,Organic,28.95,15,No
3571,4120,2026-08-16,Mobile,Organic,18.15,3,No
3572,1975,2026-01-01,Tablet,Email,15.83,10,Yes
3573,564,2024-07-01,Mobile,Organic,27.75,6,No
3574,3775,2024-06-28,Tablet,Facebook,32.21,8,No
3575,3271,2023-07-29,Desktop,Referral,24.07,15,No
3576,4361,2025-02-07,Tablet,Email,11.48,12,No
3577,3133,2026-08-10,Desktop,Facebook,19.35,9,No
3578,773,2024-02-18,Desktop,Google Ads,7.9,11,No
3579,4584,2025-10-07,Mobile,Instagram,9.34,13,No
3580,4147,2026-03-07,Desktop,Google Ads,13.72,5,No
3581,3398,2024-07-10,Tablet,Referral,1.07,4,No
3582,4936,2023-11-13,Desktop,Organic,15.95,14,No
3583,1970,2023-04-14,Desktop,Direct,34.47,7,Yes
3584,4595,2026-06-29,Tablet,Organic,39.72,5,No
3585,3369,2026-05-07,Mobile,Direct,16.59,6,No
3586,3124,2025-08-04,Tablet,Email,39.28,3,No
3587,3869,2025-02-25,Desktop,Email,42.19,7,Yes
3588,1325,2023-07-21,Mobile,Google Ads,24.06,3,No
3589,4194,2026-10-27,Tablet,Google Ads,27.34,14,Yes
3590,1419,2026-03-07,Desktop,Organic,41.57,11,No
3591,635,2023-10-07,Mobile,Referral,10.58,7,No
3592,2315,2026-09-20,Desktop,Google Ads,4.57,15,No
3593,2247,2025-11-14,Desktop,Direct,3.22,11,No
3594,4877,2025-07-27,Tablet,Google Ads,27.08,9,Yes
3595,1507,2026-01-25,Tablet,Organic,43.89,11,No
3596,2193,2024-06-15,Desktop,Direct,1.09,7,No
3597,1913,2025-04-09,Desktop,Facebook,30.14,2,No
3598,804,2023-10-09,Tablet,Direct,3.03,4,No
3599,4491,2023-12-28,Mobile,Email,32.66,9,No
3600,3037,2026-05-05,Mobile,Referral,10.17,6,No
3601,4304,2026-01-20,Mobile,Facebook,20.83,7,Yes
3602,973,2023-11-03,Tablet,Referral,30.33,1,No
3603,3504,2025-03-10,Desktop,Instagram,18.74,7,Yes
3604,4316,2026-11-09,Mobile,Facebook,29.43,14,No
3605,4904,2025-05-24,Tablet,Organic,5.68,1,Yes
3606,4561,2026-05-03,Mobile,Organic,16.77,13,No
3607,1040,2025-11-29,Tablet,Google Ads,17.53,7,No
3608,589,2025-07-06,Tablet,Email,7.94,15,No
3609,3154,2023-07-05,Tablet,Referral,39.79,3,No
3610,2340,2025-09-12,Mobile,Instagram,26.51,7,Yes
3611,4054,2026-09-08,Tablet,Organic,34.95,6,No
3612,4139,2024-04-09,Desktop,Facebook,3.57,3,Yes
3613,2509,2025-06-08,Mobile,Email,26.76,15,No
3614,4706,2023-06-12,Desktop,Facebook,0.82,8,No
3615,187,2023-02-28,Mobile,Facebook,15.52,14,No
3616,58,2023-04-30,Mobile,Instagram,21.78,1,Yes
3617,597,2025-01-14,Tablet,Direct,22.63,3,No
3618,3672,2023-05-13,Tablet,Email,3.21,5,No
3619,188,2025-04-24,Desktop,Google Ads,16.45,9,Yes
3620,3625,2026-11-11,Desktop,Google Ads,28.3,3,No
3621,4445,2025-08-10,Desktop,Google Ads,0.68,10,No
3622,3715,2026-01-17,Mobile,Google Ads,19.11,12,Yes
3623,1224,2023-11-15,Desktop,Direct,28.78,9,No
3624,2560,2026-01-04,Desktop,Email,43.76,15,No
3625,1463,2026-10-03,Tablet,Referral,21.43,8,Yes
3626,681,2024-08-18,Mobile,Organic,6.77,11,No
3627,1043,2025-05-21,Desktop,Instagram,20.44,4,Yes
3628,1517,2024-12-19,Tablet,Google Ads,4.71,13,No
3629,2707,2024-10-30,Mobile,Direct,5.25,14,No
3630,912,2025-08-13,Mobile,Direct,22.74,1,No
3631,3431,2026-06-20,Tablet,Email,24.27,4,Yes
3632,4905,2025-07-09,Desktop,Facebook,27.07,11,No
3633,1759,2023-03-15,Desktop,Google Ads,8.57,2,No
3634,2868,2026-01-24,Mobile,Instagram,43.01,11,No
3635,194,2025-09-09,Desktop,Google Ads,15.71,11,No
3636,3142,2026-08-20,Tablet,Organic,30.48,10,No
3637,2051,2023-05-06,Desktop,Facebook,12.83,2,Yes
3638,3869,2024-11-25,Desktop,Direct,12.9,7,No
3639,3473,2023-09-08,Desktop,Google Ads,24.96,8,No
3640,2002,2025-03-13,Tablet,Google Ads,7.24,5,No
3641,1480,2026-09-01,Mobile,Google Ads,30.62,7,No
3642,4543,2026-03-23,Mobile,Organic,24.39,2,Yes
3643,518,2025-12-11,Tablet,Organic,33.45,7,No
3644,3270,2023-07-18,Desktop,Email,37.94,1,No
3645,4348,2024-12-25,Desktop,Facebook,12.77,11,No
3646,293,2026-09-17,Desktop,Instagram,41.73,3,No
3647,623,2025-10-27,Desktop,Instagram,14.63,2,No
3648,1140,2024-12-14,Mobile,Google Ads,2.11,8,Yes
3649,4352,2023-05-23,Desktop,Referral,40.74,6,No
3650,1840,2023-10-12,Mobile,Facebook,3.68,2,No
3651,4908,2023-07-21,Tablet,Direct,33.76,11,No
3652,11,2025-01-30,Mobile,Google Ads,14.18,13,Yes
3653,2429,2023-09-02,Desktop,Referral,44.51,2,No
3654,3325,2025-06-02,Desktop,Direct,39.06,9,No
3655,2103,2026-09-23,Tablet,Referral,33.29,5,No
3656,4563,2025-11-23,Mobile,Referral,14.19,12,No
3657,4154,2025-08-25,Tablet,Google Ads,23.86,4,No
3658,4838,2026-09-27,Desktop,Google Ads,26.76,11,No
3659,2135,2026-09-01,Desktop,Google Ads,32.98,3,No
3660,1379,2024-09-19,Mobile,Referral,21.58,11,No
3661,328,2025-02-23,Tablet,Google Ads,36.49,11,No
3662,2570,2023-09-26,Tablet,Direct,12.33,15,No
3663,3291,2024-03-19,Desktop,Direct,30.33,14,No
3664,1112,2023-06-30,Desktop,Google Ads,11.31,11,No
3665,1540,2023-07-05,Desktop,Facebook,34.04,7,No
3666,3865,2024-07-12,Desktop,Facebook,2.59,7,No
3667,2688,2025-03-24,Tablet,Email,5.54,13,Yes
3668,465,2023-12-25,Desktop,Direct,42.75,5,No
3669,4704,2026-08-17,Mobile,Email,2.16,14,No
3670,982,2024-05-19,Mobile,Instagram,14.12,8,Yes
3671,3944,2024-11-27,Desktop,Referral,5.53,14,No
3672,3498,2025-01-18,Mobile,Google Ads,22.36,14,Yes
3673,1194,2023-11-25,Desktop,Facebook,20.69,5,No
3674,2391,2023-04-05,Desktop,Organic,2.31,15,No
3675,3207,2023-06-25,Tablet,Direct,44.4,9,No
3676,3548,2026-07-02,Tablet,Organic,13.33,4,No
3677,959,2024-06-01,Mobile,Email,24.64,15,No
3678,4869,2026-06-16,Tablet,Referral,32.95,7,No
3679,488,2024-05-10,Desktop,Referral,41.46,10,No
3680,4912,2024-07-21,Tablet,Organic,13.15,8,No
3681,4341,2024-06-27,Tablet,Direct,8.25,2,No
3682,2587,2023-01-18,Tablet,Google Ads,9.22,2,No
3683,3212,2024-09-21,Desktop,Facebook,18.86,11,No
3684,2498,2024-11-19,Mobile,Google Ads,2.86,7,No
3685,3281,2026-01-30,Mobile,Email,3.25,1,No
3686,2122,2025-10-20,Desktop,Email,9.99,11,No
3687,2978,2026-12-01,Desktop,Organic,10.39,13,No
3688,1402,2026-07-18,Mobile,Organic,13.84,12,No
3689,4224,2023-06-27,Tablet,Instagram,33.14,11,No
3690,4235,2026-04-28,Tablet,Instagram,42.49,6,No
3691,4161,2023-10-05,Mobile,Facebook,8.53,11,No
3692,797,2026-03-19,Desktop,Organic,34.96,12,No
3693,4485,2025-05-15,Desktop,Email,31.04,12,No
3694,4898,2024-09-02,Desktop,Organic,18.11,15,No
3695,959,2026-09-13,Desktop,Referral,27.44,13,No
3696,2560,2026-10-26,Tablet,Email,27.7,7,No
3697,1473,2023-09-06,Desktop,Instagram,29.07,1,No
3698,308,2024-11-07,Tablet,Direct,42.95,10,No
3699,2373,2024-09-15,Tablet,Facebook,14.02,6,No
3700,4601,2025-08-25,Desktop,Facebook,40.47,5,No
3701,785,2023-04-26,Tablet,Organic,0.8,5,No
3702,3584,2025-03-22,Tablet,Organic,34.11,12,No
3703,2495,2025-06-06,Desktop,Referral,28.91,14,No
3704,3739,2024-11-15,Tablet,Google Ads,20.79,6,Yes
3705,2895,2023-07-07,Tablet,Instagram,37.88,8,No
3706,2321,2025-06-13,Mobile,Google Ads,17.28,6,No
3707,1628,2023-07-04,Desktop,Facebook,33.08,6,No
3708,542,2024-10-27,Tablet,Direct,27.83,5,No
3709,2875,2024-09-10,Tablet,Instagram,26.7,5,No
3710,2705,2025-07-24,Tablet,Google Ads,34.33,11,No
3711,2523,2025-09-02,Mobile,Email,22.43,7,No
3712,4264,2023-11-12,Tablet,Facebook,7.36,2,No
3713,2403,2023-03-18,Desktop,Direct,20.13,4,No
3714,2474,2025-04-27,Tablet,Google Ads,19.64,12,No
3715,3557,2025-08-15,Desktop,Email,25.03,1,No
3716,3939,2023-06-16,Mobile,Instagram,26.8,2,No
3717,4000,2026-06-13,Desktop,Email,30.39,13,No
3718,1348,2026-12-09,Tablet,Referral,6.15,15,No
3719,438,2023-02-07,Desktop,Google Ads,26.41,15,Yes
3720,1743,2023-09-10,Mobile,Direct,5.99,6,No
3721,3066,2023-12-06,Desktop,Instagram,29.1,2,No
3722,2353,2025-09-22,Desktop,Organic,9.95,3,No
3723,4374,2026-12-21,Mobile,Facebook,14.55,11,No
3724,1164,2025-10-16,Mobile,Organic,9.3,5,No
3725,1069,2026-09-28,Mobile,Facebook,16.12,5,No
3726,4256,2026-11-17,Mobile,Facebook,38.29,8,No
3727,575,2023-12-28,Mobile,Direct,31.05,8,Yes
3728,4993,2026-04-23,Tablet,Instagram,28.03,9,Yes
3729,4073,2025-06-30,Desktop,Email,43.27,15,Yes
3730,225,2025-03-21,Mobile,Instagram,33.43,7,No
3731,4369,2026-09-02,Mobile,Instagram,24.08,8,No
3732,1447,2026-11-10,Desktop,Facebook,6.12,4,No
3733,3647,2026-11-16,Mobile,Referral,38.17,11,Yes
3734,3854,2025-03-29,Desktop,Google Ads,37.99,5,No
3735,1043,2026-12-23,Tablet,Google Ads,16.0,7,No
3736,12,2026-07-21,Tablet,Google Ads,9.7,6,No
3737,3948,2024-09-13,Tablet,Direct,39.65,14,No
3738,4083,2026-09-07,Tablet,Direct,13.73,4,No
3739,3916,2026-05-22,Desktop,Instagram,41.01,10,No
3740,3093,2025-01-27,Mobile,Organic,14.31,9,No
3741,2368,2026-10-29,Tablet,Email,31.81,15,No
3742,304,2024-12-31,Tablet,Referral,30.33,8,No
3743,1482,2023-11-29,Tablet,Email,42.74,5,No
3744,4089,2024-02-02,Desktop,Instagram,41.74,14,No
3745,1747,2023-03-27,Desktop,Google Ads,31.23,4,No
3746,4391,2024-02-27,Tablet,Facebook,39.17,5,No
3747,4324,2025-03-13,Tablet,Google Ads,32.06,14,No
3748,3064,2023-08-09,Desktop,Referral,9.17,11,No
3749,2420,2023-07-02,Tablet,Email,20.63,7,No
3750,2148,2026-09-01,Tablet,Google Ads,44.79,15,No
3751,3592,2023-12-26,Mobile,Referral,42.2,6,Yes
3752,4605,2025-02-20,Mobile,Google Ads,15.83,6,No
3753,4825,2024-07-24,Tablet,Organic,30.03,14,No
3754,294,2025-04-11,Desktop,Referral,17.16,15,No
3755,555,2025-12-29,Tablet,Google Ads,25.42,11,No
3756,2450,2024-04-04,Desktop,Direct,13.61,3,No
3757,8,2024-05-29,Mobile,Facebook,20.62,2,No
3758,4009,2024-10-04,Tablet,Google Ads,26.73,6,No
3759,3449,2026-10-26,Tablet,Instagram,34.7,6,No
3760,560,2023-10-11,Tablet,Instagram,2.18,2,No
3761,2231,2026-09-04,Mobile,Referral,11.3,15,Yes
3762,4819,2025-07-03,Mobile,Email,17.46,4,No
3763,158,2025-01-04,Desktop,Referral,36.18,10,No
3764,3623,2023-12-24,Desktop,Instagram,9.24,12,No
3765,4666,2024-04-01,Tablet,Direct,30.78,3,No
3766,4388,2026-12-03,Desktop,Email,12.79,13,No
3767,2879,2025-05-18,Desktop,Organic,21.37,8,No
3768,3687,2023-08-17,Desktop,Referral,0.53,14,Yes
3769,4656,2026-07-21,Tablet,Facebook,3.41,4,No
3770,3752,2025-12-19,Tablet,Direct,11.89,14,No
3771,2372,2026-03-19,Tablet,Google Ads,41.42,5,Yes
3772,3910,2024-02-21,Desktop,Email,8.12,4,Yes
3773,4169,2025-09-20,Mobile,Direct,43.58,11,No
3774,4857,2024-08-07,Desktop,Organic,25.98,15,No
3775,1476,2026-07-30,Desktop,Direct,41.91,1,No
3776,1300,2023-01-07,Tablet,Instagram,29.3,13,No
3777,2529,2025-05-04,Tablet,Organic,27.96,10,No
3778,2596,2023-07-19,Mobile,Email,25.26,7,No
3779,3139,2026-03-30,Desktop,Instagram,3.58,4,No
3780,789,2025-10-29,Mobile,Instagram,2.07,2,No
3781,2610,2026-01-21,Mobile,Direct,40.87,1,No
3782,117,2023-09-07,Mobile,Direct,2.37,11,No
3783,2036,2025-03-14,Mobile,Instagram,16.01,4,No
3784,4479,2024-06-21,Tablet,Facebook,24.74,7,Yes
3785,3578,2026-09-23,Tablet,Referral,19.27,7,Yes
3786,2247,2026-06-08,Tablet,Organic,37.85,10,No
3787,2238,2025-09-11,Desktop,Google Ads,15.81,15,No
3788,700,2024-09-22,Tablet,Organic,29.88,14,Yes
3789,333,2024-07-13,Tablet,Organic,39.16,11,No
3790,149,2025-08-05,Mobile,Referral,17.78,7,No
3791,2226,2025-02-12,Tablet,Organic,0.62,5,No
3792,48,2024-06-16,Mobile,Facebook,30.84,9,No
3793,4321,2026-09-20,Mobile,Google Ads,32.25,4,No
3794,2430,2026-01-01,Desktop,Facebook,16.24,10,No
3795,4416,2023-09-19,Tablet,Facebook,12.89,2,No
3796,1257,2025-11-14,Mobile,Direct,14.75,6,No
3797,480,2026-03-26,Desktop,Instagram,23.38,11,No
3798,2440,2023-07-16,Desktop,Email,21.94,7,No
3799,4030,2025-05-05,Desktop,Referral,1.06,12,No
3800,4340,2024-01-02,Desktop,Organic,19.51,10,No
3801,1165,2023-04-23,Mobile,Referral,26.79,14,No
3802,940,2024-03-19,Mobile,Google Ads,20.11,2,No
3803,2099,2023-06-22,Tablet,Instagram,21.83,3,No
3804,2629,2023-03-15,Mobile,Instagram,11.36,5,No
3805,589,2025-11-21,Mobile,Instagram,0.62,12,No
3806,4964,2024-05-12,Desktop,Facebook,11.55,8,No
3807,595,2023-12-12,Desktop,Organic,43.8,5,No
3808,2338,2024-02-04,Tablet,Organic,15.65,2,No
3809,958,2026-09-27,Mobile,Referral,19.01,10,No
3810,3256,2026-10-07,Desktop,Facebook,37.97,1,No
3811,4876,2024-09-07,Tablet,Organic,26.87,8,No
3812,3723,2023-09-20,Mobile,Referral,41.77,4,No
3813,2652,2025-04-06,Mobile,Referral,7.49,8,No
3814,2832,2026-10-11,Tablet,Facebook,42.69,11,No
3815,3661,2025-01-21,Mobile,Referral,4.49,2,No
3816,1142,2024-09-05,Desktop,Google Ads,31.14,11,No
3817,1173,2025-06-18,Tablet,Email,14.16,6,No
3818,4441,2023-09-03,Mobile,Instagram,4.02,3,No
3819,2405,2026-03-20,Desktop,Organic,2.78,14,No
3820,874,2026-10-19,Mobile,Direct,19.01,10,No
3821,4546,2024-04-07,Tablet,Google Ads,17.51,8,No
3822,4599,2023-07-05,Tablet,Instagram,26.0,7,Yes
3823,4849,2023-02-03,Mobile,Email,41.85,1,No
3824,4462,2025-02-09,Desktop,Facebook,13.19,8,No
3825,1702,2024-03-25,Tablet,Referral,8.08,14,No
3826,4312,2025-09-07,Mobile,Google Ads,1.55,5,No
3827,2539,2025-11-03,Desktop,Referral,39.44,11,No
3828,1754,2025-06-28,Tablet,Google Ads,8.82,8,No
3829,802,2026-02-28,Tablet,Referral,25.23,3,No
3830,496,2025-07-03,Desktop,Facebook,22.73,11,No
3831,150,2024-07-19,Desktop,Referral,32.6,2,No
3832,3588,2023-11-13,Desktop,Google Ads,30.62,15,Yes
3833,4872,2023-03-26,Tablet,Referral,18.58,7,Yes
3834,2573,2025-06-02,Desktop,Facebook,38.27,6,No
3835,4496,2023-03-21,Tablet,Email,39.89,12,No
3836,4582,2026-09-14,Desktop,Google Ads,18.58,3,No
3837,1325,2025-08-05,Tablet,Organic,33.31,12,No
3838,3061,2025-02-25,Mobile,Instagram,18.77,14,Yes
3839,2590,2023-07-25,Mobile,Google Ads,27.18,10,No
3840,3915,2024-01-06,Tablet,Instagram,21.05,15,Yes
3841,4347,2024-10-08,Desktop,Instagram,14.45,7,Yes
3842,537,2023-08-19,Tablet,Email,2.76,8,No
3843,2756,2025-08-04,Tablet,Organic,4.72,2,Yes
3844,118,2024-12-19,Tablet,Google Ads,14.76,14,No
3845,3358,2024-03-24,Desktop,Instagram,39.65,3,No
3846,4018,2023-09-06,Desktop,Facebook,35.6,9,No
3847,2208,2026-10-08,Desktop,Instagram,33.59,9,No
3848,1190,2025-12-11,Desktop,Google Ads,38.48,3,No
3849,3375,2026-02-26,Tablet,Google Ads,14.11,7,No
3850,3012,2023-11-14,Mobile,Facebook,2.32,6,No
3851,3584,2023-01-23,Tablet,Referral,6.97,7,No
3852,33,2026-09-09,Mobile,Instagram,30.15,10,Yes
3853,382,2024-07-23,Mobile,Facebook,13.64,6,Yes
3854,2133,2026-04-07,Tablet,Instagram,29.0,9,No
3855,1179,2026-04-22,Desktop,Facebook,18.61,12,No
3856,4524,2026-03-12,Mobile,Google Ads,40.21,1,No
3857,1729,2026-03-04,Desktop,Direct,8.61,11,No
3858,3771,2025-11-22,Mobile,Google Ads,8.58,6,No
3859,844,2025-04-19,Tablet,Direct,30.13,8,No
3860,387,2026-04-25,Tablet,Facebook,32.78,13,No
3861,2010,2023-05-11,Desktop,Referral,37.74,7,No
3862,2143,2025-02-13,Mobile,Google Ads,28.67,4,No
3863,3374,2024-02-09,Desktop,Email,38.05,11,No
3864,4485,2023-04-12,Desktop,Instagram,30.26,6,No
3865,269,2026-03-18,Desktop,Email,43.1,2,No
3866,2598,2024-10-02,Desktop,Email,38.25,12,No
3867,4470,2024-11-27,Tablet,Facebook,11.31,1,No
3868,4571,2026-09-14,Desktop,Instagram,5.7,4,No
3869,1161,2023-07-24,Tablet,Email,20.95,11,No
3870,3573,2023-09-12,Tablet,Facebook,3.59,15,No
3871,3300,2024-03-29,Tablet,Google Ads,25.66,9,No
3872,1754,2023-08-05,Desktop,Google Ads,9.45,15,No
3873,149,2023-01-01,Desktop,Referral,25.63,12,No
3874,659,2024-03-01,Mobile,Organic,16.99,8,No
3875,1670,2024-03-30,Tablet,Instagram,35.65,14,No
3876,3395,2025-05-25,Mobile,Facebook,6.14,10,No
3877,4183,2024-05-02,Desktop,Direct,22.25,7,Yes
3878,3670,2025-05-08,Mobile,Instagram,12.4,13,No
3879,1488,2025-05-07,Mobile,Instagram,16.41,12,No
3880,602,2025-11-23,Mobile,Instagram,39.13,13,No
3881,4069,2024-03-17,Mobile,Organic,5.59,9,No
3882,4714,2024-04-24,Tablet,Direct,33.96,1,Yes
3883,3057,2024-12-05,Mobile,Google Ads,35.05,15,No
3884,3991,2023-11-24,Mobile,Referral,30.53,14,No
3885,1925,2025-05-04,Desktop,Facebook,21.74,12,No
3886,2740,2024-05-15,Mobile,Facebook,11.35,5,Yes
3887,244,2024-07-07,Desktop,Google Ads,30.7,2,No
3888,1296,2026-12-30,Mobile,Organic,8.29,5,No
3889,854,2024-06-01,Mobile,Google Ads,11.59,12,No
3890,4063,2026-06-22,Desktop,Facebook,38.11,9,No
3891,4238,2026-07-13,Desktop,Direct,32.91,3,No
3892,761,2024-05-10,Mobile,Google Ads,29.33,10,No
3893,1226,2023-09-13,Mobile,Email,32.51,8,No
3894,4612,2025-08-04,Mobile,Facebook,10.63,3,No
3895,2041,2023-09-26,Tablet,Organic,34.15,7,No
3896,4509,2023-05-14,Desktop,Email,25.9,10,Yes
3897,4970,2024-11-21,Desktop,Facebook,21.4,12,Yes
3898,1375,2024-04-28,Desktop,Google Ads,20.17,1,No
3899,1233,2023-01-24,Mobile,Direct,20.84,1,No
3900,1525,2026-11-22,Tablet,Direct,3.45,2,No
3901,530,2023-04-30,Desktop,Referral,29.39,7,No
3902,1818,2023-11-30,Mobile,Referral,34.26,7,No
3903,4807,2023-03-31,Desktop,Facebook,18.17,7,No
3904,3974,2024-06-02,Tablet,Direct,6.61,11,No
3905,3662,2025-10-02,Desktop,Google Ads,11.26,2,No
3906,1672,2024-04-28,Tablet,Email,18.08,6,Yes
3907,4298,2026-05-28,Mobile,Facebook,34.15,5,No
3908,3547,2025-11-18,Desktop,Direct,31.05,6,No
3909,4863,2023-12-08,Mobile,Direct,20.06,5,No
3910,296,2026-09-05,Desktop,Organic,22.67,13,Yes
3911,464,2025-05-15,Desktop,Referral,6.94,15,No
3912,4854,2024-01-07,Desktop,Organic,34.35,4,Yes
3913,126,2025-01-20,Mobile,Organic,19.39,10,Yes
3914,2636,2024-01-19,Desktop,Instagram,36.38,8,No
3915,4464,2025-01-12,Desktop,Referral,5.17,5,No
3916,1994,2025-04-25,Desktop,Direct,41.79,13,No
3917,4422,2025-05-04,Tablet,Email,2.56,11,No
3918,4770,2025-09-27,Tablet,Referral,15.22,3,No
3919,1493,2025-07-14,Mobile,Google Ads,34.37,15,No
3920,3631,2024-09-06,Desktop,Email,23.76,10,No
3921,3043,2023-01-25,Tablet,Direct,6.94,15,Yes
3922,3910,2023-12-31,Desktop,Organic,40.22,4,No
3923,3403,2024-05-17,Mobile,Facebook,0.8,6,Yes
3924,4343,2023-12-18,Mobile,Email,20.25,11,No
3925,3095,2024-10-06,Desktop,Referral,10.53,7,No
3926,3908,2026-06-07,Desktop,Facebook,4.8,2,No
3927,4613,2023-10-26,Desktop,Organic,9.18,12,Yes
3928,3300,2024-01-28,Desktop,Referral,28.72,1,No
3929,4598,2026-05-08,Desktop,Email,38.08,9,No
3930,3972,2023-11-30,Mobile,Google Ads,22.6,5,Yes
3931,3932,2023-03-24,Tablet,Email,19.0,2,No
3932,3612,2024-04-18,Tablet,Email,38.38,9,Yes
3933,1431,2026-05-28,Tablet,Referral,1.52,5,No
3934,3834,2026-02-04,Mobile,Google Ads,34.4,10,No
3935,690,2024-05-29,Tablet,Instagram,26.62,4,Yes
3936,2603,2023-04-20,Mobile,Instagram,2.34,7,No
3937,2070,2024-11-02,Mobile,Referral,23.87,4,No
3938,199,2023-01-30,Desktop,Instagram,37.2,9,Yes
3939,686,2024-07-13,Mobile,Google Ads,3.84,4,No
3940,4725,2026-07-19,Desktop,Organic,18.16,7,No
3941,4776,2026-07-12,Mobile,Direct,35.56,8,No
3942,2746,2026-09-07,Desktop,Email,9.9,14,No
3943,980,2026-09-02,Mobile,Instagram,2.61,10,No
3944,1914,2026-10-17,Tablet,Facebook,4.46,4,No
3945,21,2023-04-01,Tablet,Email,11.16,1,Yes
3946,1314,2026-09-04,Desktop,Facebook,8.41,9,No
3947,935,2026-03-14,Desktop,Email,32.95,8,No
3948,3713,2023-06-02,Mobile,Facebook,22.16,3,No
3949,191,2024-02-20,Desktop,Email,20.48,15,No
3950,1214,2026-02-15,Desktop,Facebook,4.33,1,No
3951,722,2024-10-23,Desktop,Organic,41.74,10,No
3952,3501,2024-07-16,Desktop,Google Ads,9.97,6,No
3953,4287,2023-12-03,Desktop,Email,22.92,7,No
3954,3802,2025-01-09,Mobile,Organic,5.15,13,No
3955,1494,2026-05-15,Mobile,Referral,41.14,8,No
3956,4170,2023-06-08,Desktop,Facebook,21.68,11,No
3957,51,2026-11-10,Mobile,Organic,9.26,9,No
3958,3817,2025-10-18,Tablet,Email,23.39,2,Yes
3959,1509,2024-10-24,Tablet,Organic,7.88,13,No
3960,4088,2024-04-01,Desktop,Google Ads,18.21,13,No
3961,1433,2024-10-20,Tablet,Referral,19.03,5,No
3962,2377,2023-11-16,Tablet,Direct,15.05,6,No
3963,304,2023-08-25,Tablet,Referral,4.31,10,No
3964,2683,2023-04-05,Tablet,Email,33.21,14,No
3965,1443,2023-03-18,Tablet,Referral,29.01,4,No
3966,723,2026-05-05,Desktop,Direct,29.1,13,No
3967,786,2025-03-14,Tablet,Facebook,43.6,7,Yes
3968,3538,2024-02-06,Desktop,Email,0.95,5,No
3969,4669,2025-10-06,Mobile,Referral,13.08,14,No
3970,1394,2023-09-07,Mobile,Email,2.27,3,No
3971,3820,2024-08-14,Desktop,Email,43.0,9,No
3972,3715,2023-03-24,Tablet,Instagram,24.92,3,No
3973,1636,2025-05-27,Mobile,Email,13.62,8,Yes
3974,3297,2026-07-03,Mobile,Email,28.43,8,Yes
3975,2462,2024-06-13,Tablet,Google Ads,11.1,9,No
3976,3885,2026-08-28,Desktop,Organic,30.7,7,No
3977,1241,2024-02-02,Mobile,Organic,38.68,1,No
3978,1654,2023-04-26,Mobile,Google Ads,10.43,10,No
3979,4659,2025-09-15,Mobile,Organic,23.82,7,No
3980,1907,2026-03-08,Desktop,Organic,1.49,7,No
3981,4378,2023-06-02,Desktop,Referral,11.17,4,No
3982,3146,2023-06-26,Tablet,Direct,37.92,14,No
3983,503,2023-12-04,Mobile,Email,3.19,1,Yes
3984,1573,2023-09-24,Tablet,Referral,32.61,1,No
3985,2950,2025-11-28,Tablet,Facebook,25.48,3,No
3986,3698,2025-03-06,Tablet,Instagram,0.68,7,No
3987,2304,2025-04-21,Mobile,Facebook,1.2,7,No
3988,3045,2023-03-24,Mobile,Direct,11.87,14,No
3989,90,2025-05-05,Tablet,Referral,39.77,3,No
3990,2724,2024-05-10,Mobile,Email,18.89,14,No
3991,3236,2026-03-02,Desktop,Instagram,25.1,5,No
3992,2525,2025-09-12,Desktop,Email,6.96,2,No
3993,509,2025-09-26,Mobile,Email,25.77,4,No
3994,4417,2024-11-30,Tablet,Email,19.82,4,No
3995,4024,2023-08-25,Desktop,Referral,8.49,12,No
3996,3895,2023-01-12,Mobile,Google Ads,25.82,15,No
3997,3007,2025-12-13,Tablet,Referral,6.37,6,No
3998,550,2024-04-16,Mobile,Direct,43.65,15,No
3999,967,2024-04-06,Mobile,Facebook,43.66,3,No
4000,1010,2023-08-29,Mobile,Organic,3.15,3,No
4001,785,2025-03-15,Tablet,Email,20.0,6,No
4002,3450,2026-02-09,Tablet,Facebook,40.43,8,No
4003,3191,2024-03-14,Desktop,Direct,6.51,4,No
4004,799,2026-08-15,Tablet,Direct,8.1,13,No
4005,1346,2024-05-14,Tablet,Direct,21.75,9,No
4006,2411,2024-04-10,Desktop,Instagram,4.55,2,No
4007,251,2025-01-16,Tablet,Email,29.97,13,No
4008,1899,2024-06-27,Mobile,Facebook,40.7,15,No
4009,91,2024-08-23,Desktop,Organic,42.44,4,No
4010,4862,2026-12-03,Mobile,Facebook,34.41,7,No
4011,4589,2024-11-12,Tablet,Direct,21.92,14,No
4012,3134,2023-02-20,Desktop,Referral,1.33,11,No
4013,4203,2023-04-03,Mobile,Email,27.83,5,No
4014,2186,2023-04-02,Mobile,Facebook,6.94,6,No
4015,430,2023-05-22,Tablet,Instagram,35.26,15,No
4016,3770,2023-12-12,Desktop,Email,29.51,9,No
4017,319,2023-10-20,Mobile,Instagram,34.06,10,No
4018,3543,2023-08-04,Desktop,Email,7.46,1,No
4019,4372,2026-02-01,Desktop,Facebook,37.47,7,No
4020,1152,2023-09-18,Mobile,Facebook,15.62,5,No
4021,4936,2025-07-06,Mobile,Referral,23.9,1,No
4022,4092,2024-02-13,Tablet,Instagram,27.03,1,No
4023,197,2024-09-03,Tablet,Instagram,27.61,4,Yes
4024,3040,2025-02-07,Desktop,Organic,38.52,10,No
4025,4156,2024-12-20,Desktop,Facebook,26.87,3,No
4026,3376,2024-06-23,Mobile,Facebook,1.17,15,No
4027,2503,2024-09-01,Desktop,Direct,4.83,11,Yes
4028,2091,2026-09-26,Tablet,Referral,41.32,5,No
4029,1299,2024-04-14,Desktop,Email,16.43,12,No
4030,2893,2024-06-03,Mobile,Direct,17.44,1,No
4031,2337,2025-01-02,Tablet,Google Ads,29.11,12,No
4032,488,2023-11-08,Desktop,Facebook,15.02,4,Yes
4033,679,2023-09-09,Mobile,Referral,32.73,2,No
4034,2236,2025-06-19,Desktop,Instagram,24.79,13,Yes
4035,1959,2024-06-27,Tablet,Instagram,14.85,8,Yes
4036,1174,2024-10-24,Desktop,Google Ads,30.49,12,No
4037,1994,2024-02-25,Mobile,Email,30.32,1,No
4038,2899,2026-12-18,Mobile,Facebook,18.42,7,Yes
4039,4157,2026-01-12,Desktop,Google Ads,12.18,10,No
4040,1859,2024-01-09,Desktop,Direct,23.45,9,No
4041,2768,2024-08-31,Tablet,Google Ads,44.6,14,No
4042,3348,2025-12-23,Desktop,Instagram,25.93,5,No
4043,2658,2023-11-22,Tablet,Instagram,18.27,9,No
4044,15,2025-08-22,Tablet,Instagram,19.18,9,Yes
4045,4284,2026-11-21,Desktop,Email,3.22,5,No
4046,2506,2023-08-01,Tablet,Facebook,22.8,13,No
4047,2888,2023-05-25,Desktop,Google Ads,12.61,6,Yes
4048,4335,2024-10-26,Tablet,Instagram,7.94,5,Yes
4049,4064,2025-09-03,Mobile,Organic,34.82,7,No
4050,2271,2025-01-19,Tablet,Facebook,31.88,12,No
4051,4502,2026-01-30,Tablet,Google Ads,31.71,3,No
4052,4312,2025-09-17,Mobile,Facebook,25.78,11,No
4053,3557,2025-01-25,Mobile,Direct,29.96,6,No
4054,3980,2023-05-06,Mobile,Instagram,35.22,8,No
4055,47,2026-10-27,Mobile,Google Ads,38.44,14,No
4056,2103,2024-09-04,Tablet,Direct,25.22,7,Yes
4057,3213,2023-12-18,Desktop,Facebook,36.94,9,No
4058,4316,2025-05-12,Tablet,Referral,28.4,4,No
4059,3143,2025-06-14,Tablet,Organic,20.92,2,Yes
4060,2892,2024-01-08,Desktop,Direct,37.33,6,No
4061,859,2025-09-11,Desktop,Facebook,41.15,13,No
4062,4387,2023-08-20,Desktop,Facebook,12.66,8,No
4063,3502,2026-08-08,Mobile,Facebook,41.58,12,Yes
4064,2582,2025-04-06,Tablet,Facebook,44.37,6,No
4065,2350,2024-04-15,Tablet,Instagram,6.04,4,No
4066,1311,2025-05-14,Mobile,Instagram,25.13,10,No
4067,148,2026-05-21,Tablet,Organic,14.99,5,No
4068,4000,2025-04-20,Desktop,Email,22.36,13,No
4069,2376,2026-11-18,Tablet,Email,3.44,13,No
4070,129,2026-10-09,Mobile,Organic,20.24,15,No
4071,4518,2023-06-29,Desktop,Instagram,22.54,2,No
4072,2320,2023-04-07,Desktop,Google Ads,31.87,12,No
4073,4022,2026-10-10,Mobile,Instagram,37.11,7,No
4074,2363,2026-08-12,Tablet,Email,16.91,1,No
4075,3728,2025-08-21,Tablet,Direct,2.77,11,No
4076,1691,2025-01-18,Desktop,Referral,11.67,1,No
4077,1726,2025-12-23,Tablet,Email,8.29,1,No
4078,3427,2025-09-07,Desktop,Referral,14.38,13,No
4079,3651,2025-06-07,Mobile,Instagram,16.7,3,No
4080,3954,2025-07-10,Tablet,Direct,43.22,1,No
4081,765,2023-02-08,Desktop,Email,34.95,9,No
4082,3607,2026-08-27,Mobile,Instagram,16.17,9,No
4083,144,2023-07-31,Desktop,Google Ads,12.65,8,No
4084,1860,2025-08-09,Desktop,Instagram,18.03,7,No
4085,2703,2023-02-01,Desktop,Instagram,18.0,11,No
4086,1295,2024-06-20,Tablet,Referral,2.14,2,No
4087,3295,2024-01-23,Desktop,Google Ads,30.17,14,No
4088,1345,2025-09-21,Desktop,Organic,1.85,7,No
4089,4404,2023-09-29,Tablet,Direct,15.09,14,No
4090,1801,2023-12-23,Desktop,Direct,2.25,11,No
4091,3209,2025-06-12,Mobile,Instagram,24.66,15,No
4092,1888,2025-06-20,Mobile,Organic,15.97,4,No
4093,879,2024-12-01,Mobile,Facebook,39.02,12,No
4094,411,2024-02-08,Tablet,Google Ads,35.57,11,Yes
4095,134,2026-08-23,Desktop,Instagram,11.81,3,No
4096,2832,2024-09-23,Mobile,Referral,8.75,2,No
4097,4956,2023-11-08,Desktop,Direct,38.05,10,No
4098,4379,2023-05-24,Mobile,Direct,10.34,10,Yes
4099,1063,2026-12-18,Mobile,Organic,26.99,8,No
4100,2182,2023-05-23,Mobile,Email,28.77,6,No
4101,1394,2023-09-29,Tablet,Referral,17.74,13,No
4102,1641,2023-09-04,Desktop,Referral,8.72,2,No
4103,1005,2025-10-20,Desktop,Referral,8.13,8,No
4104,4383,2023-07-20,Mobile,Facebook,16.55,12,No
4105,2856,2024-09-09,Desktop,Organic,0.96,8,No
4106,3799,2025-05-13,Desktop,Email,22.82,14,No
4107,911,2026-07-17,Desktop,Google Ads,29.59,9,No
4108,2119,2026-04-09,Desktop,Organic,14.29,12,No
4109,3765,2023-06-29,Desktop,Direct,43.73,7,No
4110,897,2024-07-09,Tablet,Instagram,23.14,1,No
4111,939,2024-08-15,Desktop,Direct,33.95,14,No
4112,1169,2024-03-04,Desktop,Direct,42.11,3,No
4113,2289,2024-10-26,Desktop,Referral,27.74,10,No
4114,1348,2026-10-26,Tablet,Organic,7.49,1,No
4115,2757,2023-10-21,Mobile,Instagram,36.86,10,No
4116,4951,2024-10-21,Mobile,Referral,23.78,15,No
4117,4840,2025-10-05,Desktop,Instagram,6.51,12,No
4118,1968,2025-05-26,Mobile,Google Ads,4.75,11,No
4119,4463,2026-04-07,Mobile,Google Ads,36.19,13,No
4120,2207,2024-07-10,Desktop,Direct,4.41,15,Yes
4121,3653,2023-02-02,Desktop,Google Ads,13.97,10,No
4122,1652,2024-04-02,Tablet,Organic,22.23,12,No
4123,361,2024-07-04,Mobile,Instagram,0.62,10,Yes
4124,4533,2023-03-04,Mobile,Referral,4.99,6,No
4125,4877,2026-01-27,Tablet,Referral,34.87,13,No
4126,2106,2026-11-03,Tablet,Email,39.59,12,No
4127,3628,2024-04-23,Mobile,Facebook,24.6,15,Yes
4128,742,2025-08-24,Tablet,Instagram,30.28,7,No
4129,4644,2026-08-05,Tablet,Google Ads,12.48,11,No
4130,4073,2024-02-26,Mobile,Facebook,20.31,2,No
4131,2634,2026-11-30,Mobile,Instagram,17.89,11,Yes
4132,486,2024-05-07,Mobile,Referral,23.86,1,No
4133,3697,2023-07-04,Desktop,Google Ads,33.87,10,No
4134,2833,2023-04-03,Mobile,Facebook,16.28,3,No
4135,3751,2026-11-20,Mobile,Direct,8.14,15,No
4136,3953,2026-06-09,Tablet,Organic,13.55,1,No
4137,4525,2026-08-06,Mobile,Instagram,4.09,4,No
4138,926,2025-08-03,Tablet,Email,36.37,2,No
4139,4272,2026-03-28,Desktop,Email,25.03,3,No
4140,3247,2025-07-08,Desktop,Email,2.17,1,No
4141,3073,2023-11-15,Tablet,Organic,10.24,11,No
4142,2798,2025-12-25,Desktop,Organic,33.2,8,No
4143,4362,2024-01-03,Desktop,Facebook,30.13,15,No
4144,4294,2024-06-17,Tablet,Direct,36.23,2,No
4145,4521,2025-11-11,Tablet,Email,9.95,14,No
4146,2011,2025-09-01,Tablet,Facebook,40.31,3,No
4147,2050,2026-03-24,Desktop,Referral,21.06,14,No
4148,309,2024-03-23,Desktop,Email,32.0,9,No
4149,186,2026-03-17,Tablet,Organic,6.61,6,No
4150,1666,2025-07-03,Tablet,Email,28.33,11,Yes
4151,4359,2024-08-16,Tablet,Organic,36.63,3,No
4152,2422,2023-02-27,Mobile,Instagram,19.16,3,No
4153,3299,2023-01-17,Desktop,Organic,5.09,10,No
4154,1912,2024-10-30,Mobile,Direct,18.81,10,No
4155,4641,2023-06-22,Desktop,Direct,6.72,9,No
4156,2949,2026-01-02,Tablet,Direct,15.82,4,No
4157,4480,2023-12-25,Tablet,Direct,25.63,6,Yes
4158,2842,2024-12-15,Tablet,Referral,12.69,2,No
4159,4895,2023-05-02,Tablet,Organic,17.43,9,No
4160,2103,2025-08-18,Desktop,Google Ads,32.97,2,Yes
4161,2244,2026-12-06,Desktop,Google Ads,9.67,12,No
4162,2436,2026-09-19,Desktop,Referral,40.75,5,No
4163,1278,2024-01-06,Tablet,Organic,5.74,14,No
4164,2883,2025-12-14,Tablet,Direct,4.29,14,No
4165,833,2024-02-20,Mobile,Instagram,3.92,4,No
4166,3814,2025-12-15,Desktop,Facebook,7.98,6,No
4167,4456,2026-05-29,Mobile,Facebook,34.59,14,Yes
4168,4345,2024-01-29,Mobile,Instagram,39.56,10,No
4169,2210,2024-12-29,Tablet,Email,14.83,6,No
4170,4473,2024-10-13,Tablet,Referral,24.42,14,No
4171,2279,2025-06-07,Mobile,Instagram,36.54,12,Yes
4172,1246,2024-05-16,Mobile,Organic,42.78,11,No
4173,3732,2023-04-08,Desktop,Referral,6.12,12,No
4174,1562,2025-03-22,Mobile,Organic,35.56,3,No
4175,2074,2026-06-21,Mobile,Direct,40.51,6,No
4176,1719,2024-06-06,Desktop,Referral,11.39,5,No
4177,3018,2025-05-18,Desktop,Referral,10.56,3,No
4178,995,2023-10-06,Desktop,Google Ads,31.73,1,No
4179,4671,2025-08-20,Tablet,Email,2.4,8,No
4180,2530,2026-01-10,Mobile,Referral,16.86,13,No
4181,823,2024-01-12,Tablet,Instagram,13.88,13,No
4182,4953,2024-03-14,Mobile,Organic,5.82,7,No
4183,152,2025-03-14,Desktop,Direct,5.01,5,No
4184,1762,2023-08-09,Tablet,Direct,22.54,1,No
4185,3828,2023-04-18,Tablet,Google Ads,11.84,5,No
4186,3330,2026-07-18,Tablet,Organic,34.4,6,No
4187,3591,2023-06-08,Tablet,Referral,13.65,4,No
4188,4595,2025-04-18,Mobile,Direct,2.88,2,Yes
4189,4563,2024-07-16,Mobile,Direct,16.65,5,Yes
4190,4309,2023-10-31,Desktop,Google Ads,36.95,7,No
4191,3983,2026-09-15,Tablet,Instagram,21.77,7,No
4192,473,2023-10-03,Tablet,Facebook,21.44,6,No
4193,4330,2023-07-02,Desktop,Referral,27.9,1,No
4194,2538,2026-05-28,Mobile,Referral,35.32,12,No
4195,4688,2023-04-27,Mobile,Instagram,13.79,2,No
4196,3231,2025-08-23,Tablet,Referral,22.58,12,No
4197,1136,2025-11-24,Mobile,Instagram,18.05,6,No
4198,3036,2023-03-04,Desktop,Facebook,39.14,1,No
4199,2136,2026-02-02,Desktop,Google Ads,2.06,5,Yes
4200,1920,2023-01-25,Desktop,Direct,24.55,10,No
4201,2933,2023-10-22,Desktop,Google Ads,27.81,1,Yes
4202,3629,2023-07-04,Tablet,Referral,26.53,11,Yes
4203,77,2025-09-17,Desktop,Google Ads,22.55,7,Yes
4204,3774,2025-02-06,Mobile,Google Ads,28.26,6,No
4205,4829,2024-12-07,Tablet,Instagram,19.2,11,No
4206,4484,2023-06-07,Tablet,Direct,37.62,9,No
4207,1969,2024-10-01,Mobile,Google Ads,12.23,2,No
4208,3310,2026-09-12,Mobile,Email,25.68,4,No
4209,3072,2024-06-14,Tablet,Email,38.7,7,No
4210,231,2024-03-22,Tablet,Google Ads,5.22,3,No
4211,1429,2026-04-28,Mobile,Organic,8.84,5,Yes
4212,1367,2026-01-29,Mobile,Instagram,20.77,11,No
4213,1146,2023-02-23,Desktop,Google Ads,26.26,14,No
4214,2714,2023-02-19,Mobile,Organic,29.04,6,No
4215,2995,2026-08-23,Mobile,Instagram,17.81,9,No
4216,1848,2024-02-28,Mobile,Instagram,8.43,11,No
4217,569,2023-09-27,Mobile,Referral,44.23,5,No
4218,1203,2023-05-15,Tablet,Direct,14.23,10,No
4219,961,2024-01-22,Tablet,Email,15.54,15,No
4220,1145,2024-06-22,Desktop,Referral,14.41,6,No
4221,1370,2025-02-27,Tablet,Referral,25.65,11,No
4222,3012,2026-02-15,Tablet,Referral,3.85,9,Yes
4223,1140,2024-07-16,Tablet,Direct,37.31,5,No
4224,1275,2025-01-09,Mobile,Google Ads,18.83,1,No
4225,1822,2023-08-26,Tablet,Organic,36.3,2,No
4226,4882,2025-01-16,Desktop,Direct,28.8,3,No
4227,1585,2024-02-17,Tablet,Referral,39.49,11,Yes
4228,1571,2026-07-15,Mobile,Organic,23.55,3,No
4229,579,2023-02-14,Mobile,Email,15.94,1,No
4230,1396,2023-12-31,Desktop,Email,9.63,11,No
4231,886,2026-07-01,Tablet,Direct,11.76,11,Yes
4232,1620,2023-04-03,Tablet,Facebook,30.38,10,No
4233,2058,2024-06-07,Tablet,Direct,15.24,15,No
4234,1494,2024-12-21,Tablet,Referral,22.8,15,No
4235,4451,2025-12-21,Desktop,Facebook,20.09,4,No
4236,2683,2025-05-29,Tablet,Organic,3.29,9,No
4237,4756,2025-08-02,Tablet,Facebook,21.2,12,No
4238,2832,2023-11-14,Desktop,Email,21.63,6,Yes
4239,1687,2023-06-09,Mobile,Organic,24.46,7,No
4240,920,2023-06-09,Desktop,Referral,19.26,6,No
4241,2076,2025-03-31,Desktop,Facebook,8.02,10,No
4242,4002,2024-04-28,Desktop,Email,19.66,5,Yes
4243,4586,2024-11-13,Desktop,Organic,6.79,7,No
4244,4390,2025-10-28,Desktop,Organic,31.56,11,No
4245,2720,2024-01-30,Mobile,Instagram,13.85,2,No
4246,4029,2023-06-01,Mobile,Google Ads,17.77,9,Yes
4247,2827,2024-07-26,Mobile,Google Ads,11.21,4,No
4248,2741,2024-06-18,Tablet,Organic,37.69,3,No
4249,3108,2023-09-15,Tablet,Google Ads,7.54,5,Yes
4250,3867,2026-04-16,Tablet,Instagram,31.46,14,No
4251,462,2024-06-03,Mobile,Instagram,28.11,10,No
4252,4932,2023-01-18,Mobile,Organic,30.12,4,No
4253,4936,2026-08-07,Desktop,Google Ads,8.64,13,No
4254,4781,2024-10-02,Mobile,Instagram,23.19,7,No
4255,323,2023-06-21,Desktop,Google Ads,14.35,12,Yes
4256,4714,2025-08-03,Desktop,Direct,31.71,8,No
4257,3651,2026-05-10,Desktop,Email,2.93,13,No
4258,4292,2025-02-28,Tablet,Referral,18.57,13,No
4259,2251,2026-10-24,Desktop,Referral,38.4,13,No
4260,4727,2025-03-10,Mobile,Facebook,6.82,14,No
4261,393,2025-10-24,Desktop,Instagram,37.9,10,No
4262,2543,2024-02-12,Tablet,Organic,6.14,15,No
4263,2410,2023-08-06,Tablet,Referral,11.62,10,Yes
4264,2020,2023-09-22,Desktop,Google Ads,33.17,12,No
4265,4823,2026-07-31,Desktop,Facebook,33.8,14,No
4266,2834,2026-05-05,Desktop,Instagram,17.77,13,Yes
4267,1317,2026-01-09,Mobile,Facebook,44.19,8,No
4268,1491,2026-03-26,Tablet,Organic,5.64,12,Yes
4269,898,2024-05-09,Tablet,Facebook,6.49,15,No
4270,2098,2023-02-18,Tablet,Google Ads,32.94,1,No
4271,4903,2025-07-03,Mobile,Email,23.92,11,No
4272,516,2025-09-30,Tablet,Direct,11.12,15,Yes
4273,1998,2023-01-08,Mobile,Google Ads,35.48,2,Yes
4274,809,2024-05-20,Desktop,Email,0.91,8,Yes
4275,3354,2024-12-10,Mobile,Email,14.03,13,No
4276,2049,2024-08-08,Tablet,Organic,9.26,10,No
4277,3074,2024-11-26,Tablet,Referral,20.94,15,No
4278,741,2024-05-26,Tablet,Email,44.15,14,No
4279,4569,2023-01-07,Tablet,Google Ads,13.55,13,No
4280,999,2023-08-07,Tablet,Google Ads,11.0,3,No
4281,3445,2023-06-25,Tablet,Facebook,39.42,7,No
4282,3454,2023-06-27,Tablet,Direct,23.45,1,No
4283,4871,2024-01-19,Desktop,Google Ads,9.43,4,No
4284,2046,2026-01-28,Desktop,Email,9.31,12,No
4285,367,2023-06-01,Tablet,Referral,21.29,9,No
4286,1791,2025-09-21,Mobile,Referral,18.91,5,No
4287,2727,2024-10-13,Desktop,Facebook,25.27,11,No
4288,4960,2024-06-02,Mobile,Direct,33.1,15,Yes
4289,3186,2025-01-14,Tablet,Instagram,29.73,7,No
4290,4723,2023-11-11,Tablet,Email,41.57,8,No
4291,3313,2023-03-07,Mobile,Instagram,29.05,6,No
4292,4569,2023-08-18,Mobile,Email,22.44,6,Yes
4293,2303,2025-04-19,Tablet,Direct,20.0,14,No
4294,3911,2023-10-24,Desktop,Organic,15.16,7,No
4295,3709,2025-08-10,Desktop,Instagram,22.73,9,No
4296,1464,2026-09-02,Tablet,Organic,31.55,14,Yes
4297,980,2024-12-14,Desktop,Organic,34.68,4,No
4298,2261,2026-12-13,Desktop,Referral,8.74,4,No
4299,4375,2025-11-30,Tablet,Direct,31.25,2,No
4300,4306,2023-08-21,Mobile,Referral,2.25,10,No
4301,543,2026-01-02,Tablet,Facebook,39.88,10,Yes
4302,2404,2024-01-04,Mobile,Direct,5.37,7,No
4303,2687,2026-07-01,Desktop,Referral,30.04,9,No
4304,1048,2025-03-02,Desktop,Instagram,36.19,4,No
4305,113,2026-05-30,Mobile,Google Ads,6.22,7,No
4306,3523,2024-05-09,Tablet,Facebook,5.41,6,Yes
4307,419,2024-01-26,Desktop,Referral,27.52,14,Yes
4308,1407,2025-10-21,Tablet,Referral,32.18,1,Yes
4309,1563,2026-09-02,Desktop,Referral,42.37,14,Yes
4310,1604,2025-12-07,Tablet,Instagram,29.55,8,No
4311,3473,2026-05-25,Mobile,Google Ads,13.82,2,No
4312,2620,2024-05-05,Mobile,Organic,39.31,9,No
4313,2921,2024-01-19,Desktop,Facebook,29.07,14,No
4314,1187,2023-08-27,Tablet,Instagram,15.77,6,No
4315,1382,2026-11-27,Mobile,Email,21.15,14,No
4316,2207,2024-05-19,Tablet,Facebook,18.5,13,No
4317,938,2026-04-05,Tablet,Organic,11.82,13,No
4318,4653,2024-09-02,Mobile,Facebook,44.2,11,No
4319,3982,2026-10-11,Desktop,Instagram,15.82,2,No
4320,2540,2023-08-06,Desktop,Organic,3.87,1,Yes
4321,4886,2024-07-17,Desktop,Facebook,25.38,2,No
4322,2375,2025-07-16,Mobile,Facebook,31.77,6,No
4323,3497,2026-06-28,Tablet,Referral,0.54,13,Yes
4324,4516,2023-11-13,Tablet,Email,37.67,6,No
4325,3265,2023-02-18,Tablet,Google Ads,33.52,11,No
4326,471,2024-11-10,Desktop,Email,37.37,14,No
4327,378,2024-09-07,Desktop,Instagram,35.1,15,No
4328,2844,2026-02-04,Tablet,Organic,3.73,3,No
4329,1198,2025-05-09,Mobile,Email,31.81,14,No
4330,4723,2026-02-02,Tablet,Email,14.51,12,No
4331,4829,2024-10-21,Tablet,Email,31.38,9,No
4332,3103,2024-09-10,Mobile,Referral,34.95,5,No
4333,3386,2024-10-02,Desktop,Facebook,42.21,15,No
4334,109,2023-08-30,Tablet,Facebook,30.46,10,No
4335,4699,2023-01-04,Desktop,Instagram,2.89,11,Yes
4336,3059,2026-07-24,Tablet,Organic,36.15,13,No
4337,2090,2024-01-27,Tablet,Email,42.71,9,Yes
4338,4338,2025-07-02,Mobile,Google Ads,8.63,13,No
4339,1315,2024-11-10,Desktop,Referral,6.3,3,No
4340,1120,2023-09-04,Mobile,Direct,43.48,12,No
4341,2205,2024-12-26,Tablet,Organic,13.48,1,No
4342,751,2023-09-28,Desktop,Referral,35.74,8,No
4343,2268,2026-10-17,Desktop,Facebook,26.06,4,No
4344,3001,2023-12-02,Mobile,Referral,24.88,8,Yes
4345,1488,2024-04-25,Desktop,Instagram,22.78,11,No
4346,747,2025-12-18,Tablet,Instagram,5.84,9,No
4347,1015,2024-02-13,Mobile,Direct,14.77,5,No
4348,2298,2025-05-17,Desktop,Facebook,18.36,1,Yes
4349,1803,2025-07-27,Mobile,Direct,39.0,10,No
4350,1969,2025-11-06,Mobile,Direct,6.91,11,Yes
4351,1065,2025-03-02,Tablet,Instagram,23.55,3,No
4352,386,2024-02-07,Tablet,Direct,10.0,13,No
4353,3728,2023-12-05,Tablet,Organic,1.46,10,Yes
4354,2615,2023-06-08,Mobile,Referral,22.02,12,No
4355,49,2023-01-28,Tablet,Email,27.58,4,Yes
4356,2559,2024-10-15,Tablet,Facebook,5.9,4,No
4357,4780,2025-12-25,Tablet,Google Ads,22.95,4,No
4358,3835,2023-04-22,Desktop,Referral,26.59,9,No
4359,3716,2024-06-14,Desktop,Email,1.41,6,No
4360,2241,2024-03-24,Mobile,Email,18.48,14,Yes
4361,2941,2026-11-13,Tablet,Facebook,22.29,10,Yes
4362,1999,2024-06-16,Mobile,Direct,18.4,3,No
4363,2056,2023-06-19,Mobile,Direct,33.02,3,No
4364,3156,2025-09-27,Mobile,Direct,32.26,12,No
4365,1123,2023-11-13,Tablet,Instagram,29.12,15,No
4366,3152,2026-12-17,Desktop,Referral,14.55,2,No
4367,1180,2023-05-06,Mobile,Direct,23.97,9,No
4368,1543,2023-12-11,Tablet,Direct,26.43,9,No
4369,1665,2024-10-25,Tablet,Facebook,12.18,3,No
4370,1704,2025-08-18,Mobile,Facebook,43.69,12,Yes
4371,4275,2025-07-13,Tablet,Email,42.28,2,No
4372,693,2024-11-09,Mobile,Email,27.75,15,No
4373,1492,2026-01-04,Mobile,Email,15.28,7,Yes
4374,4143,2026-01-14,Tablet,Instagram,18.44,3,No
4375,2083,2026-02-27,Mobile,Facebook,20.52,14,No
4376,4185,2025-06-22,Mobile,Email,19.97,3,No
4377,1676,2024-10-21,Desktop,Google Ads,18.84,12,No
4378,568,2024-03-22,Mobile,Organic,3.93,1,No
4379,1754,2024-03-30,Desktop,Facebook,9.28,8,No
4380,3155,2026-01-01,Mobile,Google Ads,16.06,10,No
4381,270,2023-07-07,Desktop,Google Ads,41.66,5,No
4382,1703,2024-08-20,Desktop,Google Ads,13.74,1,No
4383,2924,2026-10-27,Mobile,Email,35.12,1,Yes
4384,470,2023-02-15,Desktop,Google Ads,36.44,14,No
4385,2186,2023-02-24,Tablet,Email,18.88,9,No
4386,3587,2026-09-04,Tablet,Organic,10.4,2,No
4387,3796,2023-02-18,Mobile,Facebook,40.17,4,No
4388,998,2024-02-20,Desktop,Direct,5.55,6,Yes
4389,2893,2025-03-04,Tablet,Facebook,44.32,9,No
4390,770,2023-05-18,Desktop,Instagram,40.58,2,No
4391,4050,2023-10-11,Desktop,Email,6.09,5,No
4392,1982,2023-04-01,Tablet,Direct,6.21,13,No
4393,2670,2026-12-02,Desktop,Google Ads,32.93,3,No
4394,210,2025-06-03,Tablet,Facebook,27.15,8,No
4395,1530,2023-06-17,Desktop,Instagram,8.33,4,Yes
4396,1791,2026-01-02,Mobile,Instagram,7.26,14,No
4397,3250,2025-06-25,Tablet,Google Ads,22.66,13,No
4398,630,2025-01-03,Mobile,Referral,18.23,8,No
4399,2309,2024-01-16,Desktop,Google Ads,27.28,3,No
4400,3144,2023-08-12,Tablet,Direct,38.85,2,No
4401,3817,2026-09-26,Tablet,Instagram,37.93,10,No
4402,1146,2025-06-01,Tablet,Organic,28.6,1,Yes
4403,2302,2025-02-18,Tablet,Instagram,29.44,6,No
4404,2132,2023-08-08,Tablet,Google Ads,14.31,15,No
4405,1860,2026-06-21,Tablet,Referral,31.81,4,No
4406,776,2023-10-31,Desktop,Organic,34.69,2,No
4407,885,2023-04-17,Mobile,Referral,5.53,14,No
4408,685,2024-02-28,Tablet,Google Ads,34.74,14,No
4409,3118,2024-12-30,Desktop,Email,19.66,2,No
4410,561,2025-07-28,Tablet,Facebook,21.32,2,No
4411,2355,2025-07-29,Tablet,Facebook,22.99,15,No
4412,1878,2026-12-30,Mobile,Referral,17.2,5,No
4413,2830,2023-06-03,Tablet,Organic,20.05,2,No
4414,382,2026-07-02,Tablet,Direct,26.31,13,No
4415,2609,2023-12-03,Tablet,Facebook,24.48,14,No
4416,3535,2025-10-28,Desktop,Google Ads,21.48,14,No
4417,660,2024-08-29,Mobile,Direct,36.8,8,No
4418,1413,2026-03-15,Mobile,Facebook,41.49,7,No
4419,4748,2023-11-24,Tablet,Instagram,29.32,6,No
4420,95,2023-11-27,Desktop,Referral,3.56,1,No
4421,3707,2024-05-06,Tablet,Facebook,43.3,2,No
4422,1005,2023-10-28,Mobile,Google Ads,40.83,5,Yes
4423,4723,2024-01-14,Mobile,Direct,21.01,14,Yes
4424,961,2026-11-02,Desktop,Google Ads,34.03,9,Yes
4425,2219,2026-08-18,Tablet,Google Ads,16.28,6,No
4426,4295,2025-07-29,Tablet,Google Ads,38.09,1,No
4427,3189,2025-08-13,Tablet,Instagram,17.17,15,No
4428,951,2026-12-31,Tablet,Google Ads,31.64,10,No
4429,3754,2026-12-20,Desktop,Organic,33.98,7,No
4430,599,2024-01-25,Tablet,Organic,13.17,6,Yes
4431,2167,2024-03-19,Tablet,Google Ads,28.34,12,No
4432,2001,2026-04-11,Mobile,Organic,9.85,9,No
4433,2460,2026-12-23,Tablet,Google Ads,10.91,15,No
4434,596,2023-06-15,Mobile,Google Ads,41.6,7,Yes
4435,666,2026-12-06,Mobile,Instagram,39.09,11,No
4436,2399,2024-05-31,Mobile,Email,8.61,15,No
4437,1246,2025-08-05,Desktop,Instagram,12.17,12,Yes
4438,358,2023-10-23,Mobile,Facebook,8.85,5,No
4439,2431,2025-07-10,Tablet,Google Ads,0.62,14,No
4440,787,2026-03-27,Desktop,Facebook,13.23,15,No
4441,1416,2026-05-16,Tablet,Facebook,19.21,1,No
4442,822,2026-05-19,Tablet,Direct,3.25,1,No
4443,1056,2025-11-09,Tablet,Referral,42.1,9,No
4444,3744,2023-02-14,Mobile,Direct,33.21,6,No
4445,1597,2026-02-10,Mobile,Email,26.03,13,Yes
4446,2962,2023-09-29,Desktop,Google Ads,34.7,8,Yes
4447,1798,2023-01-28,Tablet,Google Ads,20.87,12,No
4448,157,2026-08-15,Desktop,Google Ads,38.0,13,No
4449,3951,2025-01-02,Desktop,Google Ads,35.66,5,No
4450,2548,2023-06-06,Mobile,Facebook,43.74,3,No
4451,306,2026-04-23,Mobile,Instagram,18.49,13,No
4452,3017,2023-12-29,Desktop,Direct,39.63,15,No
4453,4614,2026-09-29,Mobile,Instagram,21.48,10,Yes
4454,2170,2023-03-28,Tablet,Organic,35.54,14,No
4455,364,2024-10-18,Mobile,Organic,24.15,8,No
4456,4394,2026-02-07,Tablet,Facebook,15.74,6,No
4457,3902,2025-11-06,Desktop,Google Ads,4.81,8,No
4458,3310,2024-05-25,Desktop,Direct,21.25,15,No
4459,2116,2024-10-29,Tablet,Email,13.08,9,No
4460,3813,2025-09-24,Desktop,Direct,12.93,3,No
4461,4479,2024-06-24,Desktop,Instagram,24.29,8,No
4462,214,2026-12-05,Desktop,Email,15.68,7,No
4463,4918,2026-01-08,Desktop,Referral,43.19,11,No
4464,4230,2025-01-20,Desktop,Google Ads,25.07,2,No
4465,371,2025-11-27,Tablet,Direct,8.16,7,No
4466,236,2024-01-08,Mobile,Referral,9.15,15,No
4467,4574,2024-01-22,Tablet,Referral,19.51,12,No
4468,1922,2026-06-30,Desktop,Direct,38.92,10,No
4469,2953,2024-04-11,Tablet,Instagram,32.72,8,Yes
4470,983,2026-08-28,Tablet,Direct,0.58,13,Yes
4471,4938,2024-08-16,Desktop,Facebook,16.1,2,No
4472,3891,2026-02-21,Desktop,Email,11.84,14,No
4473,586,2026-09-06,Tablet,Email,14.95,5,No
4474,961,2023-10-22,Tablet,Instagram,16.35,15,No
4475,3863,2024-07-22,Desktop,Google Ads,30.85,3,Yes
4476,4351,2023-04-21,Desktop,Organic,34.49,8,No
4477,1608,2025-03-05,Tablet,Organic,26.54,1,No
4478,1476,2024-01-22,Desktop,Instagram,33.11,6,No
4479,649,2025-06-11,Desktop,Instagram,12.78,11,No
4480,4694,2024-02-18,Tablet,Facebook,21.52,9,Yes
4481,2158,2023-01-18,Mobile,Organic,29.21,6,No
4482,627,2023-07-29,Tablet,Referral,28.84,13,Yes
4483,3636,2023-11-09,Mobile,Direct,5.55,6,No
4484,2768,2025-11-18,Desktop,Facebook,15.17,9,No
4485,3744,2023-01-01,Tablet,Instagram,20.88,15,No
4486,86,2023-02-17,Desktop,Referral,23.12,3,No
4487,917,2024-07-29,Desktop,Direct,12.37,10,No
4488,1023,2023-01-14,Tablet,Referral,29.47,10,No
4489,736,2026-01-01,Tablet,Facebook,13.19,13,Yes
4490,2148,2024-02-28,Mobile,Instagram,12.14,15,No
4491,593,2025-09-21,Desktop,Google Ads,23.72,5,No
4492,2173,2023-12-16,Mobile,Referral,18.91,1,No
4493,3821,2024-05-26,Desktop,Google Ads,17.13,1,No
4494,2258,2026-02-24,Mobile,Referral,29.66,11,No
4495,2953,2023-09-27,Desktop,Direct,21.66,7,Yes
4496,2179,2026-05-27,Mobile,Facebook,34.56,15,No
4497,2985,2026-04-08,Desktop,Referral,37.02,14,No
4498,279,2025-10-20,Tablet,Email,20.94,6,No
4499,2566,2024-10-03,Mobile,Instagram,15.46,2,No
4500,4796,2024-11-02,Mobile,Direct,6.91,7,No
4501,585,2025-09-17,Tablet,Google Ads,25.21,15,No
4502,43,2024-08-29,Tablet,Instagram,8.84,7,No
4503,34,2025-01-07,Tablet,Facebook,27.75,2,No
4504,3903,2024-07-13,Desktop,Instagram,28.08,10,No
4505,4871,2024-05-06,Mobile,Facebook,15.72,2,No
4506,2604,2023-06-22,Desktop,Instagram,21.0,2,No
4507,3590,2023-02-13,Desktop,Google Ads,6.99,3,No
4508,1807,2024-12-10,Desktop,Organic,4.94,2,No
4509,4767,2024-11-28,Tablet,Google Ads,26.38,8,Yes
4510,323,2026-01-21,Mobile,Referral,42.31,6,No
4511,4098,2024-06-15,Desktop,Instagram,22.19,7,Yes
4512,842,2023-09-05,Tablet,Email,12.35,1,No
4513,1742,2025-10-19,Mobile,Google Ads,18.01,12,No
4514,1209,2025-05-19,Mobile,Email,38.09,2,No
4515,313,2024-09-05,Mobile,Facebook,5.95,5,No
4516,4744,2025-10-13,Tablet,Organic,9.61,10,No
4517,2286,2026-05-07,Mobile,Referral,4.07,12,Yes
4518,569,2025-01-14,Tablet,Email,9.48,11,No
4519,3073,2023-03-09,Tablet,Referral,44.02,3,Yes
4520,1085,2024-12-10,Mobile,Referral,9.54,11,No
4521,4973,2023-02-16,Desktop,Google Ads,9.7,10,No
4522,302,2024-08-27,Tablet,Instagram,38.77,7,No
4523,4725,2025-01-28,Desktop,Direct,28.66,7,No
4524,4070,2025-10-11,Desktop,Instagram,21.04,8,No
4525,664,2026-10-18,Mobile,Instagram,27.26,11,No
4526,958,2023-03-04,Mobile,Instagram,35.66,5,No
4527,4797,2023-08-18,Tablet,Referral,43.61,9,No
4528,1871,2023-03-14,Desktop,Email,37.16,7,No
4529,2853,2026-01-21,Mobile,Email,38.23,14,No
4530,3524,2023-12-04,Tablet,Organic,38.28,10,Yes
4531,4612,2023-09-21,Desktop,Instagram,6.01,11,No
4532,104,2023-09-26,Desktop,Organic,44.08,6,No
4533,4171,2024-09-11,Mobile,Google Ads,4.58,3,No
4534,1216,2025-03-07,Mobile,Referral,32.91,11,No
4535,953,2024-06-24,Desktop,Facebook,7.41,10,No
4536,1028,2023-07-24,Tablet,Facebook,4.09,15,No
4537,2732,2024-07-01,Desktop,Email,22.64,6,No
4538,95,2025-12-25,Desktop,Email,7.05,9,No
4539,2586,2024-06-08,Mobile,Google Ads,42.73,5,Yes
4540,2784,2024-09-30,Tablet,Referral,42.69,11,Yes
4541,1996,2023-12-26,Mobile,Google Ads,42.63,2,No
4542,3937,2023-03-21,Desktop,Referral,36.63,1,No
4543,860,2025-11-23,Mobile,Email,6.06,9,Yes
4544,4769,2025-01-19,Desktop,Referral,24.46,4,No
4545,573,2025-11-11,Mobile,Organic,21.89,2,No
4546,4049,2023-05-14,Tablet,Email,33.25,3,Yes
4547,3320,2026-09-16,Desktop,Organic,29.8,15,No
4548,3525,2026-08-26,Mobile,Facebook,6.83,6,No
4549,4644,2025-07-05,Desktop,Facebook,37.45,3,Yes
4550,1854,2024-04-06,Tablet,Direct,27.06,13,No
4551,1810,2024-06-09,Tablet,Referral,18.76,6,No
4552,2202,2025-10-09,Desktop,Direct,18.53,8,No
4553,2175,2025-12-04,Tablet,Organic,19.09,11,No
4554,445,2024-07-22,Desktop,Referral,25.32,15,No
4555,1020,2024-02-25,Mobile,Google Ads,24.55,5,No
4556,2232,2025-10-04,Desktop,Facebook,34.69,6,No
4557,1287,2026-11-29,Mobile,Organic,21.47,4,No
4558,3426,2023-11-03,Desktop,Instagram,16.45,3,No
4559,2520,2024-02-04,Mobile,Facebook,16.92,6,Yes
4560,3984,2025-10-12,Mobile,Referral,11.61,2,No
4561,2934,2026-08-31,Mobile,Direct,1.76,15,Yes
4562,4038,2025-05-21,Mobile,Instagram,9.02,5,No
4563,1696,2023-09-24,Desktop,Organic,11.18,7,Yes
4564,1995,2023-07-07,Desktop,Referral,10.54,4,No
4565,3914,2025-01-21,Mobile,Google Ads,20.9,1,Yes
4566,4442,2024-01-04,Tablet,Google Ads,2.58,13,No
4567,3043,2024-12-28,Mobile,Google Ads,1.44,1,Yes
4568,893,2025-07-25,Desktop,Google Ads,17.39,12,Yes
4569,3500,2023-06-06,Mobile,Direct,22.59,7,No
4570,3793,2025-02-27,Tablet,Direct,8.91,6,Yes
4571,1912,2023-02-09,Desktop,Email,42.52,10,No
4572,2560,2025-04-09,Tablet,Referral,40.41,1,No
4573,3064,2026-10-25,Tablet,Referral,29.77,8,No
4574,2261,2024-09-22,Mobile,Direct,10.3,14,No
4575,440,2024-10-21,Mobile,Direct,10.15,14,No
4576,1177,2023-05-15,Mobile,Google Ads,10.19,3,No
4577,3313,2026-09-07,Tablet,Facebook,28.2,12,No
4578,723,2026-05-30,Tablet,Facebook,27.11,4,No
4579,2521,2026-04-08,Tablet,Direct,26.09,1,No
4580,884,2025-09-29,Tablet,Instagram,27.3,9,No
4581,3243,2023-02-04,Desktop,Email,32.1,8,No
4582,4630,2025-01-03,Mobile,Referral,22.93,1,No
4583,2633,2023-12-11,Mobile,Facebook,6.61,2,No
4584,366,2024-06-17,Tablet,Direct,12.74,4,No
4585,4633,2026-01-19,Tablet,Email,19.23,1,No
4586,1334,2025-10-28,Desktop,Organic,5.02,14,No
4587,1520,2024-06-01,Mobile,Organic,6.11,7,Yes
4588,451,2026-11-09,Tablet,Referral,24.43,9,No
4589,541,2024-09-26,Desktop,Email,44.93,2,No
4590,958,2023-11-22,Mobile,Instagram,38.54,10,No
4591,1622,2024-05-11,Mobile,Direct,24.37,12,No
4592,1291,2026-09-29,Desktop,Instagram,1.06,4,Yes
4593,94,2023-06-28,Desktop,Google Ads,5.18,8,No
4594,2734,2025-11-18,Mobile,Instagram,3.95,4,No
4595,832,2023-12-06,Mobile,Organic,26.86,13,No
4596,746,2023-07-17,Tablet,Email,43.48,14,No
4597,2694,2024-05-29,Mobile,Google Ads,27.67,11,No
4598,1180,2024-01-09,Desktop,Organic,15.68,10,No
4599,1181,2024-11-26,Mobile,Email,10.34,15,Yes
4600,4581,2024-12-26,Mobile,Referral,36.86,7,No
4601,4302,2026-03-16,Tablet,Google Ads,36.43,13,No
4602,2569,2023-06-19,Desktop,Instagram,6.53,1,No
4603,3172,2023-07-18,Tablet,Organic,20.16,7,No
4604,1832,2026-07-20,Tablet,Email,12.7,7,No
4605,1646,2026-03-14,Tablet,Instagram,17.51,15,No
4606,2390,2024-11-01,Mobile,Referral,9.71,3,No
4607,2644,2025-06-26,Tablet,Organic,23.2,3,No
4608,2871,2024-02-18,Mobile,Direct,21.42,13,No
4609,2544,2025-09-10,Mobile,Organic,27.08,10,No
4610,1699,2026-04-21,Mobile,Email,10.17,9,Yes
4611,3674,2025-08-25,Desktop,Referral,27.77,15,Yes
4612,4720,2024-02-18,Tablet,Instagram,16.22,15,No
4613,1893,2025-11-14,Desktop,Email,27.83,10,No
4614,4800,2026-09-25,Tablet,Direct,40.41,14,Yes
4615,1253,2024-12-04,Mobile,Google Ads,8.53,1,No
4616,3744,2023-03-30,Tablet,Direct,7.6,14,No
4617,4627,2025-04-22,Tablet,Referral,28.28,8,No
4618,4448,2026-05-14,Mobile,Referral,16.64,15,No
4619,1879,2024-03-31,Desktop,Google Ads,29.87,4,No
4620,269,2026-02-04,Mobile,Google Ads,26.09,6,No
4621,1920,2025-12-04,Desktop,Facebook,4.82,15,No
4622,2161,2023-12-10,Mobile,Organic,22.51,2,No
4623,3276,2026-08-11,Desktop,Instagram,12.87,6,No
4624,61,2023-07-28,Desktop,Organic,10.21,5,No
4625,2843,2026-06-11,Tablet,Google Ads,6.77,2,Yes
4626,1175,2024-02-13,Mobile,Google Ads,34.15,7,No
4627,4883,2024-11-16,Mobile,Direct,43.66,7,No
4628,2295,2025-04-02,Tablet,Email,37.12,6,Yes
4629,472,2025-06-03,Desktop,Instagram,22.96,1,No
4630,4428,2026-07-14,Tablet,Referral,16.85,13,No
4631,1490,2024-10-09,Desktop,Instagram,27.74,12,Yes
4632,3107,2025-06-21,Tablet,Organic,18.24,13,Yes
4633,3556,2024-06-21,Tablet,Referral,35.74,4,No
4634,2118,2025-09-10,Desktop,Organic,19.54,9,Yes
4635,845,2025-07-07,Mobile,Email,8.52,12,Yes
4636,1727,2023-09-07,Tablet,Direct,8.69,4,No
4637,3179,2026-08-15,Tablet,Google Ads,5.72,1,Yes
4638,87,2023-03-03,Tablet,Organic,10.54,10,No
4639,2480,2024-10-07,Tablet,Facebook,22.99,11,No
4640,2812,2025-08-15,Desktop,Referral,23.69,13,No
4641,2071,2024-06-30,Tablet,Organic,16.2,10,No
4642,284,2026-10-02,Desktop,Facebook,41.65,2,No
4643,2823,2025-06-19,Desktop,Facebook,9.54,10,No
4644,2552,2024-12-11,Mobile,Referral,24.41,15,No
4645,4776,2024-04-17,Tablet,Referral,36.79,10,No
4646,2914,2023-01-14,Desktop,Direct,17.72,6,No
4647,3090,2025-03-01,Mobile,Google Ads,28.03,8,No
4648,570,2025-06-08,Tablet,Email,35.88,13,Yes
4649,1375,2025-12-13,Desktop,Facebook,41.62,14,No
4650,1097,2024-08-01,Mobile,Google Ads,26.92,7,No
4651,3395,2023-02-25,Mobile,Facebook,22.86,10,No
4652,4205,2024-05-18,Desktop,Organic,42.27,7,No
4653,23,2023-03-21,Tablet,Instagram,9.38,13,No
4654,2434,2023-07-28,Mobile,Facebook,24.65,7,Yes
4655,1338,2024-04-18,Tablet,Facebook,34.79,8,No
4656,1032,2026-08-10,Mobile,Facebook,39.09,10,Yes
4657,813,2023-03-27,Tablet,Email,32.43,15,No
4658,3519,2025-04-10,Tablet,Email,15.42,1,No
4659,3063,2026-08-16,Mobile,Referral,30.14,14,No
4660,777,2023-07-11,Tablet,Google Ads,6.68,11,No
4661,4160,2023-11-08,Mobile,Organic,21.17,4,No
4662,3973,2026-09-12,Desktop,Google Ads,10.08,1,No
4663,498,2026-01-26,Desktop,Instagram,32.06,13,No
4664,4847,2024-04-22,Desktop,Referral,33.41,5,No
4665,564,2024-11-07,Mobile,Organic,24.39,3,No
4666,4146,2023-04-14,Mobile,Google Ads,13.46,10,No
4667,2030,2024-06-16,Tablet,Referral,36.22,10,No
4668,1840,2026-08-16,Desktop,Facebook,10.83,11,Yes
4669,333,2025-07-17,Tablet,Direct,1.51,4,No
4670,2189,2026-11-03,Desktop,Organic,11.65,3,No
4671,2881,2025-11-17,Tablet,Referral,10.94,13,No
4672,1238,2026-06-04,Tablet,Instagram,26.08,13,No
4673,3635,2024-04-30,Mobile,Instagram,15.7,10,No
4674,3594,2025-08-05,Mobile,Email,25.6,9,No
4675,4846,2026-03-23,Mobile,Direct,28.07,6,Yes
4676,724,2026-01-20,Mobile,Facebook,11.3,9,No
4677,2261,2026-08-04,Mobile,Instagram,22.52,15,No
4678,2255,2024-07-02,Mobile,Facebook,7.19,1,No
4679,1722,2024-04-11,Mobile,Google Ads,13.82,15,No
4680,2908,2023-09-03,Desktop,Referral,21.25,6,No
4681,4944,2026-03-14,Mobile,Email,8.88,5,No
4682,3926,2023-01-05,Tablet,Email,15.14,8,Yes
4683,3404,2026-07-28,Desktop,Organic,38.36,14,Yes
4684,2484,2024-12-03,Tablet,Organic,30.79,13,No
4685,2699,2025-06-19,Tablet,Google Ads,39.09,13,No
4686,889,2026-09-29,Desktop,Facebook,24.52,7,No
4687,2747,2024-11-03,Mobile,Facebook,28.31,8,No
4688,2779,2025-03-01,Desktop,Referral,3.46,14,No
4689,3707,2025-11-04,Mobile,Google Ads,27.28,12,No
4690,748,2024-07-23,Mobile,Google Ads,14.11,3,Yes
4691,2676,2025-09-13,Tablet,Direct,25.2,5,Yes
4692,1401,2025-01-17,Desktop,Instagram,28.26,8,No
4693,3889,2025-07-02,Desktop,Google Ads,40.19,15,No
4694,3503,2023-10-01,Mobile,Google Ads,15.77,8,No
4695,375,2023-08-09,Mobile,Email,42.27,13,No
4696,3914,2023-10-13,Desktop,Referral,6.56,3,No
4697,4391,2026-01-03,Tablet,Facebook,6.87,6,No
4698,959,2025-08-22,Tablet,Email,22.45,7,No
4699,3295,2026-08-21,Mobile,Facebook,38.4,11,No
4700,2493,2025-12-03,Desktop,Email,37.0,10,No
4701,120,2026-06-17,Mobile,Facebook,21.67,3,Yes
4702,3164,2026-01-27,Mobile,Facebook,39.32,10,No
4703,2818,2025-10-27,Desktop,Organic,41.33,11,No
4704,319,2023-03-30,Desktop,Referral,15.96,10,No
4705,4905,2026-08-01,Tablet,Instagram,36.02,9,No
4706,2278,2026-09-03,Mobile,Email,20.38,12,No
4707,3426,2023-09-04,Desktop,Google Ads,5.22,14,No
4708,1686,2023-01-18,Desktop,Email,17.53,8,Yes
4709,1361,2023-06-16,Desktop,Google Ads,30.52,4,Yes
4710,3220,2023-02-01,Desktop,Referral,12.6,10,Yes
4711,3109,2026-12-04,Desktop,Organic,17.92,2,No
4712,794,2026-05-08,Tablet,Email,22.5,1,No
4713,110,2023-07-19,Tablet,Instagram,20.01,7,No
4714,1316,2025-12-28,Tablet,Google Ads,23.05,12,No
4715,3110,2024-04-30,Desktop,Referral,12.86,13,No
4716,3166,2023-05-17,Desktop,Organic,0.63,8,No
4717,2156,2025-12-01,Desktop,Direct,22.2,7,No
4718,1007,2024-10-20,Tablet,Referral,29.12,9,No
4719,1514,2026-07-01,Tablet,Email,21.48,12,No
4720,394,2023-01-23,Desktop,Email,18.27,10,No
4721,205,2025-09-06,Desktop,Email,38.69,5,No
4722,269,2024-08-06,Mobile,Facebook,13.98,1,No
4723,4468,2025-12-24,Tablet,Facebook,24.2,7,No
4724,1299,2023-10-17,Tablet,Google Ads,21.15,1,No
4725,3915,2026-12-29,Tablet,Organic,1.92,10,No
4726,1674,2023-08-12,Tablet,Google Ads,27.91,8,No
4727,112,2023-04-21,Desktop,Instagram,32.67,3,No
4728,2522,2025-05-30,Mobile,Email,17.97,1,No
4729,675,2025-10-29,Tablet,Referral,29.48,13,Yes
4730,4741,2026-04-08,Desktop,Google Ads,39.85,9,No
4731,3109,2023-06-25,Mobile,Google Ads,10.89,11,Yes
4732,335,2024-07-28,Mobile,Facebook,5.38,4,Yes
4733,2277,2023-11-09,Desktop,Instagram,23.34,3,Yes
4734,3176,2025-08-18,Tablet,Direct,41.69,1,No
4735,843,2024-04-30,Desktop,Direct,8.95,7,No
4736,3218,2025-02-06,Desktop,Direct,32.86,9,No
4737,3356,2026-07-19,Tablet,Instagram,0.97,7,No
4738,1389,2024-11-21,Tablet,Instagram,1.41,7,Yes
4739,3013,2023-11-22,Mobile,Facebook,33.27,11,Yes
4740,3276,2023-02-12,Desktop,Google Ads,28.75,12,No
4741,3672,2023-01-22,Tablet,Instagram,33.83,6,No
4742,571,2023-03-15,Mobile,Direct,7.79,12,No
4743,1862,2023-01-30,Mobile,Organic,37.64,5,No
4744,4456,2026-08-22,Tablet,Google Ads,16.87,1,No
4745,3635,2024-12-13,Desktop,Google Ads,27.81,13,No
4746,2874,2025-08-17,Mobile,Direct,30.12,4,No
4747,2767,2023-07-29,Desktop,Referral,13.14,5,No
4748,3453,2023-10-15,Tablet,Referral,12.2,5,No
4749,1187,2023-12-18,Tablet,Google Ads,18.14,12,No
4750,3147,2026-06-04,Mobile,Direct,44.0,10,No
4751,1999,2025-11-09,Mobile,Instagram,5.31,6,No
4752,64,2025-03-16,Desktop,Organic,5.88,15,No
4753,1389,2025-07-03,Desktop,Organic,5.29,12,No
4754,3315,2025-08-10,Mobile,Organic,27.48,11,No
4755,2189,2025-11-05,Desktop,Email,24.06,13,No
4756,3654,2025-07-13,Mobile,Direct,42.86,5,No
4757,1399,2026-07-17,Desktop,Referral,15.27,15,No
4758,2197,2024-07-26,Mobile,Referral,44.56,14,No
4759,4891,2026-08-03,Mobile,Instagram,3.68,2,No
4760,4460,2025-11-28,Mobile,Email,42.01,4,No
4761,1192,2026-09-10,Desktop,Facebook,28.43,13,No
4762,3478,2024-11-04,Tablet,Organic,1.49,11,Yes
4763,1726,2025-02-01,Desktop,Email,44.98,5,No
4764,2075,2026-01-19,Mobile,Organic,26.47,8,Yes
4765,1107,2023-09-28,Tablet,Referral,21.59,11,No
4766,379,2024-01-07,Tablet,Direct,39.75,1,No
4767,1014,2024-02-26,Desktop,Direct,37.92,8,No
4768,1792,2026-09-19,Mobile,Organic,43.74,2,No
4769,512,2025-09-21,Tablet,Direct,18.13,5,No
4770,4381,2024-09-18,Mobile,Direct,14.82,9,No
4771,4285,2026-08-10,Mobile,Google Ads,44.82,5,No
4772,175,2024-07-29,Desktop,Facebook,6.09,1,Yes
4773,1347,2026-07-28,Mobile,Organic,43.67,5,Yes
4774,654,2026-08-23,Desktop,Google Ads,42.08,7,No
4775,4254,2024-09-05,Desktop,Facebook,37.82,15,No
4776,955,2023-04-06,Tablet,Direct,27.79,1,Yes
4777,1765,2026-05-29,Mobile,Instagram,20.46,5,Yes
4778,1914,2023-06-10,Desktop,Referral,9.97,6,No
4779,421,2023-02-16,Mobile,Google Ads,17.94,1,No
4780,30,2023-05-06,Tablet,Facebook,2.6,13,No
4781,2271,2025-12-22,Desktop,Facebook,7.12,7,Yes
4782,2718,2025-05-06,Desktop,Facebook,42.39,4,No
4783,1036,2024-05-02,Desktop,Referral,5.52,5,No
4784,3421,2025-09-07,Tablet,Organic,24.8,3,Yes
4785,670,2023-04-05,Desktop,Facebook,13.81,13,No
4786,1796,2025-11-20,Mobile,Google Ads,41.89,10,Yes
4787,3072,2026-06-04,Mobile,Instagram,14.35,10,No
4788,2026,2026-07-05,Mobile,Facebook,13.59,3,No
4789,3490,2025-12-02,Tablet,Google Ads,19.04,3,Yes
4790,952,2023-07-28,Mobile,Direct,4.76,15,Yes
4791,3557,2024-09-15,Desktop,Organic,22.93,9,No
4792,176,2026-05-10,Desktop,Organic,43.69,7,Yes
4793,2030,2026-10-23,Tablet,Referral,13.6,9,No
4794,3458,2024-09-30,Mobile,Email,7.52,1,No
4795,2527,2023-02-04,Desktop,Instagram,21.15,6,No
4796,3636,2026-09-01,Desktop,Instagram,14.01,12,No
4797,1603,2025-04-07,Mobile,Referral,37.6,3,No
4798,4046,2023-04-07,Mobile,Google Ads,21.43,11,No
4799,3955,2023-03-12,Tablet,Google Ads,31.66,2,No
4800,2847,2024-03-20,Mobile,Direct,39.51,5,No
4801,4642,2026-02-06,Desktop,Organic,31.69,11,No
4802,1636,2024-03-15,Tablet,Google Ads,16.49,2,No
4803,4204,2025-11-03,Mobile,Google Ads,16.06,2,No
4804,4630,2025-08-16,Tablet,Facebook,8.64,10,No
4805,688,2026-03-12,Desktop,Organic,19.07,15,No
4806,3039,2023-10-03,Desktop,Organic,17.01,8,No
4807,1418,2026-02-08,Mobile,Email,41.54,14,Yes
4808,2383,2023-06-09,Desktop,Direct,10.62,2,No
4809,1091,2026-09-03,Tablet,Facebook,28.48,2,Yes
4810,4016,2026-07-16,Tablet,Instagram,42.78,12,No
4811,1348,2025-11-03,Tablet,Instagram,16.55,14,No
4812,2438,2026-12-19,Tablet,Email,18.16,6,No
4813,4322,2023-09-28,Tablet,Facebook,8.47,6,No
4814,1834,2025-06-14,Tablet,Email,24.94,11,No
4815,2047,2026-10-18,Tablet,Organic,38.72,6,No
4816,1510,2024-03-15,Mobile,Direct,27.22,9,No
4817,16,2023-06-20,Tablet,Instagram,13.48,6,Yes
4818,346,2026-10-03,Mobile,Direct,12.07,9,Yes
4819,1482,2024-07-24,Mobile,Instagram,43.88,11,No
4820,745,2023-09-18,Tablet,Direct,10.45,10,No
4821,4904,2025-04-26,Tablet,Facebook,2.8,13,No
4822,1161,2025-02-15,Desktop,Referral,13.45,10,No
4823,3610,2025-08-17,Desktop,Referral,17.85,4,No
4824,4264,2023-07-31,Desktop,Instagram,2.48,2,No
4825,1356,2023-11-26,Mobile,Referral,23.61,2,No
4826,4953,2024-02-27,Tablet,Direct,35.44,9,No
4827,1996,2026-04-13,Desktop,Google Ads,38.21,1,No
4828,2557,2025-11-07,Tablet,Email,21.3,8,No
4829,2405,2023-10-16,Desktop,Email,8.94,13,No
4830,3583,2023-02-28,Mobile,Email,26.21,8,Yes
4831,1026,2023-11-17,Tablet,Instagram,16.95,12,No
4832,2417,2026-09-29,Mobile,Referral,30.37,8,No
4833,1606,2026-04-03,Mobile,Organic,44.65,11,No
4834,562,2024-04-14,Tablet,Google Ads,28.37,14,No
4835,3839,2026-11-12,Desktop,Organic,41.61,13,No
4836,3331,2026-05-26,Desktop,Google Ads,17.4,11,No
4837,600,2024-12-07,Desktop,Google Ads,8.49,11,No
4838,1877,2026-04-17,Desktop,Direct,16.05,12,Yes
4839,68,2026-06-08,Desktop,Organic,35.58,8,No
4840,2968,2026-09-02,Desktop,Organic,26.06,4,No
4841,2796,2024-02-16,Mobile,Organic,1.04,5,No
4842,4153,2026-01-05,Desktop,Instagram,32.77,12,No
4843,4211,2024-08-25,Desktop,Organic,28.78,9,Yes
4844,3542,2026-02-28,Tablet,Facebook,42.15,5,No
4845,1590,2025-04-24,Desktop,Facebook,22.95,12,Yes
4846,931,2026-07-14,Desktop,Referral,12.74,11,No
4847,3906,2023-04-08,Tablet,Organic,31.1,12,No
4848,169,2026-06-03,Mobile,Google Ads,14.64,13,No
4849,1253,2025-11-26,Mobile,Google Ads,32.08,8,No
4850,2674,2023-09-15,Desktop,Direct,15.37,7,No
4851,1007,2025-10-15,Tablet,Organic,12.73,8,No
4852,4699,2025-05-26,Desktop,Email,16.45,5,No
4853,1741,2025-11-12,Mobile,Email,35.09,2,No
4854,3404,2024-02-26,Tablet,Google Ads,13.0,8,Yes
4855,2507,2026-03-08,Tablet,Direct,27.19,6,No
4856,1043,2024-04-03,Tablet,Instagram,44.29,9,No
4857,3613,2024-01-10,Tablet,Google Ads,9.71,8,No
4858,1014,2025-02-14,Tablet,Instagram,1.38,2,Yes
4859,4368,2025-02-15,Mobile,Facebook,35.22,7,Yes
4860,1112,2024-07-18,Desktop,Organic,6.5,8,No
4861,2079,2024-05-10,Tablet,Organic,23.52,14,No
4862,1560,2024-12-26,Tablet,Direct,43.37,1,No
4863,1318,2025-01-31,Desktop,Facebook,44.15,5,Yes
4864,1687,2025-01-27,Desktop,Referral,6.29,10,Yes
4865,2142,2024-05-20,Desktop,Direct,6.09,8,No
4866,1352,2026-04-24,Mobile,Google Ads,12.5,2,No
4867,4858,2026-07-23,Tablet,Referral,38.69,14,No
4868,4469,2025-09-28,Mobile,Referral,25.92,6,No
4869,3002,2024-08-26,Desktop,Google Ads,2.81,9,No
4870,1260,2024-12-09,Desktop,Referral,2.78,2,No
4871,2844,2025-01-25,Desktop,Email,25.53,3,Yes
4872,2181,2024-06-14,Tablet,Organic,34.61,10,No
4873,820,2026-07-24,Desktop,Instagram,43.34,14,No
4874,337,2024-06-30,Tablet,Email,21.34,12,No
4875,1718,2026-11-04,Mobile,Email,36.11,4,No
4876,2161,2026-09-13,Tablet,Organic,40.78,10,Yes
4877,1439,2025-05-13,Mobile,Email,12.0,14,No
4878,4925,2023-04-27,Tablet,Organic,15.7,7,No
4879,3190,2026-10-18,Desktop,Referral,44.74,4,No
4880,184,2026-06-04,Tablet,Referral,30.65,6,Yes
4881,1856,2024-07-14,Tablet,Email,12.99,8,No
4882,4177,2025-05-10,Mobile,Organic,10.45,11,Yes
4883,4734,2026-11-15,Tablet,Organic,36.6,10,No
4884,4988,2025-06-01,Desktop,Email,29.84,11,No
4885,2982,2026-08-15,Tablet,Organic,21.41,14,No
4886,3525,2023-04-25,Desktop,Email,13.98,9,No
4887,3998,2024-11-25,Desktop,Organic,35.98,14,No
4888,3262,2023-01-10,Desktop,Referral,2.9,12,Yes
4889,2902,2024-01-07,Mobile,Instagram,3.87,13,Yes
4890,4459,2025-03-12,Tablet,Referral,22.03,6,No
4891,3695,2023-03-14,Mobile,Organic,8.13,8,No
4892,3425,2026-01-06,Tablet,Organic,33.08,11,No
4893,2922,2026-01-10,Desktop,Instagram,3.2,3,No
4894,3671,2023-11-16,Desktop,Direct,1.64,11,No
4895,2296,2026-08-11,Mobile,Google Ads,2.04,9,No
4896,3152,2026-10-30,Mobile,Instagram,38.78,2,No
4897,4377,2024-12-20,Mobile,Organic,33.25,10,No
4898,87,2025-02-20,Tablet,Google Ads,32.49,2,No
4899,3075,2023-04-15,Mobile,Google Ads,25.14,4,No
4900,915,2024-05-07,Mobile,Instagram,17.53,14,No
4901,1465,2024-04-24,Mobile,Instagram,38.4,7,Yes
4902,1761,2025-05-16,Mobile,Referral,37.59,6,Yes
4903,2246,2024-09-28,Desktop,Facebook,10.24,7,No
4904,3325,2025-03-11,Desktop,Organic,20.19,9,No
4905,3993,2025-11-28,Tablet,Instagram,8.87,5,No
4906,181,2026-11-04,Mobile,Instagram,13.51,15,No
4907,1012,2025-10-23,Tablet,Google Ads,7.08,14,No
4908,2307,2023-09-21,Mobile,Direct,31.84,5,Yes
4909,3791,2025-06-17,Mobile,Google Ads,42.09,14,No
4910,2726,2025-06-07,Tablet,Facebook,33.76,3,No
4911,342,2026-04-10,Desktop,Google Ads,15.27,8,No
4912,4137,2024-10-21,Desktop,Organic,11.93,3,No
4913,3192,2026-06-09,Tablet,Direct,25.64,1,No
4914,1071,2025-04-20,Mobile,Referral,22.74,13,No
4915,2149,2025-02-19,Desktop,Facebook,41.85,1,No
4916,3590,2025-01-09,Tablet,Google Ads,34.93,12,No
4917,1277,2024-03-14,Tablet,Direct,31.64,6,No
4918,2588,2023-11-07,Tablet,Instagram,17.28,8,No
4919,4329,2024-09-29,Desktop,Organic,44.08,10,Yes
4920,2934,2024-01-12,Mobile,Email,19.44,6,No
4921,1227,2025-09-09,Mobile,Instagram,43.79,10,No
4922,3036,2025-07-03,Tablet,Referral,13.93,13,No
4923,4924,2023-01-05,Tablet,Google Ads,13.75,15,No
4924,2800,2024-03-07,Mobile,Email,35.66,11,No
4925,616,2025-02-11,Mobile,Organic,25.01,10,No
4926,630,2025-07-16,Desktop,Google Ads,35.55,3,No
4927,4789,2023-12-18,Desktop,Direct,31.38,8,No
4928,2108,2024-12-19,Mobile,Instagram,17.62,5,No
4929,616,2024-11-04,Desktop,Facebook,30.23,4,No
4930,167,2026-06-07,Desktop,Organic,9.68,6,No
4931,2478,2023-04-04,Desktop,Referral,11.71,6,No
4932,4655,2025-12-13,Mobile,Facebook,16.86,6,No
4933,3233,2025-12-11,Desktop,Direct,40.64,1,No
4934,4484,2026-01-16,Tablet,Facebook,1.65,12,No
4935,3796,2025-07-23,Tablet,Instagram,24.07,6,No
4936,1518,2026-05-23,Mobile,Google Ads,9.58,14,No
4937,2950,2026-01-16,Mobile,Referral,38.74,3,No
4938,3744,2026-04-19,Mobile,Instagram,12.9,8,Yes
4939,1443,2023-06-26,Tablet,Email,41.02,1,No
4940,750,2024-10-26,Mobile,Instagram,28.35,14,No
4941,4009,2023-06-18,Desktop,Referral,8.97,5,No
4942,2425,2026-10-24,Desktop,Google Ads,41.54,10,No
4943,3843,2024-07-23,Desktop,Facebook,3.75,5,No
4944,4850,2023-04-07,Desktop,Google Ads,11.03,14,No
4945,1018,2023-05-29,Tablet,Organic,21.79,12,No
4946,2448,2023-12-17,Mobile,Google Ads,28.1,12,No
4947,3913,2025-06-19,Tablet,Referral,18.19,10,No
4948,972,2023-01-12,Tablet,Direct,16.27,3,Yes
4949,1043,2025-11-14,Desktop,Referral,31.28,13,No
4950,4056,2024-10-15,Mobile,Facebook,5.51,10,No
4951,2943,2024-10-22,Desktop,Email,33.16,5,No
4952,477,2023-02-22,Desktop,Organic,36.59,12,No
4953,663,2025-08-05,Desktop,Google Ads,4.57,15,No
4954,1699,2026-04-18,Tablet,Referral,33.47,9,No
4955,3883,2025-10-04,Mobile,Email,11.91,2,No
4956,101,2026-06-11,Mobile,Google Ads,3.36,2,Yes
4957,262,2024-05-03,Mobile,Facebook,17.04,15,No
4958,299,2023-01-04,Tablet,Referral,23.03,8,No
4959,1789,2026-11-15,Desktop,Referral,9.31,12,No
4960,2540,2026-12-01,Desktop,Email,28.07,6,Yes
4961,4869,2025-03-13,Desktop,Facebook,30.88,7,No
4962,66,2026-08-28,Mobile,Facebook,41.87,10,No
4963,1308,2024-02-15,Desktop,Direct,41.42,6,No
4964,996,2024-12-22,Mobile,Instagram,41.1,5,Yes
4965,4507,2024-10-29,Mobile,Facebook,18.79,3,No
4966,653,2026-10-20,Desktop,Instagram,14.15,2,No
4967,2220,2023-09-05,Desktop,Google Ads,15.32,8,No
4968,1782,2026-09-28,Mobile,Instagram,27.87,10,No
4969,3604,2025-03-26,Desktop,Google Ads,12.97,15,Yes
4970,1748,2023-12-16,Tablet,Facebook,13.94,9,Yes
4971,4442,2026-11-22,Desktop,Referral,8.47,6,No
4972,2106,2026-02-14,Mobile,Google Ads,1.53,8,No
4973,2652,2024-09-04,Tablet,Referral,1.2,6,No
4974,622,2024-01-30,Tablet,Facebook,27.35,7,No
4975,2125,2023-12-07,Desktop,Email,27.27,14,No
4976,931,2025-09-22,Mobile,Google Ads,44.1,2,No
4977,1137,2026-03-21,Mobile,Google Ads,42.58,9,Yes
4978,2555,2026-05-01,Desktop,Referral,44.62,10,No
4979,4842,2026-12-25,Desktop,Direct,18.96,10,No
4980,2674,2023-12-17,Mobile,Instagram,42.74,7,No
4981,2097,2026-10-15,Tablet,Google Ads,1.03,9,No
4982,1982,2024-03-23,Mobile,Organic,1.9,11,No
4983,4026,2026-08-13,Tablet,Instagram,3.33,10,No
4984,621,2026-06-01,Tablet,Instagram,11.29,12,No
4985,4030,2026-06-30,Desktop,Instagram,7.31,3,No
4986,2197,2023-07-02,Desktop,Email,2.48,2,Yes
4987,2112,2025-12-06,Mobile,Referral,12.13,6,No
4988,3356,2026-08-01,Mobile,Direct,8.6,15,No
4989,2990,2024-03-02,Mobile,Instagram,41.94,2,No
4990,2262,2025-05-07,Mobile,Direct,12.3,8,No
4991,2854,2024-11-02,Desktop,Email,19.27,8,No
4992,3788,2024-10-03,Tablet,Organic,36.36,4,Yes
4993,4864,2024-05-15,Desktop,Organic,41.38,1,No
4994,3887,2023-04-14,Mobile,Facebook,3.59,4,No
4995,1502,2025-04-28,Tablet,Email,8.36,6,No
4996,4919,2025-08-31,Desktop,Email,32.08,4,No
4997,552,2023-01-17,Tablet,Referral,33.58,15,No
4998,2253,2026-04-02,Desktop,Email,43.72,7,No
4999,2016,2025-01-02,Mobile,Organic,18.44,8,No
5002,2142,2025-01-14,Mobile,Direct,5.52,7,Yes
5003,975,2026-10-25,Tablet,Direct,23.31,5,No
5004,4039,2025-02-07,Mobile,Organic,28.35,9,No
5005,2317,2026-06-20,Mobile,Google Ads,29.29,11,No
5006,2511,2025-11-17,Mobile,Instagram,4.48,8,No
5007,4699,2026-04-25,Desktop,Facebook,24.83,12,Yes
5008,2597,2024-08-19,Mobile,Email,0.78,1,No
5009,2236,2026-07-14,Desktop,Instagram,8.83,1,No
5010,4558,2024-02-06,Tablet,Referral,21.65,7,Yes
5011,3946,2024-05-28,Desktop,Direct,7.28,5,No
5012,4955,2025-12-30,Tablet,Email,19.01,9,No
5013,3608,2025-03-28,Mobile,Google Ads,38.83,2,No
5014,2568,2025-06-09,Tablet,Referral,15.63,11,No
5015,425,2026-09-01,Tablet,Referral,17.8,9,Yes
5016,1701,2026-02-20,Desktop,Google Ads,25.78,8,No
5017,3036,2025-02-05,Tablet,Email,14.99,9,No
5018,1161,2024-02-08,Tablet,Instagram,14.29,13,No
5019,3614,2023-01-29,Desktop,Google Ads,35.98,14,No
5020,2709,2026-09-20,Mobile,Direct,3.91,8,No
5021,3388,2026-01-13,Tablet,Facebook,7.9,14,Yes
5022,2400,2023-10-28,Desktop,Organic,4.05,7,No
5023,2885,2023-12-26,Tablet,Organic,8.28,4,No
5024,1197,2025-05-21,Desktop,Email,6.65,12,No
5025,3557,2026-11-03,Mobile,Facebook,0.97,7,No
5026,1852,2023-02-24,Tablet,Direct,23.17,3,No
5027,735,2025-04-30,Desktop,Facebook,27.16,11,No
5028,4915,2023-02-28,Desktop,Direct,8.08,13,No
5029,1529,2026-09-11,Desktop,Referral,27.17,1,Yes
5030,3016,2023-11-18,Tablet,Facebook,31.11,8,Yes
5031,1326,2023-05-27,Tablet,Facebook,29.48,10,No
5032,107,2024-03-19,Mobile,Facebook,41.31,14,Yes
5033,2395,2023-04-12,Desktop,Instagram,19.73,12,No
5034,3063,2024-04-24,Mobile,Google Ads,0.57,11,No
5035,3209,2026-05-23,Tablet,Email,12.61,11,No
5036,3519,2026-03-24,Desktop,Google Ads,3.39,13,No
5037,1174,2025-11-05,Tablet,Referral,38.56,11,No
5038,1637,2023-02-20,Mobile,Facebook,28.09,14,No
5039,3649,2024-10-25,Tablet,Organic,22.24,10,No
5040,2584,2025-08-15,Tablet,Direct,42.76,9,No
5041,1506,2024-11-15,Tablet,Google Ads,20.34,3,No
5042,2296,2025-10-06,Mobile,Referral,30.9,5,No
5043,1263,2023-12-31,Mobile,Facebook,44.85,9,No
5044,1890,2024-05-31,Tablet,Email,44.25,11,No
5045,2496,2025-10-30,Tablet,Facebook,10.29,2,No
5046,1900,2026-08-10,Desktop,Email,2.11,2,No
5047,1734,2025-03-11,Desktop,Direct,42.12,14,No
5048,3210,2025-12-25,Mobile,Direct,32.26,5,No
5049,3473,2023-12-08,Tablet,Direct,32.36,12,No
5050,3178,2026-08-17,Desktop,Direct,39.76,3,No
5051,2795,2023-04-01,Mobile,Email,7.0,3,Yes
5052,1213,2026-07-27,Desktop,Referral,14.74,14,No
5053,3010,2025-11-26,Tablet,Organic,21.23,14,No
5054,3164,2024-05-14,Desktop,Instagram,25.32,1,No
5055,3639,2024-09-03,Desktop,Google Ads,33.61,2,No
5056,922,2023-07-03,Desktop,Google Ads,22.38,13,No
5057,241,2024-11-28,Mobile,Google Ads,11.97,1,No
5058,2986,2026-10-10,Mobile,Direct,41.21,3,No
5059,1368,2024-08-26,Mobile,Direct,12.18,14,No
5060,3511,2026-08-23,Tablet,Referral,35.54,9,No
5061,40,2026-07-28,Desktop,Facebook,35.83,4,No
5062,2435,2025-09-10,Mobile,Referral,23.05,8,Yes
5063,884,2026-06-08,Desktop,Facebook,15.71,9,No
5064,218,2025-05-04,Mobile,Google Ads,10.92,2,No
5065,662,2023-08-11,Desktop,Google Ads,30.81,15,Yes
5066,4989,2024-04-15,Mobile,Direct,21.18,1,No
5067,1686,2023-01-11,Tablet,Facebook,32.03,3,No
5068,4642,2023-12-12,Tablet,Direct,33.19,3,No
5069,4410,2023-10-01,Desktop,Referral,17.06,1,Yes
5070,1105,2023-12-08,Desktop,Organic,3.05,2,No
5071,1854,2024-07-27,Desktop,Instagram,13.41,4,No
5072,4366,2026-05-23,Tablet,Facebook,14.37,13,No
5073,426,2026-09-28,Tablet,Direct,30.52,14,No
5074,4107,2025-01-05,Mobile,Facebook,38.57,8,No
5075,942,2025-10-03,Mobile,Organic,13.16,9,No
5076,2081,2023-07-14,Desktop,Facebook,37.57,3,No
5077,1292,2024-03-14,Tablet,Referral,30.49,5,No
5078,4533,2023-04-03,Tablet,Organic,14.1,8,Yes
5079,3053,2024-04-13,Desktop,Referral,25.17,5,No
5080,2452,2023-12-16,Desktop,Email,17.78,13,No
5081,4802,2024-08-04,Mobile,Referral,17.92,8,No
5082,4189,2026-09-25,Desktop,Instagram,12.86,1,No
5083,1029,2025-05-02,Desktop,Instagram,36.48,2,No
5084,1423,2023-03-11,Desktop,Facebook,17.96,10,No
5085,727,2023-11-04,Tablet,Google Ads,32.17,3,No
5086,2652,2024-09-11,Desktop,Email,32.04,13,No
5087,3426,2023-11-26,Desktop,Direct,28.35,12,No
5088,3453,2024-06-27,Mobile,Organic,42.04,6,Yes
5089,4498,2023-10-23,Mobile,Direct,30.13,3,No
5090,4355,2023-10-14,Tablet,Google Ads,4.05,5,No
5091,2158,2024-09-19,Mobile,Google Ads,42.49,3,No
5092,4849,2025-02-22,Tablet,Google Ads,21.87,8,No
5093,525,2024-08-06,Mobile,Email,28.21,6,No
5094,3913,2026-01-21,Mobile,Instagram,1.98,5,No
5095,1623,2023-03-01,Desktop,Email,35.98,3,No
5096,3879,2023-09-01,Mobile,Organic,3.26,13,No
5097,2785,2023-11-26,Mobile,Direct,30.27,5,No
5098,3641,2024-03-28,Tablet,Facebook,30.48,15,No
5099,3271,2023-11-04,Mobile,Direct,32.25,8,No
5100,1657,2023-11-30,Mobile,Email,16.73,4,No
5101,3738,2023-10-17,Desktop,Instagram,6.09,9,No
5102,1282,2024-08-24,Desktop,Google Ads,9.89,3,No
5103,3698,2024-12-05,Desktop,Instagram,33.68,4,No
5104,89,2025-01-28,Desktop,Email,38.3,14,No
5105,3788,2026-07-24,Mobile,Organic,23.2,6,No
5106,2380,2024-06-05,Mobile,Facebook,23.54,8,No
5107,3684,2024-10-17,Tablet,Google Ads,27.24,15,No
5108,2976,2024-02-21,Mobile,Referral,22.72,10,No
5109,974,2023-02-22,Tablet,Referral,41.98,2,No
5110,1367,2024-10-28,Tablet,Google Ads,31.57,13,No
5111,903,2024-01-09,Mobile,Referral,14.44,14,No
5112,1622,2026-08-31,Tablet,Instagram,19.86,1,Yes
5113,4390,2023-01-09,Tablet,Google Ads,26.54,3,No
5114,3460,2025-09-17,Desktop,Referral,29.11,15,No
5115,1290,2026-04-18,Desktop,Email,31.76,1,No
5116,4980,2024-12-16,Desktop,Facebook,30.13,7,No
5117,862,2026-07-26,Tablet,Instagram,10.21,12,No
5118,1000,2026-10-18,Tablet,Direct,10.12,1,Yes
5119,2321,2024-05-12,Mobile,Referral,31.7,10,No
5120,4,2024-05-30,Desktop,Email,35.84,9,No
5121,823,2024-07-12,Mobile,Instagram,14.74,5,Yes
5122,4983,2023-11-01,Tablet,Referral,42.08,11,No
5123,3990,2023-01-05,Mobile,Email,29.73,9,No
5124,3861,2025-10-28,Tablet,Email,5.73,4,No
5125,510,2025-10-22,Tablet,Email,33.62,13,No
5126,4223,2023-05-13,Tablet,Instagram,39.64,1,No
5127,1905,2023-12-21,Desktop,Direct,35.01,8,No
5128,4467,2024-10-14,Mobile,Referral,30.43,4,No
5129,3954,2023-08-22,Desktop,Referral,32.18,5,No
5130,1612,2024-10-15,Mobile,Organic,33.39,6,No
5131,4392,2026-11-19,Desktop,Instagram,11.32,13,No
5132,2902,2026-05-30,Tablet,Direct,23.89,2,Yes
5133,985,2026-08-27,Mobile,Organic,24.07,2,No
5134,4934,2024-04-02,Desktop,Facebook,39.85,15,No
5135,2985,2024-06-29,Desktop,Referral,44.84,14,No
5136,2286,2025-10-14,Desktop,Facebook,11.46,9,No
5137,782,2024-03-04,Mobile,Direct,41.34,12,Yes
5138,4102,2024-12-27,Desktop,Instagram,22.93,3,No
5139,1214,2024-04-23,Desktop,Direct,24.51,12,No
5140,1895,2025-10-23,Desktop,Google Ads,6.55,1,No
5141,536,2023-11-04,Mobile,Facebook,13.47,11,No
5142,2195,2024-11-14,Tablet,Email,5.22,4,No
5143,4049,2024-01-17,Tablet,Referral,32.46,1,Yes
5144,4341,2024-08-28,Desktop,Referral,26.51,15,No
5145,4853,2026-03-30,Tablet,Google Ads,28.5,7,No
5146,3847,2023-07-24,Tablet,Email,31.45,10,No
5147,4827,2024-03-09,Mobile,Email,7.51,7,No
5148,2463,2026-08-20,Tablet,Referral,41.0,12,No
5149,574,2023-06-10,Tablet,Direct,32.87,11,Yes
5150,1615,2025-01-19,Tablet,Google Ads,11.56,9,No
5151,3692,2025-10-11,Desktop,Direct,12.24,9,No
5152,541,2024-12-14,Desktop,Google Ads,29.14,2,No
5153,2953,2024-08-31,Tablet,Instagram,44.42,5,No
5154,4181,2024-05-17,Tablet,Organic,37.46,8,No
5155,4939,2023-02-27,Tablet,Google Ads,19.18,7,No
5156,3777,2025-04-28,Mobile,Direct,6.34,14,Yes
5157,3223,2024-05-14,Mobile,Google Ads,37.82,4,No
5158,631,2026-10-10,Tablet,Direct,24.3,9,No
5159,3814,2025-03-07,Desktop,Organic,3.28,13,No
5160,2041,2025-06-25,Tablet,Organic,34.03,1,No
5161,3923,2026-10-12,Desktop,Email,31.35,12,No
5162,3568,2024-10-17,Tablet,Direct,36.44,13,No
5163,3943,2023-08-22,Mobile,Google Ads,22.6,11,No
5164,1753,2024-01-25,Mobile,Google Ads,36.78,10,No
5165,1617,2026-04-03,Mobile,Email,44.19,12,No
5166,4985,2025-07-24,Desktop,Organic,44.61,4,No
5167,2208,2024-10-21,Desktop,Organic,26.63,15,No
5168,1962,2025-04-14,Tablet,Referral,21.14,15,Yes
5169,4373,2025-10-31,Mobile,Facebook,15.21,7,No
5170,974,2026-10-02,Mobile,Instagram,44.92,14,No
5171,1985,2026-12-07,Tablet,Email,37.35,12,Yes
5172,2951,2023-11-06,Mobile,Referral,42.08,1,No
5173,4766,2026-03-03,Mobile,Facebook,19.07,3,No
5174,678,2024-03-18,Desktop,Facebook,43.31,6,No
5175,2776,2024-10-06,Desktop,Email,43.9,15,No
5176,47,2024-07-31,Mobile,Referral,6.67,11,No
5177,1003,2024-09-13,Mobile,Organic,24.51,13,No
5178,658,2026-03-28,Mobile,Facebook,25.84,7,No
5179,3877,2024-12-21,Tablet,Organic,36.12,11,No
5180,2076,2024-05-01,Tablet,Direct,14.95,4,No
5181,742,2024-10-02,Desktop,Email,37.46,3,No
5182,3047,2024-03-16,Tablet,Google Ads,35.36,15,No
5183,1460,2026-05-27,Tablet,Facebook,44.01,5,No
5184,1304,2025-10-31,Tablet,Instagram,7.54,11,No
5185,3045,2025-08-23,Desktop,Facebook,38.03,11,No
5186,488,2023-03-24,Tablet,Facebook,15.02,7,No
5187,3394,2023-07-02,Desktop,Email,41.93,2,No
5188,2523,2023-03-09,Tablet,Instagram,26.09,12,Yes
5189,682,2026-09-22,Tablet,Facebook,7.75,4,Yes
5190,2191,2024-11-26,Desktop,Email,23.18,1,Yes
5191,3042,2025-07-25,Mobile,Instagram,9.81,7,No
5192,4865,2025-10-09,Mobile,Facebook,43.36,7,No
5193,898,2023-05-08,Tablet,Email,29.67,14,No
5194,224,2023-06-16,Tablet,Email,35.89,1,No
5195,565,2026-02-06,Desktop,Instagram,33.39,4,No
5196,1673,2026-04-30,Tablet,Instagram,36.07,14,No
5197,490,2025-04-08,Desktop,Referral,18.21,10,No
5198,3812,2026-01-13,Desktop,Instagram,16.69,9,No
5199,2558,2026-05-12,Desktop,Instagram,36.42,11,Yes
5200,4856,2023-09-15,Desktop,Google Ads,16.76,7,No
5201,1810,2025-11-15,Tablet,Direct,35.63,8,No
5202,2863,2026-11-27,Tablet,Google Ads,37.35,14,No
5203,3180,2024-12-17,Mobile,Email,11.88,3,No
5204,2773,2025-12-04,Mobile,Direct,24.53,13,No
5205,3563,2023-07-27,Tablet,Email,21.36,1,No
5206,3294,2024-02-12,Desktop,Instagram,31.68,12,No
5207,2202,2025-10-31,Tablet,Instagram,13.21,9,No
5208,1143,2024-10-07,Tablet,Referral,26.33,3,Yes
5209,2470,2023-03-02,Tablet,Organic,5.92,12,Yes
5210,3033,2023-11-01,Tablet,Google Ads,28.77,4,Yes
5211,2595,2025-04-17,Desktop,Instagram,35.11,13,No
5212,906,2023-08-30,Tablet,Instagram,3.82,2,Yes
5213,4215,2025-02-04,Desktop,Email,43.45,1,Yes
5214,3695,2023-04-21,Desktop,Email,38.02,9,No
5215,2584,2023-04-16,Mobile,Referral,29.77,9,Yes
5216,623,2024-08-20,Tablet,Facebook,18.47,6,Yes
5217,4285,2023-01-12,Tablet,Email,41.93,11,No
5218,849,2023-06-15,Mobile,Facebook,28.27,15,Yes
5219,1477,2025-10-09,Mobile,Direct,41.87,3,No
5220,1525,2026-03-16,Tablet,Email,30.95,10,No
5221,1894,2026-05-22,Mobile,Email,14.98,4,No
5222,1128,2023-11-05,Tablet,Instagram,17.06,5,No
5223,3979,2023-02-23,Desktop,Email,18.67,15,No
5224,1193,2024-01-09,Mobile,Instagram,42.35,7,No
5225,2255,2023-09-02,Tablet,Organic,9.94,15,Yes
5226,1558,2024-05-01,Mobile,Organic,19.72,14,Yes
5227,1869,2023-08-13,Desktop,Email,40.25,15,No
5228,19,2023-04-21,Mobile,Google Ads,8.43,11,No
5229,1361,2026-02-27,Desktop,Email,25.28,2,No
5230,2844,2024-12-29,Mobile,Instagram,3.41,7,No
5231,3694,2025-03-06,Tablet,Referral,14.82,10,No
5232,454,2023-12-21,Mobile,Organic,10.45,14,No
5233,2501,2023-10-25,Mobile,Direct,1.37,8,Yes
5234,4300,2025-12-04,Mobile,Facebook,19.93,3,No
5235,2185,2024-05-19,Desktop,Email,6.31,1,No
5236,916,2023-02-14,Mobile,Direct,37.68,6,No
5237,1299,2025-07-14,Desktop,Email,39.48,8,No
5238,894,2026-09-23,Desktop,Organic,6.68,2,Yes
5239,1079,2024-07-16,Tablet,Direct,17.54,10,No
5240,561,2026-03-11,Mobile,Instagram,27.69,6,No
5241,2491,2026-05-08,Desktop,Google Ads,35.28,2,No
5242,449,2023-08-09,Mobile,Instagram,9.42,10,No
5243,2407,2025-10-04,Tablet,Referral,38.67,10,No
5244,1593,2023-02-04,Mobile,Referral,10.03,1,No
5245,2309,2026-12-21,Desktop,Email,7.2,14,No
5246,3019,2026-09-11,Mobile,Referral,18.99,15,Yes
5247,1638,2023-04-07,Tablet,Direct,37.64,8,No
5248,779,2023-10-11,Desktop,Referral,25.38,6,Yes
5249,3420,2024-06-26,Desktop,Google Ads,14.67,10,No
5250,1981,2023-11-23,Tablet,Organic,33.08,2,No
5251,2805,2025-10-06,Mobile,Referral,24.17,15,No
5252,1788,2025-11-20,Mobile,Google Ads,32.69,14,Yes
5253,3117,2025-10-27,Tablet,Google Ads,21.69,3,No
5254,3876,2023-12-23,Tablet,Referral,26.83,6,No
5255,4971,2023-06-15,Desktop,Email,35.08,2,No
5256,122,2026-02-20,Desktop,Email,39.13,10,No
5257,3316,2023-06-21,Tablet,Organic,43.95,6,Yes
5258,4711,2026-03-25,Mobile,Instagram,11.58,5,No
5259,189,2023-02-08,Mobile,Organic,3.67,1,No
5260,313,2026-04-10,Tablet,Direct,25.77,7,No
5261,4724,2024-10-11,Desktop,Organic,18.19,1,Yes
5262,4259,2024-11-30,Desktop,Direct,14.15,5,Yes
5263,3333,2026-09-21,Mobile,Direct,19.53,4,No
5264,140,2023-06-18,Mobile,Email,10.49,7,No
5265,3362,2023-04-21,Mobile,Instagram,35.68,1,No
5266,4714,2026-01-06,Mobile,Organic,3.82,8,No
5267,590,2023-11-29,Mobile,Email,25.45,13,No
5268,2545,2025-12-30,Mobile,Referral,36.01,10,No
5269,4642,2023-02-19,Mobile,Direct,29.93,1,No
5270,565,2023-11-14,Mobile,Google Ads,10.34,12,No
5271,494,2024-09-22,Tablet,Organic,44.13,6,No
5272,842,2026-09-05,Mobile,Facebook,8.51,2,No
5273,1358,2023-06-04,Tablet,Referral,24.16,14,No
5274,135,2026-03-15,Tablet,Email,2.97,14,Yes
5275,1341,2023-06-23,Mobile,Instagram,24.66,5,Yes
5276,1673,2025-07-10,Desktop,Referral,5.2,4,No
5277,1736,2025-08-18,Tablet,Google Ads,11.21,14,No
5278,4167,2023-06-07,Desktop,Google Ads,30.86,11,No
5279,481,2026-02-13,Mobile,Facebook,23.11,9,No
5280,1535,2023-11-15,Tablet,Facebook,6.91,2,No
5281,744,2024-06-20,Tablet,Organic,26.23,4,No
5282,2915,2026-12-27,Mobile,Instagram,43.88,13,No
5283,4530,2025-03-06,Desktop,Email,21.76,6,No
5284,1616,2026-05-19,Tablet,Instagram,7.04,6,No
5285,3342,2025-10-12,Desktop,Instagram,21.12,3,No
5286,1770,2024-03-15,Desktop,Organic,16.61,10,No
5287,4214,2026-07-28,Desktop,Organic,5.9,2,No
5288,4733,2026-08-13,Desktop,Email,8.8,8,No
5289,2357,2024-09-30,Desktop,Organic,16.6,1,No
5290,4835,2024-06-02,Tablet,Referral,42.28,12,No
5291,2870,2023-12-06,Mobile,Instagram,10.85,11,No
5292,346,2023-05-16,Desktop,Email,31.38,9,No
5293,3905,2024-02-14,Tablet,Email,6.47,12,No
5294,815,2023-03-22,Mobile,Google Ads,9.06,11,No
5295,3268,2023-08-14,Desktop,Email,9.36,14,No
5296,2098,2026-02-25,Tablet,Referral,11.54,9,No
5297,2305,2025-03-12,Tablet,Organic,17.74,9,No
5298,3203,2025-05-12,Mobile,Instagram,19.32,11,Yes
5299,2438,2024-09-18,Mobile,Instagram,15.38,13,Yes
5300,2653,2023-09-02,Mobile,Referral,7.6,6,No
5301,2044,2023-09-15,Mobile,Direct,31.04,9,No
5302,2269,2025-04-05,Desktop,Direct,23.75,9,No
5303,4935,2026-04-04,Desktop,Direct,36.94,15,No
5304,718,2024-05-29,Tablet,Facebook,20.78,2,No
5305,1429,2026-06-04,Desktop,Direct,27.71,1,No
5306,3308,2023-04-09,Mobile,Email,28.18,4,No
5307,4667,2026-01-06,Tablet,Email,31.31,15,No
5308,4598,2025-08-24,Mobile,Instagram,41.55,9,No
5309,3406,2024-04-21,Tablet,Referral,24.86,2,Yes
5310,46,2024-02-03,Tablet,Referral,34.74,12,No
5311,2857,2026-10-22,Desktop,Direct,41.42,3,No
5312,48,2026-06-24,Tablet,Email,22.04,6,No
5313,2781,2023-06-01,Tablet,Organic,40.86,4,Yes
5314,4688,2025-05-17,Mobile,Facebook,41.65,11,No
5315,2479,2025-02-14,Tablet,Facebook,20.81,14,No
5316,1898,2023-03-29,Tablet,Google Ads,1.1,10,No
5317,1034,2026-01-01,Tablet,Facebook,15.01,10,No
5318,3035,2026-05-04,Tablet,Email,38.99,15,No
5319,1977,2026-01-19,Tablet,Facebook,10.58,8,No
5320,2856,2023-09-19,Tablet,Direct,10.3,3,No
5321,4991,2023-05-23,Mobile,Facebook,26.43,11,Yes
5322,1167,2024-06-16,Desktop,Facebook,28.61,14,No
5323,4047,2025-12-14,Tablet,Instagram,34.34,12,No
5324,4052,2025-10-31,Mobile,Google Ads,44.16,12,No
5325,2431,2023-12-18,Tablet,Facebook,22.46,1,Yes
5326,4439,2026-05-30,Tablet,Instagram,9.68,12,No
5327,2880,2024-09-17,Tablet,Referral,19.11,15,Yes
5328,2172,2024-07-21,Desktop,Direct,21.92,11,No
5329,4579,2025-07-18,Tablet,Google Ads,2.18,6,No
5330,2215,2023-04-19,Tablet,Google Ads,15.85,5,No
5331,4897,2023-02-13,Desktop,Facebook,42.85,7,Yes
5332,2277,2024-05-15,Desktop,Facebook,7.83,9,No
5333,2746,2023-12-18,Mobile,Organic,31.86,4,No
5334,4219,2023-04-17,Tablet,Email,14.62,11,No
5335,1328,2026-12-02,Mobile,Email,33.0,11,No
5336,2747,2026-08-31,Mobile,Organic,7.68,8,No
5337,4961,2023-09-17,Tablet,Direct,37.25,10,No
5338,637,2026-10-09,Desktop,Email,12.91,6,No
5339,4923,2025-03-16,Tablet,Direct,32.23,14,No
5340,4948,2024-11-20,Mobile,Google Ads,40.06,11,No
5341,4876,2023-11-12,Mobile,Google Ads,14.31,9,Yes
5342,4532,2024-06-13,Mobile,Instagram,23.39,6,No
5343,330,2026-05-01,Mobile,Direct,20.44,5,Yes
5344,4446,2024-01-22,Tablet,Facebook,13.61,2,No
5345,1236,2026-03-02,Desktop,Instagram,41.21,2,No
5346,452,2024-02-06,Mobile,Direct,26.56,6,No
5347,3784,2026-05-10,Tablet,Email,26.45,15,No
5348,861,2025-12-13,Mobile,Facebook,42.24,12,No
5349,2055,2025-03-04,Tablet,Instagram,30.91,5,No
5350,3558,2026-12-03,Desktop,Facebook,35.07,8,No
5351,2655,2025-02-27,Mobile,Email,15.57,6,Yes
5352,1022,2026-08-29,Desktop,Email,36.31,4,No
5353,4929,2025-08-04,Tablet,Google Ads,17.73,11,No
5354,3569,2024-05-26,Desktop,Organic,24.04,3,No
5355,204,2024-02-24,Tablet,Instagram,25.04,15,No
5356,4707,2025-01-16,Tablet,Facebook,10.41,11,No
5357,4518,2024-06-23,Desktop,Instagram,38.29,7,No
5358,1767,2026-11-03,Tablet,Google Ads,20.11,5,No
5359,21,2026-02-01,Tablet,Facebook,10.02,1,No
5360,297,2024-11-06,Tablet,Email,3.37,2,No
5361,4017,2024-10-19,Tablet,Instagram,20.98,1,Yes
5362,2726,2025-10-26,Desktop,Google Ads,7.94,9,No
5363,458,2024-06-29,Mobile,Google Ads,9.01,13,No
5364,2121,2024-06-05,Mobile,Organic,31.5,13,No
5365,1941,2024-11-12,Mobile,Facebook,4.35,11,No
5366,147,2025-06-30,Mobile,Instagram,17.47,9,No
5367,1948,2023-12-15,Tablet,Organic,34.21,1,No
5368,4261,2025-11-10,Desktop,Google Ads,15.86,3,No
5369,3039,2023-07-17,Tablet,Instagram,27.9,9,No
5370,896,2026-04-27,Desktop,Instagram,22.97,15,No
5371,4527,2026-07-01,Tablet,Email,17.8,5,No
5372,2681,2025-12-22,Mobile,Instagram,15.71,9,Yes
5373,3382,2023-02-15,Desktop,Direct,44.25,1,No
5374,4717,2025-07-12,Tablet,Google Ads,38.14,10,No
5375,2574,2026-09-01,Tablet,Google Ads,20.88,12,No
5376,4496,2023-09-16,Tablet,Organic,28.18,2,No
5377,506,2023-05-29,Tablet,Referral,19.36,14,No
5378,2498,2023-11-22,Tablet,Email,22.23,8,No
5379,2404,2023-07-30,Tablet,Organic,43.33,5,No
5380,3164,2025-12-30,Tablet,Google Ads,22.58,13,No
5381,2831,2024-02-01,Mobile,Organic,38.72,3,No
5382,2250,2024-09-06,Mobile,Email,17.11,2,Yes
5383,1743,2024-05-31,Tablet,Organic,24.67,7,No
5384,428,2026-09-11,Mobile,Organic,43.94,15,No
5385,1427,2025-11-13,Mobile,Direct,22.69,13,No
5386,4694,2023-04-17,Tablet,Facebook,5.68,10,No
5387,1096,2025-05-02,Tablet,Facebook,33.17,14,No
5388,1946,2026-09-06,Tablet,Organic,3.91,12,No
5389,4119,2023-05-14,Desktop,Direct,26.53,12,Yes
5390,4193,2024-10-01,Tablet,Referral,8.75,8,No
5391,2974,2025-04-21,Desktop,Direct,25.62,1,No
5392,4803,2024-01-26,Tablet,Referral,15.34,9,Yes
5393,4444,2025-06-12,Tablet,Referral,12.78,3,No
5394,4336,2024-02-23,Tablet,Google Ads,12.97,4,No
5395,2239,2023-07-09,Desktop,Email,2.49,13,No
5396,781,2025-03-12,Desktop,Google Ads,32.71,11,No
5397,20,2024-03-15,Mobile,Instagram,10.31,3,No
5398,1860,2026-08-18,Mobile,Referral,10.33,13,No
5399,1222,2026-07-10,Tablet,Instagram,33.17,5,No
5400,595,2025-06-06,Desktop,Organic,12.15,15,No
5401,2823,2026-03-10,Mobile,Facebook,10.55,11,No
5402,689,2023-10-20,Desktop,Instagram,8.88,8,Yes
5403,4527,2026-12-18,Tablet,Email,42.91,11,No
5404,1401,2024-03-10,Tablet,Direct,30.55,12,No
5405,1212,2024-04-02,Tablet,Organic,41.8,8,No
5406,4915,2024-01-25,Desktop,Instagram,23.02,11,No
5407,4118,2024-01-27,Desktop,Facebook,35.41,10,No
5408,2344,2025-04-13,Mobile,Email,4.82,3,No
5409,3517,2025-12-05,Tablet,Facebook,43.79,8,No
5410,3245,2023-01-12,Tablet,Organic,1.44,13,Yes
5411,4047,2023-04-05,Desktop,Facebook,39.29,5,Yes
5412,4653,2025-08-22,Mobile,Facebook,30.3,5,No
5413,1383,2024-11-03,Mobile,Instagram,23.4,2,No
5414,3289,2023-07-19,Mobile,Organic,7.18,9,No
5415,4710,2023-04-21,Desktop,Facebook,37.18,9,No
5416,4939,2024-09-21,Desktop,Instagram,38.84,8,No
5417,2204,2024-02-13,Tablet,Referral,35.98,2,No
5418,4718,2026-05-18,Tablet,Facebook,27.82,8,No
5419,1569,2026-11-07,Tablet,Google Ads,14.69,9,No
5420,803,2026-09-13,Desktop,Organic,34.87,7,Yes
5421,1934,2024-10-23,Mobile,Instagram,36.18,13,No
5422,3359,2024-04-11,Tablet,Facebook,23.75,10,No
5423,4894,2026-01-24,Tablet,Instagram,25.62,10,Yes
5424,1805,2025-11-30,Desktop,Instagram,7.38,14,No
5425,109,2026-09-19,Mobile,Instagram,20.18,4,No
5426,4132,2025-02-25,Desktop,Google Ads,36.43,10,No
5427,3188,2025-09-05,Tablet,Facebook,30.82,8,Yes
5428,2136,2025-07-04,Desktop,Referral,12.09,8,No
5429,4394,2026-11-07,Desktop,Organic,21.13,5,No
5430,190,2023-06-04,Tablet,Google Ads,3.54,12,No
5431,127,2024-09-10,Mobile,Email,11.42,3,No
5432,2573,2026-05-27,Desktop,Organic,19.19,2,No
5433,381,2025-10-09,Desktop,Instagram,29.51,15,No
5434,2897,2023-03-10,Tablet,Direct,31.1,6,No
5435,2213,2024-05-26,Tablet,Instagram,1.06,4,No
5436,545,2023-03-24,Mobile,Facebook,16.37,12,No
5437,1055,2026-06-26,Mobile,Email,39.52,2,No
5438,2448,2023-11-26,Mobile,Google Ads,27.87,7,No
5439,4914,2025-05-07,Mobile,Email,25.52,1,No
5440,623,2026-12-23,Mobile,Google Ads,28.61,11,Yes
5441,2339,2023-02-22,Tablet,Facebook,6.47,10,Yes
5442,1362,2024-09-07,Mobile,Organic,38.88,13,No
5443,3313,2025-05-01,Mobile,Email,12.02,4,No
5444,4974,2026-03-16,Mobile,Direct,7.3,3,No
5445,1517,2025-05-02,Mobile,Referral,38.08,8,No
5446,1835,2023-12-01,Tablet,Direct,28.33,6,No
5447,3583,2023-11-09,Mobile,Instagram,5.7,2,No
5448,2834,2026-03-07,Mobile,Referral,39.28,10,No
5449,3474,2024-10-13,Tablet,Google Ads,44.72,8,No
5450,827,2024-01-17,Mobile,Facebook,13.63,10,No
5451,2781,2024-09-07,Desktop,Referral,43.72,9,No
5452,4135,2025-11-07,Tablet,Google Ads,5.92,14,No
5453,1883,2026-04-19,Tablet,Email,20.27,9,No
5454,4422,2023-06-01,Desktop,Email,0.57,4,No
5455,4197,2024-11-14,Desktop,Google Ads,42.85,4,No
5456,4642,2025-05-19,Mobile,Google Ads,22.82,7,No
5457,1646,2026-11-14,Desktop,Instagram,39.36,8,No
5458,1794,2024-08-20,Tablet,Referral,15.39,1,No
5459,1389,2026-08-02,Mobile,Email,32.15,10,No
5460,3875,2026-10-06,Tablet,Organic,34.01,3,No
5461,1772,2023-03-02,Tablet,Email,6.24,7,Yes
5462,220,2024-10-04,Desktop,Direct,29.17,5,No
5463,4261,2026-08-07,Mobile,Email,3.54,1,No
5464,3372,2024-10-10,Mobile,Email,14.58,7,No
5465,2684,2026-05-25,Desktop,Instagram,30.13,2,No
5466,3798,2023-04-03,Tablet,Organic,27.86,7,No
5467,768,2023-04-21,Desktop,Facebook,25.18,11,Yes
5468,3669,2024-04-29,Mobile,Instagram,9.15,15,No
5469,1700,2024-07-04,Desktop,Email,4.14,4,Yes
5470,2406,2026-06-21,Desktop,Google Ads,37.07,1,Yes
5471,4403,2026-04-14,Mobile,Referral,37.94,10,No
5472,3319,2025-05-02,Desktop,Google Ads,19.06,1,No
5473,3489,2023-09-03,Desktop,Referral,16.2,1,No
5474,23,2024-04-22,Tablet,Email,17.62,6,No
5475,1524,2026-02-02,Tablet,Email,5.27,8,No
5476,484,2026-09-29,Tablet,Direct,8.34,12,No
5477,24,2024-05-12,Mobile,Direct,27.3,9,No
5478,3641,2023-12-18,Mobile,Instagram,27.93,2,No
5479,2387,2025-10-08,Mobile,Referral,18.15,3,No
5480,1996,2025-07-19,Desktop,Facebook,8.8,5,Yes
5481,2557,2023-12-25,Desktop,Direct,1.33,1,No
5482,2589,2023-01-31,Mobile,Email,8.82,12,No
5483,3587,2024-08-05,Tablet,Organic,21.01,3,No
5484,1562,2023-03-12,Mobile,Google Ads,14.12,4,No
5485,2787,2026-02-04,Tablet,Direct,12.77,15,No
5486,3174,2026-04-09,Desktop,Organic,41.68,12,Yes
5487,828,2025-02-06,Tablet,Google Ads,23.0,1,No
5488,1886,2026-09-06,Tablet,Google Ads,1.69,2,No
5489,920,2024-03-30,Mobile,Referral,29.48,11,No
5490,3740,2023-12-30,Mobile,Email,2.63,10,No
5491,2709,2023-08-08,Tablet,Organic,16.23,3,No
5492,133,2023-09-10,Desktop,Google Ads,19.83,15,No
5493,557,2025-04-18,Mobile,Direct,36.52,6,No
5494,1128,2024-12-18,Tablet,Instagram,2.18,1,No
5495,3255,2026-02-17,Tablet,Referral,29.18,5,No
5496,3813,2025-03-24,Desktop,Google Ads,34.23,15,No
5497,2767,2026-01-06,Mobile,Organic,17.8,6,No
5498,4317,2025-03-23,Tablet,Referral,7.99,2,No
5499,3387,2024-10-18,Desktop,Organic,30.34,12,No
5500,851,2023-07-21,Mobile,Direct,22.11,11,Yes
5501,1320,2026-05-31,Mobile,Organic,8.6,13,No
5502,4464,2024-03-22,Desktop,Referral,32.21,10,No
5503,4625,2025-09-14,Mobile,Organic,44.03,5,No
5504,2978,2026-11-01,Desktop,Facebook,42.02,4,Yes
5505,4022,2024-03-10,Desktop,Google Ads,15.68,1,No
5506,2927,2025-06-04,Mobile,Direct,14.06,9,No
5507,4333,2023-04-07,Mobile,Direct,32.69,1,No
5508,4481,2025-03-07,Mobile,Organic,40.68,7,Yes
5509,1849,2023-11-17,Mobile,Google Ads,15.56,1,No
5510,622,2024-08-22,Desktop,Direct,0.84,8,No
5511,1057,2024-02-13,Desktop,Facebook,9.22,7,No
5512,3737,2024-12-01,Mobile,Referral,7.35,2,No
5513,2812,2024-12-24,Tablet,Google Ads,25.86,2,Yes
5514,973,2024-09-04,Tablet,Google Ads,43.29,14,Yes
5515,4327,2025-01-07,Mobile,Google Ads,30.04,2,Yes
5516,2059,2024-04-04,Tablet,Organic,24.7,13,No
5517,2985,2024-11-14,Tablet,Instagram,23.35,4,Yes
5518,2642,2026-08-10,Tablet,Email,40.43,1,Yes
5519,2859,2025-10-08,Tablet,Organic,8.7,12,No
5520,253,2023-06-26,Mobile,Direct,10.01,14,No
5521,372,2024-11-09,Desktop,Organic,22.98,12,No
5522,3527,2023-10-21,Mobile,Instagram,27.59,6,No
5523,4512,2024-11-20,Desktop,Referral,10.02,7,No
5524,2360,2023-07-09,Tablet,Facebook,3.73,1,No
5525,3365,2026-06-01,Mobile,Instagram,36.84,11,No
5526,2875,2024-09-19,Mobile,Organic,14.8,2,No
5527,1463,2024-02-03,Desktop,Google Ads,32.55,2,No
5528,1360,2023-05-22,Desktop,Email,4.82,5,No
5529,4551,2025-07-25,Tablet,Direct,24.07,10,No
5530,4854,2025-09-22,Desktop,Google Ads,21.21,1,No
5531,3799,2024-11-09,Mobile,Direct,23.66,13,No
5532,1845,2024-07-24,Mobile,Google Ads,2.62,13,Yes
5533,3519,2025-04-21,Desktop,Email,41.26,9,No
5534,698,2025-11-25,Mobile,Referral,42.45,2,No
5535,3754,2025-11-22,Tablet,Instagram,42.98,7,No
5536,2860,2023-05-29,Tablet,Organic,14.0,4,No
5537,1130,2026-01-26,Desktop,Organic,44.43,13,Yes
5538,1450,2025-07-05,Mobile,Organic,10.74,2,No
5539,4911,2024-04-03,Mobile,Instagram,2.21,10,No
5540,4058,2024-03-20,Desktop,Organic,31.11,4,No
5541,2393,2023-11-02,Desktop,Google Ads,42.51,1,No
5542,3765,2023-08-12,Mobile,Email,36.21,6,No
5543,3069,2023-12-24,Tablet,Email,41.01,15,No
5544,3229,2026-11-15,Mobile,Facebook,38.42,11,No
5545,2049,2024-09-09,Mobile,Facebook,1.78,10,No
5546,2331,2026-07-15,Mobile,Instagram,11.99,9,Yes
5547,3743,2025-09-01,Mobile,Direct,7.84,5,No
5548,2076,2026-10-19,Mobile,Organic,25.51,3,No
5549,2715,2024-02-17,Desktop,Organic,5.02,6,No
5550,2363,2024-02-07,Mobile,Instagram,9.93,10,No
5551,2799,2024-03-07,Tablet,Google Ads,23.67,3,Yes
5552,1038,2026-01-03,Desktop,Direct,17.92,6,No
5553,188,2025-07-07,Mobile,Facebook,10.15,12,No
5554,1159,2025-06-02,Desktop,Instagram,30.26,8,No
5555,3970,2024-03-10,Desktop,Organic,2.88,8,No
5556,1709,2024-12-02,Mobile,Referral,14.39,3,No
5557,4862,2024-07-01,Tablet,Email,36.71,8,No
5558,991,2026-05-18,Mobile,Facebook,37.19,4,Yes
5559,2099,2023-05-23,Desktop,Email,9.73,13,No
5560,2949,2024-03-21,Tablet,Google Ads,38.89,10,Yes
5561,4585,2025-06-07,Desktop,Referral,26.69,4,No
5562,409,2025-03-28,Mobile,Instagram,28.96,15,No
5563,186,2025-02-03,Desktop,Direct,38.15,2,No
5564,1638,2023-04-21,Desktop,Email,41.65,8,Yes
5565,1179,2026-03-04,Desktop,Instagram,40.06,3,Yes
5566,4784,2026-03-31,Mobile,Direct,43.57,2,No
5567,4806,2026-02-03,Tablet,Google Ads,22.39,5,Yes
5568,100,2023-06-16,Mobile,Organic,21.92,9,Yes
5569,4260,2023-07-19,Mobile,Instagram,37.0,9,No
5570,2809,2023-04-16,Tablet,Instagram,39.83,13,No
5571,869,2026-02-22,Tablet,Google Ads,42.97,15,No
5572,1803,2024-07-28,Mobile,Google Ads,18.0,5,Yes
5573,736,2024-05-13,Mobile,Organic,15.46,9,No
5574,578,2023-03-31,Mobile,Instagram,40.45,14,Yes
5575,2706,2024-01-22,Tablet,Google Ads,35.25,14,No
5576,1540,2026-09-16,Tablet,Organic,34.08,14,No
5577,2094,2024-11-06,Tablet,Email,5.53,12,No
5578,1244,2025-08-12,Desktop,Facebook,17.41,14,No
5579,2352,2024-05-27,Mobile,Instagram,40.22,5,Yes
5580,2943,2026-01-17,Tablet,Direct,4.6,7,No
5581,2380,2026-06-05,Mobile,Email,23.52,2,No
5582,1215,2026-05-07,Desktop,Referral,44.92,3,No
5583,2125,2023-06-20,Mobile,Direct,3.66,8,No
5584,311,2025-11-11,Tablet,Email,17.88,1,No
5585,1820,2025-09-01,Desktop,Referral,30.21,5,No
5586,542,2023-03-05,Desktop,Organic,18.4,6,No
5587,4666,2023-03-07,Tablet,Instagram,35.87,8,No
5588,4204,2023-06-23,Mobile,Organic,29.25,11,No
5589,706,2025-07-11,Desktop,Instagram,25.14,14,No
5590,4009,2024-01-09,Tablet,Referral,25.99,12,No
5591,2107,2025-06-18,Desktop,Organic,20.55,3,No
5592,4477,2023-04-13,Mobile,Google Ads,44.47,13,No
5593,2108,2025-10-09,Tablet,Direct,21.58,5,No
5594,2162,2026-06-30,Desktop,Google Ads,3.79,12,No
5595,341,2026-05-02,Desktop,Organic,21.52,14,No
5596,2779,2024-12-25,Tablet,Referral,23.66,11,No
5597,1614,2026-03-28,Tablet,Organic,36.38,10,No
5598,4174,2024-12-15,Tablet,Direct,16.96,7,No
5599,995,2023-12-01,Desktop,Google Ads,27.45,14,No
5600,2508,2026-09-16,Mobile,Direct,7.44,10,No
5601,1753,2026-06-13,Tablet,Google Ads,32.65,4,No
5602,2765,2024-05-17,Mobile,Email,22.82,14,No
5603,4316,2024-03-27,Tablet,Google Ads,38.55,15,No
5604,2838,2025-03-29,Mobile,Email,37.9,7,No
5605,2090,2023-06-21,Desktop,Email,30.16,10,No
5606,2529,2025-11-28,Desktop,Organic,2.46,13,No
5607,3224,2023-01-29,Desktop,Referral,27.34,8,No
5608,4839,2025-08-05,Tablet,Direct,32.59,14,Yes
5609,1754,2023-01-23,Mobile,Facebook,11.93,4,No
5610,3200,2023-04-17,Mobile,Email,14.71,5,No
5611,2147,2024-01-30,Desktop,Google Ads,20.17,13,No
5612,3384,2026-03-31,Tablet,Google Ads,32.16,12,No
5613,622,2024-10-09,Desktop,Instagram,7.58,13,Yes
5614,801,2025-09-28,Desktop,Google Ads,24.72,8,No
5615,818,2023-12-20,Desktop,Email,42.93,11,No
5616,145,2026-03-14,Mobile,Referral,40.33,1,No
5617,3820,2023-11-29,Mobile,Email,2.32,7,No
5618,3571,2023-01-31,Mobile,Instagram,32.87,3,No
5619,3217,2024-09-24,Tablet,Referral,37.46,15,No
5620,4336,2024-09-09,Desktop,Referral,33.16,6,No
5621,3870,2024-01-22,Mobile,Email,34.73,12,No
5622,622,2024-08-21,Desktop,Instagram,22.21,13,No
5623,2243,2023-04-20,Mobile,Google Ads,12.96,8,No
5624,510,2024-07-24,Tablet,Facebook,11.5,15,No
5625,2688,2024-08-26,Tablet,Referral,4.3,9,Yes
5626,4994,2026-06-19,Desktop,Instagram,17.84,6,No
5627,1761,2024-06-16,Desktop,Organic,4.66,2,No
5628,2574,2026-07-07,Mobile,Google Ads,38.35,4,No
5629,2066,2023-01-20,Tablet,Direct,3.33,3,No
5630,4927,2024-09-19,Mobile,Google Ads,32.78,12,No
5631,3826,2023-02-10,Desktop,Facebook,35.12,10,No
5632,3648,2023-12-20,Desktop,Organic,29.76,12,Yes
5633,3406,2023-06-17,Tablet,Facebook,40.93,6,No
5634,3832,2026-04-13,Tablet,Email,37.59,14,No
5635,3974,2023-08-14,Mobile,Instagram,1.37,5,Yes
5636,4606,2024-04-23,Desktop,Email,20.44,1,No
5637,1994,2024-05-17,Mobile,Instagram,31.6,14,No
5638,2949,2025-05-24,Tablet,Email,43.77,2,No
5639,3384,2026-01-30,Mobile,Referral,16.84,13,Yes
5640,1449,2024-12-27,Mobile,Google Ads,33.99,6,No
5641,4204,2025-11-08,Desktop,Email,4.4,6,No
5642,1565,2023-10-29,Tablet,Instagram,40.74,11,No
5643,1535,2025-03-23,Desktop,Facebook,4.28,7,No
5644,3719,2023-08-05,Desktop,Instagram,21.09,10,No
5645,106,2023-07-29,Desktop,Instagram,32.32,13,No
5646,4430,2024-01-23,Mobile,Facebook,42.04,11,No
5647,831,2026-01-19,Desktop,Email,16.3,8,No
5648,3176,2026-05-01,Tablet,Facebook,26.16,12,No
5649,2921,2026-09-24,Desktop,Referral,18.92,11,No
5650,1968,2024-09-28,Tablet,Google Ads,34.35,1,Yes
5651,4142,2026-06-04,Desktop,Direct,14.91,6,Yes
5652,3094,2026-05-02,Mobile,Organic,2.54,13,No
5653,1094,2024-12-22,Desktop,Organic,17.04,10,No
5654,3265,2025-07-05,Mobile,Direct,34.22,9,No
5655,1654,2024-11-26,Desktop,Organic,16.26,5,No
5656,2315,2025-06-05,Tablet,Email,12.92,12,No
5657,1184,2023-07-04,Tablet,Facebook,5.61,11,No
5658,322,2023-01-23,Desktop,Referral,28.42,3,No
5659,4297,2026-09-06,Mobile,Facebook,14.31,11,No
5660,389,2023-08-16,Tablet,Email,40.14,5,Yes
5661,3037,2026-03-18,Desktop,Email,7.58,15,No
5662,3674,2024-05-05,Tablet,Organic,20.18,1,No
5663,1220,2023-11-23,Mobile,Referral,23.09,3,No
5664,1312,2023-10-20,Mobile,Email,18.42,12,Yes
5665,4938,2023-05-14,Mobile,Instagram,2.38,11,Yes
5666,2637,2026-12-02,Desktop,Direct,21.09,9,No
5667,1725,2023-01-08,Desktop,Email,6.41,10,No
5668,1161,2024-09-27,Tablet,Organic,36.01,12,No
5669,2196,2026-02-24,Mobile,Facebook,33.4,1,Yes
5670,199,2026-11-02,Desktop,Facebook,15.05,11,Yes
5671,4873,2026-07-03,Desktop,Referral,6.41,4,Yes
5672,1166,2024-01-22,Tablet,Referral,24.71,5,Yes
5673,3169,2024-04-09,Mobile,Referral,4.58,13,No
5674,3008,2026-08-22,Mobile,Email,11.69,9,No
5675,4014,2025-04-06,Mobile,Facebook,32.68,1,No
5676,2093,2023-06-12,Desktop,Direct,5.05,4,Yes
5677,32,2024-10-13,Mobile,Instagram,10.08,6,No
5678,395,2023-04-20,Desktop,Google Ads,41.3,3,No
5679,2585,2024-08-23,Mobile,Instagram,14.41,5,No
5680,2129,2024-11-11,Mobile,Referral,44.0,3,No
5681,186,2025-02-07,Tablet,Referral,10.86,12,Yes
5682,4944,2023-10-21,Mobile,Google Ads,13.42,5,Yes
5683,2356,2024-11-15,Mobile,Google Ads,39.06,13,No
5684,3222,2026-07-18,Tablet,Direct,19.0,13,No
5685,3739,2023-08-31,Mobile,Google Ads,6.2,1,No
5686,2793,2023-06-29,Tablet,Referral,41.68,4,No
5687,1203,2025-02-04,Tablet,Referral,20.14,5,Yes
5688,1096,2023-03-30,Desktop,Instagram,26.7,9,No
5689,3215,2023-07-28,Tablet,Referral,26.85,5,No
5690,2481,2024-11-03,Desktop,Instagram,2.91,9,No
5691,1958,2025-09-16,Desktop,Direct,14.91,5,No
5692,578,2026-06-24,Desktop,Google Ads,11.17,10,No
5693,618,2024-10-31,Desktop,Referral,9.74,6,No
5694,3148,2023-10-27,Tablet,Email,15.14,10,No
5695,1870,2025-03-28,Mobile,Organic,4.85,3,No
5696,412,2023-03-11,Desktop,Instagram,39.68,10,No
5697,1206,2025-11-09,Desktop,Google Ads,15.37,3,No
5698,2310,2025-09-07,Mobile,Instagram,40.97,5,No
5699,1312,2023-10-31,Tablet,Organic,40.42,12,Yes
5700,631,2026-01-06,Desktop,Facebook,43.89,4,No
5701,4244,2025-07-27,Mobile,Email,42.02,13,No
5702,4009,2023-01-24,Tablet,Email,31.03,1,No
5703,4291,2026-02-15,Tablet,Google Ads,30.43,3,No
5704,4562,2024-03-06,Tablet,Facebook,16.62,1,No
5705,2244,2025-03-07,Desktop,Referral,28.82,2,Yes
5706,3116,2026-11-07,Tablet,Instagram,34.08,14,No
5707,2824,2026-02-23,Desktop,Google Ads,6.06,10,Yes
5708,1133,2023-05-30,Tablet,Instagram,3.43,2,No
5709,3778,2024-01-04,Desktop,Google Ads,13.54,2,No
5710,3025,2026-07-08,Tablet,Direct,44.4,5,No
5711,4892,2026-04-28,Desktop,Google Ads,25.54,4,No
5712,2214,2023-08-13,Mobile,Instagram,14.83,2,No
5713,3896,2025-08-28,Desktop,Organic,39.89,5,No
5714,1080,2023-09-13,Tablet,Direct,11.61,6,No
5715,308,2023-12-04,Mobile,Direct,15.52,4,No
5716,4186,2025-07-22,Desktop,Facebook,6.49,8,No
5717,3090,2026-03-08,Tablet,Facebook,0.53,4,No
5718,4159,2025-08-04,Mobile,Referral,18.68,14,No
5719,2072,2024-10-10,Mobile,Instagram,21.32,3,No
5720,1739,2024-07-18,Mobile,Direct,22.46,9,No
5721,4478,2025-11-16,Mobile,Facebook,35.97,8,No
5722,1910,2025-01-13,Desktop,Direct,42.28,6,No
5723,139,2025-05-24,Desktop,Organic,28.44,5,No
5724,4195,2023-02-23,Tablet,Organic,37.82,6,No
5725,221,2026-08-22,Mobile,Google Ads,2.7,9,No
5726,4063,2024-01-27,Mobile,Direct,21.69,12,No
5727,3420,2024-02-07,Desktop,Email,41.28,12,No
5728,1580,2023-04-11,Tablet,Direct,25.92,4,No
5729,2134,2023-07-30,Mobile,Direct,5.28,14,Yes
5730,955,2024-10-24,Tablet,Facebook,26.77,3,No
5731,107,2025-10-23,Desktop,Facebook,13.01,5,No
5732,4730,2024-04-27,Desktop,Organic,34.39,1,No
5733,2295,2025-10-03,Mobile,Instagram,21.12,12,Yes
5734,3580,2026-02-13,Mobile,Referral,30.1,7,No
5735,4342,2023-10-18,Desktop,Google Ads,31.6,7,No
5736,375,2023-01-24,Tablet,Instagram,5.73,14,No
5737,1514,2025-12-24,Mobile,Facebook,13.15,15,No
5738,360,2026-01-09,Mobile,Google Ads,15.18,4,No
5739,1969,2023-05-21,Tablet,Referral,27.9,7,Yes
5740,1093,2025-08-04,Desktop,Facebook,27.49,3,No
5741,1912,2026-08-01,Desktop,Direct,26.84,7,No
5742,1388,2025-09-01,Desktop,Direct,40.74,8,No
5743,3617,2023-05-16,Mobile,Facebook,33.36,7,No
5744,3213,2026-07-16,Desktop,Instagram,30.08,6,No
5745,450,2025-09-09,Tablet,Referral,44.93,1,No
5746,3961,2023-01-12,Desktop,Direct,43.02,14,No
5747,4471,2023-01-18,Mobile,Referral,44.03,7,No
5748,4496,2026-06-13,Mobile,Direct,36.86,7,No
5749,4336,2024-07-09,Desktop,Facebook,20.06,3,No
5750,4904,2024-03-22,Tablet,Email,42.79,15,No
5751,1444,2025-12-25,Mobile,Google Ads,10.85,7,Yes
5752,1055,2026-10-10,Desktop,Referral,1.23,2,No
5753,1821,2024-10-24,Tablet,Instagram,36.46,11,No
5754,4595,2023-04-25,Mobile,Facebook,24.07,3,No
5755,846,2024-01-10,Mobile,Instagram,36.3,7,No
5756,1777,2025-06-16,Mobile,Referral,42.78,12,No
5757,1464,2026-06-18,Desktop,Instagram,26.8,10,Yes
5758,1802,2025-08-25,Desktop,Facebook,32.6,1,Yes
5759,2459,2025-01-16,Mobile,Email,21.29,15,No
5760,2644,2026-02-15,Desktop,Referral,18.68,2,No
5761,3003,2025-07-08,Mobile,Organic,18.01,13,No
5762,1977,2023-05-03,Mobile,Organic,23.64,10,No
5763,4319,2024-03-26,Desktop,Facebook,19.73,14,No
5764,1860,2025-11-29,Tablet,Email,19.68,3,No
5765,2634,2026-09-27,Mobile,Direct,22.24,12,Yes
5766,4056,2024-01-14,Desktop,Organic,13.72,8,No
5767,4471,2026-06-28,Mobile,Referral,33.93,5,No
5768,882,2023-05-22,Mobile,Google Ads,44.03,15,No
5769,3115,2026-05-03,Desktop,Direct,41.04,7,No
5770,2446,2025-03-02,Desktop,Instagram,28.04,5,No
5771,4953,2026-06-01,Mobile,Direct,32.27,2,No
5772,3190,2026-09-26,Mobile,Email,13.49,8,No
5773,1172,2025-09-30,Mobile,Organic,35.01,7,No
5774,3105,2026-06-27,Tablet,Email,17.75,11,No
5775,1782,2023-06-01,Tablet,Referral,44.81,9,No
5776,2885,2026-09-22,Tablet,Referral,22.27,14,No
5777,3245,2025-01-26,Mobile,Instagram,5.6,15,Yes
5778,2197,2023-08-29,Mobile,Organic,34.69,10,No
5779,4615,2024-10-04,Desktop,Email,33.05,2,No
5780,998,2023-07-31,Desktop,Organic,6.0,4,No
5781,4363,2024-04-13,Tablet,Email,23.39,14,No
5782,3266,2023-01-21,Desktop,Google Ads,22.39,15,No
5783,2913,2024-03-20,Desktop,Email,14.0,2,No
5784,3568,2026-12-08,Tablet,Email,15.31,8,No
5785,1095,2025-06-28,Tablet,Instagram,24.84,15,No
5786,3991,2024-11-24,Mobile,Facebook,14.71,3,No
5787,150,2024-03-18,Desktop,Facebook,28.02,14,No
5788,1574,2024-12-25,Mobile,Direct,38.01,15,No
5789,64,2026-03-02,Mobile,Facebook,33.16,1,No
5790,321,2023-11-12,Tablet,Facebook,5.6,11,Yes
5791,1873,2024-11-03,Mobile,Email,25.68,1,Yes
5792,3275,2024-09-02,Mobile,Email,37.88,14,No
5793,1919,2025-05-09,Mobile,Instagram,18.52,11,No
5794,1589,2026-01-12,Tablet,Facebook,10.17,9,No
5795,422,2024-09-21,Desktop,Organic,4.33,1,No
5796,1230,2023-02-13,Mobile,Organic,27.16,4,No
5797,2780,2024-06-18,Desktop,Referral,15.77,14,Yes
5798,187,2026-03-19,Tablet,Referral,8.09,3,Yes
5799,2564,2023-03-03,Tablet,Organic,6.72,3,No
5800,1743,2025-07-27,Desktop,Google Ads,16.26,9,No
5801,2860,2023-06-26,Desktop,Email,9.97,14,No
5802,1603,2025-06-10,Mobile,Email,39.63,8,No
5803,1898,2023-07-31,Desktop,Instagram,41.63,4,No
5804,4695,2023-01-27,Tablet,Google Ads,26.12,14,No
5805,3117,2026-11-06,Mobile,Email,44.49,8,No
5806,12,2025-10-20,Tablet,Direct,41.05,12,Yes
5807,3720,2026-04-28,Desktop,Referral,30.51,8,Yes
5808,4100,2023-01-05,Desktop,Organic,3.25,8,No
5809,426,2025-04-17,Tablet,Referral,28.9,12,No
5810,2845,2025-02-28,Mobile,Facebook,42.09,10,No
5811,1068,2025-05-27,Mobile,Facebook,0.7,12,No
5812,2894,2026-07-27,Mobile,Instagram,5.43,5,No
5813,4427,2025-05-27,Tablet,Referral,44.21,6,No
5814,2878,2023-02-19,Tablet,Direct,6.06,6,No
5815,24,2025-08-20,Tablet,Instagram,8.94,10,No
5816,4388,2025-07-22,Desktop,Instagram,20.05,8,No
5817,1885,2024-02-16,Mobile,Email,13.98,8,No
5818,479,2026-12-24,Desktop,Instagram,15.5,12,No
5819,2604,2025-12-17,Mobile,Facebook,2.21,6,Yes
5820,2756,2026-03-09,Desktop,Direct,41.34,7,No
5821,2396,2023-11-02,Tablet,Facebook,24.59,2,No
5822,4905,2026-11-07,Mobile,Instagram,24.01,10,No
5823,1203,2025-08-11,Mobile,Facebook,26.22,5,No
5824,1081,2024-03-14,Desktop,Referral,28.33,6,No
5825,510,2024-08-20,Mobile,Email,15.21,9,Yes
5826,3996,2025-08-06,Tablet,Google Ads,21.82,4,No
5827,4668,2026-01-31,Desktop,Organic,29.45,3,No
5828,3029,2023-03-07,Desktop,Direct,15.41,11,No
5829,3600,2026-02-10,Mobile,Referral,6.9,11,Yes
5830,1821,2025-05-28,Mobile,Google Ads,43.12,3,No
5831,4549,2023-05-25,Desktop,Facebook,33.14,13,Yes
5832,236,2024-11-23,Desktop,Instagram,41.06,1,Yes
5833,1948,2024-09-28,Mobile,Email,24.37,15,No
5834,1525,2024-07-13,Mobile,Direct,7.58,8,No
5835,3688,2025-11-09,Mobile,Instagram,41.87,5,No
5836,464,2023-05-25,Mobile,Facebook,11.47,13,No
5837,1646,2025-07-04,Desktop,Referral,19.81,5,Yes
5838,2816,2025-10-17,Tablet,Instagram,37.87,5,No
5839,3141,2023-03-06,Desktop,Instagram,37.09,14,Yes
5840,1158,2025-10-08,Mobile,Email,31.33,11,No
5841,4438,2026-06-23,Tablet,Facebook,30.97,2,No
5842,263,2025-08-23,Desktop,Instagram,9.0,12,No
5843,4960,2023-05-16,Mobile,Email,5.35,7,No
5844,2780,2023-11-26,Mobile,Organic,4.98,3,No
5845,2053,2024-11-13,Desktop,Instagram,34.34,5,No
5846,4667,2024-10-06,Desktop,Email,42.03,11,No
5847,2514,2024-12-13,Desktop,Direct,29.78,15,No
5848,2944,2024-03-30,Tablet,Direct,22.04,3,Yes
5849,1048,2023-06-17,Desktop,Referral,22.68,6,No
5850,4384,2024-12-01,Mobile,Organic,25.35,7,No
5851,3719,2023-07-26,Tablet,Google Ads,37.86,4,No
5852,2938,2025-03-23,Mobile,Email,7.83,4,Yes
5853,4777,2023-04-04,Tablet,Google Ads,13.74,9,No
5854,2842,2024-04-19,Mobile,Facebook,18.23,13,No
5855,4363,2024-08-12,Tablet,Instagram,6.48,5,No
5856,2959,2025-03-01,Desktop,Instagram,7.0,7,No
5857,1652,2023-05-23,Mobile,Facebook,16.76,5,No
5858,2995,2023-01-12,Tablet,Facebook,44.05,2,No
5859,2629,2025-07-15,Desktop,Facebook,33.57,15,No
5860,3185,2024-05-31,Tablet,Instagram,35.31,5,No
5861,4064,2024-11-19,Tablet,Email,35.48,15,No
5862,4717,2023-02-04,Desktop,Google Ads,14.54,11,No
5863,3929,2024-06-12,Tablet,Organic,0.82,6,No
5864,4700,2024-06-26,Desktop,Email,44.02,5,No
5865,3129,2024-04-20,Desktop,Organic,25.78,13,Yes
5866,2349,2024-08-21,Mobile,Instagram,13.2,5,No
5867,4451,2025-11-10,Tablet,Email,13.46,14,No
5868,3060,2024-09-27,Tablet,Direct,18.25,14,No
5869,3174,2026-01-08,Mobile,Email,8.72,14,No
5870,2091,2023-06-13,Mobile,Direct,9.99,3,No
5871,359,2026-05-15,Tablet,Referral,7.31,9,No
5872,3577,2025-02-11,Tablet,Instagram,33.78,14,Yes
5873,4331,2024-10-24,Mobile,Organic,32.79,15,No
5874,902,2026-12-23,Mobile,Direct,15.51,7,Yes
5875,2611,2024-01-10,Tablet,Google Ads,0.79,10,Yes
5876,2973,2026-02-03,Tablet,Direct,13.56,3,No
5877,2870,2025-05-10,Tablet,Google Ads,42.87,6,No
5878,2170,2026-04-02,Desktop,Google Ads,7.11,14,No
5879,1154,2023-02-14,Desktop,Organic,20.03,11,No
5880,1951,2023-09-19,Tablet,Google Ads,40.5,4,No
5881,2492,2025-11-12,Tablet,Google Ads,8.59,2,No
5882,2647,2025-09-06,Tablet,Facebook,30.88,2,No
5883,3049,2023-03-12,Desktop,Organic,42.77,14,No
5884,1827,2026-10-03,Mobile,Referral,3.39,9,No
5885,1718,2024-07-20,Mobile,Instagram,7.78,5,No
5886,2635,2025-03-08,Tablet,Facebook,22.26,4,No
5887,4094,2026-07-04,Mobile,Instagram,7.05,7,Yes
5888,254,2024-12-21,Tablet,Direct,7.54,14,Yes
5889,1561,2023-12-01,Mobile,Email,8.85,5,Yes
5890,146,2023-03-30,Desktop,Direct,15.76,12,No
5891,3865,2024-02-10,Tablet,Organic,10.81,6,Yes
5892,4615,2025-01-25,Mobile,Referral,17.66,5,No
5893,4566,2023-10-03,Tablet,Facebook,25.22,9,No
5894,183,2023-04-27,Tablet,Google Ads,27.87,13,No
5895,500,2025-05-13,Mobile,Referral,26.75,12,No
5896,2973,2023-07-10,Desktop,Google Ads,3.41,4,No
5897,3340,2026-09-10,Tablet,Instagram,35.48,13,Yes
5898,1510,2023-04-25,Mobile,Direct,21.85,8,No
5899,4629,2023-09-27,Mobile,Facebook,21.9,4,No
5900,3105,2023-08-15,Desktop,Facebook,2.76,6,No
5901,3664,2023-05-09,Mobile,Direct,32.32,5,No
5902,944,2023-12-10,Desktop,Google Ads,39.68,3,No
5903,14,2025-05-07,Mobile,Google Ads,27.14,4,Yes
5904,1697,2023-08-08,Tablet,Referral,17.14,13,Yes
5905,4788,2023-10-05,Mobile,Organic,26.93,11,No
5906,3351,2024-12-25,Tablet,Referral,3.74,5,No
5907,2967,2026-09-23,Desktop,Facebook,1.5,4,No
5908,3559,2026-06-24,Tablet,Organic,12.77,15,Yes
5909,1079,2025-10-23,Desktop,Instagram,39.06,4,No
5910,3974,2023-06-03,Tablet,Email,30.4,5,No
5911,1329,2026-06-08,Tablet,Referral,39.39,5,No
5912,262,2025-08-04,Tablet,Facebook,14.28,5,Yes
5913,2201,2024-11-04,Tablet,Organic,34.5,12,No
5914,138,2026-04-08,Desktop,Instagram,7.59,2,No
5915,1334,2025-05-21,Mobile,Facebook,31.59,13,No
5916,4119,2026-02-14,Mobile,Direct,11.26,5,No
5917,1669,2023-05-25,Tablet,Facebook,42.93,14,No
5918,1156,2024-07-31,Mobile,Organic,27.88,4,Yes
5919,3360,2023-05-07,Desktop,Instagram,34.98,2,No
5920,4301,2026-12-26,Mobile,Facebook,9.49,14,No
5921,4339,2023-08-23,Desktop,Email,5.92,2,No
5922,1875,2026-07-30,Tablet,Direct,26.76,11,No
5923,1421,2026-03-07,Mobile,Instagram,36.82,6,Yes
5924,1715,2026-02-10,Desktop,Google Ads,43.04,13,No
5925,1845,2024-08-14,Mobile,Instagram,1.63,9,No
5926,4526,2024-05-13,Desktop,Email,30.87,11,No
5927,1648,2025-03-05,Desktop,Google Ads,16.86,12,No
5928,212,2026-10-28,Desktop,Email,36.96,4,No
5929,1192,2025-07-08,Desktop,Referral,17.35,12,No
5930,1135,2024-06-12,Desktop,Direct,33.58,9,Yes
5931,2951,2026-12-28,Desktop,Direct,14.78,14,No
5932,214,2024-08-31,Desktop,Direct,40.46,13,No
5933,112,2026-11-19,Mobile,Email,14.78,1,No
5934,4872,2024-10-08,Desktop,Organic,25.63,3,No
5935,2206,2025-03-15,Mobile,Email,11.73,10,No
5936,1804,2026-08-03,Tablet,Direct,25.36,13,No
5937,2056,2024-04-26,Desktop,Referral,30.36,3,No
5938,3948,2023-09-08,Desktop,Facebook,36.08,4,Yes
5939,309,2026-03-08,Mobile,Google Ads,24.96,4,No
5940,2905,2025-07-01,Tablet,Direct,5.76,6,No
5941,235,2024-02-28,Tablet,Facebook,10.3,9,Yes
5942,3212,2024-04-17,Tablet,Instagram,1.96,4,No
5943,51,2025-01-20,Tablet,Organic,33.72,13,No
5944,657,2024-05-01,Desktop,Organic,44.04,4,No
5945,3186,2024-04-11,Tablet,Direct,21.73,14,No
5946,320,2026-08-05,Tablet,Google Ads,33.65,6,No
5947,2396,2025-05-23,Tablet,Instagram,31.39,13,No
5948,1686,2025-02-08,Tablet,Direct,26.26,14,No
5949,2507,2026-12-05,Desktop,Google Ads,31.29,12,No
5950,577,2026-06-30,Mobile,Google Ads,31.58,12,No
5951,595,2025-11-08,Tablet,Facebook,2.56,8,No
5952,1547,2023-07-05,Mobile,Instagram,11.46,2,No
5953,393,2023-06-30,Tablet,Organic,17.98,8,No
5954,4327,2026-11-30,Desktop,Facebook,16.32,5,No
5955,3292,2025-02-16,Tablet,Referral,43.67,7,No
5956,2104,2023-11-03,Desktop,Google Ads,7.62,11,No
5957,4517,2023-02-27,Desktop,Google Ads,34.8,15,No
5958,4776,2024-02-04,Desktop,Email,6.53,6,No
5959,1353,2024-06-04,Tablet,Facebook,20.84,3,No
5960,2698,2025-06-16,Tablet,Email,17.61,5,No
5961,426,2023-09-06,Tablet,Facebook,17.7,11,No
5962,3402,2025-09-29,Tablet,Email,2.09,6,Yes
5963,1707,2023-10-26,Desktop,Google Ads,41.9,4,No
5964,4033,2025-06-30,Desktop,Email,24.56,7,Yes
5965,1814,2025-04-24,Tablet,Referral,2.51,6,No
5966,3306,2023-10-11,Mobile,Google Ads,21.56,11,No
5967,910,2025-10-19,Mobile,Instagram,5.17,6,No
5968,956,2025-03-01,Desktop,Instagram,17.11,9,Yes
5969,250,2023-04-28,Tablet,Instagram,12.0,1,No
5970,4364,2024-11-11,Tablet,Google Ads,14.3,10,Yes
5971,1823,2025-07-03,Mobile,Google Ads,12.1,5,Yes
5972,582,2025-03-27,Tablet,Referral,20.29,4,Yes
5973,4092,2024-02-06,Tablet,Google Ads,7.39,2,No
5974,1522,2023-11-13,Desktop,Instagram,13.41,4,No
5975,1713,2024-09-03,Tablet,Organic,30.04,3,No
5976,2682,2025-04-14,Tablet,Email,6.76,6,No
5977,934,2026-04-01,Desktop,Google Ads,11.52,11,Yes
5978,4375,2023-12-21,Desktop,Instagram,32.18,2,No
5979,1922,2026-09-20,Tablet,Organic,38.73,10,No
5980,3440,2026-09-10,Mobile,Instagram,27.94,2,No
5981,1129,2026-06-24,Mobile,Direct,43.75,12,Yes
5982,2661,2024-07-27,Mobile,Instagram,11.02,12,No
5983,1301,2024-09-08,Tablet,Facebook,42.86,11,No
5984,2694,2025-04-03,Tablet,Organic,40.26,9,Yes
5985,1379,2024-11-28,Tablet,Instagram,6.19,12,No
5986,4484,2026-11-18,Desktop,Direct,28.9,3,No
5987,3201,2026-10-06,Tablet,Instagram,5.89,5,No
5988,4687,2026-05-16,Mobile,Direct,39.01,15,No
5989,46,2026-07-01,Mobile,Instagram,5.99,7,No
5990,81,2023-08-18,Tablet,Email,33.0,15,No
5991,3306,2023-10-20,Desktop,Organic,15.26,13,No
5992,581,2023-12-12,Mobile,Direct,3.69,4,Yes
5993,3868,2024-05-28,Mobile,Organic,28.11,15,Yes
5994,786,2024-11-12,Mobile,Email,14.88,14,No
5995,3186,2023-04-12,Tablet,Email,4.95,3,Yes
5996,3386,2024-09-21,Tablet,Direct,26.63,6,No
5997,364,2025-12-08,Desktop,Organic,29.82,15,No
5998,4938,2026-07-15,Tablet,Email,18.11,11,No
5999,1087,2026-04-18,Desktop,Referral,42.02,4,No
6000,3567,2024-01-09,Mobile,Instagram,42.05,8,Yes
6001,2062,2026-10-09,Mobile,Google Ads,37.24,8,No
6002,270,2023-05-07,Desktop,Google Ads,30.82,14,Yes
6003,1925,2024-04-27,Desktop,Facebook,6.42,13,No
6004,2104,2023-12-26,Mobile,Email,24.03,1,Yes
6005,1305,2025-05-08,Mobile,Direct,28.68,8,No
6006,1123,2026-12-25,Desktop,Organic,28.22,9,Yes
6007,3539,2024-11-08,Tablet,Google Ads,23.93,5,Yes
6008,1746,2023-01-16,Desktop,Referral,21.77,4,No
6009,3770,2024-04-12,Desktop,Organic,0.53,5,No
6010,2104,2023-01-22,Desktop,Instagram,22.19,2,No
6011,3988,2024-11-27,Desktop,Google Ads,26.57,1,No
6012,215,2023-11-08,Mobile,Organic,4.14,5,No
6013,4481,2024-08-17,Mobile,Facebook,1.14,6,No
6014,380,2025-11-24,Desktop,Organic,17.05,11,No
6015,4231,2026-01-05,Desktop,Organic,13.49,6,No
6016,564,2023-12-20,Desktop,Organic,44.94,11,No
6017,453,2023-05-08,Tablet,Organic,3.61,12,No
6018,4818,2024-11-20,Tablet,Google Ads,24.26,15,Yes
6019,2401,2025-11-28,Desktop,Organic,19.93,3,No
6020,3375,2023-06-20,Tablet,Direct,17.51,13,No
6021,2436,2024-01-18,Tablet,Google Ads,28.68,7,No
6022,3885,2023-10-28,Tablet,Facebook,34.87,5,No
6023,1772,2026-02-10,Tablet,Email,25.53,3,No
6024,3529,2024-08-20,Mobile,Instagram,41.76,15,No
6025,3704,2025-10-29,Desktop,Organic,1.74,2,No
6026,3637,2023-11-09,Mobile,Referral,2.97,1,No
6027,452,2023-05-07,Desktop,Google Ads,35.66,2,Yes
6028,2557,2023-08-19,Tablet,Email,7.42,2,Yes
6029,3720,2025-03-12,Mobile,Direct,14.25,4,No
6030,342,2023-03-02,Mobile,Google Ads,16.88,15,No
6031,1002,2026-07-09,Mobile,Referral,27.15,6,No
6032,4856,2026-05-04,Mobile,Direct,10.45,8,Yes
6033,4921,2023-03-17,Mobile,Email,3.69,5,No
6034,3573,2026-10-31,Tablet,Google Ads,1.57,7,No
6035,4614,2025-02-05,Tablet,Referral,22.29,8,No
6036,4952,2024-06-26,Desktop,Organic,6.14,3,Yes
6037,332,2024-07-20,Mobile,Email,40.86,6,No
6038,997,2026-02-11,Tablet,Instagram,11.58,3,No
6039,3861,2026-03-31,Tablet,Facebook,7.32,7,No
6040,21,2025-07-26,Mobile,Referral,14.15,6,No
6041,810,2025-09-18,Mobile,Direct,42.76,14,No
6042,3923,2023-02-11,Desktop,Email,30.24,15,No
6043,1599,2023-08-14,Desktop,Facebook,18.92,12,No
6044,577,2025-08-10,Tablet,Google Ads,10.01,3,No
6045,3670,2025-09-21,Mobile,Direct,31.02,2,No
6046,3312,2025-10-31,Mobile,Email,7.12,2,No
6047,3705,2023-06-16,Desktop,Organic,37.63,1,No
6048,894,2026-11-23,Tablet,Referral,33.97,1,No
6049,534,2023-09-23,Desktop,Google Ads,9.41,7,No
6050,3810,2025-11-29,Mobile,Instagram,23.98,1,No
6051,4299,2025-03-02,Tablet,Direct,19.43,7,No
6052,2303,2023-01-08,Mobile,Referral,20.31,5,No
6053,882,2024-03-13,Tablet,Email,19.61,13,No
6054,3673,2023-03-27,Tablet,Direct,39.13,7,No
6055,1576,2023-11-04,Tablet,Facebook,18.35,13,No
6056,2494,2023-12-18,Desktop,Direct,33.25,8,No
6057,1800,2024-02-13,Desktop,Organic,26.93,2,Yes
6058,2006,2024-08-16,Desktop,Email,39.1,7,No
6059,478,2026-02-05,Tablet,Instagram,14.44,11,No
6060,1216,2024-01-16,Tablet,Google Ads,30.84,11,No
6061,1027,2025-09-01,Tablet,Direct,43.79,13,No
6062,4389,2023-07-09,Mobile,Google Ads,15.22,7,No
6063,1958,2023-12-17,Desktop,Facebook,42.7,4,No
6064,927,2025-09-28,Tablet,Referral,24.97,5,Yes
6065,2048,2024-09-05,Desktop,Organic,21.79,1,No
6066,1220,2024-02-18,Mobile,Instagram,37.25,15,No
6067,3889,2024-05-17,Tablet,Email,1.75,13,No
6068,230,2025-01-31,Desktop,Email,35.35,5,No
6069,1877,2026-04-02,Tablet,Referral,20.04,15,No
6070,1907,2024-01-19,Tablet,Google Ads,16.64,9,No
6071,2710,2025-10-23,Desktop,Direct,41.96,6,Yes
6072,2941,2026-08-16,Mobile,Instagram,30.81,14,No
6073,1934,2023-03-14,Desktop,Organic,41.29,8,No
6074,3269,2024-08-30,Tablet,Organic,42.56,8,No
6075,1368,2023-05-26,Tablet,Email,10.43,15,No
6076,2881,2026-09-22,Desktop,Facebook,7.15,7,No
6077,3864,2026-11-27,Tablet,Google Ads,1.15,7,Yes
6078,1532,2024-06-12,Desktop,Email,18.08,6,No
6079,4016,2023-04-29,Mobile,Instagram,44.84,3,No
6080,41,2025-07-28,Desktop,Email,15.58,8,No
6081,4466,2026-11-10,Mobile,Organic,23.94,10,No
6082,2795,2023-10-12,Desktop,Email,4.97,7,Yes
6083,4027,2025-02-23,Mobile,Organic,24.42,5,Yes
6084,2556,2026-07-22,Mobile,Google Ads,22.06,10,Yes
6085,2568,2024-03-03,Tablet,Facebook,15.94,13,Yes
6086,4144,2024-03-02,Desktop,Google Ads,5.74,15,No
6087,1904,2023-06-18,Desktop,Direct,35.93,12,No
6088,953,2023-08-19,Desktop,Facebook,43.97,5,No
6089,1758,2024-08-03,Mobile,Facebook,2.32,3,No
6090,3500,2026-10-22,Mobile,Google Ads,25.62,9,No
6091,792,2023-07-04,Desktop,Email,38.41,11,No
6092,2910,2026-07-30,Tablet,Direct,13.36,14,No
6093,1813,2023-12-04,Desktop,Referral,26.55,6,No
6094,4726,2025-02-03,Desktop,Email,34.91,7,No
6095,2420,2023-10-15,Desktop,Facebook,24.91,10,No
6096,4474,2023-08-07,Mobile,Google Ads,16.76,12,No
6097,4205,2023-10-22,Desktop,Facebook,6.91,11,No
6098,1778,2025-11-12,Tablet,Referral,20.51,10,No
6099,2144,2023-08-19,Mobile,Direct,6.89,14,Yes
6100,3232,2025-01-14,Desktop,Direct,4.1,13,No
6101,2374,2024-05-01,Tablet,Email,3.45,9,No
6102,670,2025-07-01,Mobile,Email,27.12,10,No
6103,2630,2023-03-16,Tablet,Email,39.9,13,No
6104,2060,2023-02-28,Desktop,Email,43.13,11,No
6105,4940,2026-06-26,Desktop,Facebook,35.52,11,No
6106,2769,2025-03-12,Mobile,Email,33.0,8,No
6107,3592,2026-04-21,Mobile,Facebook,15.88,15,Yes
6108,490,2023-11-13,Mobile,Instagram,18.59,3,Yes
6109,725,2026-05-26,Mobile,Google Ads,36.94,11,No
6110,1008,2025-01-29,Tablet,Google Ads,19.52,15,No
6111,4901,2024-07-29,Tablet,Direct,37.93,11,No
6112,4138,2024-08-21,Tablet,Email,26.73,4,No
6113,1027,2024-02-13,Mobile,Facebook,34.63,12,No
6114,2714,2025-07-02,Desktop,Referral,39.28,14,No
6115,4825,2026-02-15,Tablet,Direct,19.74,14,No
6116,1853,2024-05-22,Mobile,Facebook,34.26,12,No
6117,2654,2024-05-24,Mobile,Google Ads,34.03,2,No
6118,1992,2023-06-04,Desktop,Email,19.63,3,Yes
6119,161,2026-06-26,Mobile,Organic,34.62,3,No
6120,3687,2024-10-18,Mobile,Instagram,21.07,10,No
6121,3811,2026-12-31,Mobile,Organic,34.85,11,No
6122,3257,2025-02-12,Desktop,Instagram,26.58,13,Yes
6123,3791,2023-12-14,Mobile,Instagram,1.82,2,No
6124,4785,2025-01-04,Tablet,Direct,5.78,4,No
6125,4381,2024-11-07,Desktop,Email,2.54,11,No
6126,3169,2026-03-03,Desktop,Facebook,22.42,15,No
6127,3217,2026-02-13,Mobile,Google Ads,15.02,8,No
6128,1132,2023-08-01,Desktop,Google Ads,4.4,14,No
6129,4929,2026-11-01,Tablet,Google Ads,25.89,14,No
6130,1740,2026-06-18,Desktop,Facebook,7.69,14,No
6131,1383,2025-08-01,Mobile,Email,40.75,7,No
6132,2989,2023-10-22,Mobile,Facebook,16.44,14,No
6133,1557,2025-05-30,Desktop,Referral,39.4,12,Yes
6134,3706,2023-04-04,Tablet,Email,27.65,7,No
6135,2938,2024-07-08,Desktop,Email,26.18,12,No
6136,1636,2026-06-18,Tablet,Referral,38.73,10,Yes
6137,899,2025-05-06,Tablet,Referral,0.71,5,No
6138,2010,2026-07-09,Tablet,Direct,24.41,5,No
6139,4337,2025-09-29,Desktop,Referral,29.71,7,No
6140,2559,2025-10-18,Desktop,Google Ads,18.76,14,No
6141,472,2026-03-24,Tablet,Instagram,43.54,3,No
6142,1978,2023-05-22,Mobile,Referral,7.94,8,No
6143,4321,2023-05-23,Mobile,Instagram,15.41,9,No
6144,1314,2024-05-21,Mobile,Organic,33.92,13,No
6145,3714,2023-03-10,Tablet,Organic,1.6,11,Yes
6146,769,2025-05-25,Mobile,Facebook,1.59,9,No
6147,3293,2025-03-16,Tablet,Direct,9.95,4,No
6148,2344,2026-09-28,Tablet,Instagram,21.42,2,No
6149,4763,2025-03-21,Tablet,Facebook,33.94,7,Yes
6150,3397,2025-06-11,Tablet,Direct,44.69,11,No
6151,3363,2026-10-09,Mobile,Google Ads,3.73,14,No
6152,1774,2023-07-07,Mobile,Email,36.06,8,Yes
6153,957,2026-01-25,Desktop,Referral,4.7,1,No
6154,1258,2026-10-30,Mobile,Organic,44.94,3,Yes
6155,292,2026-03-10,Desktop,Facebook,20.0,10,No
6156,277,2026-04-04,Tablet,Instagram,24.04,4,No
6157,1154,2024-04-06,Desktop,Referral,34.41,8,Yes
6158,3500,2026-07-06,Tablet,Email,29.16,6,No
6159,1342,2026-06-18,Tablet,Facebook,31.3,6,No
6160,2566,2026-10-03,Tablet,Instagram,22.69,7,No
6161,4497,2023-02-28,Mobile,Email,6.88,8,No
6162,1165,2026-11-10,Tablet,Referral,16.59,9,No
6163,3357,2024-09-14,Mobile,Facebook,42.7,15,No
6164,4672,2025-02-11,Tablet,Google Ads,37.81,4,No
6165,1591,2025-04-14,Tablet,Google Ads,12.86,6,No
6166,742,2026-06-06,Desktop,Referral,38.98,11,No
6167,1526,2025-08-19,Tablet,Referral,24.11,8,No
6168,773,2023-05-06,Mobile,Referral,17.61,4,No
6169,4532,2026-12-05,Desktop,Email,24.3,12,No
6170,4222,2025-05-06,Mobile,Email,13.16,3,No
6171,1300,2025-01-07,Tablet,Direct,29.99,8,Yes
6172,1640,2026-04-29,Desktop,Referral,26.02,6,No
6173,4510,2025-12-27,Tablet,Referral,23.98,10,No
6174,3794,2025-08-15,Mobile,Instagram,6.41,4,No
6175,2072,2026-10-04,Desktop,Organic,28.86,6,No
6176,1360,2024-12-10,Desktop,Google Ads,21.7,5,No
6177,2921,2024-12-02,Desktop,Instagram,23.02,13,No
6178,2386,2023-09-05,Desktop,Google Ads,14.0,4,No
6179,3659,2024-01-16,Mobile,Organic,18.84,1,No
6180,4913,2023-06-26,Mobile,Google Ads,13.54,8,Yes
6181,2307,2025-08-14,Mobile,Direct,29.74,14,No
6182,1484,2026-11-15,Mobile,Organic,19.94,7,No
6183,3088,2024-09-15,Tablet,Instagram,27.99,10,No
6184,4027,2023-11-10,Desktop,Organic,5.45,2,No
6185,2736,2026-03-07,Mobile,Direct,0.72,1,No
6186,1702,2024-10-19,Tablet,Referral,34.51,12,No
6187,1858,2026-05-02,Tablet,Direct,44.7,1,Yes
6188,4349,2024-05-24,Mobile,Google Ads,16.86,11,No
6189,822,2025-04-29,Tablet,Instagram,15.2,5,No
6190,1956,2025-07-24,Desktop,Email,3.71,2,No
6191,1436,2025-09-25,Tablet,Instagram,37.69,15,No
6192,3913,2026-08-15,Mobile,Facebook,15.34,14,No
6193,4942,2024-02-04,Mobile,Google Ads,31.4,14,No
6194,3933,2024-10-04,Mobile,Email,17.05,15,No
6195,1928,2026-01-19,Tablet,Direct,44.74,7,No
6196,2645,2025-03-13,Mobile,Facebook,12.7,14,Yes
6197,977,2024-01-02,Desktop,Direct,42.45,9,No
6198,4418,2026-04-02,Mobile,Referral,37.43,9,No
6199,3689,2024-05-02,Mobile,Referral,6.06,6,No
6200,2774,2023-07-27,Tablet,Referral,6.73,6,No
6201,3738,2025-02-04,Desktop,Referral,41.97,15,No
6202,1545,2024-02-22,Tablet,Referral,20.86,15,No
6203,3039,2025-09-08,Desktop,Facebook,7.68,7,No
6204,4300,2023-08-20,Mobile,Facebook,3.54,4,No
6205,627,2025-06-21,Mobile,Email,20.51,14,No
6206,4139,2026-07-28,Tablet,Instagram,30.76,9,Yes
6207,2453,2023-04-25,Mobile,Email,35.63,10,No
6208,599,2024-07-05,Desktop,Facebook,30.59,2,No
6209,1452,2026-08-19,Mobile,Organic,19.87,9,No
6210,2070,2026-06-14,Tablet,Direct,43.16,10,No
6211,1788,2024-06-08,Desktop,Email,44.14,7,No
6212,2601,2026-12-02,Tablet,Referral,3.06,10,No
6213,3473,2025-01-26,Desktop,Facebook,28.5,14,No
6214,2171,2026-02-15,Desktop,Direct,15.75,1,No
6215,2860,2024-12-21,Mobile,Direct,43.06,12,No
6216,2570,2023-06-13,Desktop,Instagram,40.69,6,No
6217,1626,2026-09-28,Mobile,Instagram,35.83,5,Yes
6218,609,2025-10-14,Tablet,Referral,9.15,1,No
6219,2393,2023-09-17,Mobile,Referral,18.1,14,No
6220,2199,2026-08-31,Tablet,Facebook,20.48,5,No
6221,4732,2026-06-21,Desktop,Facebook,12.47,1,No
6222,696,2023-09-17,Mobile,Email,29.42,13,No
6223,1044,2024-12-14,Mobile,Facebook,11.53,6,No
6224,1579,2023-08-23,Desktop,Google Ads,36.26,4,No
6225,4128,2024-12-04,Desktop,Email,37.23,6,No
6226,2615,2025-05-08,Tablet,Organic,24.64,9,No
6227,4865,2023-10-11,Tablet,Instagram,36.42,3,No
6228,4374,2024-06-13,Desktop,Organic,28.62,12,Yes
6229,4286,2024-05-04,Tablet,Direct,14.89,14,No
6230,2027,2023-03-23,Tablet,Organic,3.13,9,No
6231,1741,2025-12-27,Desktop,Facebook,6.52,13,No
6232,3597,2024-06-04,Tablet,Direct,29.09,2,No
6233,3490,2025-10-16,Tablet,Facebook,24.71,11,Yes
6234,3133,2025-07-26,Tablet,Google Ads,13.55,5,No
6235,1599,2024-08-17,Mobile,Referral,7.28,14,No
6236,851,2025-03-08,Mobile,Facebook,27.33,15,No
6237,334,2026-03-28,Tablet,Facebook,21.33,3,No
6238,2322,2026-03-30,Tablet,Instagram,22.43,14,No
6239,4759,2024-12-09,Mobile,Direct,3.19,7,No
6240,4479,2024-12-07,Mobile,Email,15.82,14,No
6241,3156,2023-05-08,Desktop,Facebook,25.97,9,No
6242,300,2025-03-26,Tablet,Direct,11.97,7,No
6243,4032,2025-10-07,Tablet,Direct,30.25,15,No
6244,85,2024-02-15,Tablet,Direct,23.11,14,No
6245,1022,2024-09-04,Tablet,Email,43.08,4,No
6246,837,2024-12-03,Desktop,Organic,2.36,12,No
6247,4929,2026-05-21,Desktop,Organic,11.49,3,No
6248,1745,2023-08-22,Tablet,Google Ads,16.73,12,No
6249,2358,2023-02-25,Mobile,Organic,24.51,6,No
6250,1293,2023-01-08,Desktop,Referral,23.56,14,No
6251,120,2023-08-21,Desktop,Facebook,30.73,9,No
6252,3618,2025-02-10,Desktop,Facebook,35.04,7,No
6253,214,2026-06-27,Mobile,Organic,25.86,7,No
6254,241,2026-06-25,Mobile,Email,44.68,11,No
6255,4394,2025-01-20,Desktop,Email,12.31,6,Yes
6256,4947,2024-07-13,Mobile,Google Ads,38.69,4,No
6257,201,2024-08-29,Tablet,Email,18.72,1,No
6258,1128,2023-04-22,Tablet,Organic,19.65,13,No
6259,1731,2023-06-25,Mobile,Direct,29.81,14,No
6260,1121,2023-01-06,Tablet,Referral,37.1,3,Yes
6261,1778,2025-12-15,Tablet,Email,22.54,6,No
6262,3473,2025-05-19,Desktop,Referral,19.34,15,No
6263,1700,2024-12-08,Desktop,Facebook,3.43,2,Yes
6264,518,2023-06-18,Mobile,Facebook,41.77,7,No
6265,1817,2026-06-12,Desktop,Instagram,40.82,1,No
6266,3557,2023-01-04,Tablet,Google Ads,38.33,4,No
6267,4067,2025-04-17,Mobile,Email,24.02,2,Yes
6268,1191,2025-09-17,Desktop,Organic,28.07,11,No
6269,1737,2026-12-20,Tablet,Organic,30.36,8,No
6270,3515,2025-12-07,Desktop,Email,3.89,3,No
6271,2531,2023-02-04,Desktop,Facebook,8.4,13,Yes
6272,1836,2023-01-05,Desktop,Referral,10.19,2,No
6273,303,2024-10-03,Mobile,Email,5.29,12,No
6274,2780,2026-10-06,Mobile,Facebook,9.99,13,No
6275,4253,2023-10-01,Desktop,Email,31.15,11,No
6276,3002,2025-11-26,Tablet,Referral,9.65,8,No
6277,3924,2026-06-01,Mobile,Email,33.33,3,No
6278,1210,2025-11-03,Mobile,Facebook,40.3,9,No
6279,2953,2025-01-11,Desktop,Facebook,8.07,11,No
6280,2841,2026-10-23,Tablet,Direct,21.25,12,No
6281,1428,2025-01-19,Desktop,Referral,18.66,5,No
6282,3220,2026-07-14,Desktop,Google Ads,39.59,4,No
6283,1001,2023-06-30,Desktop,Instagram,24.65,9,No
6284,755,2025-06-27,Desktop,Organic,19.55,8,No
6285,484,2023-02-09,Mobile,Direct,43.63,8,Yes
6286,4275,2026-08-14,Tablet,Email,12.26,13,No
6287,856,2025-05-13,Mobile,Facebook,27.07,1,No
6288,4835,2025-09-08,Tablet,Referral,6.91,13,No
6289,4406,2023-03-14,Tablet,Direct,15.93,10,No
6290,626,2025-03-18,Tablet,Instagram,35.45,15,No
6291,4081,2024-02-02,Tablet,Facebook,30.33,12,No
6292,3435,2024-12-19,Tablet,Email,11.38,11,Yes
6293,1992,2024-04-06,Desktop,Google Ads,31.61,7,No
6294,2340,2024-02-16,Desktop,Facebook,31.61,4,No
6295,1121,2023-01-17,Tablet,Organic,32.94,10,No
6296,642,2023-01-14,Tablet,Facebook,10.71,11,No
6297,2716,2025-01-05,Desktop,Direct,32.79,8,No
6298,2379,2024-11-08,Tablet,Organic,11.93,10,No
6299,900,2024-12-09,Desktop,Referral,3.4,13,No
6300,1535,2023-03-17,Tablet,Instagram,3.16,13,No
6301,1559,2025-03-19,Mobile,Referral,32.35,12,No
6302,549,2026-12-26,Desktop,Instagram,15.22,3,Yes
6303,3522,2024-05-07,Desktop,Referral,1.91,4,No
6304,3725,2025-07-14,Desktop,Referral,23.04,7,Yes
6305,1584,2026-12-01,Mobile,Referral,5.33,4,No
6306,4747,2025-07-09,Tablet,Direct,37.02,15,No
6307,3481,2026-04-11,Desktop,Google Ads,35.07,8,No
6308,2528,2025-05-22,Tablet,Google Ads,27.32,8,No
6309,3958,2024-10-23,Tablet,Direct,31.14,5,Yes
6310,4463,2025-03-27,Desktop,Organic,33.87,1,No
6311,1675,2025-10-19,Mobile,Email,38.98,8,No
6312,1556,2024-07-31,Mobile,Direct,43.22,10,No
6313,1402,2026-04-09,Desktop,Instagram,5.69,10,Yes
6314,431,2024-08-21,Tablet,Referral,38.18,9,Yes
6315,4509,2023-11-04,Mobile,Organic,30.02,8,No
6316,2057,2026-02-08,Desktop,Direct,21.03,13,No
6317,143,2024-09-03,Mobile,Email,5.3,12,No
6318,3280,2025-02-03,Tablet,Referral,10.62,1,No
6319,512,2025-10-31,Tablet,Organic,44.21,13,No
6320,4723,2024-12-26,Desktop,Referral,24.59,12,No
6321,82,2026-09-25,Desktop,Direct,19.76,1,No
6322,2647,2025-01-23,Desktop,Google Ads,2.42,12,No
6323,1351,2026-05-24,Mobile,Organic,1.44,1,No
6324,732,2026-03-11,Mobile,Organic,28.88,5,No
6325,3666,2026-09-19,Tablet,Email,35.47,7,No
6326,4831,2026-10-03,Tablet,Email,7.83,14,No
6327,181,2026-10-03,Mobile,Email,2.69,3,Yes
6328,2115,2023-09-14,Desktop,Google Ads,8.16,7,No
6329,562,2026-11-02,Tablet,Facebook,35.63,12,No
6330,3273,2025-03-17,Desktop,Email,37.84,8,Yes
6331,4370,2025-01-01,Desktop,Email,40.5,6,No
6332,1276,2026-06-28,Desktop,Organic,14.83,1,No
6333,3649,2026-01-06,Tablet,Organic,0.79,9,Yes
6334,2848,2023-09-07,Tablet,Organic,40.9,3,No
6335,3428,2026-04-16,Mobile,Direct,4.57,4,No
6336,2870,2025-08-19,Tablet,Instagram,31.86,13,No
6337,4536,2026-05-29,Desktop,Referral,3.58,1,Yes
6338,2018,2023-11-25,Mobile,Instagram,44.25,13,No
6339,3267,2024-06-20,Desktop,Organic,37.72,10,No
6340,3628,2024-08-13,Mobile,Instagram,14.55,4,No
6341,1,2024-09-02,Mobile,Direct,22.88,11,No
6342,3741,2026-08-15,Mobile,Direct,7.87,2,No
6343,4103,2026-12-31,Mobile,Instagram,22.79,13,No
6344,4024,2023-08-07,Mobile,Facebook,24.16,1,Yes
6345,3550,2025-10-01,Desktop,Email,41.44,4,No
6346,1708,2024-05-01,Desktop,Instagram,30.88,10,No
6347,730,2024-05-13,Tablet,Google Ads,24.53,15,No
6348,4156,2023-06-30,Desktop,Referral,7.36,1,Yes
6349,4262,2026-03-05,Mobile,Facebook,21.13,5,No
6350,4854,2024-07-03,Mobile,Referral,3.17,9,No
6351,2658,2023-03-04,Tablet,Facebook,8.28,6,No
6352,406,2024-05-23,Desktop,Email,23.09,8,Yes
6353,442,2024-11-28,Mobile,Referral,42.74,12,Yes
6354,4349,2025-12-15,Desktop,Instagram,23.52,5,No
6355,226,2024-11-28,Tablet,Referral,33.28,13,No
6356,3553,2026-04-14,Mobile,Referral,11.97,3,No
6357,2401,2023-11-02,Desktop,Google Ads,40.64,10,Yes
6358,3365,2024-05-06,Mobile,Instagram,36.33,5,No
6359,3482,2026-04-05,Tablet,Facebook,43.88,4,No
6360,2502,2025-03-26,Tablet,Instagram,43.79,9,No
6361,3126,2025-01-03,Desktop,Google Ads,43.9,15,Yes
6362,970,2026-09-06,Tablet,Organic,30.48,15,No
6363,4115,2026-08-03,Mobile,Organic,9.52,7,Yes
6364,1466,2025-10-15,Mobile,Email,37.04,4,Yes
6365,2193,2023-08-05,Tablet,Direct,3.57,8,No
6366,2811,2023-05-28,Desktop,Referral,24.48,8,No
6367,160,2025-05-31,Mobile,Email,36.8,10,No
6368,1368,2025-06-20,Tablet,Organic,30.12,9,No
6369,1471,2025-07-17,Mobile,Email,42.66,8,No
6370,1060,2023-06-30,Tablet,Instagram,6.69,3,No
6371,3639,2025-09-09,Tablet,Referral,35.69,8,No
6372,3633,2024-02-15,Tablet,Google Ads,35.47,8,No
6373,3254,2024-04-06,Desktop,Instagram,37.39,2,No
6374,4510,2023-12-27,Tablet,Instagram,12.41,14,No
6375,2385,2024-10-29,Mobile,Referral,38.53,11,No
6376,1879,2026-01-15,Tablet,Organic,21.29,9,No
6377,30,2023-04-23,Tablet,Organic,39.91,3,No
6378,3758,2024-03-15,Tablet,Email,18.2,12,Yes
6379,2987,2024-09-26,Desktop,Referral,31.02,10,No
6380,3344,2023-08-22,Tablet,Organic,42.45,7,No
6381,2933,2023-11-30,Desktop,Email,26.34,7,No
6382,3837,2025-05-22,Tablet,Organic,29.86,9,No
6383,1821,2026-11-27,Desktop,Email,29.08,4,No
6384,1569,2024-07-27,Tablet,Facebook,20.47,12,No
6385,4553,2024-09-04,Tablet,Direct,11.84,2,No
6386,4829,2025-04-17,Desktop,Direct,44.14,10,No
6387,4627,2023-11-22,Mobile,Organic,21.4,9,Yes
6388,4100,2024-06-12,Desktop,Instagram,30.57,12,No
6389,1662,2024-07-29,Desktop,Direct,22.57,5,No
6390,3653,2025-10-15,Desktop,Facebook,40.43,12,No
6391,3272,2025-10-09,Desktop,Instagram,5.5,9,No
6392,4709,2024-04-19,Desktop,Facebook,38.92,14,No
6393,1014,2026-08-31,Mobile,Google Ads,10.81,5,No
6394,940,2023-12-10,Desktop,Email,13.76,3,No
6395,893,2024-04-03,Tablet,Direct,5.48,2,No
6396,3579,2023-03-25,Tablet,Facebook,22.44,6,No
6397,4587,2023-06-19,Desktop,Facebook,14.02,11,No
6398,1769,2024-04-03,Tablet,Direct,16.95,12,Yes
6399,4545,2023-09-27,Mobile,Facebook,11.49,1,No
6400,1618,2026-12-12,Desktop,Organic,44.15,13,No
6401,2378,2023-03-23,Mobile,Organic,22.73,13,No
6402,1487,2023-12-28,Tablet,Email,4.78,6,No
6403,637,2024-07-15,Tablet,Facebook,10.95,12,No
6404,4510,2026-01-19,Desktop,Organic,2.49,10,No
6405,1087,2025-01-21,Desktop,Google Ads,27.12,1,No
6406,2263,2026-03-26,Tablet,Direct,25.53,1,No
6407,225,2025-07-11,Desktop,Instagram,35.9,10,Yes
6408,3175,2024-05-10,Desktop,Email,12.23,14,No
6409,2665,2024-03-14,Tablet,Facebook,15.13,11,No
6410,4692,2026-05-23,Mobile,Email,40.5,5,No
6411,4640,2026-10-23,Tablet,Organic,40.99,9,No
6412,4090,2026-01-11,Desktop,Referral,24.3,13,No
6413,175,2025-05-17,Mobile,Google Ads,21.18,10,Yes
6414,2783,2024-10-19,Mobile,Facebook,2.47,7,No
6415,3789,2024-01-01,Tablet,Direct,30.8,3,Yes
6416,730,2025-07-07,Tablet,Organic,16.78,1,Yes
6417,3873,2025-04-08,Tablet,Email,17.25,2,No
6418,2437,2026-06-25,Desktop,Organic,36.64,13,Yes
6419,2050,2023-09-06,Mobile,Direct,36.71,5,No
6420,2476,2023-07-02,Tablet,Organic,7.72,12,No
6421,1992,2025-10-09,Mobile,Google Ads,28.75,9,No
6422,3376,2025-12-10,Tablet,Email,4.74,2,Yes
6423,3579,2026-11-06,Tablet,Google Ads,33.34,6,No
6424,814,2023-07-12,Tablet,Instagram,25.99,14,No
6425,3782,2023-01-12,Desktop,Email,38.44,8,No
6426,2118,2025-09-05,Desktop,Facebook,30.02,6,No
6427,1740,2023-03-25,Tablet,Organic,9.85,12,No
6428,4983,2026-10-20,Tablet,Direct,24.46,10,Yes
6429,3120,2024-08-10,Tablet,Referral,4.45,3,Yes
6430,4439,2023-10-28,Tablet,Facebook,15.6,2,No
6431,3981,2026-08-24,Desktop,Google Ads,20.84,2,No
6432,350,2025-02-02,Tablet,Google Ads,36.16,6,No
6433,3790,2025-05-13,Mobile,Email,38.62,11,No
6434,2440,2025-01-06,Desktop,Instagram,0.76,5,No
6435,3112,2026-02-13,Tablet,Google Ads,4.04,12,No
6436,2057,2024-01-07,Tablet,Referral,34.5,6,No
6437,4849,2026-08-15,Tablet,Instagram,44.19,1,No
6438,2765,2024-12-28,Tablet,Direct,11.11,4,Yes
6439,3244,2024-11-20,Tablet,Direct,26.1,11,No
6440,274,2024-03-27,Tablet,Email,28.52,3,No
6441,2153,2026-02-04,Desktop,Google Ads,20.21,4,No
6442,4964,2026-11-13,Tablet,Referral,33.42,11,No
6443,1576,2023-03-19,Tablet,Google Ads,8.74,2,No
6444,878,2026-06-09,Tablet,Direct,36.04,11,No
6445,2553,2023-10-13,Mobile,Facebook,26.55,6,No
6446,667,2025-06-24,Mobile,Organic,16.76,3,No
6447,4591,2023-12-29,Desktop,Google Ads,43.74,12,No
6448,1120,2026-09-27,Desktop,Facebook,10.75,3,No
6449,1890,2023-03-01,Tablet,Google Ads,1.04,14,No
6450,1277,2024-05-31,Tablet,Direct,12.68,15,No
6451,2017,2023-03-12,Tablet,Facebook,7.19,11,No
6452,388,2024-06-04,Tablet,Direct,33.88,13,No
6453,10,2024-10-18,Tablet,Google Ads,7.42,1,Yes
6454,4744,2025-09-18,Mobile,Facebook,12.68,13,No
6455,220,2023-11-24,Desktop,Direct,25.2,10,Yes
6456,152,2023-08-06,Desktop,Organic,5.82,3,No
6457,630,2023-08-14,Desktop,Direct,4.56,14,No
6458,3839,2025-08-21,Mobile,Google Ads,39.99,9,No
6459,641,2026-02-27,Mobile,Organic,24.66,7,No
6460,59,2023-04-08,Desktop,Organic,41.77,3,Yes
6461,1149,2025-05-22,Mobile,Organic,14.2,15,No
6462,4845,2024-01-08,Tablet,Email,22.65,10,No
6463,741,2024-08-31,Tablet,Organic,36.96,4,No
6464,1022,2025-01-02,Desktop,Direct,28.63,7,No
6465,2043,2025-08-20,Mobile,Google Ads,36.36,10,No
6466,3341,2023-11-26,Tablet,Referral,44.9,11,No
6467,96,2026-04-12,Desktop,Organic,35.22,4,No
6468,4473,2024-03-23,Desktop,Instagram,21.7,10,Yes
6469,1732,2024-01-22,Mobile,Google Ads,43.19,2,No
6470,271,2024-10-12,Desktop,Email,28.48,14,Yes
6471,4613,2024-05-21,Desktop,Direct,5.21,15,No
6472,4853,2025-10-15,Tablet,Instagram,14.04,5,No
6473,3021,2024-06-13,Mobile,Google Ads,42.0,12,No
6474,3036,2026-11-23,Mobile,Organic,4.89,3,No
6475,898,2025-01-05,Tablet,Organic,3.14,12,No
6476,631,2023-05-01,Desktop,Facebook,20.38,12,No
6477,1408,2025-10-25,Desktop,Direct,30.44,7,No
6478,4540,2024-11-18,Tablet,Organic,28.54,10,Yes
6479,750,2026-12-09,Mobile,Referral,20.0,1,No
6480,3343,2024-05-16,Desktop,Google Ads,23.01,10,No
6481,3664,2025-07-16,Tablet,Organic,7.57,3,Yes
6482,4562,2025-03-16,Desktop,Facebook,38.37,2,No
6483,1418,2023-11-09,Mobile,Google Ads,9.27,15,No
6484,1023,2024-10-25,Mobile,Facebook,16.12,13,No
6485,1748,2023-05-05,Desktop,Facebook,44.5,6,No
6486,1537,2025-12-18,Mobile,Organic,10.45,11,No
6487,169,2025-07-10,Tablet,Instagram,30.32,5,Yes
6488,3641,2024-01-08,Mobile,Organic,21.08,14,No
6489,1534,2026-08-14,Mobile,Direct,37.74,6,No
6490,506,2024-08-18,Tablet,Referral,43.46,2,Yes
6491,4095,2026-01-22,Tablet,Organic,43.7,4,No
6492,2490,2025-12-13,Tablet,Facebook,21.68,11,Yes
6493,623,2026-10-17,Tablet,Referral,7.73,15,No
6494,4777,2025-12-01,Mobile,Direct,43.33,10,No
6495,3158,2025-11-03,Desktop,Direct,6.25,2,No
6496,1367,2025-04-23,Mobile,Google Ads,20.45,10,No
6497,4480,2024-08-25,Desktop,Email,36.52,11,No
6498,4337,2024-07-23,Desktop,Organic,22.85,14,No
6499,3346,2025-10-15,Tablet,Google Ads,26.13,11,No
6500,357,2026-10-04,Tablet,Google Ads,28.96,10,No
6501,1989,2025-11-09,Desktop,Direct,8.81,4,No
6502,131,2025-03-11,Tablet,Email,22.72,12,No
6503,2710,2026-05-24,Desktop,Instagram,30.75,13,Yes
6504,857,2024-08-31,Mobile,Referral,26.67,2,Yes
6505,2044,2023-02-22,Desktop,Google Ads,0.56,15,No
6506,3626,2024-12-13,Desktop,Facebook,38.61,15,No
6507,1623,2023-12-08,Desktop,Facebook,33.63,4,No
6508,2663,2025-09-21,Tablet,Referral,9.76,6,Yes
6509,3152,2023-07-08,Desktop,Email,32.24,10,No
6510,1139,2026-09-01,Tablet,Email,21.97,10,No
6511,4001,2025-07-24,Desktop,Referral,17.57,7,No
6512,1134,2025-11-13,Tablet,Google Ads,36.94,3,No
6513,1422,2026-11-11,Desktop,Google Ads,31.03,13,No
6514,2304,2023-10-28,Mobile,Direct,11.88,2,No
6515,4764,2026-04-23,Desktop,Referral,2.75,8,No
6516,2841,2025-12-28,Mobile,Referral,31.71,3,No
6517,2344,2023-05-17,Tablet,Google Ads,13.73,2,No
6518,364,2025-02-20,Desktop,Email,3.06,1,No
6519,2666,2026-06-24,Mobile,Google Ads,2.08,11,No
6520,757,2023-03-03,Tablet,Email,20.47,14,Yes
6521,3238,2024-05-03,Mobile,Organic,22.21,2,No
6522,2901,2026-11-26,Desktop,Referral,6.69,13,No
6523,4990,2025-08-07,Desktop,Facebook,12.04,15,No
6524,3510,2025-12-13,Desktop,Organic,10.48,9,No
6525,3823,2025-10-29,Desktop,Organic,36.09,1,No
6526,331,2023-08-09,Desktop,Referral,31.11,10,No
6527,1876,2023-05-09,Desktop,Email,16.51,5,No
6528,4901,2025-07-13,Desktop,Organic,38.66,14,No
6529,813,2026-04-10,Tablet,Email,25.18,8,No
6530,3823,2024-07-28,Tablet,Organic,41.94,10,No
6531,4320,2026-11-15,Desktop,Email,42.29,10,No
6532,1413,2025-05-17,Tablet,Email,9.64,3,No
6533,2594,2024-09-16,Mobile,Email,36.62,14,Yes
6534,1508,2026-07-10,Mobile,Referral,10.42,8,No
6535,3798,2024-04-08,Mobile,Referral,43.83,5,No
6536,2789,2024-01-19,Mobile,Email,3.25,6,No
6537,1972,2026-07-31,Tablet,Instagram,36.54,12,Yes
6538,3413,2026-10-31,Desktop,Referral,11.96,3,No
6539,3581,2024-07-27,Desktop,Facebook,12.41,10,Yes
6540,4533,2026-07-17,Desktop,Referral,21.07,4,No
6541,4818,2025-09-11,Mobile,Facebook,7.56,14,Yes
6542,1406,2023-09-24,Tablet,Instagram,44.97,11,No
6543,4703,2024-10-13,Mobile,Email,37.37,15,Yes
6544,3551,2025-12-06,Tablet,Organic,15.19,8,Yes
6545,1973,2024-11-05,Desktop,Google Ads,40.82,13,Yes
6546,421,2024-09-05,Mobile,Organic,16.22,9,No
6547,2639,2026-08-30,Tablet,Referral,22.53,13,No
6548,4849,2023-08-03,Desktop,Google Ads,44.48,11,Yes
6549,3764,2025-06-08,Tablet,Referral,20.8,11,No
6550,2934,2024-12-24,Mobile,Google Ads,38.64,14,No
6551,4029,2024-10-08,Tablet,Facebook,37.71,9,No
6552,3327,2025-07-21,Mobile,Organic,21.79,5,No
6553,294,2026-01-16,Tablet,Instagram,43.47,5,Yes
6554,3556,2024-03-28,Tablet,Facebook,24.44,6,No
6555,4806,2024-04-01,Mobile,Organic,4.21,13,No
6556,2319,2023-01-13,Tablet,Email,14.23,10,No
6557,3238,2023-10-26,Tablet,Organic,3.45,9,No
6558,2352,2023-01-02,Mobile,Email,19.73,7,No
6559,189,2026-11-04,Desktop,Referral,29.6,7,No
6560,512,2024-07-03,Desktop,Referral,39.59,10,No
6561,401,2025-08-22,Tablet,Organic,38.15,12,No
6562,3938,2025-05-08,Desktop,Google Ads,39.24,12,No
6563,2072,2025-09-05,Mobile,Organic,1.64,14,No
6564,4163,2025-01-15,Mobile,Facebook,22.91,3,No
6565,4445,2026-02-25,Desktop,Email,5.62,8,No
6566,4823,2023-11-16,Mobile,Email,24.0,5,No
6567,1396,2023-03-11,Tablet,Facebook,17.94,2,No
6568,334,2025-07-05,Tablet,Email,23.07,10,Yes
6569,4325,2026-12-26,Desktop,Organic,7.87,5,No
6570,3841,2024-07-22,Tablet,Referral,1.76,1,No
6571,2653,2025-12-08,Mobile,Instagram,31.94,9,No
6572,1971,2023-04-29,Mobile,Google Ads,9.6,8,Yes
6573,3660,2026-02-14,Desktop,Direct,28.01,3,No
6574,2791,2025-06-10,Mobile,Instagram,18.46,7,Yes
6575,2758,2024-06-05,Tablet,Google Ads,44.9,1,No
6576,2743,2026-05-24,Mobile,Organic,42.87,2,Yes
6577,763,2026-06-20,Desktop,Referral,44.93,7,No
6578,995,2023-10-25,Desktop,Referral,41.06,1,No
6579,1655,2023-08-03,Mobile,Facebook,9.18,12,No
6580,1804,2025-12-27,Mobile,Organic,3.45,11,No
6581,3006,2024-07-07,Desktop,Google Ads,3.67,4,No
6582,3452,2026-10-13,Tablet,Facebook,20.92,13,No
6583,4526,2023-07-02,Tablet,Direct,6.26,6,No
6584,673,2025-02-10,Tablet,Referral,31.27,4,No
6585,4338,2023-06-26,Tablet,Organic,11.07,9,No
6586,3477,2026-01-17,Tablet,Email,11.56,12,No
6587,2740,2026-07-09,Desktop,Instagram,41.61,15,No
6588,2570,2023-05-06,Mobile,Referral,7.31,4,No
6589,2633,2025-10-29,Mobile,Instagram,1.68,7,No
6590,2304,2023-10-13,Mobile,Email,18.24,3,No
6591,3455,2026-05-22,Mobile,Instagram,43.97,9,Yes
6592,2008,2025-10-17,Desktop,Instagram,10.0,10,No
6593,2466,2026-06-09,Mobile,Email,7.03,8,No
6594,1396,2025-09-02,Mobile,Instagram,24.03,5,No
6595,3934,2023-02-22,Mobile,Organic,0.62,8,Yes
6596,4239,2024-08-10,Desktop,Email,21.38,13,No
6597,1472,2024-02-23,Desktop,Facebook,14.25,9,Yes
6598,2348,2026-01-06,Tablet,Direct,12.49,1,No
6599,701,2026-05-21,Mobile,Instagram,25.1,7,No
6600,1574,2025-03-15,Mobile,Instagram,0.9,11,No
6601,1384,2026-04-27,Desktop,Facebook,5.44,8,No
6602,1847,2025-04-03,Tablet,Referral,27.84,2,No
6603,682,2025-05-24,Mobile,Facebook,38.64,4,No
6604,2140,2024-11-27,Tablet,Instagram,43.71,4,No
6605,1191,2026-08-06,Desktop,Direct,36.04,13,No
6606,4985,2026-03-27,Mobile,Instagram,4.89,10,Yes
6607,2797,2024-12-17,Desktop,Google Ads,37.33,4,Yes
6608,3331,2025-02-12,Tablet,Organic,32.03,12,No
6609,16,2026-05-02,Tablet,Instagram,18.76,12,No
6610,504,2023-01-04,Mobile,Email,28.01,8,No
6611,4163,2025-04-04,Desktop,Instagram,9.03,9,Yes
6612,2411,2024-02-13,Mobile,Instagram,35.08,4,No
6613,3368,2025-12-11,Mobile,Instagram,5.23,3,No
6614,52,2024-11-05,Tablet,Instagram,14.11,15,No
6615,296,2026-12-01,Mobile,Email,39.41,3,Yes
6616,4288,2023-06-11,Desktop,Referral,28.31,2,No
6617,2283,2026-10-02,Tablet,Email,13.16,4,No
6618,4546,2026-01-03,Mobile,Facebook,10.57,11,No
6619,35,2025-08-10,Desktop,Facebook,24.38,10,No
6620,2802,2026-09-16,Desktop,Google Ads,6.38,13,No
6621,934,2023-04-14,Desktop,Google Ads,3.62,7,No
6622,136,2025-04-20,Tablet,Facebook,22.38,13,No
6623,1449,2024-08-22,Tablet,Google Ads,1.12,12,No
6624,2117,2026-11-30,Desktop,Email,11.98,13,No
6625,3231,2024-07-04,Mobile,Direct,12.13,6,No
6626,2100,2025-06-26,Desktop,Google Ads,24.1,5,No
6627,4614,2025-01-12,Tablet,Facebook,18.02,12,No
6628,4621,2025-11-01,Mobile,Email,6.82,12,No
6629,1420,2026-02-26,Tablet,Referral,4.13,15,Yes
6630,4195,2026-01-05,Mobile,Instagram,3.45,5,No
6631,1491,2025-04-15,Mobile,Referral,27.49,15,No
6632,2482,2025-01-28,Tablet,Google Ads,10.64,10,No
6633,4835,2024-03-13,Mobile,Referral,23.92,6,Yes
6634,1501,2025-04-16,Desktop,Direct,16.45,12,No
6635,1170,2026-06-29,Mobile,Direct,11.67,15,No
6636,3094,2024-03-21,Mobile,Email,18.35,2,No
6637,1709,2025-06-06,Tablet,Instagram,5.3,2,No
6638,1258,2024-03-15,Desktop,Email,38.23,13,No
6639,141,2024-01-29,Tablet,Organic,11.19,12,No
6640,2771,2024-10-28,Tablet,Referral,28.47,5,No
6641,1558,2025-02-04,Tablet,Facebook,35.76,6,No
6642,3524,2024-09-10,Mobile,Facebook,10.28,5,No
6643,2846,2026-05-22,Mobile,Referral,12.48,8,No
6644,217,2024-06-28,Tablet,Google Ads,3.19,10,No
6645,3185,2025-07-29,Desktop,Google Ads,29.13,11,No
6646,684,2023-01-31,Tablet,Referral,11.31,10,No
6647,2131,2025-10-22,Mobile,Facebook,17.39,10,Yes
6648,1466,2024-06-25,Tablet,Facebook,42.14,11,No
6649,3157,2023-01-18,Tablet,Facebook,30.13,9,No
6650,162,2025-05-03,Desktop,Facebook,25.17,3,No
6651,4362,2026-07-27,Mobile,Instagram,14.95,5,Yes
6652,736,2025-11-23,Desktop,Organic,10.49,4,Yes
6653,582,2024-03-22,Mobile,Direct,26.22,5,Yes
6654,4625,2024-03-02,Mobile,Google Ads,40.04,2,No
6655,1926,2026-04-24,Desktop,Facebook,21.48,2,No
6656,4347,2026-07-28,Mobile,Organic,7.65,12,Yes
6657,4259,2025-06-04,Mobile,Facebook,17.61,15,No
6658,1685,2026-09-25,Mobile,Referral,27.69,5,No
6659,4002,2026-03-22,Mobile,Organic,39.61,10,No
6660,1110,2024-11-27,Desktop,Direct,3.96,4,Yes
6661,1304,2024-08-13,Tablet,Email,37.73,8,No
6662,138,2023-11-04,Desktop,Google Ads,4.49,7,Yes
6663,3526,2026-04-28,Tablet,Email,28.93,13,No
6664,4797,2024-08-08,Tablet,Email,23.7,7,No
6665,389,2024-06-29,Mobile,Instagram,23.63,3,No
6666,2905,2024-12-02,Tablet,Instagram,22.91,3,Yes
6667,109,2023-06-27,Mobile,Facebook,25.95,13,Yes
6668,3697,2024-03-23,Mobile,Direct,19.55,9,No
6669,4463,2025-08-24,Desktop,Facebook,2.52,10,No
6670,4056,2024-11-01,Tablet,Organic,32.12,8,No
6671,3605,2026-11-14,Tablet,Referral,20.78,3,No
6672,4840,2023-07-11,Mobile,Google Ads,22.91,8,No
6673,3191,2026-01-22,Tablet,Facebook,2.13,11,No
6674,2549,2025-10-16,Mobile,Facebook,13.81,12,No
6675,4594,2023-09-28,Desktop,Email,6.25,8,No
6676,1813,2025-10-17,Mobile,Instagram,11.87,14,No
6677,1832,2024-11-12,Tablet,Instagram,21.88,7,No
6678,3886,2025-01-29,Mobile,Email,38.06,15,No
6679,4263,2023-11-26,Desktop,Google Ads,29.96,8,No
6680,1259,2026-08-16,Tablet,Direct,19.37,5,No
6681,1318,2025-04-11,Mobile,Google Ads,42.31,8,No
6682,2250,2026-05-27,Desktop,Direct,22.32,10,No
6683,4844,2025-01-08,Desktop,Direct,20.61,14,No
6684,4749,2026-06-24,Desktop,Facebook,17.41,4,No
6685,3372,2024-01-07,Mobile,Direct,40.92,6,No
6686,705,2025-02-25,Tablet,Direct,43.68,13,No
6687,3749,2023-03-08,Desktop,Email,39.3,7,No
6688,2522,2023-05-04,Tablet,Organic,23.14,7,No
6689,1256,2024-10-10,Desktop,Organic,11.92,14,No
6690,1819,2025-08-16,Mobile,Instagram,39.9,3,No
6691,155,2024-10-09,Mobile,Direct,15.56,4,No
6692,2735,2026-12-12,Mobile,Direct,22.28,15,No
6693,3495,2024-11-17,Mobile,Facebook,19.52,6,No
6694,2391,2024-06-28,Mobile,Facebook,35.93,9,No
6695,1527,2025-04-28,Tablet,Organic,36.5,13,No
6696,2122,2024-04-30,Tablet,Google Ads,23.08,9,No
6697,479,2023-11-01,Mobile,Instagram,26.51,12,Yes
6698,4261,2024-07-09,Mobile,Referral,16.1,4,No
6699,698,2025-06-07,Desktop,Facebook,25.81,10,Yes
6700,1936,2024-04-28,Tablet,Referral,28.25,6,Yes
6701,1560,2025-09-04,Mobile,Organic,2.67,3,No
6702,4709,2023-06-17,Desktop,Referral,32.5,3,No
6703,3324,2026-09-20,Tablet,Google Ads,19.12,7,No
6704,4860,2026-07-08,Desktop,Organic,15.29,3,No
6705,2102,2023-12-30,Tablet,Organic,31.52,1,No
6706,2977,2024-10-07,Mobile,Email,14.36,5,No
6707,274,2025-08-30,Tablet,Email,44.35,3,No
6708,4317,2024-11-11,Tablet,Referral,8.38,8,Yes
6709,4290,2025-05-15,Tablet,Referral,33.21,1,No
6710,2483,2023-05-15,Mobile,Direct,20.57,2,No
6711,1874,2026-02-23,Tablet,Facebook,43.36,4,No
6712,16,2026-07-03,Mobile,Email,42.43,10,Yes
6713,2313,2024-03-10,Mobile,Referral,21.86,11,Yes
6714,3385,2023-03-24,Mobile,Referral,36.71,2,No
6715,4098,2023-02-22,Desktop,Email,33.63,5,No
6716,642,2026-05-28,Mobile,Email,30.48,5,No
6717,3240,2024-06-20,Desktop,Referral,28.77,12,No
6718,1361,2024-07-14,Desktop,Organic,2.27,11,No
6719,4283,2023-07-19,Desktop,Facebook,27.66,6,Yes
6720,1687,2025-05-08,Tablet,Google Ads,4.43,3,No
6721,1952,2025-07-17,Tablet,Facebook,37.51,3,Yes
6722,724,2024-02-05,Mobile,Direct,44.41,1,No
6723,3200,2026-12-10,Mobile,Google Ads,29.25,3,Yes
6724,424,2023-07-28,Desktop,Email,6.65,3,No
6725,3041,2026-01-27,Tablet,Direct,17.34,15,No
6726,1413,2023-01-05,Tablet,Facebook,31.67,5,No
6727,3230,2025-06-04,Mobile,Facebook,26.81,9,Yes
6728,1252,2026-03-30,Tablet,Instagram,37.36,3,Yes
6729,522,2026-12-24,Desktop,Direct,2.24,5,No
6730,1426,2025-02-03,Tablet,Facebook,14.92,12,Yes
6731,730,2026-01-28,Mobile,Email,24.11,4,No
6732,4984,2026-07-31,Tablet,Instagram,40.62,11,Yes
6733,4428,2023-07-31,Desktop,Instagram,18.45,12,No
6734,2444,2025-10-07,Mobile,Google Ads,1.4,6,Yes
6735,375,2025-02-04,Mobile,Facebook,31.62,4,No
6736,2266,2024-10-16,Mobile,Referral,3.97,6,No
6737,3483,2024-09-06,Mobile,Email,37.98,11,No
6738,1188,2025-12-26,Mobile,Organic,37.61,10,No
6739,2630,2024-08-04,Tablet,Referral,23.3,3,Yes
6740,3480,2026-08-24,Mobile,Direct,19.38,12,No
6741,3426,2026-10-20,Desktop,Email,29.01,14,Yes
6742,342,2024-02-14,Mobile,Google Ads,14.56,11,No
6743,2570,2024-12-17,Desktop,Direct,18.81,2,No
6744,954,2026-06-20,Tablet,Google Ads,31.24,3,No
6745,3988,2023-03-08,Mobile,Referral,31.81,11,No
6746,1896,2026-06-10,Tablet,Referral,19.79,15,No
6747,1114,2026-11-13,Tablet,Google Ads,14.68,8,No
6748,4437,2023-04-24,Desktop,Instagram,13.43,10,No
6749,1732,2025-02-22,Desktop,Facebook,34.5,5,No
6750,927,2023-04-04,Desktop,Facebook,23.94,5,No
6751,2297,2024-01-21,Tablet,Google Ads,14.89,3,Yes
6752,4501,2024-06-28,Desktop,Instagram,41.98,10,No
6753,4017,2026-08-02,Mobile,Organic,21.68,1,No
6754,1579,2023-03-22,Desktop,Instagram,34.83,2,No
6755,3328,2024-11-06,Desktop,Email,19.92,7,No
6756,3275,2023-01-09,Mobile,Direct,36.77,4,No
6757,1812,2023-10-17,Tablet,Referral,39.91,10,Yes
6758,618,2023-06-04,Mobile,Email,37.08,3,No
6759,1909,2023-01-01,Mobile,Instagram,31.8,9,No
6760,2627,2025-05-31,Tablet,Direct,19.19,5,No
6761,153,2024-04-02,Mobile,Instagram,39.01,1,No
6762,1814,2025-10-10,Mobile,Direct,25.64,2,Yes
6763,1818,2024-10-30,Desktop,Direct,22.4,7,No
6764,1255,2026-04-11,Tablet,Organic,17.47,10,No
6765,4961,2026-04-03,Tablet,Direct,27.51,11,Yes
6766,1332,2024-05-28,Mobile,Referral,14.6,6,No
6767,3827,2025-09-07,Mobile,Facebook,6.25,15,No
6768,1783,2026-08-04,Tablet,Facebook,15.84,11,Yes
6769,290,2025-01-18,Desktop,Organic,18.07,9,No
6770,2292,2023-09-10,Tablet,Organic,12.38,9,No
6771,3519,2023-03-17,Tablet,Email,12.65,8,No
6772,4132,2026-07-04,Desktop,Organic,25.85,1,No
6773,4826,2025-04-23,Desktop,Instagram,12.66,10,No
6774,1719,2024-09-04,Desktop,Google Ads,42.61,3,Yes
6775,1284,2024-09-03,Mobile,Google Ads,29.09,9,No
6776,3545,2024-10-28,Desktop,Email,44.81,15,No
6777,4343,2025-11-02,Mobile,Referral,28.73,4,No
6778,2116,2026-12-06,Mobile,Email,15.47,2,Yes
6779,2334,2026-09-03,Mobile,Email,27.64,3,No
6780,1356,2025-12-02,Desktop,Instagram,30.3,15,No
6781,664,2024-09-07,Tablet,Referral,5.73,7,No
6782,1755,2023-01-10,Mobile,Organic,26.39,9,No
6783,258,2025-11-26,Desktop,Email,42.35,14,Yes
6784,3818,2026-09-01,Mobile,Referral,4.52,10,No
6785,556,2023-11-15,Tablet,Organic,25.68,13,No
6786,4340,2026-08-16,Mobile,Google Ads,11.99,8,No
6787,3215,2024-12-09,Desktop,Facebook,36.5,5,No
6788,976,2024-11-29,Mobile,Facebook,16.88,11,No
6789,856,2026-08-22,Desktop,Instagram,42.75,4,No
6790,3245,2023-08-23,Mobile,Email,28.53,1,Yes
6791,2553,2023-11-09,Desktop,Email,11.35,10,No
6792,1183,2023-12-03,Desktop,Instagram,14.21,5,No
6793,2469,2023-09-07,Tablet,Organic,9.82,12,Yes
6794,1253,2026-09-18,Tablet,Email,31.32,10,No
6795,288,2024-01-15,Mobile,Email,4.4,6,No
6796,4211,2023-03-31,Mobile,Google Ads,38.01,3,No
6797,3912,2026-12-21,Mobile,Email,12.71,11,No
6798,3574,2026-02-25,Desktop,Email,10.23,15,No
6799,1536,2024-12-30,Tablet,Referral,23.45,9,No
6800,1272,2026-03-12,Desktop,Facebook,37.31,5,No
6801,2764,2024-04-14,Desktop,Organic,19.11,1,Yes
6802,379,2025-06-30,Desktop,Organic,34.13,5,Yes
6803,4155,2025-09-21,Tablet,Referral,31.78,10,No
6804,1256,2026-03-29,Mobile,Referral,17.07,7,No
6805,1362,2025-07-06,Mobile,Organic,30.44,10,No
6806,553,2026-11-21,Tablet,Google Ads,19.2,7,No
6807,1629,2026-05-25,Mobile,Referral,17.18,9,No
6808,3787,2026-06-26,Desktop,Organic,14.37,12,No
6809,124,2025-11-19,Mobile,Facebook,3.37,6,Yes
6810,3098,2023-08-15,Desktop,Direct,26.04,15,No
6811,568,2025-10-20,Tablet,Organic,33.15,11,No
6812,4483,2023-10-07,Tablet,Facebook,24.42,12,No
6813,149,2025-09-08,Desktop,Referral,7.31,5,No
6814,4398,2024-02-02,Desktop,Instagram,5.5,13,No
6815,4029,2025-10-16,Tablet,Organic,21.17,1,Yes
6816,217,2025-10-03,Mobile,Google Ads,38.93,13,No
6817,3393,2024-05-09,Tablet,Instagram,32.77,4,No
6818,4080,2023-06-20,Mobile,Google Ads,25.74,7,Yes
6819,269,2025-01-21,Mobile,Email,25.46,8,No
6820,2691,2024-05-21,Desktop,Instagram,23.33,15,No
6821,2794,2025-01-14,Desktop,Referral,43.42,8,No
6822,1260,2023-03-19,Tablet,Organic,15.0,14,Yes
6823,3329,2023-02-21,Mobile,Google Ads,0.87,15,No
6824,2220,2023-02-01,Desktop,Facebook,28.58,9,Yes
6825,4126,2025-08-03,Desktop,Organic,23.91,9,No
6826,4109,2026-09-26,Desktop,Facebook,21.63,14,No
6827,4770,2024-02-26,Desktop,Facebook,31.34,2,Yes
6828,1152,2024-12-27,Desktop,Direct,9.19,9,No
6829,4953,2024-05-01,Tablet,Instagram,6.73,10,No
6830,1239,2024-07-02,Mobile,Facebook,13.16,10,No
6831,730,2023-12-24,Mobile,Referral,9.31,15,No
6832,1206,2023-05-20,Mobile,Direct,31.26,2,No
6833,2905,2023-01-27,Mobile,Email,25.76,4,Yes
6834,4889,2024-08-13,Tablet,Direct,38.0,13,No
6835,2503,2025-06-08,Tablet,Google Ads,43.81,11,No
6836,4298,2024-04-26,Tablet,Google Ads,28.05,15,No
6837,1621,2023-11-28,Mobile,Instagram,35.31,9,No
6838,4969,2024-07-11,Tablet,Email,15.49,14,Yes
6839,1027,2024-04-16,Mobile,Email,44.63,5,No
6840,1341,2026-06-17,Mobile,Google Ads,17.24,9,Yes
6841,1098,2026-09-20,Tablet,Google Ads,22.47,9,No
6842,1122,2025-04-28,Desktop,Facebook,24.0,9,No
6843,3191,2025-05-16,Desktop,Facebook,34.73,8,No
6844,888,2023-10-13,Mobile,Referral,5.05,15,No
6845,2527,2026-08-21,Desktop,Direct,0.63,15,No
6846,1596,2023-02-08,Tablet,Google Ads,10.6,5,No
6847,4922,2026-09-03,Desktop,Email,6.72,5,No
6848,797,2026-04-23,Mobile,Organic,19.69,10,No
6849,299,2024-11-30,Desktop,Instagram,22.56,4,Yes
6850,3120,2026-02-25,Desktop,Organic,18.31,2,Yes
6851,881,2023-06-27,Tablet,Direct,15.51,11,No
6852,465,2026-09-06,Mobile,Organic,25.64,2,Yes
6853,1708,2026-12-14,Tablet,Google Ads,4.38,5,No
6854,1901,2023-01-19,Desktop,Email,29.08,11,No
6855,1545,2024-02-23,Desktop,Referral,35.59,8,No
6856,2821,2024-01-25,Mobile,Direct,2.17,8,No
6857,2702,2026-02-01,Desktop,Organic,14.56,1,No
6858,1938,2026-02-18,Mobile,Instagram,21.23,12,No
6859,3916,2024-02-05,Desktop,Google Ads,5.65,12,No
6860,2290,2024-11-28,Tablet,Google Ads,26.22,4,No
6861,1077,2025-05-18,Tablet,Organic,15.86,6,No
6862,1459,2026-03-13,Mobile,Google Ads,23.92,6,No
6863,4122,2025-09-26,Desktop,Referral,15.06,7,No
6864,4813,2024-11-01,Tablet,Referral,7.89,9,No
6865,4517,2026-09-01,Tablet,Google Ads,28.25,15,No
6866,2813,2023-01-04,Desktop,Instagram,10.24,12,No
6867,2772,2025-09-03,Desktop,Facebook,29.52,5,No
6868,4173,2025-11-05,Desktop,Organic,6.14,4,No
6869,3172,2023-12-27,Mobile,Google Ads,17.51,12,No
6870,170,2024-11-08,Tablet,Organic,3.24,7,Yes
6871,4034,2026-12-08,Mobile,Instagram,13.76,12,No
6872,797,2024-06-03,Mobile,Facebook,34.91,15,No
6873,1423,2026-08-01,Mobile,Referral,22.27,2,No
6874,3274,2024-10-21,Desktop,Facebook,10.71,15,Yes
6875,4658,2024-12-18,Desktop,Facebook,5.66,7,No
6876,379,2023-07-09,Desktop,Referral,13.55,3,No
6877,2780,2025-08-04,Tablet,Direct,28.83,3,Yes
6878,2364,2024-09-11,Mobile,Facebook,42.18,14,No
6879,1357,2026-09-08,Desktop,Email,10.53,3,No
6880,2072,2023-09-19,Desktop,Direct,24.03,12,No
6881,2907,2023-02-18,Tablet,Google Ads,14.8,14,No
6882,2608,2024-05-08,Mobile,Instagram,20.19,1,No
6883,738,2024-09-17,Desktop,Direct,31.97,15,No
6884,4540,2024-01-12,Tablet,Google Ads,22.5,15,Yes
6885,826,2024-06-25,Desktop,Email,4.56,15,No
6886,3352,2023-07-11,Mobile,Email,5.28,8,No
6887,4730,2023-10-23,Mobile,Google Ads,20.67,1,No
6888,1562,2023-05-07,Mobile,Email,2.17,4,No
6889,4458,2023-12-18,Tablet,Instagram,9.08,5,No
6890,517,2026-01-23,Mobile,Instagram,17.23,9,No
6891,582,2026-06-15,Mobile,Organic,41.31,1,No
6892,1030,2023-08-15,Tablet,Email,20.91,1,No
6893,4385,2025-07-05,Tablet,Instagram,39.54,8,No
6894,534,2024-04-25,Desktop,Organic,31.03,9,No
6895,3811,2025-09-11,Desktop,Email,9.48,9,No
6896,3933,2024-02-29,Tablet,Direct,2.75,12,No
6897,53,2026-11-08,Tablet,Referral,34.81,2,No
6898,604,2024-10-02,Tablet,Facebook,27.7,7,No
6899,621,2023-05-25,Tablet,Instagram,37.48,6,Yes
6900,385,2023-07-22,Desktop,Instagram,37.9,9,No
6901,4330,2026-12-27,Desktop,Google Ads,4.05,7,Yes
6902,3457,2023-11-25,Tablet,Instagram,13.32,2,No
6903,1676,2026-02-09,Tablet,Direct,36.81,8,No
6904,3681,2023-06-17,Tablet,Facebook,19.11,4,No
6905,3612,2024-08-14,Mobile,Organic,34.37,4,No
6906,3829,2026-03-03,Mobile,Instagram,13.16,6,No
6907,4633,2025-10-29,Tablet,Google Ads,17.03,10,No
6908,39,2025-09-28,Mobile,Facebook,4.45,10,No
6909,3086,2025-07-12,Mobile,Email,16.3,7,Yes
6910,3205,2023-02-03,Mobile,Direct,32.55,6,No
6911,40,2026-09-10,Mobile,Google Ads,5.35,5,No
6912,510,2023-11-03,Desktop,Email,14.83,11,Yes
6913,2619,2023-08-23,Mobile,Organic,32.71,4,Yes
6914,2198,2025-11-27,Tablet,Google Ads,0.87,4,Yes
6915,3187,2025-12-11,Mobile,Email,31.9,14,No
6916,1602,2025-06-10,Mobile,Email,19.88,11,No
6917,3404,2025-04-15,Desktop,Direct,14.12,9,No
6918,3354,2023-08-12,Tablet,Organic,17.96,14,No
6919,2370,2024-04-08,Mobile,Facebook,42.83,13,No
6920,2011,2025-08-07,Tablet,Email,41.78,8,No
6921,59,2023-04-26,Tablet,Instagram,24.57,10,No
6922,4354,2025-01-23,Tablet,Email,0.81,8,Yes
6923,2403,2026-02-06,Desktop,Facebook,9.68,5,No
6924,2545,2024-10-29,Tablet,Direct,11.24,6,Yes
6925,2913,2025-10-27,Tablet,Facebook,1.37,9,No
6926,4712,2023-09-17,Tablet,Email,35.18,11,Yes
6927,4826,2023-08-05,Tablet,Google Ads,25.3,15,Yes
6928,133,2026-02-19,Tablet,Organic,21.38,4,No
6929,3738,2024-09-05,Mobile,Referral,15.1,9,No
6930,3122,2023-09-16,Mobile,Instagram,37.9,12,No
6931,4341,2024-06-20,Tablet,Referral,40.6,12,No
6932,4250,2025-03-23,Mobile,Facebook,18.21,11,No
6933,4730,2023-12-16,Mobile,Instagram,6.39,1,Yes
6934,1369,2023-05-17,Mobile,Referral,6.45,7,Yes
6935,178,2025-09-02,Mobile,Instagram,32.68,10,No
6936,1003,2024-02-10,Mobile,Instagram,6.45,9,No
6937,4506,2023-02-08,Mobile,Organic,11.39,15,Yes
6938,3371,2023-11-30,Tablet,Referral,2.82,13,Yes
6939,78,2024-10-26,Desktop,Instagram,29.25,7,No
6940,3820,2023-12-04,Mobile,Google Ads,24.94,9,No
6941,2120,2025-01-16,Tablet,Direct,29.7,9,No
6942,1738,2025-06-28,Mobile,Facebook,7.99,6,No
6943,2207,2025-05-19,Desktop,Organic,29.74,7,No
6944,2624,2024-12-29,Tablet,Organic,35.47,5,Yes
6945,403,2026-10-30,Tablet,Google Ads,25.88,6,No
6946,3074,2024-07-03,Tablet,Email,15.1,10,No
6947,4679,2025-06-15,Desktop,Google Ads,9.35,8,No
6948,1178,2023-10-14,Desktop,Organic,5.26,1,No
6949,4159,2025-01-25,Tablet,Google Ads,11.31,10,Yes
6950,761,2024-11-18,Tablet,Google Ads,44.25,1,Yes
6951,3728,2023-08-16,Desktop,Referral,16.93,10,No
6952,3210,2025-06-01,Mobile,Referral,7.27,6,Yes
6953,3844,2023-04-27,Tablet,Organic,43.48,7,No
6954,1795,2025-10-03,Mobile,Google Ads,41.27,15,No
6955,4485,2024-08-03,Tablet,Email,28.91,6,No
6956,3997,2024-04-13,Tablet,Instagram,34.62,9,No
6957,1603,2024-08-28,Desktop,Organic,12.49,3,No
6958,646,2025-10-26,Desktop,Direct,1.51,15,No
6959,2673,2026-02-17,Tablet,Instagram,22.12,6,Yes
6960,1508,2026-11-14,Tablet,Facebook,17.49,13,No
6961,1196,2024-05-20,Tablet,Facebook,17.86,6,No
6962,957,2024-09-05,Mobile,Instagram,14.64,13,No
6963,4243,2025-07-03,Tablet,Google Ads,40.61,6,No
6964,2624,2026-03-05,Mobile,Referral,28.1,6,No
6965,1954,2023-02-06,Mobile,Email,38.04,15,No
6966,4189,2025-08-20,Mobile,Instagram,7.33,10,No
6967,3696,2025-10-11,Desktop,Google Ads,27.83,10,No
6968,1596,2025-09-09,Tablet,Organic,15.94,7,No
6969,4664,2026-06-11,Mobile,Referral,44.85,7,No
6970,4978,2025-10-18,Desktop,Facebook,12.72,12,No
6971,1350,2025-09-21,Mobile,Facebook,6.77,9,Yes
6972,4056,2026-06-03,Desktop,Direct,40.78,10,No
6973,2659,2023-10-13,Tablet,Instagram,29.56,13,No
6974,3681,2023-01-05,Mobile,Email,0.71,3,No
6975,4188,2026-06-12,Desktop,Facebook,16.49,3,No
6976,2248,2024-01-06,Tablet,Organic,35.99,4,No
6977,56,2023-03-29,Tablet,Google Ads,35.98,14,No
6978,245,2023-11-02,Mobile,Referral,5.69,5,Yes
6979,681,2026-07-24,Mobile,Google Ads,3.03,1,No
6980,1128,2024-11-11,Desktop,Referral,39.36,6,No
6981,3798,2026-07-10,Mobile,Email,14.51,7,Yes
6982,2623,2023-02-23,Desktop,Email,36.39,4,No
6983,1245,2024-11-08,Tablet,Instagram,44.89,13,Yes
6984,4999,2026-05-11,Mobile,Google Ads,38.82,2,Yes
6985,3180,2025-04-28,Mobile,Instagram,43.73,5,No
6986,4003,2025-01-28,Tablet,Referral,4.99,4,Yes
6987,1395,2024-09-16,Desktop,Instagram,25.0,2,No
6988,2387,2026-01-30,Tablet,Instagram,38.28,6,No
6989,3912,2024-01-01,Mobile,Direct,12.44,11,No
6990,937,2023-12-28,Tablet,Organic,27.33,14,No
6991,3621,2024-10-03,Mobile,Email,4.67,5,No
6992,2152,2024-05-26,Tablet,Instagram,18.57,12,No
6993,4233,2026-08-18,Desktop,Organic,39.27,13,No
6994,1756,2025-05-06,Desktop,Organic,42.2,14,No
6995,2899,2025-10-05,Tablet,Instagram,7.91,6,No
6996,2607,2023-01-06,Desktop,Direct,31.57,5,No
6997,598,2025-06-19,Tablet,Organic,43.59,10,No
6998,2503,2026-11-08,Mobile,Google Ads,27.58,13,No
6999,2874,2026-03-31,Desktop,Instagram,44.65,11,Yes
7000,4186,2025-08-13,Tablet,Email,39.1,9,No
7001,972,2023-03-01,Desktop,Facebook,4.71,15,No
7002,1934,2024-05-26,Desktop,Google Ads,10.21,13,No
7003,1769,2023-02-19,Mobile,Referral,35.63,5,Yes
7004,542,2023-06-27,Mobile,Email,6.76,9,No
7005,4015,2026-05-27,Tablet,Referral,32.31,10,No
7006,4441,2023-07-09,Desktop,Organic,12.78,14,No
7007,2256,2023-08-28,Tablet,Instagram,25.24,10,No
7008,847,2025-02-23,Mobile,Email,0.71,5,No
7009,1508,2026-05-23,Tablet,Direct,6.64,3,Yes
7010,3888,2026-03-16,Mobile,Organic,44.62,6,Yes
7011,2715,2026-08-16,Desktop,Facebook,42.27,12,No
7012,379,2025-10-21,Mobile,Organic,21.94,8,No
7013,4772,2023-07-31,Desktop,Organic,29.3,4,No
7014,3681,2025-06-28,Desktop,Instagram,25.82,8,No
7015,1735,2026-12-06,Mobile,Facebook,3.98,9,No
7016,4167,2025-12-02,Mobile,Email,14.05,13,No
7017,4517,2024-03-05,Tablet,Organic,16.09,2,No
7018,1268,2024-07-10,Desktop,Google Ads,36.49,8,No
7019,1457,2024-06-17,Tablet,Email,32.38,9,No
7020,3095,2025-11-22,Tablet,Google Ads,0.54,9,No
7021,1821,2023-03-22,Tablet,Organic,23.69,5,Yes
7022,1759,2024-07-05,Mobile,Google Ads,17.21,12,No
7023,304,2024-04-28,Tablet,Email,1.88,10,No
7024,2997,2025-12-22,Tablet,Organic,24.76,6,No
7025,3064,2023-12-29,Tablet,Google Ads,22.18,3,No
7026,2675,2025-06-20,Tablet,Google Ads,21.54,2,Yes
7027,1638,2026-06-08,Mobile,Direct,37.1,13,Yes
7028,4805,2023-12-03,Tablet,Email,24.65,9,No
7029,3350,2023-11-03,Desktop,Instagram,19.55,11,Yes
7030,1956,2024-10-02,Tablet,Facebook,29.52,8,No
7031,1660,2025-05-21,Desktop,Organic,25.29,9,No
7032,4653,2025-11-10,Tablet,Facebook,2.3,13,No
7033,1828,2026-12-27,Mobile,Facebook,31.85,4,No
7034,4767,2026-12-05,Desktop,Facebook,11.44,3,No
7035,2030,2025-07-21,Desktop,Google Ads,5.09,11,Yes
7036,3654,2023-06-18,Mobile,Direct,2.41,8,No
7037,542,2024-05-05,Mobile,Google Ads,29.32,2,No
7038,4491,2026-02-25,Mobile,Referral,12.35,10,No
7039,4820,2023-03-19,Mobile,Instagram,32.76,10,No
7040,2896,2025-02-28,Mobile,Referral,5.41,15,Yes
7041,3625,2023-08-02,Tablet,Direct,42.99,1,No
7042,920,2026-04-02,Tablet,Organic,24.88,14,No
7043,4205,2024-09-07,Tablet,Facebook,3.39,15,No
7044,3859,2026-02-06,Mobile,Organic,11.33,15,No
7045,4714,2026-11-23,Desktop,Email,28.72,14,No
7046,1966,2024-03-07,Tablet,Instagram,30.67,11,No
7047,186,2024-11-11,Mobile,Referral,11.37,8,No
7048,913,2026-11-07,Desktop,Organic,30.46,9,No
7049,2524,2023-06-23,Desktop,Facebook,0.75,6,No
7050,1911,2024-03-15,Mobile,Google Ads,39.73,3,No
7051,4998,2026-03-30,Mobile,Organic,24.0,7,No
7052,4538,2023-01-10,Tablet,Email,15.4,15,No
7053,2604,2025-11-24,Desktop,Instagram,8.75,6,Yes
7054,1152,2025-04-05,Mobile,Referral,37.41,12,Yes
7055,2128,2023-05-23,Desktop,Google Ads,41.54,12,No
7056,1238,2024-02-08,Mobile,Facebook,9.86,2,No
7057,3816,2023-08-21,Tablet,Instagram,31.17,6,No
7058,1574,2025-05-01,Mobile,Referral,5.7,11,Yes
7059,3936,2024-01-11,Tablet,Email,2.96,9,No
7060,4129,2024-11-06,Desktop,Instagram,19.46,15,No
7061,4259,2026-08-29,Desktop,Organic,2.17,6,No
7062,2386,2025-09-06,Tablet,Instagram,32.35,14,No
7063,2401,2023-08-02,Mobile,Facebook,29.35,6,No
7064,4217,2024-06-01,Desktop,Direct,37.66,13,No
7065,4343,2026-06-07,Tablet,Organic,33.88,13,No
7066,557,2023-01-24,Mobile,Referral,14.79,11,No
7067,136,2026-08-18,Desktop,Instagram,35.15,15,No
7068,3543,2026-12-20,Desktop,Facebook,36.48,1,Yes
7069,1256,2023-10-18,Mobile,Google Ads,12.34,10,Yes
7070,2134,2023-03-07,Desktop,Organic,38.41,13,No
7071,4497,2025-01-17,Desktop,Email,34.77,7,No
7072,2240,2023-11-03,Desktop,Facebook,35.31,7,No
7073,817,2025-08-18,Desktop,Instagram,16.88,4,No
7074,1931,2024-12-01,Mobile,Direct,5.88,6,Yes
7075,2504,2026-10-26,Mobile,Direct,1.78,4,No
7076,1005,2025-10-04,Mobile,Referral,25.59,14,Yes
7077,4246,2025-09-11,Tablet,Email,26.28,14,No
7078,1234,2025-03-11,Mobile,Email,40.03,14,Yes
7079,3051,2024-09-08,Desktop,Direct,32.29,8,No
7080,4979,2026-04-18,Mobile,Organic,8.93,7,No
7081,443,2026-10-21,Desktop,Referral,21.85,14,No
7082,4664,2023-10-22,Mobile,Organic,31.11,5,No
7083,4259,2023-09-13,Desktop,Direct,17.92,1,No
7084,1644,2023-01-26,Mobile,Facebook,38.35,14,No
7085,2654,2025-10-14,Mobile,Google Ads,9.93,12,No
7086,1480,2024-04-16,Mobile,Email,10.55,4,No
7087,4367,2023-11-21,Tablet,Google Ads,40.9,6,No
7088,1617,2026-06-11,Tablet,Referral,14.58,10,No
7089,3165,2026-06-17,Mobile,Facebook,44.15,15,No
7090,2974,2024-09-03,Desktop,Referral,41.93,5,No
7091,3489,2024-09-21,Desktop,Email,40.76,5,No
7092,1531,2023-10-31,Tablet,Email,22.83,6,No
7093,4634,2026-05-24,Tablet,Direct,1.79,14,Yes
7094,1084,2024-11-14,Desktop,Referral,22.68,7,No
7095,986,2025-04-09,Mobile,Google Ads,33.66,13,No
7096,1323,2024-10-23,Tablet,Direct,44.74,5,No
7097,3553,2025-11-02,Tablet,Email,22.24,9,No
7098,4973,2023-03-10,Desktop,Google Ads,24.17,11,No
7099,4478,2023-12-17,Mobile,Instagram,5.13,12,No
7100,864,2023-05-19,Desktop,Email,21.11,8,No
7101,4185,2023-10-13,Tablet,Facebook,43.95,11,No
7102,1136,2023-11-22,Mobile,Email,22.05,13,No
7103,4463,2023-11-10,Mobile,Direct,8.01,11,No
7104,3680,2026-02-04,Desktop,Instagram,34.14,2,No
7105,2225,2025-07-17,Desktop,Email,22.05,15,No
7106,4847,2024-05-23,Mobile,Referral,3.3,2,Yes
7107,1518,2026-03-04,Desktop,Direct,21.37,2,No
7108,2678,2025-08-19,Mobile,Direct,10.35,15,No
7109,1474,2023-11-24,Mobile,Google Ads,8.85,5,No
7110,2839,2024-09-18,Tablet,Referral,25.14,8,No
7111,4473,2025-08-20,Mobile,Email,25.26,3,No
7112,2688,2025-07-31,Mobile,Facebook,14.5,5,No
7113,4784,2023-12-18,Tablet,Referral,22.75,6,No
7114,2088,2024-06-21,Tablet,Referral,16.46,11,No
7115,2623,2025-12-27,Mobile,Email,34.23,15,No
7116,1945,2024-10-25,Tablet,Referral,5.98,11,No
7117,1830,2023-01-28,Desktop,Referral,16.9,7,Yes
7118,4538,2023-05-04,Tablet,Instagram,40.52,12,No
7119,4937,2025-08-08,Desktop,Google Ads,37.01,2,No
7120,3426,2024-05-07,Mobile,Email,2.31,6,No
7121,1381,2023-03-14,Mobile,Organic,41.84,12,No
7122,1960,2026-04-29,Desktop,Instagram,40.91,11,No
7123,4557,2026-05-13,Desktop,Referral,34.59,12,No
7124,2194,2023-10-30,Tablet,Instagram,10.37,7,No
7125,4624,2026-05-25,Tablet,Google Ads,9.29,1,No
7126,728,2025-06-29,Mobile,Direct,9.3,1,No
7127,1567,2025-06-20,Mobile,Facebook,17.96,12,No
7128,2120,2023-04-01,Tablet,Referral,11.51,3,No
7129,1124,2025-03-27,Desktop,Google Ads,1.57,9,No
7130,4640,2026-05-27,Mobile,Facebook,21.25,8,No
7131,3354,2025-06-21,Desktop,Referral,13.9,5,No
7132,4353,2026-12-25,Tablet,Direct,42.15,13,No
7133,4143,2026-09-19,Desktop,Organic,0.93,3,Yes
7134,4357,2024-10-14,Tablet,Instagram,20.76,14,No
7135,846,2025-06-06,Desktop,Direct,21.9,5,Yes
7136,4095,2024-01-28,Desktop,Organic,8.47,8,No
7137,1370,2023-09-20,Tablet,Facebook,36.66,2,No
7138,3107,2023-08-31,Desktop,Facebook,13.53,4,No
7139,318,2024-12-27,Tablet,Referral,25.51,10,Yes
7140,2155,2025-10-12,Mobile,Facebook,23.42,13,No
7141,1448,2023-01-03,Mobile,Google Ads,12.27,3,No
7142,3706,2024-03-03,Mobile,Google Ads,18.19,15,No
7143,1119,2024-01-04,Tablet,Email,7.51,3,Yes
7144,4003,2024-03-09,Desktop,Organic,9.9,14,Yes
7145,3164,2023-01-10,Tablet,Instagram,8.31,8,Yes
7146,2732,2023-05-27,Mobile,Organic,34.84,1,No
7147,4883,2025-06-16,Tablet,Facebook,16.5,13,No
7148,468,2024-03-21,Tablet,Direct,21.81,15,Yes
7149,2256,2023-07-14,Desktop,Facebook,22.44,8,No
7150,578,2025-09-30,Mobile,Email,34.04,15,No
7151,1363,2023-04-24,Mobile,Google Ads,2.42,3,No
7152,1484,2024-02-02,Desktop,Referral,11.2,10,No
7153,615,2025-04-20,Tablet,Referral,43.86,14,No
7154,2627,2026-09-08,Tablet,Referral,24.61,1,No
7155,2280,2023-02-07,Tablet,Organic,34.69,5,No
7156,713,2023-09-18,Desktop,Google Ads,1.29,9,No
7157,715,2023-04-10,Mobile,Google Ads,7.47,5,No
7158,1314,2024-04-02,Tablet,Direct,25.08,4,No
7159,251,2024-12-31,Mobile,Organic,19.98,15,No
7160,3452,2026-06-13,Tablet,Organic,3.85,1,No
7161,977,2024-03-23,Mobile,Instagram,38.65,2,Yes
7162,1375,2023-11-09,Tablet,Email,37.87,6,No
7163,922,2025-01-30,Mobile,Direct,15.4,8,No
7164,1822,2024-09-17,Mobile,Organic,40.46,8,Yes
7165,3341,2023-05-08,Tablet,Organic,34.73,5,No
7166,4921,2026-11-02,Desktop,Email,26.85,13,No
7167,482,2023-09-29,Desktop,Email,39.8,8,No
7168,2945,2025-11-25,Desktop,Email,26.33,5,No
7169,1905,2024-10-09,Tablet,Direct,39.15,15,No
7170,2933,2023-11-27,Tablet,Google Ads,42.74,12,No
7171,2108,2024-09-26,Mobile,Email,2.88,15,No
7172,1560,2025-11-03,Desktop,Direct,32.27,1,No
7173,2407,2026-08-16,Mobile,Email,11.41,5,No
7174,4420,2025-12-14,Mobile,Direct,32.97,9,No
7175,163,2024-11-20,Mobile,Instagram,20.72,1,Yes
7176,4393,2025-10-22,Mobile,Organic,16.73,8,No
7177,3494,2025-11-08,Desktop,Direct,32.43,1,No
7178,2055,2024-12-16,Tablet,Email,34.14,10,No
7179,4973,2026-01-29,Tablet,Instagram,26.54,11,No
7180,3504,2026-04-10,Tablet,Facebook,28.39,7,No
7181,4798,2025-07-28,Tablet,Facebook,29.62,15,No
7182,3924,2025-07-24,Mobile,Email,28.0,1,No
7183,2481,2024-11-10,Desktop,Facebook,31.13,6,No
7184,3155,2025-07-04,Mobile,Instagram,41.4,3,No
7185,3604,2024-06-16,Mobile,Referral,41.36,7,No
7186,1989,2026-07-02,Tablet,Email,14.68,7,No
7187,1624,2025-09-23,Desktop,Facebook,30.74,9,No
7188,4237,2026-01-18,Desktop,Organic,17.55,1,No
7189,1464,2025-05-13,Tablet,Instagram,44.39,10,No
7190,4553,2026-04-01,Desktop,Referral,17.81,11,No
7191,3761,2023-10-15,Tablet,Facebook,26.89,3,No
7192,4068,2025-07-26,Desktop,Organic,38.61,7,No
7193,1123,2026-08-05,Tablet,Referral,13.33,9,No
7194,4476,2026-06-06,Tablet,Referral,38.85,8,No
7195,3488,2023-10-30,Mobile,Facebook,18.18,2,No
7196,3099,2026-02-21,Mobile,Instagram,35.21,14,No
7197,2711,2023-02-06,Desktop,Referral,24.45,2,No
7198,3788,2025-10-05,Mobile,Google Ads,7.54,7,Yes
7199,4192,2024-04-10,Mobile,Instagram,34.56,5,No
7200,4467,2023-07-25,Tablet,Google Ads,34.47,13,No
7201,123,2025-10-16,Tablet,Organic,15.87,2,No
7202,877,2026-06-29,Mobile,Email,8.68,14,No
7203,3096,2024-04-03,Tablet,Google Ads,30.33,8,No
7204,2559,2026-11-05,Mobile,Direct,12.74,5,No
7205,4454,2023-04-13,Mobile,Referral,43.89,7,Yes
7206,2012,2025-07-05,Tablet,Facebook,16.33,11,No
7207,4413,2026-03-09,Desktop,Email,18.5,9,No
7208,4927,2025-01-20,Tablet,Organic,38.55,11,No
7209,1735,2023-11-14,Desktop,Instagram,43.02,11,No
7210,4728,2026-01-10,Tablet,Direct,8.0,1,No
7211,2607,2023-12-09,Tablet,Organic,5.87,6,No
7212,2190,2023-10-15,Desktop,Organic,30.45,3,No
7213,1199,2024-08-27,Tablet,Direct,40.43,11,No
7214,3198,2025-09-26,Mobile,Instagram,38.83,5,No
7215,3935,2023-02-11,Mobile,Google Ads,39.15,11,No
7216,790,2024-02-16,Desktop,Organic,33.91,8,No
7217,3656,2026-09-11,Desktop,Direct,7.76,13,Yes
7218,3715,2026-10-04,Tablet,Referral,28.03,9,No
7219,4718,2024-11-21,Tablet,Email,17.34,10,No
7220,4455,2023-12-26,Desktop,Organic,38.17,4,Yes
7221,2113,2024-08-09,Desktop,Organic,20.53,7,No
7222,3039,2025-07-30,Tablet,Direct,34.14,12,Yes
7223,1896,2026-08-01,Desktop,Referral,7.57,12,No
7224,2288,2026-11-12,Tablet,Referral,14.96,11,No
7225,2735,2024-05-16,Desktop,Email,5.7,1,No
7226,1043,2025-08-25,Tablet,Email,3.01,5,Yes
7227,3700,2025-06-01,Tablet,Email,4.72,8,Yes
7228,3487,2023-04-03,Tablet,Organic,7.17,1,Yes
7229,2119,2024-10-01,Mobile,Email,35.56,7,No
7230,4653,2026-01-12,Mobile,Facebook,39.0,4,No
7231,1968,2024-11-06,Tablet,Google Ads,20.08,11,No
7232,3491,2024-10-28,Desktop,Direct,19.53,14,No
7233,1054,2025-03-03,Tablet,Facebook,43.05,10,No
7234,3930,2023-11-15,Desktop,Organic,25.53,15,Yes
7235,554,2026-02-03,Mobile,Organic,0.92,6,Yes
7236,1201,2026-11-27,Tablet,Organic,5.45,1,No
7237,89,2023-05-27,Tablet,Direct,27.59,4,No
7238,286,2025-11-23,Tablet,Instagram,21.45,11,Yes
7239,3616,2025-09-27,Tablet,Google Ads,39.39,1,Yes
7240,3459,2025-05-28,Tablet,Instagram,36.5,14,No
7241,4173,2023-04-08,Mobile,Referral,16.68,3,No
7242,2147,2025-05-15,Tablet,Direct,23.14,11,No
7243,2388,2023-10-14,Desktop,Referral,22.85,7,No
7244,796,2023-10-23,Mobile,Organic,14.23,3,No
7245,2082,2023-04-16,Desktop,Google Ads,2.74,2,Yes
7246,790,2023-05-29,Desktop,Email,3.76,13,No
7247,4272,2026-10-07,Mobile,Organic,29.51,2,Yes
7248,3272,2024-08-03,Mobile,Organic,32.94,2,No
7249,4965,2025-05-04,Desktop,Google Ads,33.24,12,No
7250,2543,2025-01-04,Desktop,Google Ads,4.53,4,No
7251,2826,2024-07-30,Tablet,Direct,11.55,1,No
7252,1267,2024-03-12,Tablet,Instagram,32.71,7,No
7253,1420,2023-01-25,Mobile,Referral,21.86,8,No
7254,1154,2023-06-06,Desktop,Email,38.54,7,No
7255,865,2026-08-21,Desktop,Facebook,9.5,7,No
7256,1218,2025-04-16,Mobile,Instagram,17.44,15,No
7257,1385,2026-08-12,Desktop,Direct,6.0,6,No
7258,4179,2023-02-14,Mobile,Direct,3.03,12,No
7259,3961,2026-11-10,Mobile,Organic,36.18,6,Yes
7260,2272,2026-09-03,Tablet,Email,37.11,2,No
7261,3001,2026-10-05,Tablet,Google Ads,21.98,13,No
7262,1149,2025-09-26,Mobile,Google Ads,4.05,5,No
7263,3106,2024-05-25,Desktop,Organic,30.58,4,Yes
7264,3197,2024-10-05,Tablet,Facebook,28.26,8,Yes
7265,1449,2026-03-27,Desktop,Referral,2.69,12,Yes
7266,1581,2023-06-30,Tablet,Email,40.73,5,No
7267,1516,2024-05-10,Mobile,Referral,29.17,10,No
7268,4871,2023-11-20,Tablet,Email,37.83,13,No
7269,729,2025-05-12,Tablet,Referral,29.64,15,No
7270,1418,2025-05-28,Tablet,Facebook,36.92,1,No
7271,247,2024-05-08,Desktop,Referral,4.94,9,Yes
7272,4392,2024-12-31,Desktop,Direct,14.12,9,No
7273,4734,2026-12-20,Mobile,Google Ads,10.59,4,No
7274,2513,2024-01-20,Desktop,Email,20.46,12,No
7275,1426,2025-02-11,Tablet,Email,26.98,3,No
7276,435,2026-08-19,Desktop,Facebook,18.75,10,No
7277,1761,2025-09-20,Mobile,Instagram,32.95,10,No
7278,972,2025-11-26,Desktop,Facebook,37.05,10,No
7279,3282,2023-07-07,Tablet,Referral,1.72,9,No
7280,2063,2024-06-03,Desktop,Email,39.57,12,Yes
7281,4421,2026-09-30,Tablet,Direct,6.01,6,No
7282,1013,2026-06-02,Mobile,Direct,22.36,2,No
7283,986,2024-06-12,Tablet,Google Ads,41.6,7,No
7284,1951,2025-07-20,Desktop,Direct,33.46,14,Yes
7285,4269,2024-03-03,Desktop,Organic,14.51,2,No
7286,3955,2023-02-23,Tablet,Facebook,14.84,5,No
7287,4450,2025-12-11,Desktop,Email,24.07,12,No
7288,194,2025-09-18,Mobile,Email,30.3,3,No
7289,4545,2023-02-18,Mobile,Referral,15.65,9,No
7290,4706,2026-05-31,Mobile,Facebook,2.96,3,No
7291,1870,2024-04-22,Desktop,Email,13.76,15,No
7292,3745,2023-12-06,Mobile,Facebook,8.16,9,No
7293,1610,2025-05-23,Desktop,Facebook,11.52,1,No
7294,1350,2025-02-27,Tablet,Google Ads,40.32,13,No
7295,3780,2023-11-22,Mobile,Google Ads,1.03,7,No
7296,3068,2024-02-22,Mobile,Direct,44.62,15,No
7297,2042,2024-03-09,Mobile,Organic,2.79,1,Yes
7298,2974,2023-06-29,Desktop,Google Ads,43.02,15,Yes
7299,3970,2023-09-16,Desktop,Direct,35.77,9,No
7300,35,2025-02-13,Desktop,Organic,42.74,3,No
7301,1097,2023-06-02,Tablet,Google Ads,2.84,9,No
7302,1926,2026-05-11,Tablet,Email,23.99,10,No
7303,2492,2024-05-22,Desktop,Organic,43.19,11,No
7304,4586,2024-11-24,Mobile,Referral,23.53,12,No
7305,3870,2025-09-05,Desktop,Email,9.68,3,Yes
7306,45,2026-06-30,Mobile,Google Ads,34.36,4,Yes
7307,135,2023-05-25,Tablet,Direct,37.55,3,No
7308,1450,2024-09-06,Tablet,Facebook,41.01,5,No
7309,3312,2026-08-07,Tablet,Referral,31.61,2,No
7310,1909,2025-03-11,Desktop,Organic,42.39,6,No
7311,1969,2023-11-11,Mobile,Direct,30.1,14,No
7312,2727,2024-02-20,Tablet,Referral,30.77,2,No
7313,4850,2023-07-10,Tablet,Direct,13.03,11,No
7314,3302,2026-04-05,Desktop,Organic,8.91,4,No
7315,1736,2025-03-10,Tablet,Direct,11.99,9,No
7316,2637,2025-08-21,Tablet,Instagram,5.41,10,No
7317,1152,2024-10-18,Tablet,Referral,44.98,7,Yes
7318,2206,2023-12-27,Tablet,Facebook,4.69,3,No
7319,1907,2024-02-12,Tablet,Direct,5.59,2,Yes
7320,4143,2026-03-21,Desktop,Direct,0.74,2,No
7321,950,2025-03-13,Desktop,Facebook,15.44,15,No
7322,938,2025-05-13,Desktop,Instagram,23.71,6,Yes
7323,1566,2024-05-03,Mobile,Direct,26.24,6,No
7324,158,2024-12-11,Tablet,Email,33.86,10,No
7325,3307,2025-10-17,Desktop,Facebook,20.31,10,No
7326,1134,2024-01-28,Mobile,Facebook,19.73,6,No
7327,3947,2026-12-02,Tablet,Direct,19.6,14,No
7328,2147,2025-05-26,Tablet,Email,30.05,11,No
7329,2031,2024-06-06,Desktop,Direct,40.03,3,No
7330,4642,2023-08-03,Mobile,Referral,39.44,5,No
7331,577,2025-09-13,Tablet,Email,27.48,13,No
7332,3934,2023-08-20,Mobile,Instagram,27.57,12,No
7333,3167,2023-09-02,Mobile,Google Ads,27.31,11,Yes
7334,2144,2026-01-18,Desktop,Google Ads,24.93,5,No
7335,1841,2023-03-02,Desktop,Referral,13.2,14,No
7336,3781,2023-06-30,Desktop,Google Ads,23.25,3,No
7337,3442,2023-08-01,Desktop,Instagram,42.87,12,No
7338,1947,2024-09-02,Desktop,Referral,24.42,9,No
7339,2032,2025-08-26,Desktop,Direct,2.25,14,No
7340,4102,2025-10-06,Mobile,Email,41.55,5,No
7341,659,2026-07-18,Tablet,Instagram,38.21,14,No
7342,4433,2024-02-25,Tablet,Google Ads,14.95,7,Yes
7343,1932,2026-09-02,Mobile,Direct,29.07,8,No
7344,4885,2025-07-21,Mobile,Email,38.74,3,No
7345,1129,2024-05-12,Desktop,Direct,44.75,11,No
7346,4968,2024-07-28,Tablet,Organic,8.73,15,No
7347,1972,2024-08-19,Mobile,Facebook,9.51,12,No
7348,2171,2025-02-13,Desktop,Email,42.42,10,No
7349,735,2026-05-04,Desktop,Facebook,7.99,1,Yes
7350,3232,2024-06-14,Tablet,Referral,22.53,5,No
7351,3152,2025-08-05,Tablet,Referral,17.24,4,No
7352,3621,2026-11-21,Tablet,Referral,13.27,13,No
7353,4872,2023-03-12,Mobile,Referral,20.53,4,No
7354,1417,2025-05-18,Mobile,Instagram,2.6,7,No
7355,2030,2024-12-30,Tablet,Direct,39.12,13,No
7356,3342,2023-01-15,Desktop,Organic,1.05,4,Yes
7357,2123,2026-03-10,Desktop,Email,40.67,3,No
7358,3243,2024-12-17,Desktop,Organic,19.44,9,Yes
7359,711,2026-05-12,Desktop,Direct,11.8,4,No
7360,4360,2023-09-05,Desktop,Facebook,13.37,3,No
7361,1698,2024-03-17,Desktop,Email,25.18,6,No
7362,1070,2023-07-03,Mobile,Referral,2.76,5,No
7363,953,2024-10-28,Tablet,Referral,5.29,2,No
7364,3385,2023-11-06,Desktop,Instagram,0.91,9,No
7365,2361,2023-12-10,Desktop,Google Ads,28.88,9,No
7366,4786,2023-12-19,Desktop,Email,18.86,4,No
7367,1835,2023-12-21,Desktop,Facebook,26.76,1,No
7368,2377,2026-05-31,Mobile,Instagram,14.33,2,No
7369,4460,2025-06-01,Tablet,Instagram,9.82,3,No
7370,3842,2024-06-26,Desktop,Email,27.44,5,No
7371,341,2025-02-17,Mobile,Facebook,23.55,7,No
7372,757,2023-10-13,Desktop,Instagram,35.16,6,No
7373,2843,2025-01-05,Tablet,Direct,30.07,9,No
7374,1233,2025-07-27,Desktop,Organic,10.82,11,No
7375,3858,2026-03-06,Mobile,Email,24.35,11,Yes
7376,1662,2025-02-27,Tablet,Google Ads,17.89,12,No
7377,4665,2023-04-14,Desktop,Referral,37.64,15,No
7378,4416,2024-08-12,Mobile,Google Ads,18.9,7,No
7379,1710,2026-01-21,Tablet,Direct,22.05,11,No
7380,1635,2023-12-03,Mobile,Google Ads,12.66,6,No
7381,3349,2026-09-30,Desktop,Email,36.1,6,No
7382,3418,2023-08-25,Mobile,Email,23.49,7,No
7383,3508,2023-08-19,Desktop,Email,11.0,4,Yes
7384,602,2024-05-07,Desktop,Email,4.92,5,Yes
7385,913,2023-07-20,Mobile,Direct,30.59,2,No
7386,1039,2025-11-30,Mobile,Email,34.06,9,Yes
7387,4996,2026-07-04,Mobile,Referral,23.04,9,No
7388,3037,2024-04-23,Mobile,Instagram,38.46,14,No
7389,4455,2023-05-23,Desktop,Facebook,5.67,14,Yes
7390,2055,2026-07-12,Mobile,Instagram,9.95,14,No
7391,4281,2025-01-27,Mobile,Facebook,19.57,11,No
7392,2897,2025-01-23,Mobile,Google Ads,21.97,13,No
7393,2511,2026-10-26,Tablet,Google Ads,0.75,10,No
7394,493,2024-02-11,Desktop,Facebook,42.71,14,No
7395,4780,2026-12-19,Mobile,Referral,20.15,13,No
7396,4057,2023-09-26,Mobile,Facebook,5.69,15,No
7397,4007,2025-11-08,Tablet,Direct,39.96,5,Yes
7398,2192,2026-08-15,Desktop,Referral,23.88,13,No
7399,3091,2023-08-02,Tablet,Instagram,4.11,4,Yes
7400,3640,2025-03-17,Desktop,Direct,10.47,3,No
7401,2825,2025-07-27,Tablet,Referral,20.34,11,No
7402,2694,2024-05-31,Tablet,Referral,25.07,8,No
7403,1061,2025-08-18,Mobile,Instagram,27.03,14,No
7404,3371,2026-04-27,Desktop,Facebook,31.15,6,No
7405,3520,2023-10-20,Tablet,Instagram,42.33,8,No
7406,2171,2025-03-12,Tablet,Google Ads,3.93,3,No
7407,169,2025-03-07,Tablet,Google Ads,2.04,1,No
7408,3594,2026-08-31,Tablet,Instagram,34.6,14,No
7409,1035,2023-02-04,Desktop,Organic,24.48,6,No
7410,3080,2023-08-03,Mobile,Instagram,14.85,13,Yes
7411,648,2026-04-25,Mobile,Instagram,8.98,1,No
7412,2640,2023-05-28,Desktop,Google Ads,1.52,15,No
7413,4298,2025-03-02,Mobile,Referral,11.76,4,No
7414,1975,2025-07-13,Desktop,Referral,19.6,1,No
7415,2548,2025-12-29,Mobile,Organic,15.99,3,No
7416,2635,2024-02-03,Desktop,Organic,19.67,9,No
7417,4661,2025-09-06,Tablet,Facebook,3.65,4,Yes
7418,4910,2025-04-07,Mobile,Email,30.58,12,No
7419,4333,2023-11-05,Mobile,Email,17.17,8,Yes
7420,618,2023-03-31,Mobile,Google Ads,33.18,15,No
7421,1538,2026-03-28,Tablet,Organic,15.9,3,No
7422,1061,2023-04-16,Desktop,Organic,21.97,5,No
7423,4273,2026-07-25,Mobile,Direct,3.13,5,No
7424,3713,2025-04-22,Tablet,Referral,5.02,11,No
7425,2521,2025-10-09,Mobile,Email,9.64,4,No
7426,4213,2023-01-11,Desktop,Facebook,14.33,4,No
7427,2947,2025-08-23,Tablet,Referral,32.21,9,Yes
7428,3878,2024-04-11,Desktop,Facebook,27.28,8,No
7429,4254,2024-09-01,Desktop,Email,30.06,4,No
7430,1658,2026-08-24,Mobile,Email,27.91,12,No
7431,222,2023-09-13,Tablet,Google Ads,10.33,14,No
7432,1636,2026-03-14,Mobile,Direct,13.82,8,No
7433,4140,2026-02-07,Desktop,Organic,7.13,5,Yes
7434,183,2023-04-18,Mobile,Email,28.76,15,No
7435,1494,2025-07-17,Mobile,Referral,19.31,13,No
7436,35,2026-09-06,Mobile,Facebook,44.06,14,No
7437,4163,2026-07-31,Tablet,Referral,7.53,10,Yes
7438,497,2023-10-17,Mobile,Direct,32.85,9,No
7439,1662,2025-10-24,Desktop,Referral,0.99,13,No
7440,3953,2026-10-26,Desktop,Direct,39.95,3,Yes
7441,63,2023-10-19,Tablet,Direct,8.41,7,No
7442,3976,2026-02-11,Tablet,Referral,18.25,6,No
7443,995,2026-11-03,Mobile,Organic,36.38,12,No
7444,2129,2023-04-20,Mobile,Facebook,44.64,9,No
7445,979,2024-07-11,Desktop,Organic,29.93,6,No
7446,3311,2026-01-14,Desktop,Facebook,27.59,7,No
7447,3738,2025-12-26,Desktop,Email,9.4,14,No
7448,1511,2023-02-08,Mobile,Instagram,42.0,15,No
7449,2594,2026-12-15,Desktop,Direct,26.57,13,No
7450,928,2025-07-28,Mobile,Referral,25.9,14,No
7451,4210,2025-07-14,Tablet,Instagram,35.54,8,No
7452,206,2026-12-27,Mobile,Email,10.7,2,No
7453,553,2024-09-22,Mobile,Referral,32.72,14,No
7454,635,2023-04-23,Mobile,Google Ads,2.5,12,Yes
7455,163,2023-01-16,Tablet,Organic,14.49,11,No
7456,2760,2024-07-15,Mobile,Facebook,29.64,3,No
7457,2749,2025-10-31,Tablet,Email,0.55,13,Yes
7458,132,2025-06-22,Tablet,Direct,31.9,6,No
7459,452,2023-06-02,Tablet,Email,9.76,5,No
7460,4833,2025-05-18,Mobile,Organic,0.76,11,No
7461,1600,2025-11-07,Tablet,Email,16.83,14,No
7462,168,2023-11-20,Tablet,Email,41.3,9,No
7463,3617,2026-01-24,Tablet,Organic,13.84,3,No
7464,1353,2026-11-27,Tablet,Referral,15.06,2,Yes
7465,1743,2024-11-14,Desktop,Email,22.13,5,Yes
7466,2418,2026-03-28,Tablet,Email,43.11,10,Yes
7467,4155,2024-04-20,Desktop,Referral,30.28,4,No
7468,1325,2026-12-19,Mobile,Google Ads,36.46,3,No
7469,1340,2025-10-14,Desktop,Google Ads,11.6,15,No
7470,2440,2024-11-11,Desktop,Organic,25.2,14,No
7471,1476,2026-06-18,Desktop,Email,24.24,10,No
7472,4250,2024-09-21,Mobile,Organic,24.59,10,No
7473,1454,2026-10-31,Mobile,Referral,27.19,9,No
7474,170,2026-01-21,Tablet,Instagram,12.65,1,No
7475,2801,2026-02-14,Desktop,Facebook,31.35,5,No
7476,4695,2024-02-26,Tablet,Instagram,14.36,5,No
7477,3348,2026-04-07,Tablet,Google Ads,8.35,10,Yes
7478,3311,2024-10-16,Tablet,Referral,30.55,8,No
7479,193,2023-01-19,Mobile,Facebook,36.88,3,No
7480,1781,2023-11-23,Tablet,Referral,20.69,7,No
7481,76,2023-08-28,Mobile,Facebook,25.3,3,Yes
7482,4465,2026-07-15,Desktop,Facebook,44.39,12,Yes
7483,694,2024-05-28,Desktop,Referral,44.5,12,Yes
7484,4330,2026-12-08,Mobile,Organic,7.47,5,No
7485,1815,2023-12-14,Tablet,Facebook,2.27,2,No
7486,727,2023-10-14,Desktop,Direct,33.39,14,No
7487,653,2026-05-09,Desktop,Facebook,19.95,2,No
7488,4565,2024-08-20,Mobile,Google Ads,29.4,1,Yes
7489,4569,2026-11-30,Tablet,Email,6.28,15,No
7490,2455,2025-11-17,Mobile,Referral,37.6,8,No
7491,1388,2024-03-10,Tablet,Referral,7.58,14,No
7492,132,2023-01-06,Tablet,Organic,17.77,5,No
7493,3010,2025-05-05,Mobile,Email,2.09,12,No
7494,926,2025-07-20,Tablet,Referral,27.9,10,No
7495,87,2025-12-03,Tablet,Direct,24.08,10,No
7496,3671,2026-03-08,Desktop,Instagram,41.51,4,Yes
7497,2359,2025-12-15,Tablet,Email,44.04,2,No
7498,2041,2026-01-16,Tablet,Email,34.78,7,Yes
7499,1796,2025-08-30,Tablet,Facebook,30.07,9,No
7500,4646,2025-01-13,Tablet,Referral,21.65,10,Yes
7501,4070,2023-01-04,Mobile,Facebook,42.26,9,No
7502,1294,2023-06-08,Desktop,Instagram,31.55,15,No
7503,1313,2025-06-27,Tablet,Instagram,3.41,2,No
7504,2396,2025-11-04,Tablet,Referral,9.01,14,No
7505,445,2025-10-17,Mobile,Direct,27.34,3,No
7506,3455,2026-01-12,Mobile,Referral,39.84,3,No
7507,4387,2024-10-11,Tablet,Organic,33.93,14,No
7508,2231,2024-09-01,Tablet,Referral,26.85,9,Yes
7509,4043,2024-01-21,Desktop,Google Ads,37.76,5,Yes
7510,1830,2023-10-23,Mobile,Email,12.19,11,No
7511,1296,2024-04-10,Mobile,Organic,42.82,3,No
7512,2072,2023-01-31,Desktop,Direct,24.82,3,No
7513,4280,2023-05-10,Mobile,Facebook,5.5,1,No
7514,3403,2023-02-24,Mobile,Facebook,24.68,2,No
7515,453,2024-06-03,Desktop,Google Ads,41.69,7,No
7516,3036,2024-11-04,Mobile,Referral,35.75,13,No
7517,1149,2026-08-01,Mobile,Google Ads,11.83,9,No
7518,3711,2026-07-14,Desktop,Instagram,38.37,13,No
7519,26,2026-09-07,Mobile,Direct,26.07,5,Yes
7520,1618,2026-04-26,Desktop,Email,1.47,14,Yes
7521,2120,2025-03-22,Tablet,Referral,7.99,9,No
7522,2065,2023-01-08,Desktop,Instagram,38.41,7,No
7523,1274,2023-09-02,Mobile,Instagram,13.37,11,Yes
7524,4185,2024-04-08,Desktop,Referral,41.76,9,No
7525,1430,2023-06-14,Desktop,Facebook,20.87,7,Yes
7526,1836,2026-09-03,Tablet,Instagram,1.31,15,No
7527,688,2025-12-02,Tablet,Instagram,7.29,4,No
7528,2632,2023-09-22,Mobile,Facebook,1.24,3,No
7529,1700,2026-01-27,Desktop,Referral,29.9,9,No
7530,1585,2023-06-29,Desktop,Instagram,39.32,10,No
7531,1645,2025-07-21,Desktop,Facebook,2.64,12,No
7532,4373,2026-07-10,Tablet,Google Ads,29.04,13,No
7533,2214,2023-06-30,Desktop,Referral,4.83,7,No
7534,2349,2023-09-02,Mobile,Instagram,8.96,8,No
7535,900,2023-03-25,Mobile,Email,39.18,3,No
7536,3271,2026-04-22,Desktop,Organic,19.38,6,Yes
7537,2966,2024-01-25,Tablet,Email,42.53,11,No
7538,426,2023-06-21,Tablet,Referral,10.54,15,No
7539,4746,2024-11-26,Tablet,Facebook,41.01,7,No
7540,904,2025-04-13,Tablet,Email,11.12,8,Yes
7541,2026,2024-10-13,Tablet,Google Ads,2.3,8,No
7542,3653,2026-01-02,Tablet,Google Ads,34.21,9,No
7543,2591,2024-03-26,Desktop,Organic,42.29,8,No
7544,466,2024-06-02,Mobile,Referral,9.37,3,No
7545,4527,2025-05-28,Tablet,Instagram,5.52,9,No
7546,3679,2026-11-07,Mobile,Google Ads,36.58,6,No
7547,2875,2026-07-17,Mobile,Direct,16.02,7,No
7548,3652,2025-02-07,Mobile,Facebook,27.22,5,No
7549,1745,2026-04-17,Tablet,Direct,37.61,6,Yes
7550,945,2023-11-13,Desktop,Organic,34.44,9,Yes
7551,2478,2025-06-22,Tablet,Referral,3.86,1,No
7552,3266,2026-11-06,Tablet,Organic,16.6,12,No
7553,582,2024-03-06,Desktop,Direct,2.07,10,Yes
7554,1772,2026-01-30,Mobile,Direct,25.66,5,No
7555,3312,2026-06-08,Tablet,Organic,25.1,8,No
7556,1672,2023-12-24,Mobile,Google Ads,28.75,1,Yes
7557,2000,2025-04-10,Mobile,Instagram,5.95,3,No
7558,901,2023-08-31,Mobile,Email,34.89,2,No
7559,4311,2024-11-05,Tablet,Instagram,26.83,4,No
7560,1789,2023-12-09,Tablet,Direct,39.61,12,No
7561,4440,2024-12-20,Desktop,Direct,9.29,14,No
7562,2147,2024-10-26,Mobile,Google Ads,37.54,14,No
7563,3478,2025-10-20,Tablet,Organic,19.97,6,No
7564,4521,2023-03-28,Tablet,Instagram,26.11,10,Yes
7565,3646,2025-05-24,Mobile,Email,4.49,7,No
7566,3352,2026-05-11,Desktop,Facebook,33.62,5,No
7567,1044,2025-03-20,Tablet,Instagram,26.44,11,Yes
7568,3353,2026-06-02,Desktop,Facebook,15.32,3,No
7569,923,2026-08-14,Mobile,Organic,34.56,1,No
7570,3155,2025-05-11,Tablet,Google Ads,4.33,15,No
7571,1729,2024-01-21,Desktop,Direct,25.64,2,Yes
7572,2718,2024-07-13,Tablet,Organic,9.67,13,No
7573,4118,2025-09-16,Tablet,Google Ads,18.81,5,No
7574,2190,2025-02-10,Desktop,Direct,17.61,11,Yes
7575,3792,2026-08-06,Mobile,Google Ads,31.45,2,No
7576,110,2024-11-07,Desktop,Referral,36.41,1,No
7577,3703,2026-08-30,Mobile,Email,23.82,12,No
7578,2354,2023-08-05,Mobile,Facebook,8.07,9,No
7579,4403,2024-07-16,Desktop,Organic,42.08,2,Yes
7580,2513,2025-10-10,Mobile,Organic,35.39,6,No
7581,188,2024-11-15,Mobile,Google Ads,23.66,15,No
7582,113,2024-11-25,Tablet,Facebook,42.53,11,No
7583,330,2023-12-19,Desktop,Direct,29.39,7,No
7584,4220,2023-08-08,Tablet,Organic,0.51,12,No
7585,4220,2024-11-23,Desktop,Organic,15.18,14,No
7586,556,2025-05-08,Desktop,Direct,23.3,2,No
7587,3037,2025-06-20,Desktop,Facebook,37.38,3,No
7588,1953,2024-04-23,Mobile,Organic,8.86,14,Yes
7589,1297,2025-10-02,Mobile,Email,34.34,9,No
7590,4662,2024-05-08,Mobile,Direct,34.88,1,No
7591,1757,2024-04-30,Tablet,Instagram,25.24,2,No
7592,452,2026-01-16,Tablet,Direct,23.02,10,No
7593,1984,2023-08-02,Mobile,Google Ads,8.96,6,No
7594,107,2026-10-17,Tablet,Instagram,22.94,15,Yes
7595,4257,2026-02-14,Mobile,Direct,7.76,3,No
7596,2940,2024-01-30,Tablet,Organic,22.8,14,No
7597,4887,2023-08-28,Mobile,Facebook,6.54,10,No
7598,4230,2024-05-16,Mobile,Referral,8.41,10,Yes
7599,3174,2024-08-08,Tablet,Facebook,33.37,1,Yes
7600,132,2024-03-27,Desktop,Google Ads,6.91,13,Yes
7601,3413,2023-08-10,Tablet,Google Ads,14.55,14,No
7602,799,2024-02-16,Tablet,Direct,34.3,6,No
7603,4394,2024-02-12,Tablet,Email,23.92,1,No
7604,3184,2025-11-25,Tablet,Referral,0.59,10,No
7605,2018,2023-08-28,Tablet,Instagram,3.05,3,No
7606,210,2026-04-20,Mobile,Referral,36.06,3,No
7607,864,2026-05-26,Desktop,Instagram,15.21,3,No
7608,1106,2025-05-02,Desktop,Direct,6.73,15,No
7609,2279,2023-10-15,Desktop,Email,31.58,14,No
7610,2126,2023-06-01,Mobile,Direct,26.63,14,No
7611,3707,2023-03-17,Mobile,Email,39.64,1,Yes
7612,541,2024-06-21,Mobile,Organic,34.33,11,No
7613,293,2023-06-29,Desktop,Organic,27.91,5,No
7614,4698,2024-01-06,Tablet,Organic,5.69,10,No
7615,18,2025-04-22,Tablet,Referral,10.53,7,No
7616,532,2025-04-27,Tablet,Direct,37.02,8,Yes
7617,2366,2025-02-01,Desktop,Referral,18.37,10,No
7618,3177,2026-09-14,Tablet,Instagram,22.49,5,No
7619,4825,2023-08-20,Mobile,Facebook,33.7,1,No
7620,1888,2026-02-06,Tablet,Google Ads,41.26,10,No
7621,3297,2025-04-20,Mobile,Google Ads,40.66,15,Yes
7622,2232,2025-03-31,Tablet,Referral,5.66,12,No
7623,531,2023-06-07,Mobile,Referral,5.27,12,No
7624,861,2026-11-21,Mobile,Direct,32.38,5,No
7625,3252,2024-03-27,Mobile,Instagram,8.35,11,No
7626,1022,2025-06-05,Desktop,Facebook,19.2,8,No
7627,467,2023-03-13,Mobile,Direct,4.44,5,No
7628,1660,2024-02-02,Desktop,Facebook,19.03,2,No
7629,4875,2024-10-03,Desktop,Organic,32.68,2,No
7630,1970,2023-08-28,Desktop,Facebook,8.6,13,No
7631,3103,2024-05-27,Desktop,Email,15.62,12,No
7632,3195,2025-05-26,Desktop,Instagram,15.34,1,No
7633,3856,2025-09-07,Tablet,Instagram,32.86,11,No
7634,2537,2023-12-05,Tablet,Instagram,12.75,1,No
7635,4225,2024-05-11,Mobile,Direct,14.0,2,Yes
7636,3121,2023-08-30,Desktop,Facebook,39.74,15,Yes
7637,75,2023-12-08,Desktop,Referral,42.21,3,No
7638,1922,2026-04-05,Desktop,Referral,3.34,3,No
7639,3577,2024-07-18,Desktop,Facebook,21.91,3,No
7640,2228,2025-06-16,Tablet,Email,14.67,5,No
7641,3034,2023-03-18,Mobile,Instagram,5.06,8,Yes
7642,710,2024-04-06,Mobile,Email,19.26,8,No
7643,1061,2023-03-19,Desktop,Direct,38.98,8,No
7644,775,2023-02-19,Desktop,Direct,38.39,9,No
7645,64,2024-04-15,Desktop,Direct,21.88,3,No
7646,4145,2023-09-21,Tablet,Referral,27.72,14,No
7647,2786,2024-01-21,Mobile,Instagram,6.91,11,Yes
7648,4651,2023-01-21,Desktop,Instagram,33.24,3,No
7649,414,2024-09-26,Mobile,Direct,2.2,15,Yes
7650,1316,2025-02-12,Mobile,Email,8.01,11,No
7651,4845,2025-09-29,Desktop,Facebook,0.94,7,No
7652,1774,2025-03-13,Tablet,Email,20.02,12,No
7653,2802,2024-04-17,Mobile,Direct,39.8,3,Yes
7654,100,2023-11-25,Mobile,Direct,8.49,3,No
7655,982,2024-11-27,Mobile,Facebook,26.83,9,No
7656,165,2025-04-25,Mobile,Email,5.7,6,No
7657,3536,2025-07-25,Desktop,Organic,11.46,15,No
7658,3896,2025-03-01,Mobile,Organic,18.2,10,No
7659,2093,2025-03-14,Mobile,Instagram,26.24,14,No
7660,4983,2026-09-24,Tablet,Direct,9.37,10,No
7661,1737,2024-11-14,Tablet,Google Ads,23.79,15,No
7662,4336,2026-08-25,Mobile,Instagram,0.98,8,No
7663,3303,2023-03-27,Desktop,Organic,36.29,15,No
7664,607,2025-08-11,Tablet,Organic,34.59,3,No
7665,1564,2026-10-26,Desktop,Direct,3.36,15,No
7666,4733,2024-06-07,Mobile,Google Ads,16.39,10,No
7667,314,2023-11-18,Tablet,Referral,15.74,3,No
7668,903,2025-09-25,Mobile,Google Ads,39.72,9,No
7669,640,2026-09-19,Tablet,Email,35.87,15,No
7670,4964,2026-01-13,Mobile,Instagram,36.87,13,Yes
7671,1540,2023-05-12,Desktop,Email,9.57,2,No
7672,3030,2024-05-29,Desktop,Google Ads,13.57,8,No
7673,490,2026-08-02,Mobile,Direct,33.63,2,No
7674,3645,2024-11-27,Tablet,Instagram,10.81,10,No
7675,2508,2026-03-29,Desktop,Email,6.4,14,No
7676,3838,2023-05-30,Tablet,Direct,25.61,4,Yes
7677,2632,2024-05-03,Mobile,Facebook,18.96,2,Yes
7678,2846,2026-11-02,Tablet,Referral,27.78,11,No
7679,3909,2023-11-25,Mobile,Facebook,44.57,13,No
7680,3198,2023-02-25,Mobile,Facebook,29.44,3,No
7681,2025,2025-08-03,Desktop,Instagram,5.08,11,No
7682,1828,2023-11-07,Mobile,Referral,16.03,15,No
7683,2625,2026-07-22,Tablet,Organic,25.24,15,No
7684,4020,2023-07-10,Desktop,Direct,1.87,11,No
7685,4944,2025-10-20,Tablet,Instagram,13.28,15,Yes
7686,221,2025-09-19,Desktop,Google Ads,18.21,4,No
7687,716,2025-02-09,Mobile,Instagram,13.58,14,Yes
7688,2022,2025-03-21,Tablet,Referral,2.69,2,No
7689,3608,2025-06-25,Mobile,Email,1.25,13,No
7690,2957,2024-12-12,Desktop,Email,17.88,6,No
7691,237,2024-09-02,Tablet,Google Ads,13.34,1,No
7692,2982,2026-03-20,Desktop,Organic,7.17,2,Yes
7693,1500,2026-12-19,Desktop,Direct,24.76,11,No
7694,4830,2023-10-02,Tablet,Organic,16.55,4,No
7695,4492,2025-12-31,Desktop,Organic,38.42,11,No
7696,1784,2026-12-29,Mobile,Referral,16.84,10,No
7697,2608,2025-02-15,Desktop,Email,39.04,12,No
7698,1266,2024-03-13,Tablet,Referral,27.97,14,No
7699,4765,2026-10-10,Tablet,Direct,24.14,15,No
7700,2200,2025-01-28,Tablet,Referral,32.33,15,No
7701,849,2026-08-04,Mobile,Organic,9.69,13,No
7702,922,2025-12-18,Desktop,Facebook,25.75,9,No
7703,1774,2025-01-05,Mobile,Instagram,39.28,14,Yes
7704,3122,2026-11-14,Tablet,Referral,22.2,15,No
7705,3819,2025-05-04,Tablet,Facebook,43.29,7,Yes
7706,935,2025-06-18,Tablet,Instagram,3.75,6,No
7707,1854,2023-06-08,Tablet,Organic,33.9,13,No
7708,4858,2025-01-29,Tablet,Instagram,27.93,15,Yes
7709,2692,2023-02-24,Desktop,Referral,29.03,2,No
7710,3270,2026-05-02,Mobile,Organic,18.12,8,No
7711,2942,2025-06-14,Desktop,Email,10.16,8,Yes
7712,3572,2026-01-21,Tablet,Referral,11.87,6,Yes
7713,2742,2024-05-20,Tablet,Referral,4.04,1,No
7714,1923,2023-12-30,Tablet,Organic,6.12,9,No
7715,1550,2024-07-08,Tablet,Email,24.22,13,No
7716,838,2026-08-27,Tablet,Facebook,13.28,11,No
7717,1247,2025-03-20,Mobile,Direct,34.31,9,Yes
7718,4771,2023-09-11,Desktop,Referral,32.12,3,No
7719,3102,2024-03-30,Tablet,Organic,11.73,11,No
7720,4633,2026-03-21,Mobile,Email,30.86,11,Yes
7721,1489,2024-12-08,Tablet,Organic,29.73,1,No
7722,3910,2024-01-16,Desktop,Direct,38.68,6,No
7723,1296,2023-12-01,Mobile,Facebook,33.72,6,No
7724,770,2023-09-27,Mobile,Facebook,4.28,11,No
7725,4912,2025-08-31,Tablet,Google Ads,5.23,5,No
7726,2961,2023-03-31,Mobile,Facebook,12.97,12,No
7727,418,2026-12-27,Tablet,Instagram,6.22,5,No
7728,1602,2025-12-08,Desktop,Facebook,14.59,6,Yes
7729,4310,2025-08-12,Mobile,Email,17.14,11,No
7730,967,2023-10-05,Desktop,Instagram,43.71,14,No
7731,1215,2023-11-06,Mobile,Referral,9.46,8,No
7732,1126,2024-09-15,Desktop,Referral,10.49,8,Yes
7733,298,2026-06-06,Desktop,Facebook,38.38,13,No
7734,123,2023-05-15,Tablet,Email,22.76,4,No
7735,3014,2026-08-07,Mobile,Email,0.78,4,No
7736,4515,2023-06-14,Tablet,Google Ads,25.35,12,No
7737,2125,2025-12-09,Desktop,Email,37.96,1,Yes
7738,3555,2024-12-30,Tablet,Email,27.74,11,No
7739,4396,2025-04-03,Desktop,Instagram,5.72,6,Yes
7740,140,2026-01-14,Mobile,Facebook,7.93,12,No
7741,1837,2024-01-27,Desktop,Email,24.17,1,No
7742,4567,2025-08-13,Mobile,Email,40.08,9,No
7743,2679,2023-03-22,Desktop,Email,12.02,1,No
7744,2431,2024-05-08,Desktop,Instagram,31.22,4,No
7745,66,2026-11-24,Mobile,Referral,39.28,3,No
7746,4771,2025-05-17,Desktop,Instagram,33.43,10,Yes
7747,1421,2025-09-09,Desktop,Instagram,26.51,1,No
7748,465,2024-12-31,Mobile,Facebook,18.67,13,No
7749,2171,2024-11-23,Mobile,Instagram,25.84,7,No
7750,4078,2025-01-08,Mobile,Direct,10.08,6,No
7751,2536,2023-11-15,Tablet,Organic,19.43,6,No
7752,667,2025-02-04,Desktop,Direct,43.18,5,No
7753,4730,2023-05-05,Tablet,Google Ads,13.85,1,No
7754,2374,2026-05-19,Desktop,Direct,28.13,10,No
7755,3408,2025-11-22,Desktop,Email,35.33,14,Yes
7756,2990,2025-02-09,Mobile,Direct,27.04,2,No
7757,1173,2024-02-16,Desktop,Organic,32.05,9,No
7758,1559,2023-06-29,Mobile,Email,9.79,2,Yes
7759,1016,2024-04-30,Desktop,Referral,28.64,6,No
7760,2552,2025-02-17,Desktop,Organic,34.89,2,No
7761,784,2026-10-18,Tablet,Facebook,20.37,10,No
7762,2410,2023-08-17,Desktop,Email,37.4,2,Yes
7763,1184,2026-05-17,Mobile,Email,29.31,8,No
7764,3783,2025-04-03,Tablet,Facebook,32.13,8,No
7765,2964,2025-12-11,Desktop,Organic,19.05,13,No
7766,803,2026-05-13,Mobile,Instagram,42.91,14,No
7767,3313,2023-08-06,Mobile,Facebook,38.28,13,No
7768,4641,2026-12-27,Mobile,Google Ads,14.89,12,No
7769,2210,2025-07-13,Desktop,Google Ads,1.87,13,No
7770,1280,2025-03-13,Tablet,Organic,18.61,2,Yes
7771,2626,2023-08-02,Desktop,Referral,39.95,4,No
7772,2576,2024-02-13,Tablet,Direct,18.95,14,No
7773,1439,2026-05-14,Desktop,Google Ads,25.7,13,No
7774,3984,2024-09-11,Desktop,Email,31.79,2,No
7775,2698,2026-10-18,Desktop,Direct,11.41,4,Yes
7776,4998,2023-12-06,Tablet,Referral,33.23,10,No
7777,287,2024-04-09,Tablet,Direct,14.18,9,No
7778,2009,2025-07-25,Tablet,Facebook,3.85,8,No
7779,4866,2025-12-16,Tablet,Google Ads,13.06,14,No
7780,3707,2025-03-16,Mobile,Direct,7.06,11,No
7781,2912,2023-08-16,Desktop,Google Ads,8.66,11,No
7782,3255,2023-06-07,Mobile,Referral,21.61,11,No
7783,1887,2025-07-22,Tablet,Direct,39.52,3,No
7784,4426,2023-12-18,Tablet,Referral,34.07,7,No
7785,4325,2026-09-18,Mobile,Google Ads,26.52,2,No
7786,3611,2026-12-04,Mobile,Email,39.42,9,No
7787,910,2025-09-25,Mobile,Direct,13.94,5,No
7788,3706,2025-01-04,Desktop,Direct,39.14,2,No
7789,881,2023-12-14,Desktop,Direct,23.68,7,No
7790,2967,2024-03-26,Desktop,Email,25.68,1,No
7791,3175,2023-06-14,Tablet,Email,20.03,1,No
7792,4555,2026-07-14,Mobile,Facebook,31.85,9,No
7793,4139,2023-12-08,Tablet,Instagram,22.1,4,Yes
7794,4885,2024-09-01,Tablet,Instagram,30.68,3,No
7795,714,2023-04-10,Tablet,Direct,29.36,6,No
7796,4499,2024-07-01,Tablet,Referral,23.04,14,No
7797,2044,2025-01-14,Tablet,Instagram,35.97,6,No
7798,1088,2025-04-16,Desktop,Direct,4.52,5,No
7799,4525,2023-08-10,Desktop,Facebook,42.17,1,No
7800,727,2025-01-05,Desktop,Google Ads,34.57,12,No
7801,752,2026-06-29,Tablet,Instagram,42.29,13,No
7802,2428,2024-04-06,Mobile,Direct,13.75,3,Yes
7803,3829,2025-04-28,Mobile,Email,10.61,1,No
7804,2384,2023-09-10,Mobile,Instagram,7.77,14,No
7805,3601,2023-02-15,Desktop,Google Ads,7.55,8,No
7806,190,2023-12-31,Desktop,Google Ads,11.25,13,No
7807,1260,2023-10-04,Desktop,Instagram,44.95,7,Yes
7808,3702,2026-07-04,Desktop,Email,29.58,13,No
7809,919,2026-04-22,Desktop,Google Ads,43.09,3,No
7810,2565,2024-05-13,Mobile,Instagram,18.81,1,No
7811,1561,2024-09-14,Desktop,Google Ads,41.0,8,No
7812,3534,2024-06-22,Mobile,Instagram,21.07,14,No
7813,4030,2025-01-29,Desktop,Instagram,15.37,9,No
7814,316,2023-06-26,Mobile,Facebook,1.22,2,No
7815,3979,2024-03-05,Tablet,Facebook,42.39,5,No
7816,1357,2023-08-21,Desktop,Facebook,33.04,4,No
7817,4191,2023-06-11,Desktop,Email,21.37,13,No
7818,1155,2023-05-06,Tablet,Referral,12.36,1,No
7819,1788,2026-02-11,Mobile,Google Ads,1.68,13,No
7820,3629,2026-05-25,Tablet,Organic,25.85,13,No
7821,3903,2024-06-23,Desktop,Email,1.44,4,Yes
7822,1261,2023-05-23,Tablet,Organic,34.34,7,No
7823,1187,2024-04-19,Tablet,Instagram,24.81,9,No
7824,797,2025-11-04,Tablet,Instagram,44.42,7,Yes
7825,310,2023-06-15,Desktop,Instagram,36.83,15,No
7826,1505,2023-03-13,Tablet,Organic,29.34,11,Yes
7827,3595,2026-12-21,Desktop,Email,24.42,7,Yes
7828,1901,2025-08-26,Tablet,Google Ads,40.5,3,No
7829,3046,2025-11-05,Desktop,Google Ads,41.18,8,Yes
7830,789,2025-02-03,Tablet,Direct,35.19,8,Yes
7831,3402,2025-05-03,Tablet,Referral,44.3,11,Yes
7832,4529,2024-09-08,Tablet,Facebook,38.09,9,No
7833,2304,2024-04-21,Mobile,Organic,19.81,3,No
7834,2005,2026-12-11,Mobile,Organic,22.04,8,No
7835,1882,2023-09-14,Tablet,Facebook,12.38,7,No
7836,3236,2026-11-03,Desktop,Direct,5.14,7,No
7837,311,2026-02-05,Mobile,Direct,11.34,14,No
7838,2137,2026-02-09,Desktop,Google Ads,31.14,13,No
7839,4415,2023-07-30,Tablet,Email,23.43,4,No
7840,1058,2024-10-06,Mobile,Facebook,9.73,11,No
7841,410,2024-02-19,Desktop,Google Ads,39.58,2,No
7842,526,2026-03-08,Desktop,Direct,28.57,13,No
7843,1371,2023-08-20,Mobile,Email,20.61,8,No
7844,3385,2023-02-14,Desktop,Instagram,10.98,13,No
7845,3283,2024-06-30,Desktop,Instagram,20.02,3,No
7846,1760,2023-03-31,Mobile,Email,7.44,2,No
7847,4105,2026-05-07,Mobile,Referral,3.22,4,No
7848,2321,2023-06-12,Tablet,Organic,40.1,12,Yes
7849,2582,2024-11-07,Mobile,Direct,15.82,15,No
7850,2322,2024-06-17,Tablet,Referral,24.58,14,No
7851,1749,2023-04-15,Desktop,Organic,27.0,15,Yes
7852,1017,2024-07-03,Mobile,Instagram,24.38,1,No
7853,4806,2026-07-12,Mobile,Email,16.24,1,No
7854,261,2024-05-16,Desktop,Instagram,28.77,7,No
7855,2380,2023-04-28,Desktop,Referral,18.42,14,Yes
7856,1846,2026-03-31,Mobile,Direct,35.72,14,Yes
7857,3060,2026-04-02,Mobile,Email,40.13,3,No
7858,237,2023-01-17,Desktop,Instagram,24.11,2,Yes
7859,966,2025-01-28,Tablet,Google Ads,22.95,11,No
7860,3234,2026-07-19,Tablet,Instagram,15.48,1,No
7861,2987,2025-05-18,Mobile,Referral,7.07,7,No
7862,3238,2023-05-23,Tablet,Referral,27.17,12,No
7863,2519,2023-10-29,Mobile,Referral,39.53,14,No
7864,1909,2023-04-13,Mobile,Organic,30.1,1,No
7865,2313,2024-08-23,Mobile,Google Ads,35.53,14,No
7866,3671,2026-11-22,Desktop,Referral,32.24,14,No
7867,105,2024-05-26,Mobile,Email,11.82,11,Yes
7868,2237,2025-08-17,Desktop,Organic,28.67,8,No
7869,4207,2023-06-06,Tablet,Instagram,34.26,11,No
7870,4444,2026-09-06,Mobile,Email,34.85,5,No
7871,1510,2024-12-13,Mobile,Instagram,41.89,11,No
7872,447,2023-10-01,Tablet,Referral,32.29,13,No
7873,960,2025-11-14,Mobile,Instagram,44.79,1,No
7874,1992,2024-04-09,Mobile,Google Ads,23.09,6,Yes
7875,81,2023-10-14,Tablet,Organic,12.61,12,Yes
7876,2974,2026-06-20,Tablet,Referral,38.42,13,No
7877,2874,2024-10-18,Mobile,Referral,11.42,11,No
7878,4405,2024-03-04,Tablet,Facebook,26.2,12,No
7879,61,2023-05-10,Mobile,Instagram,10.1,2,Yes
7880,1785,2025-01-25,Mobile,Referral,2.67,13,No
7881,2310,2025-02-26,Desktop,Referral,37.55,11,No
7882,146,2024-04-29,Desktop,Google Ads,22.75,9,No
7883,1396,2024-09-20,Tablet,Email,19.36,3,No
7884,2105,2026-03-01,Desktop,Organic,26.61,1,Yes
7885,4589,2025-07-17,Mobile,Email,20.56,5,No
7886,4719,2023-07-24,Desktop,Direct,42.39,5,No
7887,188,2025-02-17,Tablet,Referral,2.05,11,Yes
7888,3592,2024-07-01,Tablet,Facebook,35.78,5,No
7889,142,2024-09-20,Tablet,Google Ads,2.75,12,No
7890,2216,2025-03-12,Tablet,Email,24.29,2,Yes
7891,4889,2023-02-04,Tablet,Direct,35.2,8,No
7892,4099,2025-04-09,Tablet,Facebook,1.17,3,No
7893,107,2025-10-02,Tablet,Referral,8.24,10,No
7894,1478,2023-09-30,Mobile,Direct,33.13,6,No
7895,2877,2026-03-05,Tablet,Instagram,32.8,4,No
7896,3235,2023-01-04,Desktop,Facebook,27.28,13,No
7897,2734,2025-04-26,Desktop,Facebook,16.41,15,Yes
7898,2042,2025-12-07,Mobile,Direct,41.64,2,No
7899,1709,2023-03-19,Tablet,Instagram,15.83,4,No
7900,1019,2023-12-14,Tablet,Direct,30.78,9,No
7901,3527,2026-07-20,Mobile,Facebook,0.56,13,No
7902,2808,2023-08-17,Tablet,Referral,18.69,10,Yes
7903,4446,2023-11-16,Desktop,Referral,17.27,5,No
7904,842,2024-05-08,Tablet,Organic,12.76,12,Yes
7905,2985,2025-05-25,Desktop,Instagram,44.05,4,No
7906,3012,2025-01-14,Mobile,Instagram,8.96,8,No
7907,4334,2024-05-22,Tablet,Facebook,31.9,2,No
7908,2485,2023-11-05,Tablet,Email,24.28,4,Yes
7909,4566,2026-07-12,Mobile,Google Ads,34.68,10,No
7910,2347,2023-10-01,Tablet,Referral,29.72,12,No
7911,4626,2023-07-23,Mobile,Facebook,18.97,10,No
7912,2999,2025-06-28,Mobile,Referral,10.87,10,No
7913,1551,2025-01-20,Mobile,Instagram,16.26,7,No
7914,2910,2024-09-15,Mobile,Instagram,16.18,3,No
7915,3589,2026-06-08,Mobile,Facebook,42.91,10,Yes
7916,3142,2023-01-20,Tablet,Referral,31.64,11,No
7917,988,2023-03-14,Mobile,Instagram,44.6,9,No
7918,2287,2023-07-05,Mobile,Google Ads,17.2,2,No
7919,4814,2026-04-01,Mobile,Google Ads,18.31,12,No
7920,764,2023-11-02,Tablet,Facebook,40.11,11,Yes
7921,4204,2026-01-06,Tablet,Organic,16.75,1,No
7922,3135,2025-12-26,Desktop,Email,23.54,14,No
7923,409,2024-11-24,Mobile,Facebook,26.66,2,No
7924,4898,2026-07-03,Desktop,Facebook,6.0,11,No
7925,2021,2026-12-08,Desktop,Google Ads,22.85,13,No
7926,1850,2025-03-17,Desktop,Direct,15.88,10,No
7927,3263,2023-11-10,Tablet,Organic,11.42,7,No
7928,4973,2025-07-03,Mobile,Referral,9.99,5,No
7929,1743,2024-07-01,Tablet,Email,43.81,12,No
7930,3845,2023-01-12,Tablet,Email,43.07,1,Yes
7931,1283,2026-07-23,Tablet,Google Ads,43.52,4,No
7932,2921,2024-04-29,Tablet,Organic,33.97,8,No
7933,168,2024-08-12,Tablet,Referral,12.9,3,Yes
7934,128,2026-06-08,Tablet,Referral,21.58,13,No
7935,4739,2023-10-21,Desktop,Organic,10.87,1,No
7936,932,2026-05-12,Mobile,Direct,14.77,6,No
7937,1473,2026-03-20,Tablet,Referral,15.21,14,Yes
7938,1229,2024-07-02,Desktop,Email,7.32,7,No
7939,3086,2024-08-03,Tablet,Google Ads,37.56,10,No
7940,2834,2023-11-11,Mobile,Direct,27.74,10,No
7941,1109,2026-08-25,Mobile,Google Ads,15.86,1,No
7942,4496,2026-11-19,Desktop,Google Ads,35.69,7,Yes
7943,2652,2024-04-23,Mobile,Email,21.37,7,No
7944,7,2025-06-10,Tablet,Email,40.39,11,No
7945,4192,2023-10-14,Tablet,Referral,5.64,12,No
7946,3793,2023-08-22,Tablet,Direct,14.88,10,No
7947,3437,2025-02-17,Tablet,Direct,33.06,10,No
7948,4116,2024-07-21,Desktop,Instagram,15.05,13,No
7949,3899,2023-06-22,Mobile,Facebook,28.98,1,No
7950,166,2024-02-15,Desktop,Direct,21.93,5,No
7951,4482,2023-08-02,Tablet,Direct,41.28,11,No
7952,2471,2026-10-09,Tablet,Organic,41.5,4,No
7953,1601,2026-05-06,Tablet,Facebook,32.14,8,No
7954,4384,2023-02-02,Mobile,Referral,4.92,1,Yes
7955,4356,2023-01-21,Mobile,Instagram,40.9,14,Yes
7956,3805,2026-12-04,Desktop,Referral,38.15,12,No
7957,4259,2024-11-08,Tablet,Facebook,42.81,14,Yes
7958,4735,2026-06-13,Mobile,Google Ads,30.16,7,No
7959,3077,2023-09-28,Tablet,Organic,8.06,11,No
7960,2289,2023-12-03,Tablet,Organic,13.74,8,No
7961,3958,2024-11-24,Tablet,Direct,18.97,6,No
7962,3994,2026-03-19,Desktop,Instagram,42.26,6,No
7963,211,2024-09-23,Tablet,Referral,41.43,1,No
7964,2485,2025-04-02,Desktop,Facebook,19.65,10,No
7965,4685,2025-05-25,Mobile,Referral,22.86,8,No
7966,188,2024-09-09,Desktop,Email,6.96,9,No
7967,3210,2026-04-03,Mobile,Organic,43.57,14,No
7968,1703,2024-02-12,Tablet,Google Ads,8.83,7,No
7969,4694,2024-02-15,Desktop,Google Ads,42.14,4,No
7970,1043,2026-04-14,Desktop,Referral,34.33,12,No
7971,162,2024-09-24,Mobile,Google Ads,44.36,7,No
7972,1972,2023-11-11,Tablet,Google Ads,24.1,12,Yes
7973,2122,2023-08-13,Tablet,Direct,33.57,3,No
7974,3547,2026-04-01,Desktop,Direct,35.85,6,No
7975,4086,2023-02-14,Mobile,Email,42.63,6,No
7976,3776,2023-02-19,Tablet,Facebook,6.94,13,No
7977,3274,2023-11-09,Mobile,Instagram,13.92,15,No
7978,3534,2024-03-12,Mobile,Google Ads,35.87,5,No
7979,4323,2023-06-03,Tablet,Organic,17.4,13,No
7980,1771,2026-07-22,Mobile,Referral,41.88,8,No
7981,4990,2023-11-05,Desktop,Google Ads,28.71,14,No
7982,4304,2023-03-31,Mobile,Organic,21.32,14,No
7983,4703,2024-04-24,Mobile,Google Ads,42.92,10,No
7984,1180,2026-03-25,Tablet,Instagram,17.34,11,No
7985,4788,2025-05-17,Desktop,Facebook,11.41,1,Yes
7986,59,2023-02-14,Desktop,Organic,5.75,6,No
7987,3579,2024-09-09,Desktop,Direct,23.84,9,No
7988,2550,2024-02-25,Tablet,Organic,23.05,6,Yes
7989,320,2025-10-05,Mobile,Email,31.41,10,No
7990,1005,2024-01-20,Mobile,Organic,3.32,15,Yes
7991,489,2026-07-15,Tablet,Email,44.75,4,No
7992,299,2025-08-26,Tablet,Referral,29.71,2,No
7993,210,2024-01-09,Tablet,Referral,36.57,1,No
7994,1607,2025-04-10,Mobile,Direct,0.94,15,No
7995,2429,2026-02-14,Desktop,Referral,1.33,15,No
7996,2765,2024-05-30,Desktop,Email,17.38,12,No
7997,2414,2023-04-03,Desktop,Direct,6.99,15,No
7998,3192,2025-08-28,Desktop,Organic,15.86,6,Yes
7999,1475,2026-05-02,Desktop,Email,18.41,1,No
8000,2121,2025-04-10,Tablet,Organic,10.97,2,No
8001,860,2025-12-22,Tablet,Facebook,17.98,8,No
8002,4648,2025-09-18,Desktop,Direct,24.7,13,No
8003,2187,2023-10-13,Tablet,Google Ads,2.63,3,No
8004,318,2025-01-25,Mobile,Organic,2.63,2,No
8005,4968,2026-12-18,Tablet,Referral,12.35,15,No
8006,2702,2026-01-11,Desktop,Google Ads,8.59,13,No
8007,4565,2024-11-13,Tablet,Instagram,14.72,9,No
8008,3040,2024-03-10,Mobile,Google Ads,15.17,15,No
8009,3024,2026-07-04,Mobile,Organic,6.46,2,No
8010,4531,2023-06-01,Tablet,Organic,44.28,3,No
8011,1924,2023-03-09,Mobile,Email,41.0,9,No
8012,1753,2025-03-10,Desktop,Referral,5.62,4,Yes
8013,4871,2025-10-18,Tablet,Google Ads,8.64,15,No
8014,3033,2024-07-10,Desktop,Email,28.24,2,No
8015,3482,2024-09-25,Desktop,Google Ads,26.78,1,No
8016,207,2024-10-20,Tablet,Facebook,19.05,4,No
8017,4932,2023-09-07,Desktop,Referral,16.13,2,No
8018,2147,2024-09-14,Tablet,Facebook,34.03,5,Yes
8019,11,2025-07-14,Tablet,Direct,2.59,3,No
8020,923,2024-11-17,Desktop,Direct,40.71,6,No
8021,3600,2024-11-01,Mobile,Referral,40.27,9,No
8022,2422,2023-05-03,Mobile,Referral,39.83,15,Yes
8023,4016,2025-10-21,Tablet,Organic,17.76,8,No
8024,73,2026-02-08,Desktop,Google Ads,15.07,6,No
8025,2519,2026-04-04,Desktop,Referral,17.16,2,No
8026,851,2023-02-26,Tablet,Facebook,39.32,11,No
8027,4925,2024-05-20,Tablet,Instagram,42.02,13,Yes
8028,96,2024-06-23,Desktop,Organic,12.46,2,No
8029,4533,2026-03-27,Tablet,Facebook,9.49,11,No
8030,3202,2026-07-09,Tablet,Direct,18.21,12,No
8031,14,2025-12-25,Mobile,Google Ads,39.68,11,No
8032,238,2026-09-06,Desktop,Referral,20.04,8,No
8033,3786,2025-05-02,Desktop,Referral,18.29,12,No
8034,3692,2023-02-28,Mobile,Referral,42.28,11,No
8035,3343,2023-09-05,Mobile,Referral,15.96,11,No
8036,1099,2025-01-28,Mobile,Referral,28.93,11,No
8037,3453,2025-11-15,Tablet,Organic,18.31,6,No
8038,1911,2026-10-15,Desktop,Instagram,30.01,8,Yes
8039,1076,2026-09-22,Desktop,Email,8.73,7,No
8040,3057,2025-05-03,Mobile,Direct,41.64,13,No
8041,3359,2023-02-05,Tablet,Google Ads,0.7,7,No
8042,3889,2024-06-23,Mobile,Referral,1.28,5,No
8043,3788,2025-05-08,Mobile,Google Ads,5.66,2,No
8044,3720,2023-12-07,Desktop,Google Ads,18.47,10,Yes
8045,4061,2026-12-17,Desktop,Email,6.09,5,Yes
8046,4309,2025-05-11,Mobile,Direct,42.53,5,No
8047,779,2023-06-20,Desktop,Referral,19.91,15,No
8048,643,2023-10-01,Desktop,Facebook,21.78,11,No
8049,4731,2023-03-17,Desktop,Organic,12.51,15,No
8050,2014,2024-06-19,Mobile,Organic,37.33,3,No
8051,325,2023-05-05,Mobile,Organic,12.63,1,No
8052,2625,2023-03-04,Desktop,Organic,36.77,4,Yes
8053,3256,2025-11-16,Desktop,Direct,8.56,4,No
8054,2513,2024-01-09,Desktop,Google Ads,14.31,2,No
8055,4878,2025-03-31,Mobile,Email,15.34,2,No
8056,2031,2024-02-25,Mobile,Facebook,27.5,1,No
8057,1151,2024-06-25,Mobile,Facebook,1.45,14,No
8058,395,2025-02-19,Desktop,Referral,8.67,10,No
8059,4373,2023-06-27,Tablet,Organic,28.19,9,No
8060,2836,2024-01-01,Mobile,Instagram,24.99,1,No
8061,98,2025-10-14,Tablet,Referral,40.5,12,No
8062,2322,2023-12-28,Tablet,Organic,41.7,5,No
8063,1930,2023-03-02,Mobile,Direct,6.46,11,Yes
8064,2805,2024-06-15,Desktop,Direct,37.5,8,No
8065,4533,2023-08-22,Desktop,Facebook,21.63,14,No
8066,1009,2023-09-24,Desktop,Facebook,42.74,14,No
8067,3652,2023-04-07,Desktop,Organic,5.53,15,Yes
8068,2159,2024-04-17,Mobile,Facebook,32.55,15,No
8069,4637,2024-09-24,Desktop,Instagram,20.49,2,Yes
8070,3826,2024-01-22,Tablet,Direct,5.57,12,No
8071,2826,2023-05-09,Mobile,Direct,30.63,3,No
8072,2206,2025-06-23,Tablet,Referral,3.1,2,No
8073,3344,2026-12-17,Tablet,Referral,34.71,6,No
8074,2511,2026-12-18,Tablet,Direct,8.7,3,Yes
8075,4683,2025-11-08,Tablet,Referral,10.14,10,No
8076,2292,2026-10-20,Mobile,Instagram,27.75,9,No
8077,2957,2025-04-07,Mobile,Referral,10.54,10,No
8078,417,2026-10-29,Desktop,Email,3.79,15,No
8079,2210,2024-05-14,Tablet,Email,2.05,3,No
8080,1254,2024-07-13,Desktop,Direct,3.04,10,Yes
8081,3032,2026-02-19,Desktop,Facebook,15.32,5,No
8082,970,2025-06-30,Mobile,Facebook,6.88,4,No
8083,2987,2023-09-30,Desktop,Instagram,9.63,10,No
8084,4385,2023-07-08,Mobile,Email,44.0,9,No
8085,3790,2023-02-08,Desktop,Google Ads,32.98,12,No
8086,627,2024-05-31,Desktop,Instagram,35.93,13,No
8087,3237,2026-04-22,Mobile,Facebook,38.53,4,No
8088,3523,2024-02-22,Tablet,Direct,27.87,4,No
8089,4206,2024-09-12,Desktop,Direct,10.86,5,No
8090,3473,2024-04-03,Tablet,Facebook,6.69,13,No
8091,3739,2025-03-01,Desktop,Organic,17.85,9,No
8092,10,2024-07-05,Desktop,Email,27.15,2,No
8093,2452,2024-03-31,Tablet,Instagram,28.07,14,No
8094,254,2025-06-15,Tablet,Referral,44.59,10,Yes
8095,1271,2023-02-23,Mobile,Organic,2.53,7,No
8096,677,2025-03-18,Mobile,Instagram,38.96,12,No
8097,2147,2025-03-08,Tablet,Direct,35.62,4,No
8098,4180,2023-12-02,Mobile,Google Ads,18.06,10,Yes
8099,2816,2026-03-19,Mobile,Direct,34.21,2,Yes
8100,4521,2024-05-21,Desktop,Facebook,34.24,11,No
8101,1746,2024-01-19,Tablet,Google Ads,39.38,7,No
8102,4086,2025-10-07,Tablet,Google Ads,13.63,15,No
8103,4070,2025-11-15,Desktop,Facebook,17.52,11,Yes
8104,1975,2025-11-30,Tablet,Google Ads,14.44,6,No
8105,678,2023-01-04,Desktop,Google Ads,31.27,3,No
8106,4428,2024-09-13,Desktop,Direct,16.17,4,No
8107,4628,2026-02-12,Mobile,Direct,33.9,12,Yes
8108,594,2024-12-13,Tablet,Instagram,3.24,4,No
8109,3453,2024-07-29,Tablet,Google Ads,25.83,13,No
8110,1591,2026-07-01,Mobile,Facebook,33.5,15,No
8111,4386,2023-08-29,Tablet,Instagram,11.67,7,No
8112,710,2024-03-14,Desktop,Organic,15.72,4,No
8113,3153,2024-09-18,Desktop,Organic,28.33,1,No
8114,4828,2025-03-24,Desktop,Referral,37.58,10,No
8115,4479,2026-07-10,Tablet,Direct,10.04,11,No
8116,2163,2024-08-07,Tablet,Instagram,17.94,13,No
8117,3032,2025-02-20,Tablet,Instagram,44.57,4,No
8118,490,2025-07-09,Desktop,Google Ads,44.31,12,Yes
8119,3770,2025-02-17,Tablet,Instagram,13.68,14,No
8120,359,2025-05-28,Mobile,Facebook,41.11,5,No
8121,539,2024-08-18,Mobile,Facebook,29.17,2,No
8122,2652,2023-01-23,Desktop,Google Ads,41.27,13,No
8123,2176,2024-01-25,Desktop,Referral,24.01,7,No
8124,2040,2025-05-28,Mobile,Google Ads,20.47,4,No
8125,30,2023-12-18,Tablet,Google Ads,43.87,14,No
8126,3299,2026-05-23,Mobile,Google Ads,37.48,12,No
8127,4148,2026-05-17,Mobile,Google Ads,17.2,5,No
8128,454,2024-09-08,Desktop,Instagram,24.5,5,No
8129,2809,2023-11-22,Desktop,Google Ads,30.22,1,No
8130,4911,2023-04-19,Mobile,Referral,33.76,10,No
8131,846,2024-09-25,Tablet,Direct,43.97,9,Yes
8132,1346,2025-05-14,Desktop,Instagram,22.37,9,No
8133,997,2023-12-18,Mobile,Direct,37.38,9,Yes
8134,3433,2023-11-26,Tablet,Referral,31.9,2,No
8135,4270,2025-01-27,Tablet,Email,10.63,6,No
8136,319,2023-02-08,Tablet,Facebook,37.98,10,No
8137,2466,2025-04-21,Tablet,Organic,7.31,3,No
8138,244,2026-09-13,Desktop,Organic,22.19,8,Yes
8139,2655,2024-10-27,Mobile,Facebook,4.68,8,Yes
8140,4012,2026-06-18,Mobile,Direct,40.6,1,No
8141,2906,2026-12-03,Mobile,Facebook,26.47,13,No
8142,2684,2023-09-26,Mobile,Instagram,42.83,6,No
8143,2269,2023-04-01,Desktop,Google Ads,13.83,15,Yes
8144,2721,2025-02-23,Tablet,Facebook,1.58,10,No
8145,1207,2025-12-08,Mobile,Referral,31.39,6,No
8146,3268,2025-11-13,Desktop,Direct,26.62,10,No
8147,1299,2026-05-24,Desktop,Instagram,36.83,3,No
8148,2863,2025-04-30,Mobile,Facebook,32.53,3,Yes
8149,126,2024-12-30,Mobile,Facebook,23.08,13,No
8150,948,2024-01-02,Mobile,Direct,38.28,3,No
8151,3446,2025-10-12,Desktop,Facebook,37.32,7,Yes
8152,481,2023-04-30,Desktop,Email,22.11,6,No
8153,2979,2026-11-23,Desktop,Instagram,14.1,3,Yes
8154,4769,2024-05-25,Tablet,Organic,18.1,6,No
8155,952,2025-10-15,Mobile,Referral,17.92,13,Yes
8156,1012,2024-10-29,Tablet,Organic,41.58,3,No
8157,2490,2026-01-02,Tablet,Referral,39.62,4,No
8158,1313,2024-08-05,Desktop,Referral,21.56,1,No
8159,925,2023-09-19,Tablet,Facebook,37.24,14,No
8160,2710,2024-05-02,Mobile,Facebook,17.45,3,No
8161,3691,2026-01-24,Mobile,Referral,36.41,10,No
8162,2010,2026-02-25,Tablet,Organic,26.16,12,No
8163,1054,2026-08-05,Mobile,Organic,37.46,14,No
8164,4620,2023-01-30,Mobile,Organic,37.81,6,No
8165,800,2023-08-03,Tablet,Google Ads,35.34,5,No
8166,663,2026-11-29,Desktop,Direct,10.85,3,No
8167,2137,2025-03-25,Tablet,Google Ads,3.69,4,No
8168,764,2025-10-26,Desktop,Instagram,36.45,2,No
8169,3074,2025-06-23,Tablet,Direct,4.91,10,No
8170,3230,2024-09-23,Desktop,Google Ads,27.32,3,No
8171,4494,2025-02-18,Mobile,Email,30.79,6,No
8172,1585,2026-01-15,Mobile,Google Ads,1.34,1,No
8173,1962,2026-11-28,Mobile,Organic,3.98,7,No
8174,1726,2025-11-18,Mobile,Facebook,2.7,11,No
8175,4761,2024-08-14,Mobile,Organic,24.75,4,Yes
8176,4564,2026-12-22,Tablet,Direct,31.57,12,No
8177,2660,2024-11-07,Mobile,Email,0.99,6,Yes
8178,3491,2024-03-13,Desktop,Organic,13.69,12,No
8179,1804,2025-09-18,Desktop,Facebook,24.7,13,No
8180,4869,2026-03-21,Desktop,Facebook,1.47,11,No
8181,2230,2024-08-21,Mobile,Referral,29.36,12,No
8182,2033,2026-06-24,Tablet,Instagram,19.14,1,No
8183,445,2023-04-15,Mobile,Organic,37.74,5,No
8184,2654,2023-01-09,Desktop,Facebook,18.27,12,No
8185,2309,2026-06-16,Mobile,Google Ads,22.64,8,No
8186,1719,2025-11-06,Mobile,Google Ads,24.18,7,Yes
8187,3910,2026-08-07,Mobile,Referral,37.65,11,Yes
8188,606,2025-12-27,Desktop,Instagram,31.29,4,Yes
8189,2073,2026-07-06,Desktop,Email,1.48,14,No
8190,1192,2023-06-16,Mobile,Instagram,28.45,10,No
8191,2195,2024-12-28,Mobile,Google Ads,6.72,4,No
8192,3425,2026-01-10,Desktop,Email,20.7,5,No
8193,253,2026-04-05,Mobile,Direct,13.42,11,No
8194,2089,2026-04-13,Desktop,Instagram,26.2,5,No
8195,3167,2024-07-23,Desktop,Direct,42.26,9,Yes
8196,3230,2024-09-02,Mobile,Google Ads,35.91,4,No
8197,1657,2026-09-14,Mobile,Direct,9.27,7,Yes
8198,4934,2025-10-09,Tablet,Instagram,14.61,3,No
8199,3934,2023-12-03,Tablet,Referral,20.13,8,Yes
8200,3255,2023-11-01,Mobile,Organic,34.16,10,No
8201,3953,2023-07-30,Mobile,Google Ads,22.63,5,No
8202,4502,2026-06-10,Mobile,Instagram,21.21,9,No
8203,1632,2026-01-19,Tablet,Direct,0.71,3,No
8204,3097,2024-10-31,Tablet,Instagram,40.49,6,No
8205,3377,2025-11-27,Tablet,Organic,44.03,9,No
8206,2750,2024-10-27,Desktop,Google Ads,25.37,5,Yes
8207,1158,2025-02-14,Desktop,Google Ads,12.0,15,No
8208,4375,2023-03-15,Mobile,Email,13.43,8,No
8209,1076,2026-03-15,Desktop,Direct,23.91,5,No
8210,1099,2024-10-15,Tablet,Google Ads,25.11,2,No
8211,2444,2025-06-22,Tablet,Email,44.23,5,No
8212,3642,2023-10-10,Desktop,Instagram,35.99,8,No
8213,4971,2025-04-29,Desktop,Direct,4.88,7,No
8214,379,2026-04-23,Tablet,Direct,30.09,14,Yes
8215,4876,2024-12-14,Desktop,Email,39.58,5,Yes
8216,1805,2025-08-06,Mobile,Referral,27.92,6,No
8217,785,2025-12-30,Desktop,Organic,43.53,8,No
8218,1770,2026-12-18,Tablet,Organic,34.4,12,Yes
8219,3866,2024-03-09,Tablet,Google Ads,23.42,9,No
8220,215,2026-10-08,Tablet,Referral,8.35,6,Yes
8221,2099,2023-08-24,Desktop,Email,36.76,3,No
8222,1324,2025-11-18,Tablet,Facebook,29.93,13,Yes
8223,452,2026-07-01,Desktop,Instagram,15.51,9,No
8224,1813,2026-09-23,Tablet,Referral,34.43,14,Yes
8225,2315,2023-12-05,Desktop,Facebook,44.4,1,Yes
8226,2076,2026-02-14,Mobile,Email,39.89,11,No
8227,649,2023-04-15,Mobile,Referral,13.2,13,No
8228,3829,2025-02-02,Mobile,Direct,39.02,14,No
8229,4095,2024-02-07,Tablet,Facebook,16.24,3,No
8230,2353,2024-01-17,Desktop,Referral,1.98,7,Yes
8231,4067,2023-07-25,Desktop,Referral,31.88,10,No
8232,2640,2024-09-12,Desktop,Email,4.88,5,No
8233,2059,2025-08-15,Desktop,Email,29.11,12,No
8234,1933,2024-04-18,Desktop,Email,23.6,4,No
8235,835,2025-07-19,Mobile,Google Ads,6.85,8,No
8236,4816,2026-06-28,Desktop,Google Ads,2.91,7,No
8237,2453,2023-10-27,Desktop,Google Ads,24.54,13,No
8238,2166,2025-11-29,Mobile,Facebook,26.38,12,Yes
8239,3051,2026-12-22,Tablet,Direct,35.13,13,No
8240,2175,2024-04-14,Tablet,Facebook,28.03,3,No
8241,4395,2025-08-09,Mobile,Direct,29.61,8,Yes
8242,2613,2024-05-01,Tablet,Google Ads,32.16,12,Yes
8243,2145,2026-08-08,Desktop,Referral,39.52,4,Yes
8244,3331,2025-12-27,Tablet,Referral,43.7,5,Yes
8245,453,2024-08-12,Tablet,Instagram,3.62,4,No
8246,758,2026-03-23,Tablet,Instagram,9.92,10,No
8247,2219,2025-11-12,Desktop,Email,36.39,7,No
8248,4075,2026-07-26,Tablet,Google Ads,43.14,4,No
8249,1218,2026-08-28,Desktop,Google Ads,24.53,8,No
8250,3883,2024-08-31,Mobile,Instagram,44.97,7,No
8251,515,2026-02-17,Mobile,Google Ads,34.59,12,No
8252,2322,2024-11-20,Desktop,Direct,16.19,11,Yes
8253,3175,2024-06-12,Mobile,Email,38.03,14,No
8254,2143,2026-01-05,Mobile,Referral,43.71,12,Yes
8255,809,2026-04-16,Desktop,Direct,32.29,7,Yes
8256,451,2026-09-05,Desktop,Email,40.37,9,No
8257,506,2024-10-16,Mobile,Email,8.74,12,No
8258,1416,2026-03-08,Desktop,Instagram,20.56,8,No
8259,2063,2025-05-06,Desktop,Referral,12.73,7,Yes
8260,1025,2024-05-02,Desktop,Instagram,11.81,4,No
8261,2412,2024-01-20,Mobile,Facebook,20.7,13,No
8262,3507,2026-09-10,Mobile,Organic,31.16,9,No
8263,442,2025-03-02,Tablet,Instagram,14.58,12,No
8264,2374,2025-09-14,Mobile,Organic,29.75,4,No
8265,46,2024-02-29,Tablet,Email,5.49,13,No
8266,2522,2023-10-02,Mobile,Organic,14.21,14,No
8267,1252,2026-11-06,Mobile,Google Ads,18.9,12,Yes
8268,712,2025-10-17,Desktop,Organic,3.2,8,No
8269,3063,2025-12-09,Tablet,Organic,3.05,14,No
8270,4433,2024-07-19,Mobile,Direct,3.51,12,Yes
8271,2451,2026-12-31,Mobile,Email,22.7,2,No
8272,447,2023-02-13,Mobile,Organic,10.22,12,Yes
8273,1668,2023-09-30,Mobile,Referral,10.41,6,No
8274,2852,2024-11-16,Mobile,Facebook,20.41,8,No
8275,887,2026-03-03,Mobile,Instagram,3.29,6,No
8276,1308,2026-08-24,Desktop,Google Ads,9.32,15,No
8277,3988,2024-07-10,Mobile,Organic,31.6,6,No
8278,3572,2024-02-04,Tablet,Direct,24.74,14,No
8279,1638,2023-05-12,Tablet,Facebook,36.78,10,No
8280,2466,2023-07-02,Mobile,Facebook,40.21,15,No
8281,2594,2026-12-14,Desktop,Instagram,38.52,6,No
8282,1284,2024-05-30,Tablet,Instagram,34.06,6,Yes
8283,2904,2024-09-20,Mobile,Facebook,34.71,10,No
8284,2422,2024-09-09,Desktop,Google Ads,4.09,15,Yes
8285,3504,2026-06-07,Desktop,Referral,3.99,14,Yes
8286,1775,2023-10-21,Tablet,Direct,28.9,12,No
8287,2899,2023-11-15,Mobile,Email,25.5,15,No
8288,199,2026-02-05,Mobile,Facebook,13.22,4,No
8289,4171,2025-12-02,Mobile,Referral,24.94,4,No
8290,348,2026-11-19,Tablet,Email,11.5,14,Yes
8291,670,2024-03-31,Mobile,Organic,17.09,13,No
8292,4760,2024-08-17,Desktop,Referral,2.82,1,No
8293,4124,2023-09-30,Mobile,Facebook,31.92,6,Yes
8294,3663,2025-10-29,Mobile,Referral,26.59,13,No
8295,1412,2026-12-29,Desktop,Referral,37.5,6,No
8296,3575,2023-02-20,Tablet,Direct,35.05,5,No
8297,2642,2025-07-05,Tablet,Direct,35.89,8,No
8298,1639,2026-04-30,Tablet,Referral,44.57,3,No
8299,3361,2024-11-15,Desktop,Direct,11.2,2,No
8300,464,2023-01-25,Tablet,Facebook,4.71,4,No
8301,4119,2026-07-31,Desktop,Email,44.41,14,Yes
8302,2341,2023-02-26,Desktop,Referral,16.67,6,No
8303,2763,2023-11-18,Desktop,Direct,27.91,11,No
8304,3367,2026-05-25,Mobile,Email,36.73,2,No
8305,2820,2025-01-17,Mobile,Referral,40.33,2,No
8306,1339,2026-09-02,Tablet,Facebook,34.3,1,No
8307,532,2023-07-29,Tablet,Instagram,5.07,6,No
8308,2055,2024-04-11,Mobile,Instagram,17.41,1,No
8309,3833,2026-04-20,Mobile,Instagram,16.42,14,No
8310,3100,2026-12-04,Mobile,Facebook,28.68,1,Yes
8311,4419,2026-07-06,Tablet,Google Ads,14.69,2,Yes
8312,961,2025-10-01,Desktop,Organic,43.26,14,Yes
8313,2103,2025-10-07,Desktop,Organic,19.1,3,No
8314,2649,2024-10-16,Desktop,Organic,40.12,9,No
8315,913,2025-11-07,Desktop,Organic,17.03,15,No
8316,2397,2023-11-01,Tablet,Organic,20.75,4,Yes
8317,217,2024-10-05,Mobile,Google Ads,22.11,9,No
8318,704,2026-05-19,Desktop,Google Ads,38.17,1,Yes
8319,2499,2025-05-01,Desktop,Facebook,32.12,15,No
8320,2499,2025-10-05,Mobile,Google Ads,38.85,1,Yes
8321,1290,2024-02-29,Tablet,Google Ads,12.18,6,No
8322,4395,2026-05-15,Tablet,Referral,35.0,15,No
8323,3865,2023-01-07,Tablet,Email,31.37,7,Yes
8324,4328,2024-11-14,Mobile,Instagram,25.44,9,No
8325,2425,2023-08-07,Desktop,Facebook,20.79,14,No
8326,420,2026-05-02,Desktop,Email,28.97,3,No
8327,4224,2025-05-30,Tablet,Facebook,44.04,5,No
8328,4627,2024-03-02,Desktop,Email,26.06,2,No
8329,1737,2026-06-19,Tablet,Referral,22.49,10,No
8330,2080,2023-06-23,Mobile,Email,20.99,15,No
8331,3123,2024-01-15,Tablet,Facebook,37.9,4,No
8332,3670,2024-10-24,Tablet,Organic,24.78,12,Yes
8333,4622,2025-03-01,Tablet,Instagram,13.57,9,No
8334,1166,2026-02-18,Mobile,Organic,10.12,12,No
8335,969,2026-08-09,Desktop,Facebook,29.24,2,No
8336,1703,2026-02-13,Desktop,Direct,5.2,8,No
8337,1682,2026-02-04,Mobile,Direct,22.87,4,No
8338,2073,2025-08-07,Tablet,Facebook,42.82,9,Yes
8339,561,2025-04-25,Desktop,Direct,7.26,7,No
8340,210,2025-04-14,Tablet,Instagram,6.89,11,No
8341,3481,2024-07-21,Desktop,Direct,4.85,13,No
8342,2643,2023-08-30,Mobile,Organic,11.46,7,No
8343,442,2025-01-05,Mobile,Organic,13.41,9,No
8344,689,2026-05-05,Tablet,Referral,6.44,11,No
8345,45,2024-03-17,Tablet,Google Ads,29.58,13,No
8346,1269,2024-12-21,Desktop,Referral,38.81,8,No
8347,934,2025-12-07,Mobile,Google Ads,1.19,3,No
8348,1074,2025-03-02,Tablet,Referral,32.56,2,No
8349,473,2023-05-19,Tablet,Organic,35.14,1,Yes
8350,1439,2025-06-17,Tablet,Instagram,4.79,6,No
8351,1424,2025-04-17,Mobile,Direct,43.88,10,Yes
8352,4251,2023-03-18,Mobile,Google Ads,37.64,4,No
8353,29,2025-02-24,Desktop,Organic,13.23,13,No
8354,1175,2025-05-31,Tablet,Instagram,15.5,4,No
8355,4655,2026-12-28,Tablet,Referral,25.71,15,No
8356,434,2025-06-15,Mobile,Instagram,18.25,10,No
8357,117,2026-05-29,Desktop,Email,5.41,3,No
8358,4792,2024-02-05,Mobile,Google Ads,12.46,11,Yes
8359,15,2026-01-01,Desktop,Direct,23.35,15,No
8360,2488,2026-09-08,Tablet,Instagram,19.08,5,No
8361,2434,2023-08-20,Desktop,Organic,3.89,5,Yes
8362,2394,2025-02-11,Tablet,Email,2.5,10,No
8363,794,2026-02-18,Tablet,Google Ads,12.77,8,No
8364,3664,2026-02-02,Tablet,Instagram,19.37,14,No
8365,4242,2024-03-25,Desktop,Referral,19.07,5,Yes
8366,4535,2025-07-04,Desktop,Google Ads,18.78,1,No
8367,3471,2024-01-17,Mobile,Direct,34.29,7,No
8368,3413,2024-03-17,Mobile,Google Ads,30.37,9,No
8369,4219,2025-07-18,Tablet,Instagram,31.58,4,No
8370,527,2026-03-15,Tablet,Facebook,29.88,12,No
8371,97,2025-03-08,Tablet,Email,13.05,15,No
8372,416,2023-02-14,Tablet,Organic,34.71,13,Yes
8373,2192,2023-04-30,Mobile,Direct,4.04,11,No
8374,3360,2024-11-01,Mobile,Facebook,8.06,12,No
8375,3004,2023-11-22,Mobile,Direct,9.42,10,No
8376,77,2025-09-17,Mobile,Google Ads,2.25,12,No
8377,4544,2026-07-04,Desktop,Google Ads,39.83,6,No
8378,1277,2026-01-10,Desktop,Email,42.83,8,No
8379,257,2025-04-01,Tablet,Google Ads,36.97,2,No
8380,4949,2024-12-05,Desktop,Email,35.9,1,No
8381,4380,2025-03-03,Mobile,Instagram,38.03,10,Yes
8382,1213,2025-12-09,Desktop,Instagram,17.01,11,No
8383,142,2024-04-20,Mobile,Instagram,26.91,12,No
8384,1250,2024-11-18,Tablet,Referral,21.96,12,Yes
8385,2624,2023-02-22,Tablet,Google Ads,1.31,13,Yes
8386,3961,2023-08-04,Tablet,Referral,14.14,1,No
8387,736,2026-04-14,Tablet,Google Ads,38.91,9,No
8388,3707,2026-12-08,Tablet,Direct,21.8,9,No
8389,2372,2024-12-17,Desktop,Instagram,13.12,12,No
8390,4580,2024-03-22,Desktop,Referral,21.63,12,Yes
8391,2864,2026-09-25,Desktop,Google Ads,15.86,6,No
8392,765,2025-09-05,Desktop,Direct,41.15,13,No
8393,1840,2025-05-31,Mobile,Referral,18.73,13,No
8394,2129,2023-11-02,Mobile,Facebook,36.64,2,No
8395,4076,2023-12-22,Mobile,Email,17.86,6,Yes
8396,1385,2024-10-17,Tablet,Referral,27.62,13,No
8397,2874,2024-11-28,Desktop,Email,38.9,14,No
8398,4127,2024-07-12,Desktop,Google Ads,40.3,9,No
8399,1556,2025-06-07,Mobile,Instagram,19.35,13,No
8400,1901,2025-03-23,Desktop,Referral,30.29,8,No
8401,2698,2023-05-30,Mobile,Email,3.37,6,No
8402,4748,2023-10-08,Desktop,Email,6.9,10,No
8403,945,2025-07-24,Desktop,Organic,42.12,5,No
8404,4582,2025-03-02,Tablet,Facebook,26.0,9,No
8405,3922,2024-06-26,Desktop,Organic,31.7,1,No
8406,3757,2024-08-05,Desktop,Instagram,27.95,9,Yes
8407,1055,2026-08-20,Tablet,Direct,17.19,13,No
8408,3312,2024-03-03,Mobile,Instagram,31.72,6,Yes
8409,2879,2026-04-03,Mobile,Referral,40.2,14,No
8410,2638,2025-01-18,Desktop,Facebook,3.26,7,No
8411,290,2023-07-13,Desktop,Facebook,31.34,10,No
8412,144,2026-02-01,Desktop,Organic,29.38,6,No
8413,631,2023-08-07,Desktop,Organic,40.46,8,No
8414,2608,2024-12-22,Mobile,Direct,3.45,7,No
8415,2096,2023-01-12,Desktop,Instagram,20.99,5,No
8416,1550,2023-04-20,Desktop,Direct,23.26,1,No
8417,493,2024-09-20,Tablet,Organic,24.88,1,No
8418,39,2026-05-11,Tablet,Google Ads,18.59,3,No
8419,3167,2026-01-27,Tablet,Email,38.61,8,No
8420,3615,2025-06-30,Mobile,Instagram,43.21,11,Yes
8421,2698,2025-03-09,Desktop,Email,34.9,13,No
8422,4202,2023-01-16,Mobile,Facebook,34.93,14,No
8423,2810,2023-05-19,Mobile,Email,1.84,10,No
8424,2104,2024-03-09,Mobile,Organic,41.35,9,No
8425,4910,2025-05-16,Desktop,Google Ads,24.12,14,Yes
8426,3052,2025-09-10,Desktop,Email,40.89,10,Yes
8427,3023,2023-11-18,Desktop,Organic,9.01,1,No
8428,229,2025-02-16,Mobile,Facebook,12.67,13,No
8429,1666,2025-03-31,Desktop,Direct,14.06,15,No
8430,1255,2025-03-30,Tablet,Instagram,43.17,13,No
8431,2712,2026-03-09,Mobile,Organic,20.58,12,No
8432,4914,2024-11-04,Tablet,Google Ads,37.28,9,No
8433,2036,2025-05-18,Mobile,Google Ads,39.17,13,No
8434,4200,2023-09-22,Mobile,Facebook,2.71,11,No
8435,2745,2025-09-12,Tablet,Email,12.33,3,No
8436,1046,2023-06-11,Mobile,Email,41.16,14,No
8437,231,2024-11-13,Tablet,Facebook,0.74,14,No
8438,2453,2024-09-06,Desktop,Direct,32.46,7,Yes
8439,2929,2025-04-10,Desktop,Google Ads,4.92,15,No
8440,562,2024-05-01,Desktop,Email,5.04,14,No
8441,2787,2025-08-06,Mobile,Referral,33.52,11,No
8442,2658,2026-01-10,Desktop,Referral,25.82,13,No
8443,696,2023-01-07,Tablet,Instagram,1.27,7,No
8444,90,2025-04-09,Desktop,Instagram,1.99,15,No
8445,4741,2026-02-28,Desktop,Referral,32.27,8,No
8446,521,2026-02-02,Tablet,Direct,41.79,10,No
8447,3298,2025-05-01,Mobile,Google Ads,44.36,14,No
8448,2269,2024-01-22,Tablet,Google Ads,29.7,6,No
8449,1271,2026-03-10,Tablet,Direct,8.3,4,No
8450,353,2024-01-08,Mobile,Direct,44.78,9,No
8451,3671,2026-07-14,Tablet,Google Ads,28.25,3,No
8452,3601,2024-01-02,Tablet,Email,22.31,9,No
8453,1775,2023-02-13,Desktop,Google Ads,35.24,9,No
8454,4978,2024-07-17,Mobile,Instagram,8.43,9,No
8455,130,2026-11-03,Tablet,Email,43.96,2,No
8456,1948,2024-01-05,Mobile,Email,9.88,7,No
8457,3091,2024-11-11,Desktop,Email,33.04,3,No
8458,3539,2025-10-21,Desktop,Instagram,9.47,8,No
8459,825,2026-11-01,Desktop,Organic,41.45,11,No
8460,167,2023-05-14,Mobile,Direct,4.57,6,No
8461,2493,2026-08-22,Desktop,Google Ads,41.55,5,No
8462,4779,2024-12-08,Mobile,Organic,1.86,4,No
8463,79,2026-02-03,Mobile,Email,24.95,4,No
8464,3480,2023-10-26,Desktop,Referral,18.47,4,Yes
8465,2898,2024-12-22,Tablet,Email,36.38,1,No
8466,4513,2026-12-09,Desktop,Direct,12.92,10,No
8467,2066,2023-12-01,Desktop,Direct,29.98,11,Yes
8468,4621,2026-10-02,Mobile,Facebook,39.5,3,No
8469,2889,2026-02-11,Tablet,Google Ads,5.61,1,No
8470,1125,2023-04-12,Tablet,Organic,4.2,3,No
8471,149,2026-02-26,Mobile,Instagram,13.84,2,No
8472,2890,2026-02-13,Desktop,Organic,22.14,15,Yes
8473,1479,2023-07-13,Tablet,Instagram,10.41,7,No
8474,522,2024-11-24,Tablet,Email,33.16,14,No
8475,2010,2023-01-21,Desktop,Direct,25.47,13,Yes
8476,2545,2026-04-04,Mobile,Referral,7.3,4,No
8477,3998,2024-06-16,Mobile,Referral,19.3,8,No
8478,3858,2024-08-11,Tablet,Organic,2.27,6,No
8479,3002,2025-05-13,Tablet,Instagram,4.93,5,Yes
8480,4324,2026-05-21,Mobile,Referral,4.7,3,No
8481,1827,2024-06-03,Tablet,Instagram,7.84,6,No
8482,2398,2024-10-19,Tablet,Email,7.02,3,No
8483,3808,2026-10-31,Tablet,Email,39.23,4,No
8484,431,2024-10-24,Desktop,Direct,3.83,5,No
8485,4740,2024-06-29,Mobile,Instagram,18.08,7,No
8486,698,2024-05-21,Tablet,Facebook,39.2,5,No
8487,3711,2026-07-26,Tablet,Facebook,38.29,12,No
8488,3531,2023-11-29,Desktop,Facebook,39.86,3,No
8489,1074,2025-07-19,Tablet,Referral,27.23,2,No
8490,2462,2025-08-19,Tablet,Instagram,18.42,9,No
8491,1305,2026-06-21,Desktop,Referral,15.07,12,No
8492,1465,2025-09-25,Mobile,Email,1.07,5,No
8493,1652,2025-12-06,Tablet,Facebook,7.97,15,No
8494,275,2025-07-03,Desktop,Organic,39.82,9,No
8495,251,2026-01-14,Mobile,Email,38.74,15,No
8496,2997,2025-11-23,Mobile,Facebook,38.71,15,No
8497,221,2025-11-25,Desktop,Email,31.3,1,No
8498,1041,2025-02-15,Desktop,Referral,27.63,3,No
8499,2417,2024-02-16,Mobile,Email,12.15,14,No
8500,4662,2026-12-01,Desktop,Facebook,13.99,10,No
8501,3709,2026-03-27,Tablet,Google Ads,3.9,6,No
8502,2123,2025-12-02,Mobile,Instagram,41.49,14,No
8503,3230,2023-08-25,Tablet,Google Ads,3.92,5,No
8504,1414,2023-06-14,Tablet,Instagram,37.36,15,Yes
8505,562,2025-10-16,Desktop,Instagram,1.08,7,No
8506,4081,2025-01-08,Desktop,Facebook,5.31,5,No
8507,1782,2025-07-03,Mobile,Referral,2.71,13,Yes
8508,2549,2024-01-02,Tablet,Facebook,2.28,2,No
8509,2809,2026-05-03,Desktop,Email,34.17,3,No
8510,3631,2025-01-22,Mobile,Email,13.38,15,No
8511,3694,2025-11-06,Mobile,Email,22.49,14,No
8512,2845,2023-11-17,Desktop,Google Ads,33.43,4,Yes
8513,3881,2025-10-27,Desktop,Instagram,40.17,3,Yes
8514,1824,2024-09-06,Tablet,Organic,4.65,5,No
8515,3480,2023-05-13,Desktop,Facebook,41.01,15,Yes
8516,440,2025-07-18,Mobile,Organic,31.12,12,No
8517,2280,2023-02-28,Mobile,Organic,8.6,13,No
8518,2499,2023-10-26,Mobile,Instagram,11.04,12,No
8519,4088,2026-09-30,Desktop,Referral,24.93,4,No
8520,3115,2024-08-23,Desktop,Google Ads,32.5,1,No
8521,3313,2025-02-24,Mobile,Organic,4.98,15,No
8522,2284,2023-12-29,Tablet,Direct,37.48,4,No
8523,1249,2026-04-28,Tablet,Direct,20.82,4,No
8524,4639,2024-12-10,Tablet,Direct,9.2,4,No
8525,2776,2024-01-31,Tablet,Email,36.19,1,Yes
8526,3189,2026-02-10,Mobile,Instagram,26.55,4,No
8527,582,2026-05-31,Tablet,Email,42.9,14,Yes
8528,655,2024-12-28,Mobile,Google Ads,23.57,9,No
8529,2967,2023-09-05,Desktop,Google Ads,15.92,13,No
8530,2336,2025-01-03,Desktop,Instagram,28.67,3,No
8531,2779,2024-05-13,Tablet,Email,19.17,8,No
8532,1001,2026-07-30,Desktop,Facebook,42.1,9,No
8533,4502,2023-01-03,Mobile,Facebook,36.39,4,No
8534,3727,2026-07-25,Tablet,Email,30.76,11,No
8535,1866,2025-08-05,Desktop,Email,11.15,3,No
8536,2415,2025-04-04,Tablet,Google Ads,13.95,4,No
8537,1443,2026-05-11,Mobile,Organic,8.79,3,No
8538,3383,2023-02-28,Mobile,Organic,16.74,3,No
8539,3468,2023-12-29,Mobile,Email,35.03,5,No
8540,555,2023-07-26,Tablet,Google Ads,13.45,8,No
8541,3662,2023-04-07,Desktop,Referral,39.11,1,No
8542,2020,2025-09-19,Desktop,Google Ads,6.82,11,No
8543,71,2026-10-23,Mobile,Instagram,20.11,6,No
8544,4258,2024-10-22,Tablet,Organic,17.3,7,No
8545,70,2026-08-27,Tablet,Email,38.86,5,No
8546,4687,2024-02-12,Tablet,Facebook,17.86,9,No
8547,3672,2026-12-30,Desktop,Referral,30.38,15,No
8548,934,2024-07-27,Desktop,Referral,15.62,2,No
8549,932,2023-12-06,Tablet,Instagram,8.41,11,No
8550,2764,2025-11-28,Tablet,Instagram,20.69,15,No
8551,1865,2023-04-14,Desktop,Referral,9.46,6,No
8552,640,2023-11-06,Tablet,Facebook,29.44,15,No
8553,1271,2026-03-15,Mobile,Direct,10.99,14,Yes
8554,4581,2025-03-19,Mobile,Referral,2.92,7,No
8555,1537,2023-09-27,Desktop,Google Ads,15.06,13,Yes
8556,2666,2025-01-16,Tablet,Google Ads,23.93,12,No
8557,4425,2024-05-08,Tablet,Google Ads,6.52,1,No
8558,1816,2025-12-31,Tablet,Organic,15.71,6,No
8559,560,2026-08-10,Mobile,Organic,10.6,4,No
8560,1216,2023-09-04,Desktop,Email,28.76,3,No
8561,2500,2026-06-16,Desktop,Email,26.25,11,No
8562,4834,2026-05-07,Tablet,Referral,17.38,11,No
8563,3408,2024-04-23,Desktop,Instagram,22.01,1,No
8564,1352,2024-06-26,Desktop,Direct,42.9,5,No
8565,1672,2026-07-14,Desktop,Facebook,8.23,5,No
8566,213,2024-08-11,Desktop,Facebook,16.07,3,No
8567,669,2026-11-19,Mobile,Facebook,26.96,1,Yes
8568,3944,2025-08-29,Desktop,Organic,17.5,9,No
8569,3291,2026-08-13,Tablet,Referral,6.18,10,Yes
8570,4294,2026-12-17,Tablet,Email,4.39,9,No
8571,1189,2025-10-27,Tablet,Organic,43.06,15,No
8572,1488,2024-08-16,Tablet,Email,24.04,7,No
8573,4922,2026-06-15,Mobile,Referral,7.54,8,No
8574,2541,2023-01-03,Mobile,Organic,40.15,15,No
8575,4522,2026-09-09,Tablet,Email,3.56,5,No
8576,2059,2025-03-18,Mobile,Referral,11.48,4,No
8577,1849,2025-11-24,Mobile,Organic,28.61,8,No
8578,1407,2026-01-01,Desktop,Organic,2.35,12,No
8579,1699,2023-06-01,Desktop,Organic,4.06,10,No
8580,2462,2024-12-03,Mobile,Google Ads,9.68,3,No
8581,1939,2026-08-23,Mobile,Referral,3.94,5,Yes
8582,230,2023-08-30,Tablet,Direct,11.96,5,No
8583,4908,2024-11-21,Mobile,Organic,42.44,14,No
8584,1016,2023-10-21,Tablet,Google Ads,30.05,4,No
8585,2534,2025-03-14,Mobile,Instagram,24.56,10,Yes
8586,79,2026-12-15,Tablet,Facebook,26.73,11,No
8587,1388,2025-05-16,Desktop,Email,9.67,3,No
8588,2331,2024-07-30,Mobile,Email,2.22,9,No
8589,4433,2023-02-14,Desktop,Instagram,7.6,1,Yes
8590,4000,2023-08-11,Tablet,Organic,2.6,1,Yes
8591,3759,2023-08-24,Tablet,Referral,10.5,15,Yes
8592,251,2025-12-19,Tablet,Direct,41.12,1,No
8593,1399,2024-02-26,Desktop,Email,36.07,1,No
8594,1113,2026-01-14,Mobile,Google Ads,14.05,4,No
8595,1500,2025-09-27,Desktop,Direct,22.13,11,No
8596,1679,2023-02-14,Desktop,Facebook,38.47,5,No
8597,2432,2024-04-04,Tablet,Referral,27.27,6,No
8598,2166,2025-12-15,Desktop,Direct,4.26,12,No
8599,3560,2026-04-30,Mobile,Direct,31.11,14,No
8600,4029,2025-04-19,Tablet,Google Ads,44.66,3,No
8601,3939,2025-09-19,Mobile,Instagram,24.85,4,No
8602,3781,2026-03-20,Mobile,Google Ads,25.42,5,No
8603,1249,2026-03-04,Tablet,Google Ads,18.33,12,No
8604,404,2023-03-29,Desktop,Instagram,23.03,7,Yes
8605,51,2025-11-15,Desktop,Google Ads,30.74,11,No
8606,4605,2024-05-13,Mobile,Google Ads,10.2,5,No
8607,3300,2023-05-21,Tablet,Direct,24.77,5,No
8608,4081,2026-11-11,Mobile,Instagram,40.41,13,No
8609,2436,2026-06-29,Desktop,Direct,7.82,5,No
8610,2136,2023-06-07,Desktop,Google Ads,44.31,3,Yes
8611,2744,2023-01-23,Tablet,Referral,40.78,11,No
8612,1714,2026-12-21,Tablet,Referral,18.34,2,Yes
8613,2202,2024-11-19,Tablet,Instagram,30.14,10,No
8614,4584,2023-01-14,Tablet,Instagram,35.45,1,No
8615,1318,2024-06-21,Tablet,Referral,44.29,1,No
8616,3466,2026-02-06,Desktop,Organic,24.15,12,Yes
8617,4913,2025-10-02,Tablet,Organic,22.92,11,No
8618,1015,2023-03-25,Tablet,Referral,18.21,6,No
8619,3554,2023-05-16,Mobile,Facebook,25.34,2,No
8620,424,2024-10-09,Tablet,Facebook,22.52,5,No
8621,3146,2023-08-15,Desktop,Instagram,33.95,5,No
8622,2070,2025-01-11,Tablet,Google Ads,30.34,15,Yes
8623,2731,2025-12-15,Tablet,Referral,9.67,7,No
8624,833,2024-02-24,Desktop,Direct,25.44,2,Yes
8625,1900,2026-01-27,Desktop,Organic,35.61,6,No
8626,4589,2023-05-12,Tablet,Organic,1.93,8,No
8627,2077,2023-06-27,Tablet,Google Ads,28.61,8,No
8628,1955,2024-06-18,Mobile,Email,36.99,11,Yes
8629,1943,2025-09-15,Desktop,Organic,30.53,12,No
8630,761,2023-06-09,Tablet,Google Ads,0.65,13,No
8631,3382,2025-03-01,Desktop,Direct,9.67,14,No
8632,1448,2023-04-24,Desktop,Facebook,28.34,2,No
8633,4456,2024-02-05,Tablet,Facebook,37.37,1,No
8634,1342,2026-11-21,Tablet,Facebook,23.75,3,No
8635,3225,2025-07-19,Mobile,Instagram,42.82,5,No
8636,3014,2024-12-12,Desktop,Organic,29.32,1,No
8637,467,2026-08-13,Desktop,Google Ads,21.21,8,No
8638,1994,2023-12-03,Tablet,Referral,16.42,12,No
8639,1930,2023-04-01,Desktop,Organic,12.91,4,No
8640,2853,2023-02-09,Mobile,Referral,27.76,4,No
8641,2407,2023-01-22,Mobile,Facebook,5.21,15,No
8642,2464,2024-05-31,Desktop,Facebook,31.33,5,No
8643,832,2024-12-13,Tablet,Direct,25.69,14,No
8644,3263,2026-06-29,Tablet,Referral,3.93,4,Yes
8645,4931,2026-03-10,Mobile,Organic,1.85,11,No
8646,2100,2023-03-08,Desktop,Facebook,24.0,10,No
8647,4239,2024-07-09,Desktop,Email,29.61,5,No
8648,2884,2026-06-26,Mobile,Referral,0.63,8,No
8649,1410,2025-01-27,Desktop,Google Ads,38.29,11,No
8650,3119,2025-02-27,Mobile,Organic,10.4,13,No
8651,828,2026-05-14,Desktop,Organic,14.48,1,No
8652,993,2025-08-16,Tablet,Direct,28.65,8,No
8653,4598,2025-07-29,Desktop,Direct,1.63,7,No
8654,848,2026-08-21,Desktop,Facebook,10.63,3,No
8655,577,2023-05-23,Desktop,Email,6.27,8,Yes
8656,1268,2026-06-12,Mobile,Referral,21.73,10,No
8657,3255,2023-03-04,Mobile,Direct,8.86,5,No
8658,1389,2024-12-08,Tablet,Instagram,24.56,6,Yes
8659,1214,2025-04-08,Mobile,Organic,3.83,5,No
8660,4744,2023-09-02,Tablet,Referral,34.04,1,Yes
8661,2787,2026-05-27,Desktop,Email,43.07,15,No
8662,3655,2026-10-24,Desktop,Email,35.24,9,No
8663,2552,2024-11-01,Tablet,Direct,19.78,8,No
8664,3462,2026-06-09,Tablet,Google Ads,30.57,9,No
8665,4384,2024-04-28,Desktop,Organic,13.47,10,No
8666,4358,2023-03-24,Mobile,Facebook,36.59,1,No
8667,847,2023-07-19,Desktop,Referral,17.02,8,No
8668,3526,2023-06-04,Tablet,Google Ads,12.54,11,Yes
8669,113,2025-02-15,Tablet,Direct,38.23,5,No
8670,2284,2025-04-30,Mobile,Instagram,39.67,8,No
8671,1546,2024-06-03,Mobile,Email,25.14,7,Yes
8672,2233,2023-01-12,Desktop,Direct,18.13,10,No
8673,1952,2024-07-09,Desktop,Email,19.37,5,No
8674,3939,2026-01-08,Tablet,Organic,16.04,1,Yes
8675,4380,2025-12-03,Mobile,Referral,9.7,2,No
8676,314,2023-07-21,Mobile,Direct,11.0,10,Yes
8677,902,2025-12-16,Mobile,Email,42.04,8,No
8678,560,2024-10-30,Desktop,Referral,43.17,15,No
8679,2414,2024-09-07,Tablet,Email,16.48,10,No
8680,3747,2023-08-09,Mobile,Direct,31.32,3,No
8681,4717,2025-10-21,Tablet,Facebook,34.39,15,No
8682,2852,2025-07-10,Desktop,Referral,38.25,8,Yes
8683,2314,2025-08-20,Tablet,Facebook,3.09,11,Yes
8684,3120,2023-06-07,Desktop,Google Ads,26.71,15,No
8685,1759,2023-04-29,Desktop,Referral,12.87,9,No
8686,4059,2026-07-16,Tablet,Direct,41.76,1,No
8687,1724,2024-07-23,Mobile,Email,7.76,8,Yes
8688,3732,2025-12-13,Desktop,Email,9.81,7,No
8689,4776,2023-12-29,Mobile,Facebook,37.68,12,No
8690,2262,2026-10-07,Mobile,Instagram,32.45,11,No
8691,3749,2024-09-06,Desktop,Email,21.56,7,No
8692,23,2024-08-08,Tablet,Instagram,25.37,10,No
8693,468,2024-05-25,Desktop,Direct,21.09,11,No
8694,2907,2025-09-11,Desktop,Instagram,23.4,5,No
8695,97,2024-01-01,Mobile,Email,25.05,1,Yes
8696,3261,2023-11-04,Desktop,Facebook,30.38,5,No
8697,3579,2024-03-08,Mobile,Organic,12.36,5,No
8698,1146,2023-05-21,Mobile,Referral,12.94,12,No
8699,282,2024-10-20,Mobile,Facebook,38.14,1,No
8700,82,2024-08-28,Tablet,Email,43.98,3,No
8701,4822,2025-10-05,Tablet,Email,15.23,3,No
8702,3548,2023-05-23,Desktop,Google Ads,39.25,2,No
8703,4828,2023-12-15,Mobile,Email,9.86,12,No
8704,4952,2026-07-27,Mobile,Organic,33.42,11,No
8705,3875,2026-02-02,Desktop,Email,22.12,10,No
8706,1781,2023-05-01,Desktop,Facebook,34.33,3,No
8707,3807,2023-08-09,Mobile,Google Ads,35.86,4,No
8708,4878,2023-06-24,Mobile,Direct,2.39,12,No
8709,1397,2024-07-15,Tablet,Facebook,25.78,1,No
8710,333,2023-06-25,Desktop,Direct,30.23,13,No
8711,2197,2026-06-23,Tablet,Facebook,15.39,12,No
8712,4078,2024-04-23,Tablet,Google Ads,36.83,2,No
8713,783,2024-12-05,Tablet,Organic,25.94,8,No
8714,3961,2024-06-04,Mobile,Facebook,11.91,8,No
8715,525,2024-08-14,Mobile,Google Ads,42.36,14,Yes
8716,1673,2024-06-04,Tablet,Instagram,4.1,7,No
8717,1462,2024-12-06,Desktop,Referral,1.51,8,No
8718,1490,2023-10-26,Tablet,Google Ads,10.12,3,No
8719,3852,2025-08-03,Tablet,Direct,8.81,2,No
8720,475,2025-08-08,Tablet,Instagram,41.63,5,No
8721,2644,2025-03-10,Tablet,Email,23.37,1,No
8722,3269,2023-05-03,Mobile,Email,43.55,1,No
8723,2004,2026-03-23,Tablet,Referral,44.56,4,No
8724,2941,2023-01-09,Desktop,Facebook,40.22,13,No
8725,4348,2025-11-21,Mobile,Instagram,28.85,1,No
8726,2703,2024-08-23,Tablet,Facebook,22.44,5,No
8727,2418,2024-04-12,Mobile,Google Ads,34.56,15,Yes
8728,4107,2026-11-09,Desktop,Organic,23.16,6,No
8729,3389,2026-08-02,Desktop,Email,18.06,2,No
8730,996,2023-02-16,Tablet,Organic,21.52,3,No
8731,1981,2023-03-20,Tablet,Direct,30.94,1,Yes
8732,4279,2024-02-12,Tablet,Google Ads,12.47,15,No
8733,2984,2023-04-23,Desktop,Google Ads,23.62,5,No
8734,2132,2023-05-31,Tablet,Direct,11.14,15,No
8735,2094,2026-01-15,Desktop,Instagram,30.69,14,No
8736,379,2024-04-11,Desktop,Instagram,4.05,2,No
8737,854,2023-03-28,Desktop,Referral,29.16,10,No
8738,1117,2026-09-24,Tablet,Organic,1.19,10,No
8739,1738,2023-09-26,Mobile,Direct,22.21,9,Yes
8740,3046,2024-02-03,Desktop,Direct,14.29,15,No
8741,3918,2023-03-06,Tablet,Google Ads,25.07,10,Yes
8742,63,2023-10-20,Tablet,Direct,23.59,13,No
8743,1459,2023-04-03,Mobile,Facebook,39.49,1,Yes
8744,2088,2026-07-01,Mobile,Google Ads,0.51,6,No
8745,4382,2024-05-01,Desktop,Organic,4.51,1,No
8746,1011,2023-11-07,Tablet,Referral,40.48,12,No
8747,1904,2023-10-05,Mobile,Instagram,41.8,9,No
8748,3102,2026-11-26,Tablet,Email,22.19,8,Yes
8749,3129,2023-07-21,Mobile,Facebook,34.37,4,No
8750,4167,2024-12-18,Desktop,Facebook,21.13,4,No
8751,2642,2026-06-04,Desktop,Facebook,36.41,9,No
8752,4077,2025-08-06,Mobile,Organic,12.82,7,No
8753,336,2026-05-15,Desktop,Instagram,8.07,4,No
8754,1320,2023-03-30,Tablet,Email,25.89,5,No
8755,4207,2023-12-14,Mobile,Instagram,2.0,4,Yes
8756,563,2023-05-27,Mobile,Email,39.96,15,No
8757,3988,2026-11-19,Mobile,Email,16.9,2,No
8758,4460,2023-11-20,Desktop,Organic,3.03,9,No
8759,2804,2026-09-18,Desktop,Email,34.16,8,No
8760,4388,2023-04-26,Desktop,Email,15.93,10,No
8761,108,2025-01-23,Mobile,Referral,43.73,2,Yes
8762,3980,2024-11-20,Mobile,Facebook,38.29,2,No
8763,3848,2025-01-27,Tablet,Instagram,17.13,10,No
8764,1967,2026-04-26,Mobile,Facebook,17.0,10,No
8765,4349,2023-01-15,Mobile,Google Ads,18.33,8,No
8766,3132,2023-09-07,Mobile,Google Ads,34.75,13,No
8767,2632,2026-01-10,Tablet,Direct,13.8,1,No
8768,371,2026-10-08,Mobile,Organic,37.65,12,No
8769,3652,2025-07-15,Tablet,Instagram,40.22,5,No
8770,3644,2025-08-26,Tablet,Facebook,30.75,10,No
8771,1827,2025-03-08,Tablet,Instagram,40.7,12,No
8772,2320,2026-09-26,Tablet,Referral,18.35,2,No
8773,407,2025-05-31,Desktop,Google Ads,15.94,13,No
8774,1276,2024-01-09,Mobile,Instagram,15.89,3,No
8775,789,2023-06-21,Mobile,Direct,8.04,2,No
8776,4133,2026-03-20,Tablet,Referral,5.05,5,No
8777,1480,2024-01-09,Tablet,Google Ads,20.63,1,No
8778,1056,2024-04-03,Mobile,Organic,25.89,5,Yes
8779,1946,2025-10-06,Desktop,Facebook,36.21,14,Yes
8780,3940,2023-11-12,Tablet,Direct,25.58,6,No
8781,3965,2023-10-03,Tablet,Direct,32.46,4,Yes
8782,575,2023-08-30,Mobile,Google Ads,7.67,10,No
8783,3025,2025-04-27,Desktop,Instagram,13.17,12,No
8784,2448,2023-08-28,Mobile,Email,8.72,14,No
8785,4729,2026-01-29,Tablet,Instagram,27.77,4,No
8786,3224,2026-08-07,Tablet,Direct,9.02,4,No
8787,1810,2025-07-18,Desktop,Referral,24.12,14,No
8788,1063,2024-08-09,Mobile,Facebook,14.06,5,Yes
8789,4008,2026-03-04,Tablet,Direct,8.72,7,No
8790,463,2025-01-14,Desktop,Facebook,0.57,3,No
8791,173,2025-04-24,Tablet,Google Ads,29.78,2,Yes
8792,4982,2026-12-17,Mobile,Google Ads,38.75,12,No
8793,2810,2023-08-12,Tablet,Direct,1.29,10,No
8794,2187,2025-10-11,Mobile,Organic,27.92,1,No
8795,371,2023-06-23,Mobile,Referral,43.19,9,Yes
8796,217,2026-06-20,Tablet,Google Ads,10.8,9,No
8797,76,2025-12-03,Desktop,Organic,33.45,4,No
8798,348,2024-09-27,Tablet,Email,22.86,3,No
8799,3775,2024-12-07,Desktop,Facebook,21.23,10,Yes
8800,3490,2026-07-02,Mobile,Organic,11.01,3,Yes
8801,1841,2024-04-03,Tablet,Referral,9.65,15,No
8802,3260,2026-09-27,Tablet,Facebook,23.32,8,No
8803,1224,2025-02-02,Mobile,Instagram,34.06,7,Yes
8804,2407,2026-10-30,Mobile,Organic,16.95,14,No
8805,169,2026-07-17,Desktop,Referral,31.39,6,No
8806,3292,2025-03-17,Tablet,Facebook,39.3,11,Yes
8807,877,2023-05-14,Mobile,Organic,35.76,9,No
8808,3916,2023-12-06,Mobile,Organic,15.65,12,No
8809,4217,2026-10-17,Desktop,Direct,0.56,12,No
8810,1493,2025-07-25,Tablet,Organic,6.83,12,No
8811,128,2023-12-20,Desktop,Facebook,5.92,3,No
8812,3200,2026-02-26,Mobile,Facebook,8.86,7,No
8813,3192,2025-12-31,Tablet,Direct,27.72,15,No
8814,3091,2025-05-11,Tablet,Google Ads,29.68,13,Yes
8815,2611,2024-03-17,Tablet,Facebook,6.27,1,Yes
8816,587,2024-05-21,Tablet,Instagram,5.0,6,No
8817,1022,2023-05-07,Desktop,Facebook,39.52,2,No
8818,973,2023-06-10,Desktop,Direct,27.68,11,No
8819,4000,2025-12-12,Desktop,Referral,13.72,5,No
8820,4715,2023-06-10,Mobile,Organic,25.98,10,No
8821,3116,2024-02-14,Desktop,Instagram,36.69,5,No
8822,27,2026-03-24,Mobile,Organic,21.79,13,No
8823,3350,2024-10-08,Desktop,Google Ads,22.23,5,No
8824,3068,2024-11-07,Tablet,Facebook,1.74,3,No
8825,985,2024-10-06,Desktop,Instagram,9.62,12,No
8826,1286,2025-03-12,Mobile,Google Ads,43.09,8,No
8827,2604,2023-05-12,Mobile,Instagram,31.33,6,Yes
8828,4087,2023-05-20,Tablet,Referral,37.06,7,No
8829,1861,2023-12-28,Tablet,Google Ads,12.94,14,No
8830,2651,2024-12-03,Mobile,Email,36.23,9,No
8831,1598,2026-05-22,Mobile,Direct,43.79,7,No
8832,3644,2025-03-20,Tablet,Email,18.47,4,No
8833,4682,2026-03-31,Mobile,Email,16.67,11,No
8834,1440,2026-11-16,Desktop,Organic,38.08,7,No
8835,3538,2026-11-16,Tablet,Direct,16.22,8,No
8836,1026,2023-06-28,Tablet,Instagram,7.57,4,Yes
8837,2108,2025-01-21,Desktop,Email,36.65,8,Yes
8838,4807,2024-10-13,Tablet,Email,1.47,14,Yes
8839,388,2023-03-07,Tablet,Google Ads,25.35,2,Yes
8840,3829,2024-04-18,Tablet,Facebook,20.14,10,No
8841,3572,2024-11-26,Mobile,Google Ads,8.29,12,No
8842,3079,2023-09-04,Mobile,Email,14.63,10,No
8843,1328,2026-03-10,Tablet,Referral,19.34,4,No
8844,4385,2023-08-17,Tablet,Google Ads,38.57,15,No
8845,2674,2024-06-25,Tablet,Direct,7.2,2,No
8846,1284,2026-12-20,Tablet,Email,35.93,9,Yes
8847,109,2026-06-26,Mobile,Google Ads,9.29,13,No
8848,4787,2026-09-19,Tablet,Facebook,22.81,13,No
8849,2221,2023-03-04,Desktop,Email,32.3,2,No
8850,978,2026-10-09,Desktop,Facebook,28.76,4,No
8851,2560,2023-05-03,Tablet,Instagram,40.19,6,No
8852,4089,2024-05-19,Desktop,Google Ads,24.37,13,No
8853,943,2024-05-16,Mobile,Direct,14.23,10,Yes
8854,831,2024-07-03,Desktop,Referral,28.59,1,No
8855,4216,2026-02-12,Desktop,Referral,25.62,2,No
8856,63,2024-07-20,Desktop,Organic,19.51,2,No
8857,4272,2024-05-06,Desktop,Referral,18.06,13,No
8858,4056,2023-06-09,Desktop,Facebook,22.02,10,No
8859,4400,2023-04-17,Tablet,Direct,33.57,11,Yes
8860,1305,2026-03-04,Desktop,Instagram,34.97,6,No
8861,144,2023-08-08,Desktop,Google Ads,24.21,13,No
8862,2567,2026-08-03,Mobile,Google Ads,2.99,5,No
8863,329,2024-12-26,Desktop,Google Ads,16.4,2,No
8864,3586,2025-06-03,Tablet,Direct,1.77,14,Yes
8865,1432,2025-08-30,Desktop,Email,44.33,4,No
8866,4242,2026-04-26,Desktop,Referral,7.93,15,No
8867,2303,2023-12-20,Tablet,Organic,24.92,6,Yes
8868,4235,2023-09-26,Desktop,Referral,6.66,6,No
8869,3902,2024-04-01,Tablet,Referral,9.66,1,No
8870,4809,2026-08-24,Mobile,Organic,8.46,12,Yes
8871,3648,2023-07-13,Tablet,Direct,8.99,1,No
8872,3768,2023-11-08,Mobile,Facebook,42.04,3,Yes
8873,4812,2023-04-22,Tablet,Referral,9.25,3,No
8874,2474,2026-12-15,Desktop,Referral,26.91,13,No
8875,85,2023-06-02,Tablet,Email,6.36,6,No
8876,437,2024-04-09,Mobile,Email,29.92,7,No
8877,456,2024-04-07,Desktop,Direct,34.26,5,No
8878,4242,2025-11-15,Desktop,Instagram,42.75,5,No
8879,793,2025-12-25,Tablet,Facebook,1.12,7,No
8880,3918,2024-04-21,Desktop,Instagram,4.78,11,Yes
8881,4504,2023-07-21,Mobile,Direct,30.29,1,No
8882,3005,2025-06-02,Mobile,Organic,2.71,4,Yes
8883,4628,2025-06-19,Tablet,Organic,26.09,14,No
8884,1039,2024-12-20,Mobile,Direct,44.73,15,Yes
8885,4122,2023-04-02,Desktop,Referral,27.71,3,No
8886,2333,2024-03-20,Mobile,Email,33.96,10,No
8887,1624,2025-07-08,Desktop,Organic,8.11,2,No
8888,720,2026-01-26,Mobile,Email,10.65,7,Yes
8889,628,2025-02-20,Tablet,Instagram,28.03,15,No
8890,1729,2024-01-24,Tablet,Google Ads,13.81,2,No
8891,3580,2024-03-21,Desktop,Referral,24.06,3,No
8892,3202,2026-07-11,Tablet,Referral,41.29,15,No
8893,4673,2026-03-28,Desktop,Email,9.61,1,No
8894,3255,2023-04-03,Desktop,Google Ads,2.97,11,Yes
8895,1969,2023-06-17,Tablet,Email,32.46,6,No
8896,299,2023-11-24,Tablet,Instagram,25.39,14,No
8897,2761,2026-05-03,Tablet,Instagram,17.98,14,No
8898,2938,2023-09-16,Tablet,Facebook,25.96,7,No
8899,4995,2026-01-12,Desktop,Referral,4.18,12,Yes
8900,3565,2025-08-07,Mobile,Instagram,20.81,12,No
8901,3600,2025-07-13,Mobile,Email,2.76,2,No
8902,671,2025-09-03,Mobile,Organic,7.29,9,No
8903,2703,2026-01-13,Mobile,Email,12.44,2,No
8904,2732,2025-06-01,Tablet,Instagram,6.25,3,No
8905,2801,2024-11-12,Mobile,Instagram,4.93,13,No
8906,1678,2025-07-13,Mobile,Google Ads,10.99,4,Yes
8907,217,2024-06-25,Tablet,Email,36.8,9,No
8908,2089,2026-05-17,Mobile,Email,5.45,8,No
8909,1319,2023-12-08,Tablet,Email,22.08,1,No
8910,2952,2025-11-14,Mobile,Google Ads,23.3,3,No
8911,1798,2026-06-14,Desktop,Organic,5.05,4,No
8912,4629,2024-01-21,Mobile,Organic,18.29,11,No
8913,1574,2024-11-05,Tablet,Email,3.3,11,No
8914,1808,2024-09-06,Desktop,Facebook,16.07,7,No
8915,3022,2023-11-01,Mobile,Referral,43.54,1,No
8916,1464,2026-11-25,Tablet,Referral,39.78,1,No
8917,2252,2024-04-22,Tablet,Google Ads,3.69,5,No
8918,2298,2023-05-29,Tablet,Google Ads,41.83,13,No
8919,395,2023-06-17,Mobile,Instagram,10.67,7,Yes
8920,1552,2026-11-24,Tablet,Direct,42.71,13,No
8921,95,2026-02-08,Tablet,Organic,12.04,8,No
8922,3544,2026-07-02,Mobile,Organic,13.74,12,No
8923,3995,2026-03-28,Mobile,Organic,21.54,9,No
8924,2804,2026-07-08,Desktop,Email,7.85,4,No
8925,4273,2024-03-16,Desktop,Direct,32.42,2,No
8926,2266,2026-07-17,Desktop,Google Ads,22.54,15,Yes
8927,4195,2024-04-24,Tablet,Direct,31.3,10,No
8928,1797,2023-07-25,Desktop,Instagram,42.4,13,Yes
8929,3152,2025-07-15,Desktop,Organic,2.22,11,No
8930,3423,2024-06-29,Tablet,Instagram,7.88,13,No
8931,3519,2023-01-17,Desktop,Facebook,27.16,11,No
8932,1779,2026-06-28,Mobile,Google Ads,24.64,2,No
8933,2462,2025-12-01,Desktop,Referral,12.49,11,No
8934,2130,2026-10-25,Desktop,Google Ads,38.74,11,No
8935,2162,2024-01-03,Desktop,Instagram,28.71,2,No
8936,1223,2026-08-04,Mobile,Direct,30.25,8,No
8937,1075,2026-08-15,Tablet,Direct,10.79,13,No
8938,3968,2025-04-07,Desktop,Referral,15.86,9,No
8939,4305,2025-05-31,Mobile,Email,19.58,12,No
8940,4768,2024-01-03,Tablet,Referral,36.24,12,No
8941,3933,2023-07-30,Desktop,Facebook,37.23,3,No
8942,3573,2025-03-10,Desktop,Organic,11.34,8,No
8943,4516,2023-11-05,Desktop,Referral,8.01,9,No
8944,762,2025-03-26,Mobile,Direct,10.49,9,No
8945,2931,2023-03-22,Desktop,Facebook,9.59,5,No
8946,17,2024-10-23,Desktop,Facebook,34.87,14,No
8947,4863,2023-10-03,Tablet,Organic,44.76,2,No
8948,1537,2026-02-12,Desktop,Referral,27.22,11,No
8949,100,2024-03-13,Tablet,Organic,2.25,11,No
8950,4057,2025-04-05,Tablet,Instagram,12.58,13,No
8951,3173,2026-05-13,Tablet,Google Ads,2.3,8,No
8952,2553,2025-11-21,Tablet,Google Ads,27.36,5,No
8953,3137,2026-05-10,Desktop,Direct,43.73,14,No
8954,3516,2025-01-29,Mobile,Google Ads,37.4,10,Yes
8955,2577,2025-01-23,Desktop,Direct,38.33,2,No
8956,2073,2026-06-21,Mobile,Organic,16.66,5,No
8957,2753,2026-10-07,Desktop,Instagram,30.16,14,No
8958,3774,2023-08-09,Mobile,Direct,23.54,9,No
8959,3450,2026-05-01,Mobile,Facebook,2.28,2,Yes
8960,1361,2024-08-12,Mobile,Facebook,16.69,15,No
8961,2613,2026-04-08,Mobile,Referral,43.72,3,No
8962,3708,2026-02-12,Desktop,Google Ads,11.11,14,No
8963,643,2025-09-10,Mobile,Facebook,4.29,12,No
8964,4540,2023-08-01,Mobile,Direct,35.84,8,No
8965,2000,2024-07-08,Tablet,Facebook,9.91,7,No
8966,1604,2023-03-05,Tablet,Organic,25.68,7,No
8967,4967,2026-03-05,Tablet,Direct,14.7,12,No
8968,4306,2026-07-13,Desktop,Referral,5.34,10,No
8969,3385,2024-05-05,Tablet,Organic,40.68,10,Yes
8970,4848,2025-10-29,Tablet,Instagram,1.92,5,No
8971,3018,2024-03-04,Mobile,Referral,16.72,9,Yes
8972,4325,2024-10-16,Desktop,Instagram,7.66,3,No
8973,3652,2023-12-18,Mobile,Referral,34.66,1,No
8974,2388,2023-03-06,Desktop,Email,3.98,3,Yes
8975,1012,2023-04-23,Mobile,Google Ads,28.05,1,No
8976,4332,2026-04-24,Tablet,Referral,9.99,3,No
8977,122,2024-12-17,Mobile,Organic,34.26,9,No
8978,3813,2026-10-30,Desktop,Referral,17.28,4,No
8979,3055,2024-03-03,Mobile,Referral,43.94,7,No
8980,4460,2025-01-12,Mobile,Facebook,23.74,11,No
8981,2908,2025-05-14,Tablet,Google Ads,13.1,3,No
8982,2437,2024-04-05,Mobile,Email,7.82,1,Yes
8983,4347,2026-12-11,Tablet,Facebook,44.01,5,No
8984,2324,2024-03-22,Mobile,Instagram,14.32,9,No
8985,4511,2026-09-08,Mobile,Facebook,5.98,5,No
8986,4314,2025-12-24,Mobile,Google Ads,29.22,15,No
8987,4211,2026-06-10,Mobile,Referral,14.45,3,No
8988,1627,2024-07-14,Tablet,Facebook,13.79,14,No
8989,856,2025-04-10,Tablet,Email,43.39,5,No
8990,4901,2024-05-26,Desktop,Email,20.38,12,No
8991,3570,2024-03-05,Tablet,Organic,31.97,4,No
8992,595,2024-11-26,Desktop,Facebook,24.95,7,No
8993,3843,2025-09-03,Mobile,Instagram,34.19,12,Yes
8994,1881,2024-08-23,Desktop,Email,38.91,5,No
8995,2099,2026-12-21,Tablet,Google Ads,4.52,7,Yes
8996,2446,2026-04-10,Desktop,Google Ads,13.04,8,No
8997,2569,2025-02-04,Desktop,Facebook,19.92,10,No
8998,4698,2024-04-17,Tablet,Organic,21.01,1,No
8999,2643,2025-09-08,Mobile,Instagram,18.58,8,No
9000,672,2026-12-16,Desktop,Direct,12.07,3,No
9001,1713,2024-08-01,Tablet,Email,22.4,4,No
9002,2327,2023-08-24,Tablet,Google Ads,7.13,5,No
9003,3373,2023-11-04,Desktop,Facebook,44.82,3,No
9004,4954,2026-04-30,Desktop,Direct,26.77,10,No
9005,300,2026-02-27,Desktop,Google Ads,19.55,3,Yes
9006,4472,2026-11-19,Desktop,Facebook,31.59,8,No
9007,4474,2026-09-25,Desktop,Direct,32.38,9,No
9008,2694,2023-01-10,Mobile,Instagram,11.93,1,No
9009,2808,2024-06-05,Mobile,Organic,35.82,6,No
9010,616,2026-12-17,Mobile,Referral,16.79,7,No
9011,290,2025-11-24,Mobile,Referral,4.37,9,Yes
9012,4077,2023-08-11,Mobile,Organic,9.81,1,No
9013,3424,2025-03-04,Mobile,Google Ads,29.06,1,Yes
9014,51,2023-08-27,Tablet,Instagram,35.53,6,No
9015,4058,2024-12-11,Mobile,Organic,17.0,15,No
9016,1503,2026-08-13,Mobile,Email,4.16,7,No
9017,3184,2023-12-16,Desktop,Instagram,30.54,1,No
9018,1127,2024-01-04,Mobile,Instagram,8.62,9,No
9019,3729,2025-07-02,Desktop,Direct,26.27,1,No
9020,1307,2023-08-18,Mobile,Email,24.88,9,No
9021,665,2026-07-07,Desktop,Organic,31.13,13,No
9022,1536,2025-03-24,Mobile,Organic,5.75,2,No
9023,206,2025-07-24,Mobile,Email,12.4,15,No
9024,2348,2026-10-27,Mobile,Instagram,30.97,14,No
9025,1293,2024-01-07,Desktop,Organic,31.13,4,No
9026,2943,2025-12-06,Tablet,Referral,44.4,13,No
9027,503,2023-10-18,Mobile,Google Ads,36.07,10,No
9028,464,2024-09-23,Desktop,Direct,8.34,3,Yes
9029,664,2024-01-11,Tablet,Email,30.69,3,Yes
9030,4445,2025-01-20,Desktop,Organic,26.72,5,No
9031,21,2023-10-06,Desktop,Instagram,20.48,14,No
9032,1671,2025-05-03,Desktop,Referral,6.25,9,No
9033,95,2026-04-01,Mobile,Facebook,29.58,4,No
9034,1525,2023-07-25,Tablet,Facebook,31.45,12,No
9035,2340,2026-03-17,Mobile,Organic,23.65,12,No
9036,4118,2025-02-22,Mobile,Email,5.95,12,No
9037,159,2024-08-03,Mobile,Google Ads,11.62,5,No
9038,1329,2026-12-25,Tablet,Referral,5.05,10,Yes
9039,1461,2026-10-29,Desktop,Email,35.75,5,No
9040,1733,2025-03-21,Mobile,Facebook,43.69,15,No
9041,1979,2024-07-13,Tablet,Facebook,5.62,7,No
9042,3883,2026-03-03,Tablet,Facebook,33.5,4,No
9043,2559,2025-09-13,Desktop,Facebook,12.07,3,Yes
9044,2411,2023-08-04,Mobile,Referral,11.35,14,Yes
9045,2790,2026-12-03,Desktop,Facebook,12.55,2,No
9046,2627,2026-10-06,Tablet,Organic,13.73,12,No
9047,4417,2026-10-24,Desktop,Instagram,26.52,7,No
9048,3672,2025-08-30,Mobile,Google Ads,12.2,6,Yes
9049,306,2025-02-04,Mobile,Organic,33.48,1,Yes
9050,3511,2024-10-17,Desktop,Facebook,6.17,5,No
9051,4027,2023-10-05,Desktop,Google Ads,23.35,5,No
9052,3671,2026-08-10,Desktop,Instagram,29.35,13,No
9053,1425,2026-02-08,Desktop,Direct,2.04,2,No
9054,3904,2026-12-20,Mobile,Email,35.61,1,No
9055,933,2024-11-19,Tablet,Referral,42.88,10,No
9056,1904,2026-07-03,Desktop,Facebook,8.89,6,No
9057,4119,2025-06-10,Desktop,Organic,43.69,5,No
9058,4171,2023-10-04,Tablet,Referral,33.2,12,No
9059,4788,2023-06-08,Desktop,Direct,10.75,3,Yes
9060,408,2023-05-01,Mobile,Organic,22.99,10,No
9061,982,2023-11-10,Desktop,Facebook,9.25,15,No
9062,4604,2025-03-23,Desktop,Instagram,26.83,14,No
9063,1143,2026-04-21,Desktop,Email,16.16,6,No
9064,3275,2026-02-28,Mobile,Email,19.39,10,No
9065,4023,2025-02-11,Desktop,Organic,4.31,13,No
9066,4435,2025-06-12,Desktop,Email,17.69,6,No
9067,4988,2023-06-03,Desktop,Direct,2.16,4,No
9068,557,2024-02-02,Desktop,Organic,25.94,8,No
9069,2905,2024-02-17,Desktop,Organic,18.78,14,No
9070,1877,2025-09-18,Desktop,Direct,25.51,13,Yes
9071,1957,2025-07-06,Tablet,Email,44.67,6,No
9072,4474,2025-11-11,Mobile,Email,32.83,1,No
9073,594,2025-02-24,Tablet,Email,2.81,14,No
9074,1694,2023-11-15,Tablet,Referral,2.46,1,No
9075,4895,2023-04-22,Desktop,Email,37.59,13,Yes
9076,3665,2023-01-06,Desktop,Email,14.56,2,No
9077,2642,2026-04-08,Desktop,Referral,22.36,8,No
9078,3272,2023-12-15,Desktop,Email,2.05,9,No
9079,174,2026-12-13,Desktop,Instagram,44.9,7,No
9080,127,2025-04-01,Mobile,Organic,14.26,11,No
9081,3540,2023-10-20,Tablet,Direct,2.87,1,No
9082,2440,2023-09-24,Tablet,Referral,0.84,3,No
9083,3798,2025-05-19,Desktop,Facebook,14.14,15,No
9084,919,2024-06-29,Mobile,Instagram,22.47,8,No
9085,2574,2026-11-02,Desktop,Organic,41.7,13,No
9086,4469,2025-01-20,Tablet,Referral,6.71,8,No
9087,309,2025-12-12,Mobile,Referral,24.24,11,No
9088,3553,2023-04-24,Tablet,Direct,1.54,14,Yes
9089,3428,2024-07-01,Desktop,Google Ads,26.17,12,No
9090,4382,2025-05-09,Mobile,Direct,32.32,7,No
9091,4396,2026-05-06,Mobile,Google Ads,26.31,6,No
9092,250,2023-07-14,Mobile,Facebook,25.16,8,No
9093,1013,2025-10-23,Mobile,Email,20.86,11,No
9094,3829,2023-12-17,Mobile,Referral,27.23,10,No
9095,2860,2026-10-10,Tablet,Direct,17.45,6,Yes
9096,1277,2023-08-07,Desktop,Organic,34.33,4,No
9097,4549,2023-04-02,Desktop,Email,37.98,14,No
9098,2231,2026-05-09,Desktop,Google Ads,16.51,14,No
9099,3133,2023-01-17,Mobile,Referral,38.92,6,Yes
9100,1313,2026-05-19,Tablet,Instagram,2.39,3,No
9101,61,2023-07-19,Tablet,Instagram,14.7,9,No
9102,2739,2026-11-24,Desktop,Facebook,18.22,10,No
9103,4635,2023-02-15,Desktop,Email,7.34,13,No
9104,3995,2024-05-14,Tablet,Referral,4.97,9,No
9105,4105,2025-05-11,Tablet,Instagram,19.97,6,No
9106,1377,2025-09-20,Tablet,Instagram,11.21,12,No
9107,1534,2024-07-23,Tablet,Facebook,30.91,3,No
9108,3802,2024-11-16,Desktop,Email,43.77,1,No
9109,2797,2023-02-22,Desktop,Facebook,44.42,11,No
9110,907,2023-07-29,Tablet,Facebook,28.67,15,No
9111,1895,2026-11-10,Tablet,Organic,13.75,11,No
9112,2891,2026-03-08,Desktop,Direct,13.54,9,No
9113,692,2026-03-08,Desktop,Facebook,8.81,1,Yes
9114,1397,2026-05-31,Desktop,Referral,1.67,10,No
9115,3204,2024-06-13,Mobile,Google Ads,5.99,6,No
9116,809,2026-02-06,Tablet,Direct,16.03,8,No
9117,2059,2025-07-17,Desktop,Referral,40.28,2,No
9118,320,2025-09-26,Mobile,Referral,1.05,3,No
9119,1501,2025-11-17,Mobile,Email,26.79,8,No
9120,565,2023-01-26,Tablet,Organic,19.33,3,No
9121,4273,2023-09-28,Tablet,Email,12.09,14,Yes
9122,3683,2024-07-19,Desktop,Facebook,20.58,3,No
9123,4406,2025-06-27,Tablet,Referral,3.8,3,No
9124,93,2026-08-24,Mobile,Organic,40.44,14,No
9125,2217,2024-08-08,Tablet,Instagram,24.12,5,No
9126,603,2023-01-25,Tablet,Email,24.51,2,No
9127,2118,2023-01-21,Tablet,Direct,15.8,5,No
9128,3759,2026-10-07,Mobile,Email,42.53,8,No
9129,2848,2023-06-11,Mobile,Email,28.69,1,No
9130,4592,2026-04-12,Desktop,Facebook,9.57,2,Yes
9131,782,2026-11-17,Tablet,Direct,12.62,12,No
9132,1029,2026-10-22,Mobile,Email,41.41,15,Yes
9133,566,2026-08-18,Desktop,Email,5.38,4,Yes
9134,1218,2025-01-18,Tablet,Instagram,27.77,3,Yes
9135,3690,2023-09-19,Desktop,Facebook,23.84,15,No
9136,590,2024-12-03,Tablet,Direct,1.23,3,No
9137,4274,2025-10-19,Tablet,Facebook,37.84,9,No
9138,1227,2023-11-24,Mobile,Instagram,4.17,5,Yes
9139,2199,2023-07-20,Mobile,Referral,1.86,15,No
9140,2633,2026-05-02,Desktop,Facebook,41.13,8,No
9141,182,2026-12-24,Desktop,Google Ads,43.62,4,Yes
9142,718,2026-02-21,Mobile,Instagram,16.47,8,No
9143,948,2025-02-28,Desktop,Instagram,3.44,6,No
9144,2059,2023-04-02,Tablet,Organic,28.63,11,No
9145,3644,2023-10-09,Desktop,Direct,3.22,2,No
9146,1248,2023-01-28,Desktop,Organic,9.06,13,No
9147,3560,2024-05-23,Mobile,Direct,39.51,11,No
9148,1413,2025-09-04,Mobile,Instagram,1.02,10,No
9149,2430,2026-04-08,Mobile,Referral,3.85,2,No
9150,552,2024-11-25,Mobile,Google Ads,25.62,12,No
9151,3125,2024-03-09,Tablet,Google Ads,3.77,4,No
9152,473,2026-11-16,Desktop,Google Ads,17.88,7,Yes
9153,2359,2025-05-08,Tablet,Instagram,10.64,15,Yes
9154,2737,2024-08-11,Desktop,Organic,20.75,7,No
9155,3381,2024-01-15,Desktop,Email,13.11,7,No
9156,3585,2025-08-08,Desktop,Google Ads,12.42,1,No
9157,1154,2024-09-17,Desktop,Google Ads,30.72,13,Yes
9158,3503,2023-03-23,Mobile,Direct,29.54,6,No
9159,1027,2025-05-18,Mobile,Google Ads,2.38,10,No
9160,4274,2026-08-19,Tablet,Facebook,44.89,8,No
9161,4797,2025-12-14,Desktop,Organic,28.2,14,No
9162,2561,2026-09-19,Desktop,Referral,42.1,14,Yes
9163,3096,2026-12-16,Tablet,Referral,1.8,12,No
9164,4317,2024-09-10,Mobile,Referral,18.64,2,No
9165,2499,2025-06-01,Tablet,Organic,1.67,9,No
9166,2834,2026-07-17,Mobile,Email,28.93,5,No
9167,3261,2026-09-02,Mobile,Organic,14.64,2,No
9168,965,2024-11-27,Mobile,Google Ads,23.91,2,No
9169,3334,2025-02-16,Desktop,Email,25.11,10,No
9170,2165,2023-01-16,Mobile,Referral,37.13,11,No
9171,3300,2025-12-02,Desktop,Organic,44.22,6,No
9172,1358,2025-01-23,Mobile,Facebook,14.33,7,Yes
9173,2988,2023-12-08,Tablet,Facebook,44.51,9,No
9174,1456,2025-04-03,Mobile,Direct,3.27,12,No
9175,3348,2025-05-10,Mobile,Facebook,1.51,3,No
9176,812,2023-10-21,Desktop,Referral,17.58,3,No
9177,1644,2025-03-26,Desktop,Direct,34.53,3,Yes
9178,835,2024-12-08,Tablet,Email,2.18,9,No
9179,3470,2025-01-07,Desktop,Organic,18.96,3,No
9180,4623,2025-08-02,Mobile,Organic,38.12,1,Yes
9181,1526,2023-05-28,Tablet,Email,33.76,13,No
9182,4759,2024-01-11,Desktop,Google Ads,35.62,9,No
9183,3099,2026-02-12,Tablet,Organic,6.64,3,No
9184,804,2026-05-20,Desktop,Facebook,3.0,6,No
9185,4891,2026-11-17,Tablet,Instagram,32.91,10,No
9186,575,2025-10-02,Tablet,Organic,22.61,15,No
9187,2237,2024-08-01,Desktop,Organic,33.49,11,No
9188,940,2026-10-31,Desktop,Instagram,6.95,15,No
9189,786,2025-08-20,Tablet,Organic,27.15,1,No
9190,2228,2025-10-16,Desktop,Google Ads,4.14,15,Yes
9191,1371,2024-03-06,Mobile,Instagram,24.86,13,No
9192,4296,2023-12-18,Mobile,Direct,31.41,10,Yes
9193,3359,2025-09-07,Desktop,Organic,34.36,4,Yes
9194,3598,2026-01-13,Mobile,Instagram,20.25,2,No
9195,4819,2026-08-02,Tablet,Referral,33.24,14,Yes
9196,2525,2024-04-14,Tablet,Email,20.48,8,No
9197,4619,2025-10-21,Tablet,Email,5.35,11,Yes
9198,3903,2026-05-27,Tablet,Referral,7.77,6,No
9199,1022,2025-12-29,Desktop,Direct,43.16,14,No
9200,981,2024-03-30,Mobile,Direct,22.14,13,No
9201,3779,2023-01-25,Desktop,Instagram,3.7,5,No
9202,2614,2024-09-03,Mobile,Organic,39.27,15,No
9203,4154,2023-10-25,Mobile,Google Ads,11.83,15,Yes
9204,3360,2023-10-09,Mobile,Direct,6.03,2,No
9205,3664,2023-02-23,Tablet,Referral,1.52,8,No
9206,3094,2024-04-25,Tablet,Email,6.17,2,Yes
9207,1127,2025-10-15,Tablet,Referral,14.46,4,No
9208,2138,2024-01-25,Desktop,Facebook,38.82,3,No
9209,4994,2026-08-21,Desktop,Facebook,1.23,12,No
9210,4748,2023-11-05,Desktop,Organic,35.53,12,Yes
9211,1183,2026-03-19,Mobile,Instagram,24.83,9,No
9212,4389,2024-04-03,Desktop,Organic,9.87,11,No
9213,845,2023-06-30,Mobile,Referral,8.76,10,No
9214,1904,2026-03-22,Mobile,Facebook,1.37,4,No
9215,4097,2023-09-27,Tablet,Referral,42.87,10,No
9216,1242,2023-10-20,Mobile,Referral,23.76,1,No
9217,2625,2025-09-04,Mobile,Direct,21.1,5,No
9218,1571,2024-01-08,Desktop,Instagram,17.53,15,No
9219,4203,2026-07-24,Desktop,Google Ads,40.28,3,No
9220,1481,2023-05-11,Desktop,Direct,26.94,1,No
9221,2389,2026-09-12,Desktop,Organic,23.29,8,Yes
9222,168,2024-09-30,Tablet,Facebook,12.98,14,No
9223,1507,2025-09-07,Tablet,Organic,34.78,13,No
9224,2457,2023-11-09,Mobile,Referral,25.61,1,Yes
9225,3155,2024-02-01,Mobile,Facebook,34.98,5,No
9226,377,2023-12-11,Desktop,Facebook,26.44,10,No
9227,2952,2026-04-17,Mobile,Instagram,1.98,13,No
9228,391,2024-04-28,Desktop,Direct,6.58,12,No
9229,1277,2024-06-08,Desktop,Direct,43.94,11,No
9230,2790,2026-09-23,Tablet,Organic,15.47,1,Yes
9231,3500,2024-09-13,Tablet,Direct,18.95,5,No
9232,1788,2025-11-24,Tablet,Organic,19.22,13,No
9233,1142,2025-10-30,Tablet,Direct,40.2,5,No
9234,3847,2024-12-13,Tablet,Organic,11.03,6,No
9235,1716,2026-01-09,Mobile,Organic,11.27,11,No
9236,4109,2025-02-08,Desktop,Organic,8.82,8,Yes
9237,109,2024-01-25,Tablet,Google Ads,22.86,11,Yes
9238,1101,2024-06-30,Mobile,Instagram,31.52,14,Yes
9239,2804,2025-10-18,Tablet,Instagram,23.75,10,No
9240,1785,2026-01-14,Mobile,Facebook,33.44,14,No
9241,937,2024-12-10,Desktop,Organic,20.68,4,No
9242,4154,2026-08-30,Tablet,Instagram,8.1,13,No
9243,2151,2025-03-20,Mobile,Referral,22.88,14,No
9244,1438,2023-03-19,Tablet,Direct,26.24,13,No
9245,1189,2024-08-26,Desktop,Direct,26.49,15,No
9246,3600,2023-06-27,Mobile,Facebook,34.19,6,No
9247,2077,2026-04-23,Desktop,Direct,35.19,15,No
9248,87,2024-01-21,Tablet,Direct,9.06,6,No
9249,3733,2024-02-25,Desktop,Organic,44.41,2,No
9250,2197,2025-06-19,Mobile,Facebook,22.97,10,No
9251,3877,2023-03-14,Tablet,Referral,8.95,11,No
9252,2813,2023-06-30,Mobile,Referral,18.97,10,Yes
9253,3267,2023-10-01,Tablet,Organic,34.17,12,No
9254,2717,2024-08-09,Tablet,Google Ads,11.77,12,No
9255,1238,2025-03-13,Desktop,Facebook,6.56,5,No
9256,118,2024-11-13,Desktop,Facebook,6.28,3,No
9257,1418,2025-12-04,Tablet,Instagram,38.39,7,No
9258,4589,2024-09-02,Tablet,Google Ads,31.27,13,No
9259,3765,2023-08-13,Tablet,Referral,25.27,13,No
9260,169,2026-06-09,Mobile,Organic,1.28,15,No
9261,4638,2025-09-03,Desktop,Referral,31.01,5,Yes
9262,479,2024-08-06,Mobile,Instagram,32.0,10,No
9263,2301,2026-01-26,Desktop,Instagram,21.46,6,No
9264,2549,2026-01-13,Desktop,Direct,7.47,12,No
9265,3367,2026-06-15,Mobile,Google Ads,8.09,2,No
9266,3361,2026-07-16,Tablet,Email,39.62,15,No
9267,93,2025-04-09,Desktop,Direct,5.63,15,No
9268,2833,2024-09-30,Desktop,Referral,32.18,3,No
9269,426,2025-11-07,Tablet,Instagram,18.79,5,No
9270,622,2023-12-10,Tablet,Organic,42.91,2,No
9271,685,2025-06-10,Desktop,Google Ads,44.69,2,No
9272,2329,2025-03-26,Mobile,Google Ads,31.93,13,No
9273,3776,2025-05-23,Tablet,Instagram,36.9,4,No
9274,1849,2026-02-22,Tablet,Direct,26.8,6,No
9275,4003,2026-06-26,Tablet,Direct,38.35,14,No
9276,418,2025-01-04,Mobile,Email,28.32,15,No
9277,759,2024-04-06,Tablet,Google Ads,43.95,2,No
9278,3529,2026-12-17,Mobile,Referral,6.54,8,No
9279,740,2025-04-01,Desktop,Direct,10.33,12,Yes
9280,4302,2026-01-22,Tablet,Direct,35.82,8,No
9281,3877,2024-05-04,Mobile,Organic,18.51,11,No
9282,4692,2024-06-03,Desktop,Instagram,1.54,1,No
9283,1944,2026-06-28,Desktop,Facebook,26.32,11,No
9284,1250,2025-03-05,Mobile,Direct,23.49,1,No
9285,3605,2025-10-05,Mobile,Instagram,39.61,9,No
9286,1028,2026-02-07,Mobile,Google Ads,41.4,12,No
9287,4840,2023-04-08,Desktop,Direct,32.78,4,No
9288,1105,2023-12-01,Desktop,Google Ads,8.49,3,Yes
9289,3097,2025-11-09,Mobile,Google Ads,44.75,1,No
9290,1758,2025-06-13,Desktop,Google Ads,15.37,2,No
9291,3173,2025-08-01,Mobile,Direct,36.99,14,No
9292,1077,2025-09-02,Tablet,Referral,35.26,15,Yes
9293,3708,2026-01-08,Tablet,Referral,13.17,7,No
9294,3735,2023-08-15,Desktop,Referral,12.99,8,No
9295,1873,2024-04-11,Desktop,Instagram,28.75,9,No
9296,3127,2023-08-07,Tablet,Instagram,39.42,6,No
9297,1139,2025-05-02,Tablet,Instagram,21.38,5,No
9298,511,2024-09-27,Mobile,Google Ads,13.25,3,No
9299,944,2026-06-08,Desktop,Email,38.82,2,No
9300,4175,2023-08-22,Desktop,Email,30.36,14,No
9301,500,2025-03-14,Mobile,Facebook,38.16,12,No
9302,2070,2025-09-20,Tablet,Direct,33.05,12,No
9303,2549,2026-10-24,Tablet,Direct,28.93,5,Yes
9304,4359,2025-03-17,Mobile,Organic,42.06,5,No
9305,4391,2025-03-08,Mobile,Instagram,17.46,14,No
9306,840,2026-10-14,Mobile,Email,36.38,8,No
9307,1420,2023-12-12,Desktop,Google Ads,23.34,15,No
9308,4420,2025-09-14,Tablet,Direct,5.94,10,No
9309,2677,2023-02-24,Desktop,Referral,44.86,8,No
9310,2701,2026-02-27,Mobile,Organic,19.92,12,No
9311,3747,2023-04-22,Mobile,Direct,3.78,3,Yes
9312,887,2023-03-25,Tablet,Instagram,43.36,6,Yes
9313,2270,2025-01-27,Tablet,Email,8.8,13,Yes
9314,1329,2025-10-20,Mobile,Email,5.83,8,Yes
9315,1656,2025-10-15,Desktop,Google Ads,23.2,10,No
9316,4042,2026-08-09,Mobile,Referral,14.41,2,No
9317,1620,2026-03-03,Desktop,Referral,5.79,13,Yes
9318,1958,2024-09-23,Tablet,Instagram,38.2,13,No
9319,1406,2023-06-28,Desktop,Facebook,33.83,3,No
9320,2190,2026-03-23,Tablet,Referral,20.33,4,No
9321,3019,2023-01-17,Mobile,Google Ads,10.76,6,No
9322,50,2025-06-17,Mobile,Instagram,25.29,2,No
9323,4053,2026-04-07,Mobile,Email,5.98,8,No
9324,4096,2025-02-03,Mobile,Instagram,12.5,4,No
9325,3739,2026-06-03,Desktop,Referral,11.03,3,No
9326,4788,2025-03-26,Tablet,Organic,39.59,1,Yes
9327,2520,2024-06-09,Tablet,Referral,17.51,9,No
9328,3278,2023-11-27,Tablet,Direct,9.36,9,Yes
9329,2975,2026-03-31,Mobile,Referral,14.06,1,No
9330,442,2024-01-24,Desktop,Instagram,25.71,5,Yes
9331,2536,2026-07-29,Tablet,Referral,25.25,14,No
9332,126,2025-05-31,Mobile,Organic,23.56,5,No
9333,2379,2025-06-02,Mobile,Organic,38.89,2,Yes
9334,2811,2024-07-19,Tablet,Email,8.0,7,Yes
9335,3278,2024-05-26,Mobile,Organic,23.47,12,No
9336,4796,2025-07-27,Desktop,Google Ads,24.47,7,No
9337,3804,2023-07-03,Mobile,Google Ads,33.95,8,No
9338,556,2024-03-11,Desktop,Email,37.78,15,No
9339,2456,2026-12-21,Tablet,Direct,19.08,12,No
9340,4235,2025-05-29,Desktop,Direct,1.98,10,Yes
9341,915,2026-03-10,Mobile,Facebook,30.88,4,No
9342,1115,2026-02-01,Desktop,Facebook,42.99,5,No
9343,3139,2025-10-21,Mobile,Email,31.87,6,No
9344,1647,2024-11-10,Tablet,Direct,22.76,10,No
9345,2091,2023-12-27,Mobile,Direct,39.46,10,No
9346,4653,2023-04-06,Tablet,Organic,8.04,12,No
9347,4899,2024-05-04,Mobile,Google Ads,22.05,2,No
9348,2547,2023-01-09,Tablet,Instagram,35.39,3,No
9349,109,2024-07-01,Desktop,Instagram,19.8,3,No
9350,2108,2023-06-18,Mobile,Google Ads,10.24,5,No
9351,2595,2023-01-30,Desktop,Facebook,16.68,11,No
9352,953,2024-10-11,Desktop,Email,18.93,13,No
9353,2016,2026-08-12,Mobile,Email,9.96,5,No
9354,258,2023-01-08,Tablet,Google Ads,6.39,4,No
9355,1065,2025-12-24,Desktop,Instagram,31.07,2,No
9356,2171,2025-02-14,Mobile,Google Ads,14.69,6,No
9357,4842,2026-04-24,Mobile,Organic,44.88,2,No
9358,2867,2025-09-26,Desktop,Referral,34.17,11,No
9359,4652,2023-03-09,Desktop,Referral,13.17,6,No
9360,2374,2025-07-23,Tablet,Facebook,19.9,15,No
9361,2809,2023-11-10,Mobile,Referral,23.9,4,No
9362,4775,2024-03-01,Tablet,Google Ads,29.32,5,Yes
9363,3554,2023-09-16,Mobile,Facebook,32.46,14,Yes
9364,3511,2024-07-11,Mobile,Facebook,2.85,4,No
9365,3534,2025-03-19,Desktop,Organic,32.46,2,No
9366,3243,2023-12-26,Desktop,Referral,41.47,7,No
9367,2206,2026-05-24,Desktop,Referral,26.49,2,Yes
9368,3913,2024-07-10,Desktop,Facebook,43.99,13,No
9369,2176,2025-05-16,Mobile,Organic,34.73,8,No
9370,365,2024-05-18,Tablet,Organic,29.25,12,Yes
9371,1460,2024-08-17,Desktop,Facebook,18.64,9,Yes
9372,3857,2024-04-07,Desktop,Referral,9.27,5,Yes
9373,2720,2023-07-28,Desktop,Direct,43.01,7,No
9374,3872,2025-11-13,Tablet,Facebook,26.6,8,No
9375,942,2026-01-13,Mobile,Organic,13.11,7,No
9376,862,2025-11-30,Tablet,Direct,11.41,13,No
9377,2864,2024-04-30,Mobile,Google Ads,11.2,11,No
9378,892,2025-10-31,Mobile,Email,34.47,12,No
9379,3932,2026-11-14,Desktop,Email,27.11,6,No
9380,1967,2024-03-07,Desktop,Instagram,1.44,14,No
9381,1938,2023-10-14,Desktop,Email,32.98,12,No
9382,2286,2023-04-07,Desktop,Instagram,2.8,11,No
9383,4881,2024-11-02,Desktop,Facebook,19.45,15,Yes
9384,4377,2024-05-28,Mobile,Referral,27.56,6,No
9385,2346,2023-06-25,Mobile,Instagram,1.1,7,No
9386,550,2025-03-30,Tablet,Referral,16.36,13,No
9387,2988,2024-10-02,Desktop,Instagram,30.78,1,No
9388,3507,2024-01-04,Mobile,Google Ads,22.62,6,No
9389,4549,2024-09-21,Mobile,Instagram,28.02,13,Yes
9390,4941,2025-11-09,Mobile,Facebook,21.27,9,No
9391,746,2024-07-13,Tablet,Email,35.02,1,No
9392,2343,2026-09-23,Tablet,Facebook,6.51,4,No
9393,1462,2026-09-09,Desktop,Direct,6.59,4,No
9394,4281,2024-04-05,Mobile,Facebook,31.26,11,No
9395,951,2025-01-29,Mobile,Facebook,44.15,3,No
9396,183,2025-07-12,Desktop,Organic,38.64,1,No
9397,4927,2024-10-15,Mobile,Instagram,14.4,2,No
9398,1520,2026-01-16,Tablet,Facebook,12.73,8,No
9399,619,2026-01-15,Mobile,Instagram,15.92,15,No
9400,390,2026-11-14,Tablet,Google Ads,8.26,7,No
9401,3980,2024-08-30,Mobile,Direct,26.68,6,No
9402,508,2026-04-28,Desktop,Direct,30.15,9,No
9403,675,2026-12-20,Tablet,Instagram,3.69,2,Yes
9404,4715,2025-11-27,Tablet,Email,21.76,4,No
9405,4785,2025-06-11,Desktop,Referral,4.62,2,No
9406,3413,2023-04-19,Tablet,Instagram,6.45,4,No
9407,4613,2026-09-06,Mobile,Organic,33.83,5,No
9408,3354,2026-12-12,Mobile,Referral,39.22,9,No
9409,505,2025-01-14,Tablet,Email,21.61,14,Yes
9410,4960,2026-10-08,Mobile,Google Ads,37.4,2,No
9411,3288,2024-06-16,Mobile,Facebook,24.89,5,No
9412,1693,2026-01-23,Tablet,Google Ads,1.75,10,No
9413,631,2026-09-20,Tablet,Facebook,13.07,9,No
9414,4654,2025-09-03,Mobile,Organic,19.62,3,Yes
9415,4054,2026-08-07,Tablet,Google Ads,30.36,15,No
9416,1988,2023-04-05,Mobile,Direct,44.13,13,Yes
9417,1231,2023-02-18,Tablet,Direct,5.42,12,No
9418,1632,2024-08-26,Tablet,Facebook,14.28,5,No
9419,353,2023-06-01,Tablet,Referral,23.53,10,No
9420,2986,2026-03-18,Mobile,Direct,29.33,15,No
9421,2520,2024-07-12,Mobile,Email,38.43,1,No
9422,290,2024-05-18,Tablet,Referral,15.77,11,No
9423,3114,2025-02-10,Mobile,Organic,16.21,5,No
9424,3841,2023-09-24,Mobile,Referral,34.53,9,No
9425,3614,2024-06-21,Desktop,Facebook,8.04,13,No
9426,1117,2023-06-12,Desktop,Direct,26.04,2,No
9427,2308,2025-03-30,Desktop,Direct,2.96,14,No
9428,382,2023-09-19,Tablet,Direct,17.93,13,No
9429,107,2025-12-05,Desktop,Facebook,22.1,10,No
9430,701,2026-02-18,Desktop,Email,43.23,6,No
9431,3264,2026-11-26,Desktop,Facebook,15.41,5,No
9432,739,2026-03-25,Tablet,Direct,5.24,13,No
9433,180,2026-07-05,Tablet,Referral,33.94,13,No
9434,4986,2026-10-20,Mobile,Instagram,38.18,4,No
9435,2526,2024-02-06,Tablet,Organic,14.18,3,No
9436,1605,2024-09-05,Mobile,Referral,23.7,3,No
9437,3621,2024-06-26,Tablet,Facebook,8.4,10,Yes
9438,2120,2023-03-05,Desktop,Facebook,24.55,3,Yes
9439,2327,2024-09-14,Tablet,Instagram,39.33,10,No
9440,3469,2023-05-27,Mobile,Referral,14.43,1,No
9441,1005,2024-11-17,Mobile,Google Ads,26.11,5,No
9442,4025,2026-07-29,Tablet,Email,1.73,6,No
9443,4566,2025-06-11,Tablet,Direct,39.38,11,No
9444,4771,2024-02-27,Tablet,Email,1.15,15,No
9445,4724,2023-10-01,Desktop,Email,16.88,13,No
9446,2666,2025-02-18,Desktop,Direct,44.82,13,No
9447,2783,2023-07-07,Mobile,Google Ads,30.48,11,Yes
9448,2191,2025-04-11,Mobile,Google Ads,29.58,1,No
9449,1169,2025-12-16,Tablet,Email,13.51,11,No
9450,4563,2025-01-14,Desktop,Email,5.74,6,No
9451,4399,2024-04-10,Tablet,Facebook,37.26,7,No
9452,830,2024-05-29,Mobile,Facebook,19.18,9,Yes
9453,2862,2026-11-20,Tablet,Instagram,44.81,8,No
9454,2658,2025-05-01,Tablet,Direct,23.99,7,Yes
9455,4100,2025-07-30,Tablet,Facebook,7.14,2,No
9456,3688,2026-03-23,Desktop,Facebook,24.79,2,No
9457,384,2024-12-24,Mobile,Facebook,15.23,12,No
9458,3382,2023-03-01,Desktop,Referral,33.04,6,Yes
9459,2251,2024-02-12,Mobile,Facebook,15.71,14,No
9460,4573,2025-03-23,Desktop,Organic,21.42,4,No
9461,1981,2023-09-05,Tablet,Google Ads,17.85,14,No
9462,470,2024-12-01,Tablet,Instagram,3.25,15,No
9463,1083,2023-03-12,Mobile,Email,42.01,11,No
9464,4067,2024-05-23,Desktop,Google Ads,1.14,1,No
9465,3125,2025-11-08,Mobile,Referral,5.89,1,Yes
9466,2281,2023-09-22,Mobile,Facebook,4.9,11,Yes
9467,4439,2024-11-04,Tablet,Google Ads,42.71,11,Yes
9468,1149,2024-08-23,Desktop,Organic,16.44,8,No
9469,1091,2024-02-21,Desktop,Organic,32.77,1,No
9470,1776,2024-02-24,Mobile,Direct,41.37,1,No
9471,4966,2023-02-18,Tablet,Email,8.87,13,No
9472,4862,2024-08-16,Tablet,Google Ads,16.18,5,No
9473,373,2024-11-30,Tablet,Referral,8.04,14,No
9474,1444,2023-04-10,Mobile,Organic,40.79,6,Yes
9475,1947,2025-07-31,Mobile,Google Ads,40.0,12,No
9476,1419,2023-05-23,Desktop,Referral,11.23,8,No
9477,4723,2023-02-03,Mobile,Referral,0.87,13,No
9478,4673,2026-02-04,Desktop,Google Ads,10.9,11,No
9479,2153,2024-03-14,Tablet,Facebook,33.04,8,No
9480,4343,2026-05-23,Mobile,Direct,44.57,13,No
9481,2121,2025-07-27,Desktop,Referral,36.74,6,No
9482,3334,2026-01-17,Mobile,Email,36.65,7,No
9483,2529,2025-10-15,Tablet,Facebook,40.14,2,No
9484,1969,2024-07-22,Tablet,Direct,40.55,6,No
9485,582,2025-07-02,Mobile,Referral,19.55,8,No
9486,4199,2026-12-28,Desktop,Direct,24.06,6,No
9487,4272,2024-11-09,Tablet,Email,6.42,1,Yes
9488,638,2026-03-09,Mobile,Email,14.05,15,No
9489,991,2025-04-01,Desktop,Email,2.36,1,No
9490,2313,2026-05-07,Mobile,Referral,44.04,4,No
9491,4934,2025-06-01,Tablet,Referral,25.2,5,No
9492,4656,2026-08-16,Mobile,Direct,25.33,9,No
9493,3057,2025-09-16,Tablet,Organic,8.74,8,No
9494,4892,2025-12-08,Desktop,Instagram,31.06,14,No
9495,64,2023-08-05,Mobile,Email,6.65,14,No
9496,3466,2023-12-19,Tablet,Google Ads,21.25,13,No
9497,4511,2025-02-14,Desktop,Instagram,41.9,1,No
9498,4144,2025-01-02,Tablet,Direct,13.58,10,No
9499,1431,2024-01-05,Desktop,Google Ads,27.0,3,No
9500,98,2024-04-06,Tablet,Organic,16.21,8,No
9501,3911,2025-06-13,Desktop,Facebook,3.1,2,No
9502,172,2024-06-29,Desktop,Organic,44.75,7,No
9503,3850,2023-05-26,Tablet,Facebook,44.75,10,Yes
9504,4500,2024-08-20,Tablet,Email,31.56,8,No
9505,3619,2026-02-25,Desktop,Organic,28.56,12,No
9506,2811,2025-01-16,Tablet,Referral,5.69,13,Yes
9507,2222,2023-04-02,Tablet,Email,41.91,5,Yes
9508,811,2023-02-11,Tablet,Organic,3.14,8,No
9509,3633,2025-06-24,Mobile,Organic,16.4,14,No
9510,792,2024-02-11,Desktop,Google Ads,32.42,8,No
9511,124,2025-10-08,Mobile,Referral,33.75,8,No
9512,4539,2026-04-16,Desktop,Google Ads,27.63,4,Yes
9513,2667,2026-06-19,Tablet,Google Ads,36.86,7,No
9514,506,2023-02-25,Mobile,Instagram,37.16,5,No
9515,2012,2023-12-29,Desktop,Direct,27.89,14,No
9516,1059,2024-02-16,Tablet,Direct,40.59,8,No
9517,521,2024-01-11,Tablet,Facebook,44.66,4,No
9518,2128,2023-07-01,Desktop,Facebook,13.87,6,No
9519,3196,2023-03-11,Desktop,Direct,34.71,11,No
9520,4522,2023-01-16,Desktop,Direct,34.05,5,No
9521,2765,2025-01-02,Tablet,Email,1.43,15,No
9522,1668,2024-12-17,Desktop,Facebook,20.56,12,No
9523,2857,2024-01-21,Mobile,Direct,19.43,7,Yes
9524,131,2026-04-16,Tablet,Google Ads,20.34,11,No
9525,4815,2024-06-30,Mobile,Referral,3.6,12,No
9526,152,2024-06-28,Desktop,Organic,45.0,3,No
9527,1140,2024-08-04,Tablet,Instagram,24.48,6,No
9528,185,2023-07-18,Mobile,Organic,1.07,3,No
9529,1856,2025-04-28,Mobile,Facebook,39.59,14,No
9530,4798,2025-09-11,Tablet,Facebook,9.75,3,Yes
9531,1855,2024-04-21,Tablet,Referral,8.38,3,No
9532,1207,2025-10-28,Tablet,Google Ads,24.0,3,No
9533,902,2023-04-08,Desktop,Google Ads,16.14,9,No
9534,3262,2026-10-01,Mobile,Email,18.18,1,No
9535,1317,2024-04-06,Desktop,Email,31.05,9,No
9536,4649,2024-07-02,Desktop,Google Ads,33.23,1,Yes
9537,1897,2024-07-21,Desktop,Organic,23.61,4,No
9538,292,2025-06-03,Mobile,Direct,12.03,2,Yes
9539,4764,2025-11-02,Desktop,Referral,31.31,11,No
9540,2859,2025-11-23,Desktop,Facebook,39.07,15,No
9541,4415,2026-11-02,Desktop,Instagram,38.01,1,No
9542,4862,2025-01-14,Tablet,Direct,7.77,10,Yes
9543,2283,2025-04-06,Tablet,Instagram,14.57,15,No
9544,2648,2023-10-04,Tablet,Referral,2.4,15,No
9545,851,2026-08-25,Tablet,Organic,3.41,5,No
9546,3306,2024-04-02,Tablet,Referral,9.24,13,No
9547,179,2025-05-30,Desktop,Organic,1.5,8,No
9548,105,2024-01-04,Tablet,Referral,26.62,13,No
9549,3866,2023-03-15,Tablet,Email,23.38,15,Yes
9550,1637,2025-06-14,Mobile,Organic,34.7,11,Yes
9551,1037,2026-11-20,Desktop,Facebook,9.0,9,No
9552,4457,2024-11-08,Tablet,Instagram,40.84,12,No
9553,4019,2023-12-29,Desktop,Instagram,1.33,8,No
9554,2773,2023-06-06,Desktop,Referral,31.13,15,Yes
9555,2652,2026-04-11,Mobile,Google Ads,17.21,8,Yes
9556,3012,2025-05-22,Mobile,Email,43.97,3,Yes
9557,2790,2025-10-10,Desktop,Email,19.56,6,No
9558,2284,2026-03-25,Mobile,Facebook,28.0,9,No
9559,3653,2026-02-14,Mobile,Email,25.64,15,No
9560,832,2026-10-18,Tablet,Direct,40.32,14,No
9561,1239,2025-10-13,Desktop,Facebook,43.17,4,No
9562,3543,2023-08-17,Tablet,Email,38.4,9,Yes
9563,2018,2023-10-01,Mobile,Organic,1.49,2,No
9564,3974,2026-02-05,Tablet,Email,32.17,14,No
9565,3985,2024-07-11,Mobile,Google Ads,11.26,2,Yes
9566,3260,2026-06-23,Desktop,Email,38.18,1,No
9567,169,2025-09-12,Mobile,Instagram,38.9,1,No
9568,563,2025-09-19,Desktop,Email,25.16,8,Yes
9569,3252,2025-10-08,Tablet,Email,38.76,13,No
9570,3270,2024-03-06,Mobile,Google Ads,16.68,7,No
9571,54,2026-04-07,Tablet,Direct,23.73,5,No
9572,2541,2026-05-14,Desktop,Facebook,16.3,11,No
9573,4516,2026-11-02,Mobile,Organic,29.93,7,No
9574,4808,2026-12-20,Desktop,Google Ads,8.2,10,No
9575,2130,2025-10-20,Mobile,Facebook,40.4,13,No
9576,647,2024-12-11,Tablet,Instagram,32.65,9,No
9577,1718,2026-03-04,Mobile,Email,28.45,9,No
9578,971,2023-12-11,Mobile,Email,29.38,12,No
9579,3697,2023-09-29,Mobile,Referral,16.78,11,No
9580,1749,2025-05-05,Desktop,Instagram,2.85,7,No
9581,3301,2025-06-08,Mobile,Instagram,21.09,10,Yes
9582,3444,2025-05-03,Mobile,Google Ads,25.74,9,Yes
9583,4099,2026-01-21,Tablet,Facebook,16.31,4,Yes
9584,2545,2026-01-28,Desktop,Instagram,6.56,6,No
9585,155,2025-11-22,Tablet,Direct,16.06,2,No
9586,2190,2025-09-14,Mobile,Instagram,43.68,3,No
9587,2428,2026-06-27,Tablet,Direct,31.73,2,No
9588,53,2023-06-23,Mobile,Google Ads,42.7,13,Yes
9589,1015,2024-10-24,Desktop,Facebook,32.23,3,No
9590,2379,2024-04-13,Desktop,Email,25.93,5,No
9591,1237,2026-10-12,Desktop,Referral,11.65,6,No
9592,4699,2026-10-18,Desktop,Direct,37.94,12,No
9593,2379,2026-06-26,Mobile,Direct,21.07,1,No
9594,2282,2024-10-10,Tablet,Direct,17.41,7,No
9595,2555,2024-05-28,Desktop,Email,5.36,12,Yes
9596,831,2026-10-17,Mobile,Facebook,12.35,14,No
9597,342,2026-02-12,Mobile,Instagram,6.28,2,No
9598,1706,2024-04-22,Mobile,Direct,16.78,3,Yes
9599,3175,2026-07-24,Tablet,Instagram,22.74,9,No
9600,1636,2023-10-19,Tablet,Instagram,19.27,10,No
9601,483,2024-03-29,Desktop,Organic,8.47,13,No
9602,716,2024-10-16,Mobile,Google Ads,34.41,12,Yes
9603,4074,2026-06-13,Mobile,Facebook,23.12,15,Yes
9604,31,2024-03-06,Tablet,Direct,2.98,4,No
9605,3293,2025-04-17,Tablet,Direct,36.72,14,Yes
9606,4167,2024-09-05,Mobile,Direct,4.08,15,No
9607,362,2025-02-17,Mobile,Referral,33.59,11,No
9608,2753,2026-07-13,Mobile,Facebook,3.26,11,No
9609,2571,2024-05-12,Tablet,Instagram,41.43,6,Yes
9610,2229,2024-08-01,Tablet,Referral,23.03,1,No
9611,1692,2023-04-22,Tablet,Referral,32.4,6,No
9612,4958,2025-04-06,Desktop,Instagram,6.11,14,Yes
9613,1107,2026-10-16,Mobile,Direct,15.51,3,No
9614,769,2023-04-02,Mobile,Google Ads,5.25,11,No
9615,120,2024-04-01,Desktop,Referral,44.81,10,No
9616,6,2025-01-08,Desktop,Google Ads,0.8,1,No
9617,2215,2026-01-14,Mobile,Email,31.1,4,No
9618,67,2026-09-29,Desktop,Facebook,3.34,6,No
9619,3129,2026-06-27,Mobile,Organic,10.24,15,No
9620,2094,2025-02-19,Tablet,Referral,10.33,10,No
9621,2660,2024-10-16,Tablet,Facebook,24.7,7,No
9622,1766,2025-11-27,Desktop,Instagram,17.71,4,No
9623,3380,2025-12-07,Desktop,Instagram,11.67,11,Yes
9624,1950,2023-01-29,Tablet,Instagram,44.83,3,Yes
9625,652,2023-02-05,Mobile,Instagram,15.28,10,No
9626,4130,2025-07-12,Desktop,Instagram,28.78,11,Yes
9627,517,2026-08-17,Mobile,Referral,4.45,11,No
9628,3114,2026-05-25,Tablet,Google Ads,40.91,4,Yes
9629,1451,2023-05-10,Mobile,Google Ads,20.34,9,No
9630,432,2025-04-03,Mobile,Email,27.29,14,No
9631,2041,2025-12-07,Mobile,Referral,42.81,9,No
9632,2566,2023-10-05,Desktop,Instagram,29.3,14,No
9633,2285,2023-04-16,Desktop,Direct,4.38,2,Yes
9634,2241,2025-07-08,Mobile,Facebook,22.31,10,No
9635,3719,2024-07-01,Desktop,Google Ads,4.2,6,No
9636,3293,2023-02-24,Desktop,Instagram,15.85,1,No
9637,904,2026-08-24,Mobile,Instagram,31.78,11,No
9638,3891,2023-10-12,Desktop,Instagram,38.51,9,Yes
9639,2982,2025-07-08,Desktop,Instagram,28.33,12,No
9640,404,2023-08-13,Tablet,Email,21.87,2,No
9641,879,2024-11-15,Tablet,Email,4.56,1,No
9642,1799,2025-07-03,Tablet,Organic,29.69,10,No
9643,4350,2023-01-12,Tablet,Instagram,36.06,9,No
9644,1574,2023-10-25,Mobile,Referral,26.69,2,No
9645,1968,2025-08-05,Desktop,Google Ads,36.23,15,No
9646,3840,2026-08-27,Tablet,Direct,16.37,5,No
9647,774,2024-06-27,Mobile,Referral,22.91,3,Yes
9648,4467,2026-02-01,Mobile,Facebook,7.14,6,No
9649,3942,2025-11-30,Tablet,Organic,26.58,13,No
9650,4594,2023-11-23,Mobile,Instagram,34.48,4,No
9651,106,2023-08-11,Desktop,Google Ads,44.04,11,No
9652,4390,2025-12-12,Desktop,Referral,28.24,13,Yes
9653,1095,2025-04-29,Desktop,Email,1.8,6,No
9654,4686,2023-07-29,Desktop,Email,43.37,5,No
9655,2176,2025-12-12,Mobile,Email,39.64,1,No
9656,3228,2023-05-24,Desktop,Instagram,19.06,9,Yes
9657,2309,2024-09-04,Tablet,Referral,21.02,3,Yes
9658,698,2026-01-01,Tablet,Referral,15.69,12,No
9659,3636,2026-02-02,Mobile,Facebook,15.4,5,Yes
9660,4941,2024-03-31,Tablet,Instagram,32.56,13,Yes
9661,3493,2023-06-21,Tablet,Organic,42.45,7,No
9662,4553,2025-08-08,Tablet,Google Ads,28.41,3,No
9663,1261,2025-02-03,Tablet,Instagram,38.41,13,No
9664,1934,2023-07-05,Mobile,Instagram,14.62,14,No
9665,4071,2023-08-26,Mobile,Instagram,13.6,12,No
9666,3510,2025-12-15,Tablet,Google Ads,1.75,6,No
9667,1465,2025-08-06,Tablet,Referral,44.24,1,No
9668,250,2025-07-15,Desktop,Email,5.79,10,No
9669,3040,2025-10-04,Tablet,Email,4.34,3,No
9670,3896,2023-12-08,Tablet,Direct,30.48,7,No
9671,651,2024-07-20,Desktop,Direct,44.81,13,No
9672,3035,2026-04-24,Mobile,Organic,12.47,4,No
9673,168,2025-08-09,Tablet,Instagram,26.53,7,No
9674,1490,2025-12-11,Desktop,Referral,29.31,6,No
9675,495,2024-04-19,Desktop,Facebook,42.39,12,No
9676,607,2026-08-30,Mobile,Email,14.99,3,No
9677,4392,2026-04-25,Mobile,Referral,40.12,8,No
9678,3985,2024-04-26,Desktop,Google Ads,33.64,7,No
9679,3045,2026-09-26,Desktop,Referral,21.17,2,No
9680,3563,2023-03-19,Mobile,Email,44.44,7,No
9681,2384,2024-02-05,Desktop,Google Ads,4.72,1,No
9682,839,2025-01-14,Tablet,Instagram,41.89,11,No
9683,1500,2024-10-03,Desktop,Instagram,31.85,8,No
9684,132,2023-09-13,Desktop,Referral,9.99,10,No
9685,4669,2026-03-26,Desktop,Google Ads,17.51,4,Yes
9686,2307,2025-06-12,Mobile,Google Ads,15.72,1,No
9687,4467,2023-06-17,Desktop,Google Ads,17.19,8,Yes
9688,2174,2025-05-18,Desktop,Organic,38.87,14,Yes
9689,174,2026-09-12,Mobile,Referral,34.87,14,No
9690,131,2025-08-19,Mobile,Referral,14.9,4,No
9691,2787,2025-08-29,Tablet,Referral,5.74,12,No
9692,4917,2025-11-11,Desktop,Google Ads,27.91,1,No
9693,141,2024-12-02,Mobile,Direct,40.38,5,Yes
9694,4899,2025-06-23,Desktop,Direct,40.21,13,No
9695,2006,2023-03-15,Mobile,Instagram,40.2,12,Yes
9696,2802,2023-08-08,Tablet,Email,44.43,10,Yes
9697,116,2026-09-21,Mobile,Email,23.18,10,No
9698,168,2026-03-19,Desktop,Organic,3.92,1,No
9699,1978,2024-01-07,Tablet,Referral,23.03,15,No
9700,1942,2024-12-29,Mobile,Facebook,12.27,5,No
9701,3365,2023-11-05,Desktop,Email,7.41,10,No
9702,3524,2026-12-04,Mobile,Organic,3.83,4,No
9703,3484,2025-05-21,Mobile,Email,20.15,9,No
9704,167,2024-01-14,Desktop,Organic,6.16,2,No
9705,4484,2024-01-21,Mobile,Facebook,22.65,10,Yes
9706,1388,2025-12-09,Tablet,Google Ads,34.94,7,Yes
9707,1847,2023-04-30,Desktop,Google Ads,35.22,3,No
9708,452,2026-06-27,Tablet,Facebook,42.65,4,Yes
9709,3187,2025-01-25,Desktop,Referral,1.36,13,No
9710,1739,2026-12-30,Tablet,Instagram,40.13,8,No
9711,3819,2025-02-17,Desktop,Email,30.23,14,No
9712,501,2025-05-27,Desktop,Instagram,16.59,5,No
9713,3832,2024-11-01,Mobile,Direct,10.19,8,No
9714,1093,2026-10-18,Tablet,Facebook,23.64,13,No
9715,4907,2023-10-01,Mobile,Facebook,25.23,9,No
9716,4909,2023-10-13,Mobile,Facebook,41.96,14,No
9717,3392,2026-08-22,Mobile,Organic,4.42,1,No
9718,46,2024-09-07,Desktop,Direct,22.91,11,No
9719,4511,2026-11-27,Desktop,Organic,27.63,4,No
9720,4060,2025-08-25,Tablet,Instagram,12.68,2,No
9721,2266,2026-01-05,Tablet,Direct,1.54,6,No
9722,1666,2023-09-08,Tablet,Google Ads,44.03,8,No
9723,2313,2023-09-29,Mobile,Organic,1.05,3,No
9724,4229,2026-02-23,Mobile,Direct,24.44,12,No
9725,1649,2023-10-09,Desktop,Referral,28.3,10,Yes
9726,327,2024-11-01,Desktop,Google Ads,23.7,15,No
9727,744,2023-02-23,Tablet,Google Ads,22.39,1,No
9728,126,2023-07-13,Mobile,Direct,24.76,3,Yes
9729,3218,2026-06-08,Tablet,Instagram,44.59,1,No
9730,1947,2026-01-26,Mobile,Referral,26.25,15,No
9731,3553,2025-03-17,Mobile,Email,34.97,9,No
9732,4568,2025-12-29,Tablet,Organic,8.37,14,No
9733,3031,2023-12-11,Tablet,Referral,4.15,7,No
9734,4452,2026-06-11,Tablet,Direct,40.72,1,No
9735,2724,2026-04-12,Mobile,Organic,1.54,7,Yes
9736,2240,2025-10-03,Tablet,Direct,1.14,10,No
9737,4150,2026-12-27,Tablet,Google Ads,13.55,10,No
9738,3158,2023-01-22,Tablet,Email,44.88,11,No
9739,3659,2024-10-26,Mobile,Google Ads,14.65,10,No
9740,2636,2025-08-17,Desktop,Direct,37.65,9,No
9741,283,2025-07-29,Mobile,Referral,10.43,9,No
9742,1858,2025-03-03,Mobile,Google Ads,33.44,12,No
9743,829,2026-12-25,Desktop,Facebook,27.44,8,Yes
9744,3109,2024-03-06,Mobile,Google Ads,25.92,1,No
9745,2891,2026-08-04,Desktop,Facebook,42.44,2,No
9746,4432,2023-11-10,Tablet,Instagram,43.79,6,No
9747,679,2024-10-21,Tablet,Organic,12.82,1,No
9748,3531,2025-03-16,Mobile,Facebook,2.98,4,Yes
9749,1605,2024-03-10,Desktop,Organic,34.27,5,No
9750,149,2026-02-13,Mobile,Facebook,19.86,4,Yes
9751,1631,2026-07-03,Mobile,Instagram,2.64,10,No
9752,3714,2026-01-14,Desktop,Direct,42.7,14,No
9753,276,2024-06-17,Desktop,Referral,6.82,10,No
9754,2238,2025-10-16,Tablet,Referral,7.2,11,Yes
9755,2361,2024-10-06,Tablet,Google Ads,19.84,8,No
9756,2693,2026-04-10,Mobile,Organic,37.05,9,No
9757,1571,2024-02-22,Tablet,Facebook,18.19,11,No
9758,570,2023-03-07,Tablet,Google Ads,11.59,9,No
9759,611,2026-08-18,Mobile,Instagram,38.8,10,No
9760,3747,2025-09-08,Mobile,Facebook,3.81,7,No
9761,4517,2025-05-16,Tablet,Google Ads,6.76,5,No
9762,3489,2025-03-29,Tablet,Direct,10.26,15,No
9763,4042,2024-05-30,Desktop,Facebook,30.4,1,No
9764,4677,2023-11-10,Mobile,Referral,43.8,5,No
9765,415,2025-05-07,Tablet,Direct,5.05,13,No
9766,4362,2023-09-29,Desktop,Referral,43.12,3,Yes
9767,4845,2023-12-06,Mobile,Organic,22.42,1,No
9768,1335,2023-03-31,Desktop,Referral,1.51,15,No
9769,2405,2024-03-17,Desktop,Facebook,20.49,10,No
9770,3421,2024-09-04,Desktop,Facebook,4.3,5,Yes
9771,85,2025-07-13,Mobile,Direct,19.4,11,No
9772,1272,2023-09-16,Desktop,Google Ads,33.05,12,No
9773,3481,2024-10-01,Mobile,Facebook,39.49,7,Yes
9774,3110,2026-05-16,Mobile,Google Ads,25.39,4,Yes
9775,149,2025-11-09,Mobile,Google Ads,21.23,15,No
9776,2756,2024-03-19,Tablet,Direct,37.9,6,No
9777,3589,2025-11-24,Mobile,Facebook,6.87,14,No
9778,4070,2025-06-16,Mobile,Organic,26.91,4,No
9779,1141,2025-06-27,Desktop,Email,16.84,3,No
9780,748,2026-02-14,Tablet,Email,23.91,2,No
9781,1412,2026-05-30,Desktop,Facebook,41.75,5,No
9782,4141,2025-12-31,Desktop,Email,11.98,14,Yes
9783,3984,2023-12-28,Mobile,Organic,11.61,9,No
9784,2866,2024-11-17,Desktop,Google Ads,16.74,6,Yes
9785,682,2025-10-15,Mobile,Google Ads,25.35,11,Yes
9786,378,2024-02-25,Mobile,Organic,44.08,8,No
9787,2333,2023-06-07,Tablet,Referral,18.83,14,No
9788,3917,2026-03-20,Mobile,Facebook,38.71,1,Yes
9789,1830,2023-03-05,Tablet,Facebook,9.69,10,Yes
9790,4182,2023-11-19,Mobile,Instagram,32.61,6,No
9791,3788,2025-08-07,Tablet,Organic,10.55,14,No
9792,3480,2024-12-24,Mobile,Referral,13.12,11,No
9793,2110,2025-04-04,Desktop,Organic,19.13,10,Yes
9794,1739,2023-07-05,Desktop,Organic,32.98,5,Yes
9795,1439,2024-01-10,Desktop,Email,38.57,13,Yes
9796,416,2025-08-08,Desktop,Organic,39.72,1,No
9797,1481,2025-07-20,Desktop,Instagram,13.07,12,No
9798,3471,2025-02-07,Tablet,Organic,6.95,5,No
9799,1854,2024-11-27,Tablet,Email,1.88,5,No
9800,791,2024-03-11,Desktop,Referral,6.93,9,No
9801,3500,2025-01-04,Desktop,Organic,25.85,1,No
9802,1042,2024-09-30,Tablet,Facebook,6.24,12,Yes
9803,4205,2023-11-28,Tablet,Organic,29.12,8,Yes
9804,1176,2026-10-06,Desktop,Organic,15.4,5,No
9805,4540,2025-11-07,Desktop,Instagram,32.6,8,No
9806,3017,2024-09-29,Desktop,Email,28.68,6,No
9807,1459,2024-10-11,Tablet,Instagram,8.41,1,No
9808,2110,2026-02-01,Desktop,Email,12.09,3,Yes
9809,556,2023-10-26,Mobile,Organic,29.45,2,No
9810,2229,2023-09-09,Mobile,Referral,27.07,2,No
9811,4451,2024-12-21,Tablet,Email,40.71,11,Yes
9812,765,2023-09-27,Desktop,Direct,3.28,3,No
9813,329,2026-07-12,Tablet,Facebook,2.43,13,No
9814,4109,2023-02-27,Tablet,Direct,25.92,1,No
9815,647,2023-07-17,Mobile,Google Ads,0.73,1,No
9816,2005,2025-11-22,Desktop,Instagram,24.65,4,No
9817,661,2023-04-26,Tablet,Google Ads,16.6,11,No
9818,1479,2026-12-10,Mobile,Facebook,19.49,14,No
9819,645,2023-06-18,Desktop,Referral,25.72,6,No
9820,4604,2023-02-23,Tablet,Facebook,14.6,5,No
9821,463,2023-08-23,Mobile,Google Ads,19.35,11,No
9822,1121,2024-04-23,Desktop,Organic,1.27,8,No
9823,3385,2026-12-10,Tablet,Instagram,41.0,13,No
9824,2652,2023-02-09,Desktop,Google Ads,11.05,8,No
9825,2223,2025-02-21,Desktop,Referral,18.52,2,No
9826,484,2023-07-20,Tablet,Instagram,10.89,1,No
9827,3018,2024-10-08,Tablet,Google Ads,43.58,9,Yes
9828,1086,2025-08-17,Mobile,Organic,26.64,12,No
9829,1254,2026-08-28,Desktop,Google Ads,28.61,9,No
9830,2682,2026-01-27,Tablet,Referral,9.95,11,Yes
9831,4573,2026-07-11,Tablet,Instagram,12.09,13,Yes
9832,552,2026-09-17,Mobile,Email,24.6,11,No
9833,2032,2023-03-30,Mobile,Referral,9.68,12,No
9834,2171,2026-08-18,Desktop,Facebook,4.0,1,No
9835,1655,2024-04-28,Desktop,Direct,43.36,5,No
9836,3890,2026-10-20,Tablet,Instagram,41.96,15,No
9837,3596,2023-10-29,Tablet,Direct,12.0,5,No
9838,1513,2025-08-22,Desktop,Email,2.89,15,No
9839,4803,2026-11-25,Desktop,Instagram,31.75,7,No
9840,1211,2025-08-17,Desktop,Instagram,1.02,11,No
9841,3675,2026-12-26,Mobile,Organic,22.18,14,No
9842,776,2026-01-16,Tablet,Organic,7.51,6,No
9843,3008,2024-02-22,Mobile,Google Ads,37.17,14,No
9844,4186,2025-01-18,Tablet,Direct,33.13,9,No
9845,204,2023-11-20,Desktop,Email,31.16,4,No
9846,4266,2026-08-01,Tablet,Organic,11.06,9,Yes
9847,4037,2025-07-15,Mobile,Google Ads,21.43,4,No
9848,4444,2025-02-26,Mobile,Instagram,32.48,15,No
9849,1674,2024-08-07,Desktop,Organic,21.22,3,No
9850,2880,2025-01-03,Desktop,Organic,28.29,14,Yes
9851,3125,2026-06-12,Tablet,Facebook,17.6,10,No
9852,2996,2023-02-05,Desktop,Instagram,14.96,10,No
9853,997,2024-04-05,Desktop,Facebook,19.39,10,No
9854,4026,2024-05-25,Tablet,Direct,6.83,10,No
9855,876,2026-09-14,Tablet,Instagram,16.27,2,No
9856,1298,2023-09-07,Desktop,Direct,40.49,2,No
9857,2116,2023-09-27,Desktop,Organic,35.67,9,Yes
9858,814,2024-01-19,Desktop,Facebook,22.52,2,No
9859,2168,2023-12-09,Desktop,Referral,8.67,5,No
9860,2621,2023-03-21,Desktop,Organic,31.19,10,No
9861,588,2023-07-18,Desktop,Email,44.82,2,No
9862,485,2026-07-16,Mobile,Instagram,27.97,11,No
9863,3825,2026-07-10,Mobile,Referral,2.66,10,No
9864,88,2024-06-20,Mobile,Facebook,42.55,7,Yes
9865,1345,2026-03-20,Tablet,Instagram,41.04,12,No
9866,1915,2023-09-30,Mobile,Direct,36.31,4,No
9867,2275,2026-07-15,Mobile,Google Ads,3.89,9,No
9868,4787,2025-12-15,Mobile,Instagram,41.66,10,No
9869,4310,2025-02-23,Desktop,Google Ads,16.49,6,No
9870,2786,2023-04-14,Mobile,Organic,32.23,12,No
9871,3913,2026-09-24,Tablet,Direct,25.62,12,No
9872,668,2026-11-13,Tablet,Google Ads,28.89,3,No
9873,4774,2024-08-20,Desktop,Referral,44.03,3,No
9874,3427,2024-11-24,Desktop,Referral,36.51,14,No
9875,4938,2024-07-24,Tablet,Direct,39.13,13,No
9876,1218,2025-12-06,Tablet,Google Ads,25.67,13,No
9877,12,2025-06-11,Desktop,Organic,13.5,5,Yes
9878,589,2024-06-03,Tablet,Instagram,17.57,1,Yes
9879,1757,2023-07-23,Tablet,Email,33.94,11,No
9880,3942,2026-11-19,Desktop,Instagram,14.14,4,Yes
9881,130,2026-07-26,Mobile,Organic,17.48,15,No
9882,4662,2024-05-22,Desktop,Instagram,37.73,3,No
9883,2686,2026-10-13,Mobile,Referral,9.71,11,No
9884,2854,2024-06-21,Tablet,Email,6.46,5,No
9885,4858,2025-12-30,Mobile,Direct,20.22,9,Yes
9886,3769,2025-04-13,Desktop,Instagram,6.29,15,Yes
9887,2458,2026-07-05,Desktop,Direct,16.48,9,No
9888,140,2026-10-24,Desktop,Instagram,40.88,13,No
9889,3656,2025-05-30,Tablet,Email,19.36,4,No
9890,3443,2024-06-07,Desktop,Instagram,11.54,10,No
9891,1440,2024-03-04,Tablet,Instagram,16.97,10,No
9892,3928,2025-09-03,Desktop,Google Ads,1.01,2,No
9893,1848,2025-11-02,Desktop,Email,25.88,4,No
9894,2606,2023-03-18,Desktop,Email,27.95,11,No
9895,277,2023-08-29,Tablet,Google Ads,0.77,8,No
9896,4863,2025-08-06,Mobile,Instagram,35.21,11,No
9897,124,2025-09-20,Mobile,Referral,29.83,5,No
9898,1167,2026-07-19,Mobile,Instagram,32.46,7,No
9899,125,2025-03-10,Desktop,Instagram,9.3,13,No
9900,3240,2024-10-29,Mobile,Referral,17.46,7,No
9901,822,2026-12-25,Tablet,Email,11.62,14,Yes
9902,3334,2023-09-20,Mobile,Instagram,15.39,13,No
9903,3129,2023-12-12,Desktop,Facebook,7.21,14,No
9904,4375,2023-05-24,Tablet,Instagram,10.88,10,No
9905,209,2025-07-26,Tablet,Google Ads,9.52,9,No
9906,3807,2024-06-24,Desktop,Instagram,14.43,15,No
9907,1205,2024-05-18,Mobile,Referral,39.42,13,No
9908,4768,2026-01-04,Desktop,Referral,25.03,4,No
9909,1744,2023-11-05,Desktop,Google Ads,8.26,11,No
9910,1065,2024-01-08,Mobile,Google Ads,40.06,3,No
9911,914,2026-09-11,Desktop,Referral,33.82,6,Yes
9912,20,2023-03-26,Tablet,Instagram,9.04,13,No
9913,4006,2025-03-28,Mobile,Instagram,19.06,3,No
9914,2690,2026-09-13,Tablet,Referral,15.85,13,No
9915,997,2025-12-20,Mobile,Facebook,12.46,8,No
9916,1819,2024-01-17,Mobile,Referral,18.72,6,Yes
9917,2632,2023-06-26,Tablet,Google Ads,41.21,15,No
9918,957,2024-10-11,Tablet,Organic,38.51,8,No
9919,1634,2025-12-11,Tablet,Organic,30.43,13,No
9920,770,2024-11-06,Mobile,Google Ads,31.06,10,No
9921,3023,2026-03-23,Tablet,Direct,31.94,13,No
9922,3646,2023-03-03,Mobile,Facebook,33.15,12,No
9923,378,2024-05-07,Desktop,Instagram,1.05,9,No
9924,4832,2023-03-13,Tablet,Direct,14.36,13,No
9925,68,2023-05-08,Tablet,Referral,21.51,9,Yes
9926,3188,2026-01-14,Mobile,Organic,36.44,14,No
9927,442,2023-11-11,Desktop,Direct,24.36,8,Yes
9928,409,2026-01-05,Desktop,Direct,33.8,8,No
9929,4142,2023-06-06,Tablet,Google Ads,3.5,4,No
9930,2217,2026-10-14,Desktop,Email,34.79,7,No
9931,146,2024-12-30,Desktop,Google Ads,13.77,9,No
9932,304,2023-04-27,Tablet,Organic,14.84,10,No
9933,4032,2024-11-06,Tablet,Referral,12.01,7,Yes
9934,3509,2024-12-11,Desktop,Google Ads,16.78,3,No
9935,514,2024-06-21,Tablet,Direct,2.47,3,No
9936,4468,2023-04-13,Tablet,Google Ads,39.19,3,No
9937,4068,2024-07-25,Desktop,Instagram,40.78,6,No
9938,2509,2026-01-24,Mobile,Referral,22.12,5,No
9939,1215,2026-04-01,Desktop,Facebook,35.85,1,No
9940,3135,2023-08-04,Mobile,Instagram,20.64,12,No
9941,2313,2025-02-28,Mobile,Facebook,16.81,5,No
9942,4937,2023-03-09,Desktop,Facebook,13.96,15,No
9943,416,2023-04-18,Mobile,Organic,35.45,13,No
9944,4224,2024-05-02,Tablet,Instagram,11.21,14,Yes
9945,1257,2025-02-06,Desktop,Referral,35.61,14,No
9946,4891,2023-05-26,Mobile,Facebook,31.51,14,No
9947,1451,2024-11-16,Desktop,Organic,22.88,14,No
9948,3919,2024-07-08,Tablet,Referral,42.78,14,No
9949,3627,2024-04-17,Desktop,Organic,25.64,14,No
9950,618,2026-09-16,Tablet,Direct,42.36,14,Yes
9951,4347,2025-10-04,Tablet,Facebook,33.97,3,Yes
9952,2981,2023-07-31,Tablet,Organic,36.81,13,No
9953,4642,2025-01-08,Desktop,Instagram,3.75,3,No
9954,988,2026-07-31,Mobile,Referral,6.06,11,No
9955,4063,2026-12-14,Tablet,Google Ads,31.44,12,Yes
9956,2832,2025-09-12,Tablet,Direct,29.35,8,No
9957,2773,2026-06-02,Tablet,Organic,2.25,13,Yes
9958,3401,2026-11-16,Desktop,Facebook,32.21,2,No
9959,2675,2026-04-27,Tablet,Facebook,38.09,15,Yes
9960,1923,2025-12-18,Desktop,Instagram,7.79,10,No
9961,4998,2024-07-02,Mobile,Direct,24.35,8,Yes
9962,120,2024-12-24,Desktop,Organic,41.62,10,No
9963,2177,2026-08-22,Mobile,Facebook,30.69,12,No
9964,1371,2026-12-04,Mobile,Direct,10.7,10,No
9965,1860,2024-12-13,Tablet,Organic,33.95,6,No
9966,2920,2026-04-23,Mobile,Organic,26.64,2,No
9967,4161,2025-06-07,Desktop,Email,41.34,3,Yes
9968,4464,2023-11-18,Mobile,Email,2.56,8,No
9969,1729,2025-01-20,Tablet,Instagram,9.94,12,No
9970,2316,2026-01-03,Mobile,Instagram,4.47,4,No
9971,669,2025-06-22,Mobile,Facebook,42.04,11,Yes
9972,1256,2023-08-25,Desktop,Organic,1.39,8,No
9973,2133,2025-02-23,Tablet,Referral,30.31,11,No
9974,4104,2024-02-27,Desktop,Instagram,7.53,14,No
9975,3005,2024-12-11,Tablet,Referral,27.46,10,No
9976,859,2025-07-20,Tablet,Email,26.15,3,No
9977,2000,2025-11-22,Mobile,Google Ads,26.09,5,No
9978,4060,2025-01-22,Tablet,Email,3.32,11,No
9979,4199,2026-11-09,Mobile,Facebook,25.66,8,No
9980,1977,2025-04-21,Tablet,Google Ads,11.85,1,No
9981,4515,2024-04-19,Desktop,Referral,39.02,3,No
9982,4965,2023-09-17,Tablet,Referral,12.02,11,No
9983,3628,2025-11-21,Desktop,Referral,37.54,12,No
9984,1442,2026-01-02,Desktop,Instagram,28.24,9,No
9985,3232,2023-10-07,Mobile,Organic,27.09,9,Yes
9986,934,2026-07-28,Desktop,Referral,40.93,8,No
9987,4171,2026-11-20,Mobile,Referral,36.32,9,No
9988,1666,2025-10-03,Tablet,Referral,5.15,15,No
9989,995,2025-01-20,Tablet,Referral,2.39,12,No
9990,720,2025-04-25,Mobile,Organic,38.1,15,No
9991,2919,2024-08-22,Mobile,Instagram,23.3,13,Yes
9992,4951,2026-11-08,Desktop,Direct,19.14,5,No
9993,4936,2023-02-24,Mobile,Email,29.97,4,No
9994,355,2024-12-09,Mobile,Email,26.16,5,No
9995,4707,2023-10-30,Desktop,Referral,24.12,3,Yes
9996,3967,2023-01-11,Tablet,Organic,6.89,6,No
9997,4660,2024-08-05,Mobile,Direct,36.7,13,No
9998,3318,2026-06-04,Desktop,Organic,34.56,2,Yes
9999,3742,2023-01-17,Tablet,Referral,8.27,10,No
10000,2859,2023-05-05,Desktop,Instagram,12.44,13,No
